./raqun/family_22_variant_1_test.slx,738560.7280797536950558424,Clock,name_Clock;type_Clock;parent_name_family_22_variant_1_test;hierarchy_depth_0;num_lines_1;num_inputs_0;num_outputs_1;ul_20_350;lr_40_370;rul_150_-11;rlr_170_11
./raqun/family_22_variant_1_test.slx,738560.8785054668551310897,Display4,name_Display4;type_Display;parent_name_family_22_variant_1_test;hierarchy_depth_0;num_lines_1;num_inputs_1;num_outputs_0;ul_1840_797;lr_1925_873;rul_-350_8;rlr_-160_52
./raqun/family_22_variant_1_test.slx,738561.5083788868505507708,Display5,name_Display5;type_Display;parent_name_family_22_variant_1_test;hierarchy_depth_0;num_lines_1;num_inputs_1;num_outputs_0;ul_1840_915;lr_1930_945;rul_-350_-110;rlr_-165_-20
./raqun/family_22_variant_1_test.slx,738561.0012032827362418175,Mux,name_Mux;type_Mux;parent_name_family_22_variant_1_test;hierarchy_depth_0;num_lines_5;num_inputs_3;num_outputs_1;ul_425_341;lr_430_379;rul_-255_-2;rlr_-220_2
./raqun/family_22_variant_1_test.slx,738561.5948801233898848295,PublishVector3Stamped,name_PublishVector3Stamped;type_Reference;parent_name_family_22_variant_1_test;hierarchy_depth_0;num_lines_1;num_inputs_1;num_outputs_0;ul_520_146;lr_795_264;rul_-95_195;rlr_-365_115
./raqun/family_22_variant_1_test.slx,738561.4420125172473490238,RateTransition,name_RateTransition;type_RateTransition;parent_name_family_22_variant_1_test;hierarchy_depth_0;num_lines_6;num_inputs_1;num_outputs_1;ul_170_339;lr_210_381;rul_-150_11;rlr_-170_-11
./raqun/family_22_variant_1_test.slx,738561.4746086788363754749,Realtimesynchronisation,name_Realtimesynchronisation;type_Reference;parent_name_family_22_variant_1_test;hierarchy_depth_0;num_lines_1;num_inputs_0;num_outputs_1;ul_890_1116;lr_1235_1184;rul_425_24;rlr_100_-24
./raqun/family_22_variant_1_test.slx,738561.2396719377720728517,SubscribeMomentsStampedmessages,name_SubscribeMomentsStampedmessages;type_Reference;parent_name_family_22_variant_1_test;hierarchy_depth_0;num_lines_0;num_inputs_0;num_outputs_3;ul_1285_20;lr_1485_100;rul_0_0;rlr_0_0
./raqun/family_22_variant_1_test.slx,738560.9553270298056304455,SubscribeVector3Stamped,name_SubscribeVector3Stamped;type_Reference;parent_name_family_22_variant_1_test;hierarchy_depth_0;num_lines_2;num_inputs_0;num_outputs_2;ul_1490_805;lr_1765_925;rul_350_-8;rlr_160_-52
./raqun/family_22_variant_1_test.slx,738561.0569692971184849739,Terminator,name_Terminator;type_Terminator;parent_name_family_22_variant_1_test;hierarchy_depth_0;num_lines_1;num_inputs_1;num_outputs_0;ul_1315_1140;lr_1335_1160;rul_-425_-24;rlr_-100_24
./raqun/family_22_variant_2_test.slx,738561.2409548447467386723,Clock,name_Clock;type_Clock;parent_name_family_22_variant_2_test;hierarchy_depth_0;num_lines_1;num_inputs_0;num_outputs_1;ul_350_350;lr_370_370;rul_55_-11;rlr_75_11
./raqun/family_22_variant_2_test.slx,738560.9631634864490479231,Display4,name_Display4;type_Display;parent_name_family_22_variant_2_test;hierarchy_depth_0;num_lines_1;num_inputs_1;num_outputs_0;ul_1370_292;lr_1455_368;rul_-485_8;rlr_-295_52
./raqun/family_22_variant_2_test.slx,738561.290607294999063015,Display5,name_Display5;type_Display;parent_name_family_22_variant_2_test;hierarchy_depth_0;num_lines_1;num_inputs_1;num_outputs_0;ul_1230_375;lr_1320_405;rul_-345_-75;rlr_-160_15
./raqun/family_22_variant_2_test.slx,738560.8025601217523217201,Mux,name_Mux;type_Mux;parent_name_family_22_variant_2_test;hierarchy_depth_0;num_lines_4;num_inputs_3;num_outputs_1;ul_480_341;lr_485_379;rul_-75_-2;rlr_-40_2
./raqun/family_22_variant_2_test.slx,738561.2733290959149599075,PublishVector3Stamped,name_PublishVector3Stamped;type_Reference;parent_name_family_22_variant_2_test;hierarchy_depth_0;num_lines_1;num_inputs_1;num_outputs_0;ul_520_301;lr_795_419;rul_-40_40;rlr_-310_-40
./raqun/family_22_variant_2_test.slx,738561.0990921757183969021,RateTransition,name_RateTransition;type_RateTransition;parent_name_family_22_variant_2_test;hierarchy_depth_0;num_lines_4;num_inputs_1;num_outputs_1;ul_405_339;lr_445_381;rul_-55_11;rlr_-75_-11
./raqun/family_22_variant_2_test.slx,738560.9289257177151739597,Realtimesynchronisation,name_Realtimesynchronisation;type_Reference;parent_name_family_22_variant_2_test;hierarchy_depth_0;num_lines_1;num_inputs_0;num_outputs_1;ul_530_616;lr_875_684;rul_425_24;rlr_100_-24
./raqun/family_22_variant_2_test.slx,738561.4264110138174146414,SubscribeVector3Stamped,name_SubscribeVector3Stamped;type_Reference;parent_name_family_22_variant_2_test;hierarchy_depth_0;num_lines_2;num_inputs_0;num_outputs_2;ul_885_300;lr_1160_420;rul_485_-8;rlr_295_-52
./raqun/family_22_variant_2_test.slx,738561.3941855409648269415,Terminator,name_Terminator;type_Terminator;parent_name_family_22_variant_2_test;hierarchy_depth_0;num_lines_1;num_inputs_1;num_outputs_0;ul_955_640;lr_975_660;rul_-425_-24;rlr_-100_24
