./raqun/family_12_variant_1_sim_model.mdl,738561.0297631040448322892,Demux,name_Demux;type_Demux;parent_name_family_12_variant_1_sim_model;hierarchy_depth_0;num_lines_4;num_inputs_1;num_outputs_3;ul_275_315;lr_280_475;rul_-110_68;rlr_-50_-68
./raqun/family_12_variant_1_sim_model.mdl,738560.7729691503336653113,ETERM,name_ETERM;type_Scope;parent_name_family_12_variant_1_sim_model;hierarchy_depth_0;num_lines_1;num_inputs_1;num_outputs_0;ul_495_314;lr_525_346;rul_-40_-3;rlr_-65_3
./raqun/family_12_variant_1_sim_model.mdl,738561.4529067873954772949,FMUme,name_FMUme;type_Reference;parent_name_family_12_variant_1_sim_model;hierarchy_depth_0;num_lines_7;num_inputs_1;num_outputs_3;ul_115_64;lr_280_206;rul_-95_59;rlr_-195_-59
./raqun/family_12_variant_1_sim_model.mdl,738561.5555583639070391655,FromWorkspace,name_FromWorkspace;type_FromWorkspace;parent_name_family_12_variant_1_sim_model;hierarchy_depth_0;num_lines_1;num_inputs_0;num_outputs_1;ul_20_123;lr_85_147;rul_95_-59;rlr_195_59
./raqun/family_12_variant_1_sim_model.mdl,738560.869702183292247355,FromWorkspace1,name_FromWorkspace1;type_FromWorkspace;parent_name_family_12_variant_1_sim_model;hierarchy_depth_0;num_lines_1;num_inputs_0;num_outputs_1;ul_165_383;lr_230_407;rul_110_-68;rlr_50_68
./raqun/family_12_variant_1_sim_model.mdl,738561.5053905240492895246,Mux,name_Mux;type_Mux;parent_name_family_12_variant_1_sim_model;hierarchy_depth_0;num_lines_4;num_inputs_3;num_outputs_1;ul_440_68;lr_445_202;rul_-325_-4;rlr_-165_4
./raqun/family_12_variant_1_sim_model.mdl,738561.66050652542617172,Mux1,name_Mux1;type_Mux;parent_name_family_12_variant_1_sim_model;hierarchy_depth_0;num_lines_3;num_inputs_2;num_outputs_1;ul_455_311;lr_460_349;rul_-340_-247;rlr_-180_-143
./raqun/family_12_variant_1_sim_model.mdl,738561.5223910002969205379,Mux2,name_Mux2;type_Mux;parent_name_family_12_variant_1_sim_model;hierarchy_depth_0;num_lines_3;num_inputs_2;num_outputs_1;ul_455_366;lr_460_404;rul_-340_-302;rlr_-180_-198
./raqun/family_12_variant_1_sim_model.mdl,738561.3157838158076629043,Mux3,name_Mux3;type_Mux;parent_name_family_12_variant_1_sim_model;hierarchy_depth_0;num_lines_3;num_inputs_2;num_outputs_1;ul_455_421;lr_460_459;rul_-340_-357;rlr_-180_-253
./raqun/family_12_variant_1_sim_model.mdl,738560.7440359370084479451,P,name_P;type_Scope;parent_name_family_12_variant_1_sim_model;hierarchy_depth_0;num_lines_1;num_inputs_1;num_outputs_0;ul_495_424;lr_525_456;rul_-40_-3;rlr_-65_3
./raqun/family_12_variant_1_sim_model.mdl,738561.0778130171820521355,Q,name_Q;type_Scope;parent_name_family_12_variant_1_sim_model;hierarchy_depth_0;num_lines_1;num_inputs_1;num_outputs_0;ul_495_369;lr_525_401;rul_-40_-3;rlr_-65_3
./raqun/family_12_variant_1_sim_model.mdl,738561.3757173792691901326,ToWorkspace,name_ToWorkspace;type_ToWorkspace;parent_name_family_12_variant_1_sim_model;hierarchy_depth_0;num_lines_1;num_inputs_1;num_outputs_0;ul_480_120;lr_540_150;rul_-40_-52;rlr_-95_52
./raqun/family_12_variant_2_sim_model.mdl,738561.1482940607238560915,Demux,name_Demux;type_Demux;parent_name_family_12_variant_2_sim_model;hierarchy_depth_0;num_lines_4;num_inputs_1;num_outputs_3;ul_275_315;lr_280_475;rul_-110_68;rlr_-50_-68
./raqun/family_12_variant_2_sim_model.mdl,738560.8618380725383758545,ETERM,name_ETERM;type_Scope;parent_name_family_12_variant_2_sim_model;hierarchy_depth_0;num_lines_1;num_inputs_1;num_outputs_0;ul_495_314;lr_525_346;rul_-40_-3;rlr_-65_3
./raqun/family_12_variant_2_sim_model.mdl,738560.8871478160144761205,FMUme,name_FMUme;type_Reference;parent_name_family_12_variant_2_sim_model;hierarchy_depth_0;num_lines_7;num_inputs_1;num_outputs_3;ul_115_64;lr_280_206;rul_-95_59;rlr_-195_-59
./raqun/family_12_variant_2_sim_model.mdl,738560.8576109947171062231,FromWorkspace,name_FromWorkspace;type_FromWorkspace;parent_name_family_12_variant_2_sim_model;hierarchy_depth_0;num_lines_1;num_inputs_0;num_outputs_1;ul_20_123;lr_85_147;rul_95_-59;rlr_195_59
./raqun/family_12_variant_2_sim_model.mdl,738561.4285182974999770522,FromWorkspace1,name_FromWorkspace1;type_FromWorkspace;parent_name_family_12_variant_2_sim_model;hierarchy_depth_0;num_lines_1;num_inputs_0;num_outputs_1;ul_165_383;lr_230_407;rul_110_-68;rlr_50_68
./raqun/family_12_variant_2_sim_model.mdl,738561.6137097218306735158,Mux,name_Mux;type_Mux;parent_name_family_12_variant_2_sim_model;hierarchy_depth_0;num_lines_4;num_inputs_3;num_outputs_1;ul_440_68;lr_445_202;rul_-325_-4;rlr_-165_4
./raqun/family_12_variant_2_sim_model.mdl,738561.3834387732204049826,Mux1,name_Mux1;type_Mux;parent_name_family_12_variant_2_sim_model;hierarchy_depth_0;num_lines_3;num_inputs_2;num_outputs_1;ul_455_311;lr_460_349;rul_-340_-247;rlr_-180_-143
./raqun/family_12_variant_2_sim_model.mdl,738561.0840918282046914101,Mux2,name_Mux2;type_Mux;parent_name_family_12_variant_2_sim_model;hierarchy_depth_0;num_lines_3;num_inputs_2;num_outputs_1;ul_455_366;lr_460_404;rul_-340_-302;rlr_-180_-198
./raqun/family_12_variant_2_sim_model.mdl,738561.173535924288444221,Mux3,name_Mux3;type_Mux;parent_name_family_12_variant_2_sim_model;hierarchy_depth_0;num_lines_3;num_inputs_2;num_outputs_1;ul_455_421;lr_460_459;rul_-340_-357;rlr_-180_-253
./raqun/family_12_variant_2_sim_model.mdl,738561.3874856358161196113,P,name_P;type_Scope;parent_name_family_12_variant_2_sim_model;hierarchy_depth_0;num_lines_1;num_inputs_1;num_outputs_0;ul_495_424;lr_525_456;rul_-40_-3;rlr_-65_3
./raqun/family_12_variant_2_sim_model.mdl,738561.1186743616126477718,Q,name_Q;type_Scope;parent_name_family_12_variant_2_sim_model;hierarchy_depth_0;num_lines_1;num_inputs_1;num_outputs_0;ul_495_369;lr_525_401;rul_-40_-3;rlr_-65_3
./raqun/family_12_variant_2_sim_model.mdl,738561.5340437523555010557,ToWorkspace,name_ToWorkspace;type_ToWorkspace;parent_name_family_12_variant_2_sim_model;hierarchy_depth_0;num_lines_1;num_inputs_1;num_outputs_0;ul_480_120;lr_540_150;rul_-40_-52;rlr_-95_52
