./raqun/family_10_variant_1_variable_rafael.mdl,738560.8321588222170248628,FromWorkspace,name_FromWorkspace;type_FromWorkspace;parent_name_family_10_variant_1_variable_rafael;hierarchy_depth_0;num_lines_1;num_inputs_0;num_outputs_1;ul_-845_-120;lr_-710_-90;rul_200_-14;rlr_70_-6
./raqun/family_10_variant_1_variable_rafael.mdl,738561.3414071884471923113,Mux,name_Mux;type_Mux;parent_name_family_10_variant_1_variable_rafael;hierarchy_depth_0;num_lines_3;num_inputs_2;num_outputs_1;ul_-645_-134;lr_-640_-96;rul_-200_-162;rlr_-40_-58
./raqun/family_10_variant_1_variable_rafael.mdl,738561.3040060600033029914,Rafael_original_estimated,name_Rafael_original_estimated;type_Reference;parent_name_family_10_variant_1_variable_rafael;hierarchy_depth_0;num_lines_2;num_inputs_0;num_outputs_1;ul_-845_-296;lr_-680_-154;rul_200_56;rlr_95_-56
./raqun/family_10_variant_1_variable_rafael.mdl,738561.3307140226243063807,Scope,name_Scope;type_Scope;parent_name_family_10_variant_1_variable_rafael;hierarchy_depth_0;num_lines_1;num_inputs_1;num_outputs_0;ul_-605_-143;lr_-565_-87;rul_-40_9;rlr_-75_-9
./raqun/family_10_variant_1_variable_rafael.mdl,738560.7601981832413002849,ToWorkspace,name_ToWorkspace;type_ToWorkspace;parent_name_family_10_variant_1_variable_rafael;hierarchy_depth_0;num_lines_1;num_inputs_1;num_outputs_0;ul_-645_-240;lr_-585_-210;rul_-200_-56;rlr_-95_56
./raqun/family_10_variant_2_variable_rafael.mdl,738561.2678985897218808532,FromWorkspace,name_FromWorkspace;type_FromWorkspace;parent_name_family_10_variant_2_variable_rafael;hierarchy_depth_0;num_lines_1;num_inputs_0;num_outputs_1;ul_70_230;lr_205_260;rul_200_-14;rlr_70_-6
./raqun/family_10_variant_2_variable_rafael.mdl,738561.4155705827288329601,Mux,name_Mux;type_Mux;parent_name_family_10_variant_2_variable_rafael;hierarchy_depth_0;num_lines_3;num_inputs_2;num_outputs_1;ul_270_216;lr_275_254;rul_-200_-162;rlr_-40_-58
./raqun/family_10_variant_2_variable_rafael.mdl,738561.2934848834993317723,Rafael_original_estimated,name_Rafael_original_estimated;type_Reference;parent_name_family_10_variant_2_variable_rafael;hierarchy_depth_0;num_lines_2;num_inputs_0;num_outputs_1;ul_70_54;lr_235_196;rul_200_56;rlr_95_-56
./raqun/family_10_variant_2_variable_rafael.mdl,738560.8727884819963946939,Scope,name_Scope;type_Scope;parent_name_family_10_variant_2_variable_rafael;hierarchy_depth_0;num_lines_1;num_inputs_1;num_outputs_0;ul_310_207;lr_350_263;rul_-40_9;rlr_-75_-9
./raqun/family_10_variant_2_variable_rafael.mdl,738560.9665146061452105641,ToWorkspace,name_ToWorkspace;type_ToWorkspace;parent_name_family_10_variant_2_variable_rafael;hierarchy_depth_0;num_lines_1;num_inputs_1;num_outputs_0;ul_270_110;lr_330_140;rul_-200_-56;rlr_-95_56
