./raqun/family_14_variant_1_getting_started_test_sfunction.mdl,738561.3094934338005259633,Controls,name_Controls;type_Scope;parent_name_family_14_variant_1_getting_started_test_sfunction;hierarchy_depth_0;num_lines_1;num_inputs_1;num_outputs_0;ul_920_139;lr_950_171;rul_-320_-91;rlr_-205_-74
./raqun/family_14_variant_1_getting_started_test_sfunction.mdl,738561.3051233678124845028,Demux,name_Demux;type_Demux;parent_name_family_14_variant_1_getting_started_test_sfunction;hierarchy_depth_0;num_lines_5;num_inputs_1;num_outputs_4;ul_830_18;lr_835_102;rul_-230_30;rlr_-90_-5
./raqun/family_14_variant_1_getting_started_test_sfunction.mdl,738561.2057698376011103392,MPCtest,name_MPCtest;type_SubSystem;parent_name_family_14_variant_1_getting_started_test_sfunction;hierarchy_depth_0;num_lines_2;num_inputs_1;num_outputs_1;ul_35_50;lr_180_100;rul_335_88;rlr_225_72
./raqun/family_14_variant_1_getting_started_test_sfunction.mdl,738561.5924016177887097001,mpcOutput,name_mpcOutput;type_Inport;parent_name_MPCtest;hierarchy_depth_1;num_lines_1;num_inputs_0;num_outputs_1;ul_20_101;lr_40_119;rul_160_-1;rlr_190_41
./raqun/family_14_variant_1_getting_started_test_sfunction.mdl,738560.8483911808580160141,Demux,name_Demux;type_Demux;parent_name_MPCtest;hierarchy_depth_1;num_lines_2;num_inputs_1;num_outputs_1;ul_270_230;lr_320_270;rul_-90_-130;rlr_-90_-110
./raqun/family_14_variant_1_getting_started_test_sfunction.mdl,738561.1007689515827223659,SFunction,name_SFunction;type_S-Function;parent_name_MPCtest;hierarchy_depth_1;num_lines_3;num_inputs_1;num_outputs_2;ul_180_100;lr_230_160;rul_-160_1;rlr_-190_-41
./raqun/family_14_variant_1_getting_started_test_sfunction.mdl,738561.5058215516619384289,Terminator,name_Terminator;type_Terminator;parent_name_MPCtest;hierarchy_depth_1;num_lines_1;num_inputs_1;num_outputs_0;ul_460_241;lr_480_259;rul_-190_-11;rlr_-160_11
./raqun/family_14_variant_1_getting_started_test_sfunction.mdl,738561.6834782062796875834,mpcInput,name_mpcInput;type_Outport;parent_name_MPCtest;hierarchy_depth_1;num_lines_1;num_inputs_1;num_outputs_0;ul_460_101;lr_480_119;rul_-280_-1;rlr_-250_41
./raqun/family_14_variant_1_getting_started_test_sfunction.mdl,738561.2412595524219796062,Post-processing,name_Post-processing;type_SubSystem;parent_name_family_14_variant_1_getting_started_test_sfunction;hierarchy_depth_0;num_lines_3;num_inputs_1;num_outputs_2;ul_600_48;lr_745_97;rul_-370_12;rlr_-200_-7
./raqun/family_14_variant_1_getting_started_test_sfunction.mdl,738561.4764449708163738251,mpcOutput,name_mpcOutput;type_Inport;parent_name_Post-processing;hierarchy_depth_1;num_lines_1;num_inputs_0;num_outputs_1;ul_20_101;lr_40_119;rul_160_-1;rlr_190_61
./raqun/family_14_variant_1_getting_started_test_sfunction.mdl,738561.002143138088285923,Demux,name_Demux;type_Demux;parent_name_Post-processing;hierarchy_depth_1;num_lines_2;num_inputs_1;num_outputs_1;ul_270_230;lr_320_270;rul_-90_-130;rlr_-90_-90
./raqun/family_14_variant_1_getting_started_test_sfunction.mdl,738561.0434434635099023581,SFunction,name_SFunction;type_S-Function;parent_name_Post-processing;hierarchy_depth_1;num_lines_4;num_inputs_1;num_outputs_3;ul_180_100;lr_230_180;rul_-160_1;rlr_-190_-61
./raqun/family_14_variant_1_getting_started_test_sfunction.mdl,738561.6623024068539962173,Terminator,name_Terminator;type_Terminator;parent_name_Post-processing;hierarchy_depth_1;num_lines_1;num_inputs_1;num_outputs_0;ul_460_241;lr_480_259;rul_-190_-11;rlr_-160_11
./raqun/family_14_variant_1_getting_started_test_sfunction.mdl,738561.6762479591416195035,state,name_state;type_Outport;parent_name_Post-processing;hierarchy_depth_1;num_lines_1;num_inputs_1;num_outputs_0;ul_460_101;lr_480_119;rul_-280_-1;rlr_-250_61
./raqun/family_14_variant_1_getting_started_test_sfunction.mdl,738560.7907196321757510304,control,name_control;type_Outport;parent_name_Post-processing;hierarchy_depth_1;num_lines_1;num_inputs_1;num_outputs_0;ul_460_136;lr_480_154;rul_-280_-36;rlr_-250_26
./raqun/family_14_variant_1_getting_started_test_sfunction.mdl,738561.0459610613761469722,States,name_States;type_Scope;parent_name_family_14_variant_1_getting_started_test_sfunction;hierarchy_depth_0;num_lines_4;num_inputs_4;num_outputs_0;ul_920_21;lr_955_99;rul_-90_-3;rlr_-120_3
./raqun/family_14_variant_1_getting_started_test_sfunction.mdl,738561.3224417816381901503,UnitDelay,name_UnitDelay;type_UnitDelay;parent_name_family_14_variant_1_getting_started_test_sfunction;hierarchy_depth_0;num_lines_2;num_inputs_1;num_outputs_1;ul_370_138;lr_405_172;rul_-140_-78;rlr_140_-82
./raqun/family_14_variant_1_getting_started_test_sfunction.mdl,738561.3420773338293656707,acado_solver_sfun,name_acado_solver_sfun;type_S-Function;parent_name_family_14_variant_1_getting_started_test_sfunction;hierarchy_depth_0;num_lines_3;num_inputs_1;num_outputs_1;ul_230_60;lr_545_90;rul_-195_-10;rlr_-365_10
./raqun/family_14_variant_2_getting_started_test_sfunction.mdl,738561.7114573410945013165,Controls,name_Controls;type_Scope;parent_name_family_14_variant_2_getting_started_test_sfunction;hierarchy_depth_0;num_lines_1;num_inputs_1;num_outputs_0;ul_920_139;lr_950_171;rul_-320_-91;rlr_-205_-74
./raqun/family_14_variant_2_getting_started_test_sfunction.mdl,738561.0098056860733777285,Demux,name_Demux;type_Demux;parent_name_family_14_variant_2_getting_started_test_sfunction;hierarchy_depth_0;num_lines_5;num_inputs_1;num_outputs_4;ul_830_18;lr_835_102;rul_-230_30;rlr_-90_-5
./raqun/family_14_variant_2_getting_started_test_sfunction.mdl,738560.8520227485569193959,MPCtest,name_MPCtest;type_SubSystem;parent_name_family_14_variant_2_getting_started_test_sfunction;hierarchy_depth_0;num_lines_2;num_inputs_1;num_outputs_1;ul_35_50;lr_180_100;rul_335_88;rlr_225_72
./raqun/family_14_variant_2_getting_started_test_sfunction.mdl,738561.3528295451542362571,mpcOutput,name_mpcOutput;type_Inport;parent_name_MPCtest;hierarchy_depth_1;num_lines_1;num_inputs_0;num_outputs_1;ul_20_101;lr_40_119;rul_160_-1;rlr_190_41
./raqun/family_14_variant_2_getting_started_test_sfunction.mdl,738561.2861184031935408711,Demux,name_Demux;type_Demux;parent_name_MPCtest;hierarchy_depth_1;num_lines_2;num_inputs_1;num_outputs_1;ul_270_230;lr_320_270;rul_-90_-130;rlr_-90_-110
./raqun/family_14_variant_2_getting_started_test_sfunction.mdl,738561.6613782417261973023,SFunction,name_SFunction;type_S-Function;parent_name_MPCtest;hierarchy_depth_1;num_lines_3;num_inputs_1;num_outputs_2;ul_180_100;lr_230_160;rul_-160_1;rlr_-190_-41
./raqun/family_14_variant_2_getting_started_test_sfunction.mdl,738561.5387381897307932377,Terminator,name_Terminator;type_Terminator;parent_name_MPCtest;hierarchy_depth_1;num_lines_1;num_inputs_1;num_outputs_0;ul_460_241;lr_480_259;rul_-190_-11;rlr_-160_11
./raqun/family_14_variant_2_getting_started_test_sfunction.mdl,738560.9536769490223377943,mpcInput,name_mpcInput;type_Outport;parent_name_MPCtest;hierarchy_depth_1;num_lines_1;num_inputs_1;num_outputs_0;ul_460_101;lr_480_119;rul_-280_-1;rlr_-250_41
./raqun/family_14_variant_2_getting_started_test_sfunction.mdl,738561.4679790510563179851,Post-processing,name_Post-processing;type_SubSystem;parent_name_family_14_variant_2_getting_started_test_sfunction;hierarchy_depth_0;num_lines_3;num_inputs_1;num_outputs_2;ul_600_48;lr_745_97;rul_-370_12;rlr_-200_-7
./raqun/family_14_variant_2_getting_started_test_sfunction.mdl,738561.4932652839925140142,mpcOutput,name_mpcOutput;type_Inport;parent_name_Post-processing;hierarchy_depth_1;num_lines_1;num_inputs_0;num_outputs_1;ul_20_101;lr_40_119;rul_160_-1;rlr_190_61
./raqun/family_14_variant_2_getting_started_test_sfunction.mdl,738561.4955966387642547488,Demux,name_Demux;type_Demux;parent_name_Post-processing;hierarchy_depth_1;num_lines_2;num_inputs_1;num_outputs_1;ul_270_230;lr_320_270;rul_-90_-130;rlr_-90_-90
./raqun/family_14_variant_2_getting_started_test_sfunction.mdl,738561.3511045400518923998,SFunction,name_SFunction;type_S-Function;parent_name_Post-processing;hierarchy_depth_1;num_lines_4;num_inputs_1;num_outputs_3;ul_180_100;lr_230_180;rul_-160_1;rlr_-190_-61
./raqun/family_14_variant_2_getting_started_test_sfunction.mdl,738560.7873341587837785482,Terminator,name_Terminator;type_Terminator;parent_name_Post-processing;hierarchy_depth_1;num_lines_1;num_inputs_1;num_outputs_0;ul_460_241;lr_480_259;rul_-190_-11;rlr_-160_11
./raqun/family_14_variant_2_getting_started_test_sfunction.mdl,738560.7490054273512214422,state,name_state;type_Outport;parent_name_Post-processing;hierarchy_depth_1;num_lines_1;num_inputs_1;num_outputs_0;ul_460_101;lr_480_119;rul_-280_-1;rlr_-250_61
./raqun/family_14_variant_2_getting_started_test_sfunction.mdl,738560.7985656422097235918,control,name_control;type_Outport;parent_name_Post-processing;hierarchy_depth_1;num_lines_1;num_inputs_1;num_outputs_0;ul_460_136;lr_480_154;rul_-280_-36;rlr_-250_26
./raqun/family_14_variant_2_getting_started_test_sfunction.mdl,738561.6603568929713219404,States,name_States;type_Scope;parent_name_family_14_variant_2_getting_started_test_sfunction;hierarchy_depth_0;num_lines_4;num_inputs_4;num_outputs_0;ul_920_21;lr_955_99;rul_-90_-3;rlr_-120_3
./raqun/family_14_variant_2_getting_started_test_sfunction.mdl,738561.2084730621427297592,UnitDelay,name_UnitDelay;type_UnitDelay;parent_name_family_14_variant_2_getting_started_test_sfunction;hierarchy_depth_0;num_lines_2;num_inputs_1;num_outputs_1;ul_370_138;lr_405_172;rul_-140_-78;rlr_140_-82
./raqun/family_14_variant_2_getting_started_test_sfunction.mdl,738560.7337967816274613142,acado_solver_sfun,name_acado_solver_sfun;type_S-Function;parent_name_family_14_variant_2_getting_started_test_sfunction;hierarchy_depth_0;num_lines_3;num_inputs_1;num_outputs_1;ul_230_60;lr_545_90;rul_-195_-10;rlr_-365_10
