./raqun/family_16_variant_1_example_QProblem.mdl,738560.7921399540500715375,FromWorkspace1,name_FromWorkspace1;type_FromWorkspace;parent_name_family_16_variant_1_example_QProblem;hierarchy_depth_0;num_lines_1;num_inputs_0;num_outputs_1;ul_85_53;lr_150_77;rul_510_173;rlr_640_187
./raqun/family_16_variant_1_example_QProblem.mdl,738560.9940688334172591567,FromWorkspace2,name_FromWorkspace2;type_FromWorkspace;parent_name_family_16_variant_1_example_QProblem;hierarchy_depth_0;num_lines_1;num_inputs_0;num_outputs_1;ul_85_113;lr_150_137;rul_510_113;rlr_640_127
./raqun/family_16_variant_1_example_QProblem.mdl,738560.7804597582435235381,FromWorkspace3,name_FromWorkspace3;type_FromWorkspace;parent_name_family_16_variant_1_example_QProblem;hierarchy_depth_0;num_lines_1;num_inputs_0;num_outputs_1;ul_85_173;lr_150_197;rul_510_53;rlr_640_67
./raqun/family_16_variant_1_example_QProblem.mdl,738561.1467580315656960011,FromWorkspace4,name_FromWorkspace4;type_FromWorkspace;parent_name_family_16_variant_1_example_QProblem;hierarchy_depth_0;num_lines_1;num_inputs_0;num_outputs_1;ul_85_233;lr_150_257;rul_510_-7;rlr_640_7
./raqun/family_16_variant_1_example_QProblem.mdl,738561.2626418302534148097,FromWorkspace5,name_FromWorkspace5;type_FromWorkspace;parent_name_family_16_variant_1_example_QProblem;hierarchy_depth_0;num_lines_1;num_inputs_0;num_outputs_1;ul_85_293;lr_150_317;rul_510_-67;rlr_640_-53
./raqun/family_16_variant_1_example_QProblem.mdl,738561.6150672780349850655,FromWorkspace6,name_FromWorkspace6;type_FromWorkspace;parent_name_family_16_variant_1_example_QProblem;hierarchy_depth_0;num_lines_1;num_inputs_0;num_outputs_1;ul_85_353;lr_150_377;rul_510_-127;rlr_640_-113
./raqun/family_16_variant_1_example_QProblem.mdl,738561.2370580736314877868,FromWorkspace7,name_FromWorkspace7;type_FromWorkspace;parent_name_family_16_variant_1_example_QProblem;hierarchy_depth_0;num_lines_1;num_inputs_0;num_outputs_1;ul_85_418;lr_150_442;rul_510_-192;rlr_640_-178
./raqun/family_16_variant_1_example_QProblem.mdl,738561.579604902071878314,fvalxexitflagiter,name_fvalxexitflagiter;type_Scope;parent_name_family_16_variant_1_example_QProblem;hierarchy_depth_0;num_lines_4;num_inputs_4;num_outputs_0;ul_915_229;lr_945_261;rul_-320_-3;rlr_-155_3
./raqun/family_16_variant_1_example_QProblem.mdl,738561.6050962156150490046,qpOASES,name_qpOASES;type_S-Function;parent_name_family_16_variant_1_example_QProblem;hierarchy_depth_0;num_lines_11;num_inputs_7;num_outputs_4;ul_595_226;lr_790_264;rul_-510_-173;rlr_-640_-187
./raqun/family_16_variant_2_example_QProblem.mdl,738561.6088794914539903402,g,name_g;type_FromWorkspace;parent_name_family_16_variant_2_example_QProblem;hierarchy_depth_0;num_lines_1;num_inputs_0;num_outputs_1;ul_200_158;lr_265_182;rul_395_64;rlr_530_116
./raqun/family_16_variant_2_example_QProblem.mdl,738561.352020499762147665,lb,name_lb;type_FromWorkspace;parent_name_family_16_variant_2_example_QProblem;hierarchy_depth_0;num_lines_1;num_inputs_0;num_outputs_1;ul_200_203;lr_265_227;rul_395_19;rlr_530_71
./raqun/family_16_variant_2_example_QProblem.mdl,738560.9380996954860165715,lbA,name_lbA;type_FromWorkspace;parent_name_family_16_variant_2_example_QProblem;hierarchy_depth_0;num_lines_1;num_inputs_0;num_outputs_1;ul_200_293;lr_265_317;rul_395_-71;rlr_530_-19
./raqun/family_16_variant_2_example_QProblem.mdl,738560.7291688278783112764,qpOASES,name_qpOASES;type_S-Function;parent_name_family_16_variant_2_example_QProblem;hierarchy_depth_0;num_lines_9;num_inputs_5;num_outputs_4;ul_595_222;lr_795_298;rul_-395_-64;rlr_-530_-116
./raqun/family_16_variant_2_example_QProblem.mdl,738561.059545419760979712,ub,name_ub;type_FromWorkspace;parent_name_family_16_variant_2_example_QProblem;hierarchy_depth_0;num_lines_1;num_inputs_0;num_outputs_1;ul_200_248;lr_265_272;rul_395_-26;rlr_530_26
./raqun/family_16_variant_2_example_QProblem.mdl,738561.5796516943955793977,ubA,name_ubA;type_FromWorkspace;parent_name_family_16_variant_2_example_QProblem;hierarchy_depth_0;num_lines_1;num_inputs_0;num_outputs_1;ul_200_338;lr_265_362;rul_395_-116;rlr_530_-64
./raqun/family_16_variant_2_example_QProblem.mdl,738561.5667799161747097969,xfvalexitflagiter,name_xfvalexitflagiter;type_Scope;parent_name_family_16_variant_2_example_QProblem;hierarchy_depth_0;num_lines_4;num_inputs_4;num_outputs_0;ul_945_222;lr_1000_298;rul_-350_0;rlr_-205_0
./raqun/family_16_variant_3_example_QProblem.mdl,738560.8905331644928082824,g,name_g;type_FromWorkspace;parent_name_family_16_variant_3_example_QProblem;hierarchy_depth_0;num_lines_1;num_inputs_0;num_outputs_1;ul_200_158;lr_265_182;rul_395_64;rlr_530_116
./raqun/family_16_variant_3_example_QProblem.mdl,738560.8608429385349154472,lb,name_lb;type_FromWorkspace;parent_name_family_16_variant_3_example_QProblem;hierarchy_depth_0;num_lines_1;num_inputs_0;num_outputs_1;ul_200_203;lr_265_227;rul_395_19;rlr_530_71
./raqun/family_16_variant_3_example_QProblem.mdl,738561.3197960262186825275,lbA,name_lbA;type_FromWorkspace;parent_name_family_16_variant_3_example_QProblem;hierarchy_depth_0;num_lines_1;num_inputs_0;num_outputs_1;ul_200_293;lr_265_317;rul_395_-71;rlr_530_-19
./raqun/family_16_variant_3_example_QProblem.mdl,738561.6574012503260746598,qpOASES,name_qpOASES;type_S-Function;parent_name_family_16_variant_3_example_QProblem;hierarchy_depth_0;num_lines_9;num_inputs_5;num_outputs_4;ul_595_222;lr_795_298;rul_-395_-64;rlr_-530_-116
./raqun/family_16_variant_3_example_QProblem.mdl,738560.9425338631263002753,ub,name_ub;type_FromWorkspace;parent_name_family_16_variant_3_example_QProblem;hierarchy_depth_0;num_lines_1;num_inputs_0;num_outputs_1;ul_200_248;lr_265_272;rul_395_-26;rlr_530_26
./raqun/family_16_variant_3_example_QProblem.mdl,738561.5412626331672072411,ubA,name_ubA;type_FromWorkspace;parent_name_family_16_variant_3_example_QProblem;hierarchy_depth_0;num_lines_1;num_inputs_0;num_outputs_1;ul_200_338;lr_265_362;rul_395_-116;rlr_530_-64
./raqun/family_16_variant_3_example_QProblem.mdl,738561.3149267949629575014,xfvalexitflagiter,name_xfvalexitflagiter;type_Scope;parent_name_family_16_variant_3_example_QProblem;hierarchy_depth_0;num_lines_4;num_inputs_4;num_outputs_0;ul_945_222;lr_1000_298;rul_-350_0;rlr_-205_0
./raqun/family_16_variant_4_example_QProblem.mdl,738561.2959406642476096749,FromWorkspace1,name_FromWorkspace1;type_FromWorkspace;parent_name_family_16_variant_4_example_QProblem;hierarchy_depth_0;num_lines_1;num_inputs_0;num_outputs_1;ul_85_53;lr_150_77;rul_375_173;rlr_505_187
./raqun/family_16_variant_4_example_QProblem.mdl,738561.4080854520434513688,FromWorkspace2,name_FromWorkspace2;type_FromWorkspace;parent_name_family_16_variant_4_example_QProblem;hierarchy_depth_0;num_lines_1;num_inputs_0;num_outputs_1;ul_85_113;lr_150_137;rul_375_113;rlr_505_127
./raqun/family_16_variant_4_example_QProblem.mdl,738561.0986844327999278903,FromWorkspace3,name_FromWorkspace3;type_FromWorkspace;parent_name_family_16_variant_4_example_QProblem;hierarchy_depth_0;num_lines_1;num_inputs_0;num_outputs_1;ul_85_173;lr_150_197;rul_375_53;rlr_505_67
./raqun/family_16_variant_4_example_QProblem.mdl,738561.0109266038052737713,FromWorkspace4,name_FromWorkspace4;type_FromWorkspace;parent_name_family_16_variant_4_example_QProblem;hierarchy_depth_0;num_lines_1;num_inputs_0;num_outputs_1;ul_85_233;lr_150_257;rul_375_-7;rlr_505_7
./raqun/family_16_variant_4_example_QProblem.mdl,738560.7936091028386726975,FromWorkspace5,name_FromWorkspace5;type_FromWorkspace;parent_name_family_16_variant_4_example_QProblem;hierarchy_depth_0;num_lines_1;num_inputs_0;num_outputs_1;ul_85_293;lr_150_317;rul_375_-67;rlr_505_-53
./raqun/family_16_variant_4_example_QProblem.mdl,738560.8374434044817462564,FromWorkspace6,name_FromWorkspace6;type_FromWorkspace;parent_name_family_16_variant_4_example_QProblem;hierarchy_depth_0;num_lines_1;num_inputs_0;num_outputs_1;ul_85_353;lr_150_377;rul_375_-127;rlr_505_-113
./raqun/family_16_variant_4_example_QProblem.mdl,738561.4355708211660385132,FromWorkspace7,name_FromWorkspace7;type_FromWorkspace;parent_name_family_16_variant_4_example_QProblem;hierarchy_depth_0;num_lines_1;num_inputs_0;num_outputs_1;ul_85_418;lr_150_442;rul_375_-192;rlr_505_-178
./raqun/family_16_variant_4_example_QProblem.mdl,738560.8794938202481716871,fvalxexitflagiter,name_fvalxexitflagiter;type_Scope;parent_name_family_16_variant_4_example_QProblem;hierarchy_depth_0;num_lines_4;num_inputs_4;num_outputs_0;ul_780_229;lr_810_261;rul_-320_-3;rlr_-155_3
./raqun/family_16_variant_4_example_QProblem.mdl,738561.1960770237492397428,qpOASES,name_qpOASES;type_S-Function;parent_name_family_16_variant_4_example_QProblem;hierarchy_depth_0;num_lines_11;num_inputs_7;num_outputs_4;ul_460_226;lr_655_264;rul_-375_-173;rlr_-505_-187
