./raqun/family_27_variant_1_sl_jspace.mdl,738561.011178384767845273,T2xyz,name_T2xyz;type_Reference;parent_name_family_27_variant_1_sl_jspace;hierarchy_depth_0;num_lines_3;num_inputs_1;num_outputs_3;ul_275_112;lr_325_168;rul_-90_0;rlr_-90_0
./raqun/family_27_variant_1_sl_jspace.mdl,738561.4562826065812259912,XYGraph,name_XYGraph;type_Record;parent_name_family_27_variant_1_sl_jspace;hierarchy_depth_0;num_lines_2;num_inputs_2;num_outputs_0;ul_390_108;lr_430_152;rul_-115_4;rlr_-105_16
./raqun/family_27_variant_1_sl_jspace.mdl,738561.0956508090021088719,fkine,name_fkine;type_Reference;parent_name_family_27_variant_1_sl_jspace;hierarchy_depth_0;num_lines_2;num_inputs_1;num_outputs_1;ul_185_112;lr_235_168;rul_-115_-73;rlr_-130_-57
./raqun/family_27_variant_1_sl_jspace.mdl,738560.7884344663470983505,jtraj,name_jtraj;type_Reference;parent_name_family_27_variant_1_sl_jspace;hierarchy_depth_0;num_lines_2;num_inputs_0;num_outputs_3;ul_70_39;lr_105_111;rul_0_0;rlr_0_0
./raqun/family_27_variant_1_sl_jspace.mdl,738561.3464364811079576612,plot,name_plot;type_Reference;parent_name_family_27_variant_1_sl_jspace;hierarchy_depth_0;num_lines_1;num_inputs_1;num_outputs_0;ul_215_22;lr_295_78;rul_-145_17;rlr_-190_33
./raqun/family_27_variant_2_sl_jspace.mdl,738561.4556390957441180944,T2xyz,name_T2xyz;type_Reference;parent_name_family_27_variant_2_sl_jspace;hierarchy_depth_0;num_lines_3;num_inputs_1;num_outputs_3;ul_275_112;lr_325_168;rul_-90_0;rlr_-90_0
./raqun/family_27_variant_2_sl_jspace.mdl,738560.8577154922531917691,XYGraph,name_XYGraph;type_Record;parent_name_family_27_variant_2_sl_jspace;hierarchy_depth_0;num_lines_2;num_inputs_2;num_outputs_0;ul_390_108;lr_430_152;rul_-115_4;rlr_-105_16
./raqun/family_27_variant_2_sl_jspace.mdl,738560.8564291058573871851,fkine,name_fkine;type_Reference;parent_name_family_27_variant_2_sl_jspace;hierarchy_depth_0;num_lines_2;num_inputs_1;num_outputs_1;ul_185_112;lr_235_168;rul_-115_-73;rlr_-130_-57
./raqun/family_27_variant_2_sl_jspace.mdl,738561.5551918115234002471,jtraj,name_jtraj;type_Reference;parent_name_family_27_variant_2_sl_jspace;hierarchy_depth_0;num_lines_2;num_inputs_0;num_outputs_3;ul_70_39;lr_105_111;rul_0_0;rlr_0_0
./raqun/family_27_variant_2_sl_jspace.mdl,738560.8363924132427200675,plot,name_plot;type_Reference;parent_name_family_27_variant_2_sl_jspace;hierarchy_depth_0;num_lines_1;num_inputs_1;num_outputs_0;ul_215_22;lr_295_78;rul_-145_17;rlr_-190_33
