./raqun/family_4_variant_1_MeasureMag.slx,738561.1759699167450889945,BatteryVoltage,name_BatteryVoltage;type_Scope;parent_name_family_4_variant_1_MeasureMag;hierarchy_depth_0;num_lines_1;num_inputs_1;num_outputs_0;ul_970_754;lr_1000_786;rul_-165_1;rlr_-140_-1
./raqun/family_4_variant_1_MeasureMag.slx,738560.8026123004965484142,BatteryVoltageMeasurement,name_BatteryVoltageMeasurement;type_Reference;parent_name_family_4_variant_1_MeasureMag;hierarchy_depth_0;num_lines_1;num_inputs_0;num_outputs_1;ul_555_732;lr_765_808;rul_250_23;rlr_95_-23
./raqun/family_4_variant_1_MeasureMag.slx,738561.5796096334233880043,CheckSumPre-Processing,name_CheckSumPre-Processing;type_SubSystem;parent_name_family_4_variant_1_MeasureMag;hierarchy_depth_0;num_lines_7;num_inputs_2;num_outputs_5;ul_555_363;lr_740_557;rul_-380_30;rlr_-310_-35
./raqun/family_4_variant_1_MeasureMag.slx,738560.868570634163916111,IMUPackets,name_IMUPackets;type_Inport;parent_name_CheckSumPre-Processing;hierarchy_depth_1;num_lines_5;num_inputs_0;num_outputs_1;ul_0_617;lr_65_643;rul_485_-62;rlr_425_-18
./raqun/family_4_variant_1_MeasureMag.slx,738561.4249846427701413631,CheckSumFlag,name_CheckSumFlag;type_Inport;parent_name_CheckSumPre-Processing;hierarchy_depth_1;num_lines_2;num_inputs_0;num_outputs_1;ul_35_438;lr_65_452;rul_210_-8;rlr_305_8
./raqun/family_4_variant_1_MeasureMag.slx,738561.0075609455816447735,AccelerometerProcessing,name_AccelerometerProcessing;type_SubSystem;parent_name_CheckSumPre-Processing;hierarchy_depth_1;num_lines_3;num_inputs_2;num_outputs_1;ul_585_773;lr_780_882;rul_-70_-18;rlr_-255_-37
./raqun/family_4_variant_1_MeasureMag.slx,738560.9443485474912449718,RawData,name_RawData;type_Inport;parent_name_AccelerometerProcessing;hierarchy_depth_2;num_lines_1;num_inputs_0;num_outputs_1;ul_440_108;lr_470_122;rul_85_-54;rlr_295_54
./raqun/family_4_variant_1_MeasureMag.slx,738561.4192812882829457521,CheckSumFlag,name_CheckSumFlag;type_Inport;parent_name_AccelerometerProcessing;hierarchy_depth_2;num_lines_1;num_inputs_0;num_outputs_1;ul_795_183;lr_825_197;rul_75_-106;rlr_250_31
./raqun/family_4_variant_1_MeasureMag.slx,738561.3688660506159067154,CheckSumCorrection,name_CheckSumCorrection;type_SubSystem;parent_name_AccelerometerProcessing;hierarchy_depth_2;num_lines_3;num_inputs_2;num_outputs_1;ul_870_77;lr_1075_228;rul_-345_-23;rlr_-310_-52
./raqun/family_4_variant_1_MeasureMag.slx,738561.1245958810904994607,CalculatedData,name_CalculatedData;type_Inport;parent_name_CheckSumCorrection;hierarchy_depth_3;num_lines_1;num_inputs_0;num_outputs_1;ul_300_150;lr_330_165;rul_340_105;rlr_335_360
./raqun/family_4_variant_1_MeasureMag.slx,738561.4459361820481717587,CheckSumFlag,name_CheckSumFlag;type_Inport;parent_name_CheckSumCorrection;hierarchy_depth_3;num_lines_1;num_inputs_0;num_outputs_1;ul_90_150;lr_120_165;rul_30_200;rlr_30_215
./raqun/family_4_variant_1_MeasureMag.slx,738560.9255303730024024844,CompareToZero,name_CompareToZero;type_SubSystem;parent_name_CheckSumCorrection;hierarchy_depth_3;num_lines_2;num_inputs_1;num_outputs_1;ul_120_350;lr_150_380;rul_-30_-200;rlr_-30_-215
./raqun/family_4_variant_1_MeasureMag.slx,738561.3223344316938892007,u,name_u;type_Inport;parent_name_CompareToZero;hierarchy_depth_4;num_lines_1;num_inputs_0;num_outputs_1;ul_15_28;lr_45_42;rul_130_-12;rlr_140_47
./raqun/family_4_variant_1_MeasureMag.slx,738560.9317296408116817474,Compare,name_Compare;type_RelationalOperator;parent_name_CompareToZero;hierarchy_depth_4;num_lines_3;num_inputs_2;num_outputs_1;ul_145_16;lr_185_89;rul_-130_12;rlr_-140_-47
./raqun/family_4_variant_1_MeasureMag.slx,738561.6631193837383762002,Constant,name_Constant;type_Constant;parent_name_CompareToZero;hierarchy_depth_4;num_lines_1;num_inputs_0;num_outputs_1;ul_70_56;lr_100_84;rul_75_-40;rlr_85_5
./raqun/family_4_variant_1_MeasureMag.slx,738560.8668384425109252334,y,name_y;type_Outport;parent_name_CompareToZero;hierarchy_depth_4;num_lines_1;num_inputs_1;num_outputs_0;ul_270_48;lr_300_62;rul_-125_-32;rlr_-115_27
./raqun/family_4_variant_1_MeasureMag.slx,738560.8535296181216835976,Delay,name_Delay;type_Delay;parent_name_CheckSumCorrection;hierarchy_depth_3;num_lines_2;num_inputs_1;num_outputs_1;ul_640_573;lr_675_607;rul_0_-318;rlr_-10_-82
./raqun/family_4_variant_1_MeasureMag.slx,738561.1598020271630957723,GenerateSampleHoldingPulse,name_GenerateSampleHoldingPulse;type_SubSystem;parent_name_CheckSumCorrection;hierarchy_depth_3;num_lines_3;num_inputs_2;num_outputs_1;ul_285_339;lr_455_441;rul_-80_15;rlr_-225_-65
./raqun/family_4_variant_1_MeasureMag.slx,738561.6027310235658660531,CheckSumFlag,name_CheckSumFlag;type_Inport;parent_name_GenerateSampleHoldingPulse;hierarchy_depth_4;num_lines_1;num_inputs_0;num_outputs_1;ul_20_163;lr_50_177;rul_130_-21;rlr_260_21
./raqun/family_4_variant_1_MeasureMag.slx,738561.0813157927477732301,HoldDataTicks_Value,name_HoldDataTicks_Value;type_Inport;parent_name_GenerateSampleHoldingPulse;hierarchy_depth_4;num_lines_1;num_inputs_0;num_outputs_1;ul_190_278;lr_220_292;rul_215_-132;rlr_345_-48
./raqun/family_4_variant_1_MeasureMag.slx,738561.4043828253634274006,Chart,name_Chart;type_SubSystem;parent_name_GenerateSampleHoldingPulse;hierarchy_depth_4;num_lines_3;num_inputs_2;num_outputs_1;ul_405_146;lr_565_244;rul_-255_-4;rlr_-255_-46
./raqun/family_4_variant_1_MeasureMag.slx,738561.1610298187006264925,if_transition,name_if_transition;type_Inport;parent_name_Chart;hierarchy_depth_5;num_lines_1;num_inputs_0;num_outputs_1;ul_20_101;lr_40_119;rul_160_-1;rlr_190_41
./raqun/family_4_variant_1_MeasureMag.slx,738561.5443254944402724504,HoldDataTicks,name_HoldDataTicks;type_Inport;parent_name_Chart;hierarchy_depth_5;num_lines_1;num_inputs_0;num_outputs_1;ul_20_136;lr_40_154;rul_160_-36;rlr_190_6
./raqun/family_4_variant_1_MeasureMag.slx,738561.5540029031690210104,Demux,name_Demux;type_Demux;parent_name_Chart;hierarchy_depth_5;num_lines_2;num_inputs_1;num_outputs_1;ul_270_230;lr_320_270;rul_-90_-130;rlr_-90_-110
./raqun/family_4_variant_1_MeasureMag.slx,738561.5431630875682458282,SFunction,name_SFunction;type_S-Function;parent_name_Chart;hierarchy_depth_5;num_lines_4;num_inputs_2;num_outputs_2;ul_180_100;lr_230_160;rul_-160_1;rlr_-190_-41
./raqun/family_4_variant_1_MeasureMag.slx,738561.564555996679700911,Terminator,name_Terminator;type_Terminator;parent_name_Chart;hierarchy_depth_5;num_lines_1;num_inputs_1;num_outputs_0;ul_460_241;lr_480_259;rul_-190_-11;rlr_-160_11
./raqun/family_4_variant_1_MeasureMag.slx,738561.5461021680384874344,output,name_output;type_Outport;parent_name_Chart;hierarchy_depth_5;num_lines_1;num_inputs_1;num_outputs_0;ul_460_101;lr_480_119;rul_-280_-1;rlr_-250_41
./raqun/family_4_variant_1_MeasureMag.slx,738561.6325971590122207999,Constant2,name_Constant2;type_Constant;parent_name_GenerateSampleHoldingPulse;hierarchy_depth_4;num_lines_1;num_inputs_0;num_outputs_1;ul_530_70;lr_560_100;rul_80_102;rlr_80_103
./raqun/family_4_variant_1_MeasureMag.slx,738561.2165099397534504533,LogicalOperator1,name_LogicalOperator1;type_Logic;parent_name_GenerateSampleHoldingPulse;hierarchy_depth_4;num_lines_3;num_inputs_2;num_outputs_1;ul_610_172;lr_640_203;rul_-80_-102;rlr_-80_-103
./raqun/family_4_variant_1_MeasureMag.slx,738561.4950928702019155025,TransitionLogicDetection,name_TransitionLogicDetection;type_SubSystem;parent_name_GenerateSampleHoldingPulse;hierarchy_depth_4;num_lines_2;num_inputs_1;num_outputs_1;ul_150_142;lr_310_198;rul_-130_21;rlr_-260_-21
./raqun/family_4_variant_1_MeasureMag.slx,738560.904659479740075767,Input,name_Input;type_Inport;parent_name_TransitionLogicDetection;hierarchy_depth_5;num_lines_2;num_inputs_0;num_outputs_1;ul_20_118;lr_50_132;rul_225_-91;rlr_225_-74
./raqun/family_4_variant_1_MeasureMag.slx,738561.3207889968762174249,Constant,name_Constant;type_Constant;parent_name_TransitionLogicDetection;hierarchy_depth_5;num_lines_1;num_inputs_0;num_outputs_1;ul_220_205;lr_250_235;rul_65_-23;rlr_65_-22
./raqun/family_4_variant_1_MeasureMag.slx,738561.0761752091348171234,Constant1,name_Constant1;type_Constant;parent_name_TransitionLogicDetection;hierarchy_depth_5;num_lines_1;num_inputs_0;num_outputs_1;ul_180_20;lr_210_50;rul_65_7;rlr_65_8
./raqun/family_4_variant_1_MeasureMag.slx,738561.1852405319223180413,LogicalOperator,name_LogicalOperator;type_Logic;parent_name_TransitionLogicDetection;hierarchy_depth_5;num_lines_3;num_inputs_2;num_outputs_1;ul_345_82;lr_375_113;rul_-100_-55;rlr_-100_-55
./raqun/family_4_variant_1_MeasureMag.slx,738561.2076909167226403952,RelationalOperator,name_RelationalOperator;type_RelationalOperator;parent_name_TransitionLogicDetection;hierarchy_depth_5;num_lines_3;num_inputs_2;num_outputs_1;ul_285_182;lr_315_213;rul_-60_-29;rlr_-55_-26
./raqun/family_4_variant_1_MeasureMag.slx,738561.4289375521475449204,RelationalOperator1,name_RelationalOperator1;type_RelationalOperator;parent_name_TransitionLogicDetection;hierarchy_depth_5;num_lines_3;num_inputs_2;num_outputs_1;ul_245_27;lr_275_58;rul_-65_-7;rlr_-65_-8
./raqun/family_4_variant_1_MeasureMag.slx,738561.6652793269604444504,UnitDelay,name_UnitDelay;type_UnitDelay;parent_name_TransitionLogicDetection;hierarchy_depth_5;num_lines_2;num_inputs_1;num_outputs_1;ul_225_153;lr_260_187;rul_-205_-35;rlr_-210_-55
./raqun/family_4_variant_1_MeasureMag.slx,738561.1927568917162716389,TransitionDetect,name_TransitionDetect;type_Outport;parent_name_TransitionLogicDetection;hierarchy_depth_5;num_lines_1;num_inputs_1;num_outputs_0;ul_415_93;lr_445_107;rul_-70_-11;rlr_-70_6
./raqun/family_4_variant_1_MeasureMag.slx,738561.0858022684697061777,Hold_Data_Pulse,name_Hold_Data_Pulse;type_Outport;parent_name_GenerateSampleHoldingPulse;hierarchy_depth_4;num_lines_1;num_inputs_1;num_outputs_0;ul_800_183;lr_830_197;rul_-190_-11;rlr_-190_6
./raqun/family_4_variant_1_MeasureMag.slx,738561.5102336981799453497,HoldForMSamples,name_HoldForMSamples;type_Constant;parent_name_CheckSumCorrection;hierarchy_depth_3;num_lines_1;num_inputs_0;num_outputs_1;ul_135_440;lr_165_470;rul_150_-101;rlr_290_-29
./raqun/family_4_variant_1_MeasureMag.slx,738560.8853922509588301182,IfTruewehavegooddataIffalsewehavebaddataWithbaddatausepreviousgooddatafromNsamplesagoandholditonthatvalueforMsamples,name_IfTruewehavegooddataIffalsewehavebaddataWithbaddatausepreviousgooddatafromNsamplesagoandholditonthatvalueforMsamples;type_Switch;parent_name_CheckSumCorrection;hierarchy_depth_3;num_lines_5;num_inputs_3;num_outputs_1;ul_640_255;lr_665_525;rul_-340_-105;rlr_-335_-360
./raqun/family_4_variant_1_MeasureMag.slx,738561.1097555687883868814,InvertLogic,name_InvertLogic;type_Logic;parent_name_CheckSumCorrection;hierarchy_depth_3;num_lines_2;num_inputs_1;num_outputs_1;ul_525_379;lr_550_401;rul_-240_-40;rlr_-95_40
./raqun/family_4_variant_1_MeasureMag.slx,738560.8217080810572952032,LogicalOperator1,name_LogicalOperator1;type_Logic;parent_name_CheckSumCorrection;hierarchy_depth_3;num_lines_2;num_inputs_1;num_outputs_1;ul_205_354;lr_230_376;rul_-85_-4;rlr_-80_4
./raqun/family_4_variant_1_MeasureMag.slx,738560.9166744011454284191,Pre-ProcessedHeight,name_Pre-ProcessedHeight;type_Outport;parent_name_CheckSumCorrection;hierarchy_depth_3;num_lines_1;num_inputs_1;num_outputs_0;ul_805_488;lr_835_502;rul_-165_-233;rlr_-170_23
./raqun/family_4_variant_1_MeasureMag.slx,738560.8797525998670607805,ProcessedData,name_ProcessedData;type_Outport;parent_name_AccelerometerProcessing;hierarchy_depth_2;num_lines_1;num_inputs_1;num_outputs_0;ul_1120_148;lr_1150_162;rul_-250_-71;rlr_-75_66
./raqun/family_4_variant_1_MeasureMag.slx,738561.4982152868760749698,Accelerometer_Goto_Tag,name_Accelerometer_Goto_Tag;type_From;parent_name_CheckSumPre-Processing;hierarchy_depth_1;num_lines_1;num_inputs_0;num_outputs_1;ul_425_873;lr_525_897;rul_160_-100;rlr_255_-15
./raqun/family_4_variant_1_MeasureMag.slx,738561.1780133610591292381,BusSelector,name_BusSelector;type_BusSelector;parent_name_CheckSumPre-Processing;hierarchy_depth_1;num_lines_4;num_inputs_1;num_outputs_3;ul_485_555;lr_490_625;rul_-485_62;rlr_-425_18
./raqun/family_4_variant_1_MeasureMag.slx,738561.4177692275261506438,BusSelector1,name_BusSelector1;type_BusSelector;parent_name_CheckSumPre-Processing;hierarchy_depth_1;num_lines_2;num_inputs_1;num_outputs_1;ul_460_174;lr_470_296;rul_-460_443;rlr_-405_347
./raqun/family_4_variant_1_MeasureMag.slx,738560.9583466546609997749,BusSelector2,name_BusSelector2;type_BusSelector;parent_name_CheckSumPre-Processing;hierarchy_depth_1;num_lines_4;num_inputs_1;num_outputs_3;ul_450_384;lr_455_446;rul_-450_233;rlr_-390_197
./raqun/family_4_variant_1_MeasureMag.slx,738561.3041730944532901049,BusSelector3,name_BusSelector3;type_BusSelector;parent_name_CheckSumPre-Processing;hierarchy_depth_1;num_lines_2;num_inputs_1;num_outputs_1;ul_460_19;lr_470_141;rul_-460_598;rlr_-405_502
./raqun/family_4_variant_1_MeasureMag.slx,738561.2022555404109880328,BusSelector4,name_BusSelector4;type_BusSelector;parent_name_CheckSumPre-Processing;hierarchy_depth_1;num_lines_4;num_inputs_1;num_outputs_3;ul_415_754;lr_440_846;rul_-415_-137;rlr_-375_-203
./raqun/family_4_variant_1_MeasureMag.slx,738560.909676966373808682,CheckSumValue,name_CheckSumValue;type_Scope;parent_name_CheckSumPre-Processing;hierarchy_depth_1;num_lines_1;num_inputs_1;num_outputs_0;ul_340_519;lr_370_551;rul_-305_-81;rlr_-305_-99
./raqun/family_4_variant_1_MeasureMag.slx,738561.3028175454819574952,Goto,name_Goto;type_Goto;parent_name_CheckSumPre-Processing;hierarchy_depth_1;num_lines_1;num_inputs_1;num_outputs_0;ul_245_430;lr_370_460;rul_-210_8;rlr_-305_-8
./raqun/family_4_variant_1_MeasureMag.slx,738561.4143155583878979087,Mag_GoTo_Tag,name_Mag_GoTo_Tag;type_From;parent_name_CheckSumPre-Processing;hierarchy_depth_1;num_lines_1;num_inputs_0;num_outputs_1;ul_435_468;lr_535_492;rul_160_-69;rlr_210_14
./raqun/family_4_variant_1_MeasureMag.slx,738560.764047399046830833,Magnetometer,name_Magnetometer;type_SubSystem;parent_name_CheckSumPre-Processing;hierarchy_depth_1;num_lines_3;num_inputs_2;num_outputs_1;ul_595_399;lr_745_506;rul_-60_-15;rlr_-200_-60
./raqun/family_4_variant_1_MeasureMag.slx,738561.4295225718524307013,Magnetometer,name_Magnetometer;type_Inport;parent_name_Magnetometer;hierarchy_depth_2;num_lines_1;num_inputs_0;num_outputs_1;ul_50_93;lr_80_107;rul_115_-21;rlr_295_21
./raqun/family_4_variant_1_MeasureMag.slx,738561.0411957053001970053,CheckSumFlag,name_CheckSumFlag;type_Inport;parent_name_Magnetometer;hierarchy_depth_2;num_lines_1;num_inputs_0;num_outputs_1;ul_50_248;lr_80_262;rul_410_-169;rlr_575_-101
./raqun/family_4_variant_1_MeasureMag.slx,738561.2017240903805941343,CheckSumCorrection,name_CheckSumCorrection;type_SubSystem;parent_name_Magnetometer;hierarchy_depth_2;num_lines_4;num_inputs_2;num_outputs_1;ul_460_79;lr_655_161;rul_-295_-7;rlr_-280_-33
./raqun/family_4_variant_1_MeasureMag.slx,738560.8610104048857465386,CalculatedData,name_CalculatedData;type_Inport;parent_name_CheckSumCorrection;hierarchy_depth_3;num_lines_1;num_inputs_0;num_outputs_1;ul_300_150;lr_330_165;rul_340_105;rlr_335_360
./raqun/family_4_variant_1_MeasureMag.slx,738561.0591868782648816705,CheckSumFlag,name_CheckSumFlag;type_Inport;parent_name_CheckSumCorrection;hierarchy_depth_3;num_lines_1;num_inputs_0;num_outputs_1;ul_90_150;lr_120_165;rul_30_200;rlr_30_215
./raqun/family_4_variant_1_MeasureMag.slx,738561.0523141877492889762,CompareToZero,name_CompareToZero;type_SubSystem;parent_name_CheckSumCorrection;hierarchy_depth_3;num_lines_2;num_inputs_1;num_outputs_1;ul_120_350;lr_150_380;rul_-30_-200;rlr_-30_-215
./raqun/family_4_variant_1_MeasureMag.slx,738560.9997204659739509225,u,name_u;type_Inport;parent_name_CompareToZero;hierarchy_depth_4;num_lines_1;num_inputs_0;num_outputs_1;ul_15_28;lr_45_42;rul_130_-12;rlr_140_47
./raqun/family_4_variant_1_MeasureMag.slx,738561.5191428017569705844,Compare,name_Compare;type_RelationalOperator;parent_name_CompareToZero;hierarchy_depth_4;num_lines_3;num_inputs_2;num_outputs_1;ul_145_16;lr_185_89;rul_-130_12;rlr_-140_-47
./raqun/family_4_variant_1_MeasureMag.slx,738561.1288552784826606512,Constant,name_Constant;type_Constant;parent_name_CompareToZero;hierarchy_depth_4;num_lines_1;num_inputs_0;num_outputs_1;ul_70_56;lr_100_84;rul_75_-40;rlr_85_5
./raqun/family_4_variant_1_MeasureMag.slx,738560.8800826841033995152,y,name_y;type_Outport;parent_name_CompareToZero;hierarchy_depth_4;num_lines_1;num_inputs_1;num_outputs_0;ul_270_48;lr_300_62;rul_-125_-32;rlr_-115_27
./raqun/family_4_variant_1_MeasureMag.slx,738561.09198499855119735,Delay,name_Delay;type_Delay;parent_name_CheckSumCorrection;hierarchy_depth_3;num_lines_2;num_inputs_1;num_outputs_1;ul_640_573;lr_675_607;rul_0_-318;rlr_-10_-82
./raqun/family_4_variant_1_MeasureMag.slx,738561.4816621239297091961,GenerateSampleHoldingPulse,name_GenerateSampleHoldingPulse;type_SubSystem;parent_name_CheckSumCorrection;hierarchy_depth_3;num_lines_3;num_inputs_2;num_outputs_1;ul_285_339;lr_455_441;rul_-80_15;rlr_-225_-65
./raqun/family_4_variant_1_MeasureMag.slx,738561.4785285290563479066,CheckSumFlag,name_CheckSumFlag;type_Inport;parent_name_GenerateSampleHoldingPulse;hierarchy_depth_4;num_lines_1;num_inputs_0;num_outputs_1;ul_20_163;lr_50_177;rul_130_-21;rlr_260_21
./raqun/family_4_variant_1_MeasureMag.slx,738560.8453375217504799366,HoldDataTicks_Value,name_HoldDataTicks_Value;type_Inport;parent_name_GenerateSampleHoldingPulse;hierarchy_depth_4;num_lines_1;num_inputs_0;num_outputs_1;ul_190_278;lr_220_292;rul_215_-132;rlr_345_-48
./raqun/family_4_variant_1_MeasureMag.slx,738560.8404135180171579123,Chart,name_Chart;type_SubSystem;parent_name_GenerateSampleHoldingPulse;hierarchy_depth_4;num_lines_3;num_inputs_2;num_outputs_1;ul_405_146;lr_565_244;rul_-255_-4;rlr_-255_-46
./raqun/family_4_variant_1_MeasureMag.slx,738561.3855490159476175904,if_transition,name_if_transition;type_Inport;parent_name_Chart;hierarchy_depth_5;num_lines_1;num_inputs_0;num_outputs_1;ul_20_101;lr_40_119;rul_160_-1;rlr_190_41
./raqun/family_4_variant_1_MeasureMag.slx,738560.8795549866044893861,HoldDataTicks,name_HoldDataTicks;type_Inport;parent_name_Chart;hierarchy_depth_5;num_lines_1;num_inputs_0;num_outputs_1;ul_20_136;lr_40_154;rul_160_-36;rlr_190_6
./raqun/family_4_variant_1_MeasureMag.slx,738561.3858125201659277081,Demux,name_Demux;type_Demux;parent_name_Chart;hierarchy_depth_5;num_lines_2;num_inputs_1;num_outputs_1;ul_270_230;lr_320_270;rul_-90_-130;rlr_-90_-110
./raqun/family_4_variant_1_MeasureMag.slx,738561.3806723569286987185,SFunction,name_SFunction;type_S-Function;parent_name_Chart;hierarchy_depth_5;num_lines_4;num_inputs_2;num_outputs_2;ul_180_100;lr_230_160;rul_-160_1;rlr_-190_-41
./raqun/family_4_variant_1_MeasureMag.slx,738560.8358473266707733274,Terminator,name_Terminator;type_Terminator;parent_name_Chart;hierarchy_depth_5;num_lines_1;num_inputs_1;num_outputs_0;ul_460_241;lr_480_259;rul_-190_-11;rlr_-160_11
./raqun/family_4_variant_1_MeasureMag.slx,738561.3723741809371858835,output,name_output;type_Outport;parent_name_Chart;hierarchy_depth_5;num_lines_1;num_inputs_1;num_outputs_0;ul_460_101;lr_480_119;rul_-280_-1;rlr_-250_41
./raqun/family_4_variant_1_MeasureMag.slx,738561.083830486866645515,Constant2,name_Constant2;type_Constant;parent_name_GenerateSampleHoldingPulse;hierarchy_depth_4;num_lines_1;num_inputs_0;num_outputs_1;ul_530_70;lr_560_100;rul_80_102;rlr_80_103
./raqun/family_4_variant_1_MeasureMag.slx,738561.408301388961263001,LogicalOperator1,name_LogicalOperator1;type_Logic;parent_name_GenerateSampleHoldingPulse;hierarchy_depth_4;num_lines_3;num_inputs_2;num_outputs_1;ul_610_172;lr_640_203;rul_-80_-102;rlr_-80_-103
./raqun/family_4_variant_1_MeasureMag.slx,738561.2174705641809850931,TransitionLogicDetection,name_TransitionLogicDetection;type_SubSystem;parent_name_GenerateSampleHoldingPulse;hierarchy_depth_4;num_lines_2;num_inputs_1;num_outputs_1;ul_150_142;lr_310_198;rul_-130_21;rlr_-260_-21
./raqun/family_4_variant_1_MeasureMag.slx,738561.7116667345399037004,Input,name_Input;type_Inport;parent_name_TransitionLogicDetection;hierarchy_depth_5;num_lines_2;num_inputs_0;num_outputs_1;ul_20_118;lr_50_132;rul_225_-91;rlr_225_-74
./raqun/family_4_variant_1_MeasureMag.slx,738561.4433766340371221304,Constant,name_Constant;type_Constant;parent_name_TransitionLogicDetection;hierarchy_depth_5;num_lines_1;num_inputs_0;num_outputs_1;ul_220_205;lr_250_235;rul_65_-23;rlr_65_-22
./raqun/family_4_variant_1_MeasureMag.slx,738561.4838824261678382754,Constant1,name_Constant1;type_Constant;parent_name_TransitionLogicDetection;hierarchy_depth_5;num_lines_1;num_inputs_0;num_outputs_1;ul_180_20;lr_210_50;rul_65_7;rlr_65_8
./raqun/family_4_variant_1_MeasureMag.slx,738561.5399933288572356105,LogicalOperator,name_LogicalOperator;type_Logic;parent_name_TransitionLogicDetection;hierarchy_depth_5;num_lines_3;num_inputs_2;num_outputs_1;ul_345_82;lr_375_113;rul_-100_-55;rlr_-100_-55
./raqun/family_4_variant_1_MeasureMag.slx,738561.6097451542736962438,RelationalOperator,name_RelationalOperator;type_RelationalOperator;parent_name_TransitionLogicDetection;hierarchy_depth_5;num_lines_3;num_inputs_2;num_outputs_1;ul_285_182;lr_315_213;rul_-60_-29;rlr_-55_-26
./raqun/family_4_variant_1_MeasureMag.slx,738561.0310582895763218403,RelationalOperator1,name_RelationalOperator1;type_RelationalOperator;parent_name_TransitionLogicDetection;hierarchy_depth_5;num_lines_3;num_inputs_2;num_outputs_1;ul_245_27;lr_275_58;rul_-65_-7;rlr_-65_-8
./raqun/family_4_variant_1_MeasureMag.slx,738560.7348135325592011213,UnitDelay,name_UnitDelay;type_UnitDelay;parent_name_TransitionLogicDetection;hierarchy_depth_5;num_lines_2;num_inputs_1;num_outputs_1;ul_225_153;lr_260_187;rul_-205_-35;rlr_-210_-55
./raqun/family_4_variant_1_MeasureMag.slx,738561.3280215103877708316,TransitionDetect,name_TransitionDetect;type_Outport;parent_name_TransitionLogicDetection;hierarchy_depth_5;num_lines_1;num_inputs_1;num_outputs_0;ul_415_93;lr_445_107;rul_-70_-11;rlr_-70_6
./raqun/family_4_variant_1_MeasureMag.slx,738561.1615991290891543031,Hold_Data_Pulse,name_Hold_Data_Pulse;type_Outport;parent_name_GenerateSampleHoldingPulse;hierarchy_depth_4;num_lines_1;num_inputs_1;num_outputs_0;ul_800_183;lr_830_197;rul_-190_-11;rlr_-190_6
./raqun/family_4_variant_1_MeasureMag.slx,738561.4400297894608229399,HoldForMSamples,name_HoldForMSamples;type_Constant;parent_name_CheckSumCorrection;hierarchy_depth_3;num_lines_1;num_inputs_0;num_outputs_1;ul_135_440;lr_165_470;rul_150_-101;rlr_290_-29
./raqun/family_4_variant_1_MeasureMag.slx,738561.0450653485022485256,IfTruewehavegooddataIffalsewehavebaddataWithbaddatausepreviousgooddatafromNsamplesagoandholditonthatvalueforMsamples,name_IfTruewehavegooddataIffalsewehavebaddataWithbaddatausepreviousgooddatafromNsamplesagoandholditonthatvalueforMsamples;type_Switch;parent_name_CheckSumCorrection;hierarchy_depth_3;num_lines_5;num_inputs_3;num_outputs_1;ul_640_255;lr_665_525;rul_-340_-105;rlr_-335_-360
./raqun/family_4_variant_1_MeasureMag.slx,738561.2359353280626237392,InvertLogic,name_InvertLogic;type_Logic;parent_name_CheckSumCorrection;hierarchy_depth_3;num_lines_2;num_inputs_1;num_outputs_1;ul_525_379;lr_550_401;rul_-240_-40;rlr_-95_40
./raqun/family_4_variant_1_MeasureMag.slx,738561.2940915316576138139,LogicalOperator1,name_LogicalOperator1;type_Logic;parent_name_CheckSumCorrection;hierarchy_depth_3;num_lines_2;num_inputs_1;num_outputs_1;ul_205_354;lr_230_376;rul_-85_-4;rlr_-80_4
./raqun/family_4_variant_1_MeasureMag.slx,738561.0224949738476425409,Pre-ProcessedData,name_Pre-ProcessedData;type_Outport;parent_name_CheckSumCorrection;hierarchy_depth_3;num_lines_1;num_inputs_1;num_outputs_0;ul_805_488;lr_835_502;rul_-165_-233;rlr_-170_23
./raqun/family_4_variant_1_MeasureMag.slx,738561.6151174994884058833,Display,name_Display;type_Display;parent_name_Magnetometer;hierarchy_depth_2;num_lines_1;num_inputs_1;num_outputs_0;ul_715_15;lr_805_45;rul_-255_64;rlr_-150_116
./raqun/family_4_variant_1_MeasureMag.slx,738561.649178778869099915,ProcessedData,name_ProcessedData;type_Outport;parent_name_Magnetometer;hierarchy_depth_2;num_lines_1;num_inputs_1;num_outputs_0;ul_920_113;lr_950_127;rul_-460_-34;rlr_-295_34
./raqun/family_4_variant_1_MeasureMag.slx,738561.2680142623139545321,Mux1,name_Mux1;type_Mux;parent_name_CheckSumPre-Processing;hierarchy_depth_1;num_lines_4;num_inputs_3;num_outputs_1;ul_515_755;lr_525_845;rul_-100_-1;rlr_-85_1
./raqun/family_4_variant_1_MeasureMag.slx,738561.3199081881903111935,Mux2,name_Mux2;type_Mux;parent_name_CheckSumPre-Processing;hierarchy_depth_1;num_lines_4;num_inputs_3;num_outputs_1;ul_540_554;lr_550_626;rul_-55_1;rlr_-60_-1
./raqun/family_4_variant_1_MeasureMag.slx,738561.3936218629823997617,Mux3,name_Mux3;type_Mux;parent_name_CheckSumPre-Processing;hierarchy_depth_1;num_lines_4;num_inputs_3;num_outputs_1;ul_535_384;lr_545_446;rul_-85_0;rlr_-90_0
./raqun/family_4_variant_1_MeasureMag.slx,738560.800563130178488791,RateGyroProcessing,name_RateGyroProcessing;type_SubSystem;parent_name_CheckSumPre-Processing;hierarchy_depth_1;num_lines_3;num_inputs_2;num_outputs_1;ul_660_562;lr_750_678;rul_-120_-8;rlr_-200_-52
./raqun/family_4_variant_1_MeasureMag.slx,738561.4029685563873499632,RawData,name_RawData;type_Inport;parent_name_RateGyroProcessing;hierarchy_depth_2;num_lines_1;num_inputs_0;num_outputs_1;ul_515_143;lr_545_157;rul_110_-21;rlr_275_21
./raqun/family_4_variant_1_MeasureMag.slx,738560.9235054784221574664,CheckSumFlag,name_CheckSumFlag;type_Inport;parent_name_RateGyroProcessing;hierarchy_depth_2;num_lines_1;num_inputs_0;num_outputs_1;ul_515_243;lr_545_257;rul_360_-106;rlr_525_-69
./raqun/family_4_variant_1_MeasureMag.slx,738560.7749114586040377617,CheckSumCorrection,name_CheckSumCorrection;type_SubSystem;parent_name_RateGyroProcessing;hierarchy_depth_2;num_lines_3;num_inputs_2;num_outputs_1;ul_875_137;lr_1070_188;rul_-250_-15;rlr_-250_-10
./raqun/family_4_variant_1_MeasureMag.slx,738560.8506949138827621937,CalculatedData,name_CalculatedData;type_Inport;parent_name_CheckSumCorrection;hierarchy_depth_3;num_lines_1;num_inputs_0;num_outputs_1;ul_300_150;lr_330_165;rul_340_105;rlr_335_360
./raqun/family_4_variant_1_MeasureMag.slx,738561.219777118181809783,CheckSumFlag,name_CheckSumFlag;type_Inport;parent_name_CheckSumCorrection;hierarchy_depth_3;num_lines_1;num_inputs_0;num_outputs_1;ul_90_150;lr_120_165;rul_30_200;rlr_30_215
./raqun/family_4_variant_1_MeasureMag.slx,738561.5272731530712917447,CompareToZero,name_CompareToZero;type_SubSystem;parent_name_CheckSumCorrection;hierarchy_depth_3;num_lines_2;num_inputs_1;num_outputs_1;ul_120_350;lr_150_380;rul_-30_-200;rlr_-30_-215
./raqun/family_4_variant_1_MeasureMag.slx,738561.4347165733342990279,u,name_u;type_Inport;parent_name_CompareToZero;hierarchy_depth_4;num_lines_1;num_inputs_0;num_outputs_1;ul_15_28;lr_45_42;rul_130_-12;rlr_140_47
./raqun/family_4_variant_1_MeasureMag.slx,738561.0257347056176513433,Compare,name_Compare;type_RelationalOperator;parent_name_CompareToZero;hierarchy_depth_4;num_lines_3;num_inputs_2;num_outputs_1;ul_145_16;lr_185_89;rul_-130_12;rlr_-140_-47
./raqun/family_4_variant_1_MeasureMag.slx,738561.0321278750197961926,Constant,name_Constant;type_Constant;parent_name_CompareToZero;hierarchy_depth_4;num_lines_1;num_inputs_0;num_outputs_1;ul_70_56;lr_100_84;rul_75_-40;rlr_85_5
./raqun/family_4_variant_1_MeasureMag.slx,738560.7153001114493235946,y,name_y;type_Outport;parent_name_CompareToZero;hierarchy_depth_4;num_lines_1;num_inputs_1;num_outputs_0;ul_270_48;lr_300_62;rul_-125_-32;rlr_-115_27
./raqun/family_4_variant_1_MeasureMag.slx,738561.0117893997812643647,Delay,name_Delay;type_Delay;parent_name_CheckSumCorrection;hierarchy_depth_3;num_lines_2;num_inputs_1;num_outputs_1;ul_640_573;lr_675_607;rul_0_-318;rlr_-10_-82
./raqun/family_4_variant_1_MeasureMag.slx,738561.1873436679597944021,GenerateSampleHoldingPulse,name_GenerateSampleHoldingPulse;type_SubSystem;parent_name_CheckSumCorrection;hierarchy_depth_3;num_lines_3;num_inputs_2;num_outputs_1;ul_285_339;lr_455_441;rul_-80_15;rlr_-225_-65
./raqun/family_4_variant_1_MeasureMag.slx,738560.7807360545266419649,CheckSumFlag,name_CheckSumFlag;type_Inport;parent_name_GenerateSampleHoldingPulse;hierarchy_depth_4;num_lines_1;num_inputs_0;num_outputs_1;ul_20_163;lr_50_177;rul_130_-21;rlr_260_21
./raqun/family_4_variant_1_MeasureMag.slx,738561.0134816411882638931,HoldDataTicks_Value,name_HoldDataTicks_Value;type_Inport;parent_name_GenerateSampleHoldingPulse;hierarchy_depth_4;num_lines_1;num_inputs_0;num_outputs_1;ul_190_278;lr_220_292;rul_215_-132;rlr_345_-48
./raqun/family_4_variant_1_MeasureMag.slx,738560.7636891830479726195,Chart,name_Chart;type_SubSystem;parent_name_GenerateSampleHoldingPulse;hierarchy_depth_4;num_lines_3;num_inputs_2;num_outputs_1;ul_405_146;lr_565_244;rul_-255_-4;rlr_-255_-46
./raqun/family_4_variant_1_MeasureMag.slx,738561.1994150254176929593,if_transition,name_if_transition;type_Inport;parent_name_Chart;hierarchy_depth_5;num_lines_1;num_inputs_0;num_outputs_1;ul_20_101;lr_40_119;rul_160_-1;rlr_190_41
./raqun/family_4_variant_1_MeasureMag.slx,738561.0678810778772458434,HoldDataTicks,name_HoldDataTicks;type_Inport;parent_name_Chart;hierarchy_depth_5;num_lines_1;num_inputs_0;num_outputs_1;ul_20_136;lr_40_154;rul_160_-36;rlr_190_6
./raqun/family_4_variant_1_MeasureMag.slx,738560.9569962525274604559,Demux,name_Demux;type_Demux;parent_name_Chart;hierarchy_depth_5;num_lines_2;num_inputs_1;num_outputs_1;ul_270_230;lr_320_270;rul_-90_-130;rlr_-90_-110
./raqun/family_4_variant_1_MeasureMag.slx,738561.4868845271412283182,SFunction,name_SFunction;type_S-Function;parent_name_Chart;hierarchy_depth_5;num_lines_4;num_inputs_2;num_outputs_2;ul_180_100;lr_230_160;rul_-160_1;rlr_-190_-41
./raqun/family_4_variant_1_MeasureMag.slx,738561.3605087279574945569,Terminator,name_Terminator;type_Terminator;parent_name_Chart;hierarchy_depth_5;num_lines_1;num_inputs_1;num_outputs_0;ul_460_241;lr_480_259;rul_-190_-11;rlr_-160_11
./raqun/family_4_variant_1_MeasureMag.slx,738561.4232161038089543581,output,name_output;type_Outport;parent_name_Chart;hierarchy_depth_5;num_lines_1;num_inputs_1;num_outputs_0;ul_460_101;lr_480_119;rul_-280_-1;rlr_-250_41
./raqun/family_4_variant_1_MeasureMag.slx,738561.0186738796764984727,Constant2,name_Constant2;type_Constant;parent_name_GenerateSampleHoldingPulse;hierarchy_depth_4;num_lines_1;num_inputs_0;num_outputs_1;ul_530_70;lr_560_100;rul_80_102;rlr_80_103
./raqun/family_4_variant_1_MeasureMag.slx,738560.9712036000564694405,LogicalOperator1,name_LogicalOperator1;type_Logic;parent_name_GenerateSampleHoldingPulse;hierarchy_depth_4;num_lines_3;num_inputs_2;num_outputs_1;ul_610_172;lr_640_203;rul_-80_-102;rlr_-80_-103
./raqun/family_4_variant_1_MeasureMag.slx,738560.9322928227484226227,TransitionLogicDetection,name_TransitionLogicDetection;type_SubSystem;parent_name_GenerateSampleHoldingPulse;hierarchy_depth_4;num_lines_2;num_inputs_1;num_outputs_1;ul_150_142;lr_310_198;rul_-130_21;rlr_-260_-21
./raqun/family_4_variant_1_MeasureMag.slx,738561.5650984930107370019,Input,name_Input;type_Inport;parent_name_TransitionLogicDetection;hierarchy_depth_5;num_lines_2;num_inputs_0;num_outputs_1;ul_20_118;lr_50_132;rul_225_-91;rlr_225_-74
./raqun/family_4_variant_1_MeasureMag.slx,738561.1279995783697813749,Constant,name_Constant;type_Constant;parent_name_TransitionLogicDetection;hierarchy_depth_5;num_lines_1;num_inputs_0;num_outputs_1;ul_220_205;lr_250_235;rul_65_-23;rlr_65_-22
./raqun/family_4_variant_1_MeasureMag.slx,738561.6039454935817047954,Constant1,name_Constant1;type_Constant;parent_name_TransitionLogicDetection;hierarchy_depth_5;num_lines_1;num_inputs_0;num_outputs_1;ul_180_20;lr_210_50;rul_65_7;rlr_65_8
./raqun/family_4_variant_1_MeasureMag.slx,738560.7612797083565965295,LogicalOperator,name_LogicalOperator;type_Logic;parent_name_TransitionLogicDetection;hierarchy_depth_5;num_lines_3;num_inputs_2;num_outputs_1;ul_345_82;lr_375_113;rul_-100_-55;rlr_-100_-55
./raqun/family_4_variant_1_MeasureMag.slx,738561.4803184444317594171,RelationalOperator,name_RelationalOperator;type_RelationalOperator;parent_name_TransitionLogicDetection;hierarchy_depth_5;num_lines_3;num_inputs_2;num_outputs_1;ul_285_182;lr_315_213;rul_-60_-29;rlr_-55_-26
./raqun/family_4_variant_1_MeasureMag.slx,738561.3422624440863728523,RelationalOperator1,name_RelationalOperator1;type_RelationalOperator;parent_name_TransitionLogicDetection;hierarchy_depth_5;num_lines_3;num_inputs_2;num_outputs_1;ul_245_27;lr_275_58;rul_-65_-7;rlr_-65_-8
./raqun/family_4_variant_1_MeasureMag.slx,738561.5552659105742350221,UnitDelay,name_UnitDelay;type_UnitDelay;parent_name_TransitionLogicDetection;hierarchy_depth_5;num_lines_2;num_inputs_1;num_outputs_1;ul_225_153;lr_260_187;rul_-205_-35;rlr_-210_-55
./raqun/family_4_variant_1_MeasureMag.slx,738560.7158914429601281881,TransitionDetect,name_TransitionDetect;type_Outport;parent_name_TransitionLogicDetection;hierarchy_depth_5;num_lines_1;num_inputs_1;num_outputs_0;ul_415_93;lr_445_107;rul_-70_-11;rlr_-70_6
./raqun/family_4_variant_1_MeasureMag.slx,738560.7226924913702532649,Hold_Data_Pulse,name_Hold_Data_Pulse;type_Outport;parent_name_GenerateSampleHoldingPulse;hierarchy_depth_4;num_lines_1;num_inputs_1;num_outputs_0;ul_800_183;lr_830_197;rul_-190_-11;rlr_-190_6
./raqun/family_4_variant_1_MeasureMag.slx,738560.7813965191598981619,HoldForMSamples,name_HoldForMSamples;type_Constant;parent_name_CheckSumCorrection;hierarchy_depth_3;num_lines_1;num_inputs_0;num_outputs_1;ul_135_440;lr_165_470;rul_150_-101;rlr_290_-29
./raqun/family_4_variant_1_MeasureMag.slx,738560.7360453220317140222,IfTruewehavegooddataIffalsewehavebaddataWithbaddatausepreviousgooddatafromNsamplesagoandholditonthatvalueforMsamples,name_IfTruewehavegooddataIffalsewehavebaddataWithbaddatausepreviousgooddatafromNsamplesagoandholditonthatvalueforMsamples;type_Switch;parent_name_CheckSumCorrection;hierarchy_depth_3;num_lines_5;num_inputs_3;num_outputs_1;ul_640_255;lr_665_525;rul_-340_-105;rlr_-335_-360
./raqun/family_4_variant_1_MeasureMag.slx,738561.594415052910335362,InvertLogic,name_InvertLogic;type_Logic;parent_name_CheckSumCorrection;hierarchy_depth_3;num_lines_2;num_inputs_1;num_outputs_1;ul_525_379;lr_550_401;rul_-240_-40;rlr_-95_40
./raqun/family_4_variant_1_MeasureMag.slx,738561.568532300996594131,LogicalOperator1,name_LogicalOperator1;type_Logic;parent_name_CheckSumCorrection;hierarchy_depth_3;num_lines_2;num_inputs_1;num_outputs_1;ul_205_354;lr_230_376;rul_-85_-4;rlr_-80_4
./raqun/family_4_variant_1_MeasureMag.slx,738561.2105800459394231439,Pre-ProcessedHeight,name_Pre-ProcessedHeight;type_Outport;parent_name_CheckSumCorrection;hierarchy_depth_3;num_lines_1;num_inputs_1;num_outputs_0;ul_805_488;lr_835_502;rul_-165_-233;rlr_-170_23
./raqun/family_4_variant_1_MeasureMag.slx,738560.8710392682114616036,ProcessedData,name_ProcessedData;type_Outport;parent_name_RateGyroProcessing;hierarchy_depth_2;num_lines_1;num_inputs_1;num_outputs_0;ul_1175_158;lr_1205_172;rul_-300_-21;rlr_-135_16
./raqun/family_4_variant_1_MeasureMag.slx,738561.3240754576399922371,Rate_Gyro_Processing_Tag,name_Rate_Gyro_Processing_Tag;type_From;parent_name_CheckSumPre-Processing;hierarchy_depth_1;num_lines_1;num_inputs_0;num_outputs_1;ul_440_638;lr_540_662;rul_220_-76;rlr_210_16
./raqun/family_4_variant_1_MeasureMag.slx,738560.782199056469835341,Temp,name_Temp;type_SubSystem;parent_name_CheckSumPre-Processing;hierarchy_depth_1;num_lines_3;num_inputs_2;num_outputs_1;ul_655_54;lr_805_161;rul_-195_-35;rlr_-335_-20
./raqun/family_4_variant_1_MeasureMag.slx,738561.1115410870406776667,Magnetometer,name_Magnetometer;type_Inport;parent_name_Temp;hierarchy_depth_2;num_lines_1;num_inputs_0;num_outputs_1;ul_50_93;lr_80_107;rul_115_-21;rlr_295_21
./raqun/family_4_variant_1_MeasureMag.slx,738561.4746623371029272676,CheckSumFlag,name_CheckSumFlag;type_Inport;parent_name_Temp;hierarchy_depth_2;num_lines_1;num_inputs_0;num_outputs_1;ul_50_248;lr_80_262;rul_410_-169;rlr_575_-101
./raqun/family_4_variant_1_MeasureMag.slx,738561.6626811496680602431,CheckSumCorrection,name_CheckSumCorrection;type_SubSystem;parent_name_Temp;hierarchy_depth_2;num_lines_4;num_inputs_2;num_outputs_1;ul_460_79;lr_655_161;rul_-295_-7;rlr_-280_-33
./raqun/family_4_variant_1_MeasureMag.slx,738560.8797525020781904459,CalculatedData,name_CalculatedData;type_Inport;parent_name_CheckSumCorrection;hierarchy_depth_3;num_lines_1;num_inputs_0;num_outputs_1;ul_300_150;lr_330_165;rul_340_105;rlr_335_360
./raqun/family_4_variant_1_MeasureMag.slx,738561.0910736105870455503,CheckSumFlag,name_CheckSumFlag;type_Inport;parent_name_CheckSumCorrection;hierarchy_depth_3;num_lines_1;num_inputs_0;num_outputs_1;ul_90_150;lr_120_165;rul_30_200;rlr_30_215
./raqun/family_4_variant_1_MeasureMag.slx,738561.6384486949536949396,CompareToZero,name_CompareToZero;type_SubSystem;parent_name_CheckSumCorrection;hierarchy_depth_3;num_lines_2;num_inputs_1;num_outputs_1;ul_120_350;lr_150_380;rul_-30_-200;rlr_-30_-215
./raqun/family_4_variant_1_MeasureMag.slx,738561.3017033372307196259,u,name_u;type_Inport;parent_name_CompareToZero;hierarchy_depth_4;num_lines_1;num_inputs_0;num_outputs_1;ul_15_28;lr_45_42;rul_130_-12;rlr_140_47
./raqun/family_4_variant_1_MeasureMag.slx,738561.6960981484735384583,Compare,name_Compare;type_RelationalOperator;parent_name_CompareToZero;hierarchy_depth_4;num_lines_3;num_inputs_2;num_outputs_1;ul_145_16;lr_185_89;rul_-130_12;rlr_-140_-47
./raqun/family_4_variant_1_MeasureMag.slx,738560.8025033967569470406,Constant,name_Constant;type_Constant;parent_name_CompareToZero;hierarchy_depth_4;num_lines_1;num_inputs_0;num_outputs_1;ul_70_56;lr_100_84;rul_75_-40;rlr_85_5
./raqun/family_4_variant_1_MeasureMag.slx,738561.1151602522004395723,y,name_y;type_Outport;parent_name_CompareToZero;hierarchy_depth_4;num_lines_1;num_inputs_1;num_outputs_0;ul_270_48;lr_300_62;rul_-125_-32;rlr_-115_27
./raqun/family_4_variant_1_MeasureMag.slx,738560.9477173853665590286,Delay,name_Delay;type_Delay;parent_name_CheckSumCorrection;hierarchy_depth_3;num_lines_2;num_inputs_1;num_outputs_1;ul_640_573;lr_675_607;rul_0_-318;rlr_-10_-82
./raqun/family_4_variant_1_MeasureMag.slx,738560.8567671470809727907,GenerateSampleHoldingPulse,name_GenerateSampleHoldingPulse;type_SubSystem;parent_name_CheckSumCorrection;hierarchy_depth_3;num_lines_3;num_inputs_2;num_outputs_1;ul_285_339;lr_455_441;rul_-80_15;rlr_-225_-65
./raqun/family_4_variant_1_MeasureMag.slx,738561.5110763118136674166,CheckSumFlag,name_CheckSumFlag;type_Inport;parent_name_GenerateSampleHoldingPulse;hierarchy_depth_4;num_lines_1;num_inputs_0;num_outputs_1;ul_20_163;lr_50_177;rul_130_-21;rlr_260_21
./raqun/family_4_variant_1_MeasureMag.slx,738561.1621988308615982533,HoldDataTicks_Value,name_HoldDataTicks_Value;type_Inport;parent_name_GenerateSampleHoldingPulse;hierarchy_depth_4;num_lines_1;num_inputs_0;num_outputs_1;ul_190_278;lr_220_292;rul_215_-132;rlr_345_-48
./raqun/family_4_variant_1_MeasureMag.slx,738561.318270369665697217,Chart,name_Chart;type_SubSystem;parent_name_GenerateSampleHoldingPulse;hierarchy_depth_4;num_lines_3;num_inputs_2;num_outputs_1;ul_405_146;lr_565_244;rul_-255_-4;rlr_-255_-46
./raqun/family_4_variant_1_MeasureMag.slx,738561.1986114607425406575,if_transition,name_if_transition;type_Inport;parent_name_Chart;hierarchy_depth_5;num_lines_1;num_inputs_0;num_outputs_1;ul_20_101;lr_40_119;rul_160_-1;rlr_190_41
./raqun/family_4_variant_1_MeasureMag.slx,738561.2879616181598976254,HoldDataTicks,name_HoldDataTicks;type_Inport;parent_name_Chart;hierarchy_depth_5;num_lines_1;num_inputs_0;num_outputs_1;ul_20_136;lr_40_154;rul_160_-36;rlr_190_6
./raqun/family_4_variant_1_MeasureMag.slx,738560.9027665157336741686,Demux,name_Demux;type_Demux;parent_name_Chart;hierarchy_depth_5;num_lines_2;num_inputs_1;num_outputs_1;ul_270_230;lr_320_270;rul_-90_-130;rlr_-90_-110
./raqun/family_4_variant_1_MeasureMag.slx,738561.6039560204371809959,SFunction,name_SFunction;type_S-Function;parent_name_Chart;hierarchy_depth_5;num_lines_4;num_inputs_2;num_outputs_2;ul_180_100;lr_230_160;rul_-160_1;rlr_-190_-41
./raqun/family_4_variant_1_MeasureMag.slx,738561.4466486470773816109,Terminator,name_Terminator;type_Terminator;parent_name_Chart;hierarchy_depth_5;num_lines_1;num_inputs_1;num_outputs_0;ul_460_241;lr_480_259;rul_-190_-11;rlr_-160_11
./raqun/family_4_variant_1_MeasureMag.slx,738561.4252302441745996475,output,name_output;type_Outport;parent_name_Chart;hierarchy_depth_5;num_lines_1;num_inputs_1;num_outputs_0;ul_460_101;lr_480_119;rul_-280_-1;rlr_-250_41
./raqun/family_4_variant_1_MeasureMag.slx,738561.4374899540562182665,Constant2,name_Constant2;type_Constant;parent_name_GenerateSampleHoldingPulse;hierarchy_depth_4;num_lines_1;num_inputs_0;num_outputs_1;ul_530_70;lr_560_100;rul_80_102;rlr_80_103
./raqun/family_4_variant_1_MeasureMag.slx,738561.0046621791552752256,LogicalOperator1,name_LogicalOperator1;type_Logic;parent_name_GenerateSampleHoldingPulse;hierarchy_depth_4;num_lines_3;num_inputs_2;num_outputs_1;ul_610_172;lr_640_203;rul_-80_-102;rlr_-80_-103
./raqun/family_4_variant_1_MeasureMag.slx,738561.6003086670534685254,TransitionLogicDetection,name_TransitionLogicDetection;type_SubSystem;parent_name_GenerateSampleHoldingPulse;hierarchy_depth_4;num_lines_2;num_inputs_1;num_outputs_1;ul_150_142;lr_310_198;rul_-130_21;rlr_-260_-21
./raqun/family_4_variant_1_MeasureMag.slx,738561.5656464023049920797,Input,name_Input;type_Inport;parent_name_TransitionLogicDetection;hierarchy_depth_5;num_lines_2;num_inputs_0;num_outputs_1;ul_20_118;lr_50_132;rul_225_-91;rlr_225_-74
./raqun/family_4_variant_1_MeasureMag.slx,738560.815859530121088028,Constant,name_Constant;type_Constant;parent_name_TransitionLogicDetection;hierarchy_depth_5;num_lines_1;num_inputs_0;num_outputs_1;ul_220_205;lr_250_235;rul_65_-23;rlr_65_-22
./raqun/family_4_variant_1_MeasureMag.slx,738561.2936834996799007058,Constant1,name_Constant1;type_Constant;parent_name_TransitionLogicDetection;hierarchy_depth_5;num_lines_1;num_inputs_0;num_outputs_1;ul_180_20;lr_210_50;rul_65_7;rlr_65_8
./raqun/family_4_variant_1_MeasureMag.slx,738560.8340565202524885535,LogicalOperator,name_LogicalOperator;type_Logic;parent_name_TransitionLogicDetection;hierarchy_depth_5;num_lines_3;num_inputs_2;num_outputs_1;ul_345_82;lr_375_113;rul_-100_-55;rlr_-100_-55
./raqun/family_4_variant_1_MeasureMag.slx,738561.1199182543205097318,RelationalOperator,name_RelationalOperator;type_RelationalOperator;parent_name_TransitionLogicDetection;hierarchy_depth_5;num_lines_3;num_inputs_2;num_outputs_1;ul_285_182;lr_315_213;rul_-60_-29;rlr_-55_-26
./raqun/family_4_variant_1_MeasureMag.slx,738561.3825960319954901934,RelationalOperator1,name_RelationalOperator1;type_RelationalOperator;parent_name_TransitionLogicDetection;hierarchy_depth_5;num_lines_3;num_inputs_2;num_outputs_1;ul_245_27;lr_275_58;rul_-65_-7;rlr_-65_-8
./raqun/family_4_variant_1_MeasureMag.slx,738561.395060267299413681,UnitDelay,name_UnitDelay;type_UnitDelay;parent_name_TransitionLogicDetection;hierarchy_depth_5;num_lines_2;num_inputs_1;num_outputs_1;ul_225_153;lr_260_187;rul_-205_-35;rlr_-210_-55
./raqun/family_4_variant_1_MeasureMag.slx,738560.7198155036894604564,TransitionDetect,name_TransitionDetect;type_Outport;parent_name_TransitionLogicDetection;hierarchy_depth_5;num_lines_1;num_inputs_1;num_outputs_0;ul_415_93;lr_445_107;rul_-70_-11;rlr_-70_6
./raqun/family_4_variant_1_MeasureMag.slx,738561.5215780119178816676,Hold_Data_Pulse,name_Hold_Data_Pulse;type_Outport;parent_name_GenerateSampleHoldingPulse;hierarchy_depth_4;num_lines_1;num_inputs_1;num_outputs_0;ul_800_183;lr_830_197;rul_-190_-11;rlr_-190_6
./raqun/family_4_variant_1_MeasureMag.slx,738561.4111352309118956327,HoldForMSamples,name_HoldForMSamples;type_Constant;parent_name_CheckSumCorrection;hierarchy_depth_3;num_lines_1;num_inputs_0;num_outputs_1;ul_135_440;lr_165_470;rul_150_-101;rlr_290_-29
./raqun/family_4_variant_1_MeasureMag.slx,738560.8817257994087412953,IfTruewehavegooddataIffalsewehavebaddataWithbaddatausepreviousgooddatafromNsamplesagoandholditonthatvalueforMsamples,name_IfTruewehavegooddataIffalsewehavebaddataWithbaddatausepreviousgooddatafromNsamplesagoandholditonthatvalueforMsamples;type_Switch;parent_name_CheckSumCorrection;hierarchy_depth_3;num_lines_5;num_inputs_3;num_outputs_1;ul_640_255;lr_665_525;rul_-340_-105;rlr_-335_-360
./raqun/family_4_variant_1_MeasureMag.slx,738561.3177280343370512128,InvertLogic,name_InvertLogic;type_Logic;parent_name_CheckSumCorrection;hierarchy_depth_3;num_lines_2;num_inputs_1;num_outputs_1;ul_525_379;lr_550_401;rul_-240_-40;rlr_-95_40
./raqun/family_4_variant_1_MeasureMag.slx,738560.9985828131902962923,LogicalOperator1,name_LogicalOperator1;type_Logic;parent_name_CheckSumCorrection;hierarchy_depth_3;num_lines_2;num_inputs_1;num_outputs_1;ul_205_354;lr_230_376;rul_-85_-4;rlr_-80_4
./raqun/family_4_variant_1_MeasureMag.slx,738561.077706637792289257,Pre-ProcessedData,name_Pre-ProcessedData;type_Outport;parent_name_CheckSumCorrection;hierarchy_depth_3;num_lines_1;num_inputs_1;num_outputs_0;ul_805_488;lr_835_502;rul_-165_-233;rlr_-170_23
./raqun/family_4_variant_1_MeasureMag.slx,738561.4359089796198531985,Display,name_Display;type_Display;parent_name_Temp;hierarchy_depth_2;num_lines_1;num_inputs_1;num_outputs_0;ul_715_15;lr_805_45;rul_-255_64;rlr_-150_116
./raqun/family_4_variant_1_MeasureMag.slx,738560.9835241665132343769,ProcessedData,name_ProcessedData;type_Outport;parent_name_Temp;hierarchy_depth_2;num_lines_1;num_inputs_1;num_outputs_0;ul_920_113;lr_950_127;rul_-460_-34;rlr_-295_34
./raqun/family_4_variant_1_MeasureMag.slx,738560.8272817805409431458,Temp_Checksum_Tag,name_Temp_Checksum_Tag;type_From;parent_name_CheckSumPre-Processing;hierarchy_depth_1;num_lines_1;num_inputs_0;num_outputs_1;ul_495_173;lr_595_197;rul_160_-119;rlr_210_-36
./raqun/family_4_variant_1_MeasureMag.slx,738560.7695770782884210348,Ultra_Sound_Checksum_Tag,name_Ultra_Sound_Checksum_Tag;type_From;parent_name_CheckSumPre-Processing;hierarchy_depth_1;num_lines_1;num_inputs_0;num_outputs_1;ul_460_333;lr_560_357;rul_260_-113;rlr_305_-77
./raqun/family_4_variant_1_MeasureMag.slx,738560.7699696730123832822,UltrasoundProcessing,name_UltrasoundProcessing;type_SubSystem;parent_name_CheckSumPre-Processing;hierarchy_depth_1;num_lines_3;num_inputs_2;num_outputs_1;ul_720_220;lr_865_280;rul_-260_-46;rlr_-395_16
./raqun/family_4_variant_1_MeasureMag.slx,738560.7561042913002893329,RawUltrasound,name_RawUltrasound;type_Inport;parent_name_UltrasoundProcessing;hierarchy_depth_2;num_lines_1;num_inputs_0;num_outputs_1;ul_70_93;lr_100_107;rul_180_-10;rlr_190_10
./raqun/family_4_variant_1_MeasureMag.slx,738560.7698519621044397354,CheckSumFlag,name_CheckSumFlag;type_Inport;parent_name_UltrasoundProcessing;hierarchy_depth_2;num_lines_1;num_inputs_0;num_outputs_1;ul_45_248;lr_75_262;rul_600_-31;rlr_765_6
./raqun/family_4_variant_1_MeasureMag.slx,738560.8692862695315852761,CheckSumCorrection,name_CheckSumCorrection;type_SubSystem;parent_name_UltrasoundProcessing;hierarchy_depth_2;num_lines_4;num_inputs_2;num_outputs_1;ul_645_217;lr_840_268;rul_-330_-136;rlr_-380_-109
./raqun/family_4_variant_1_MeasureMag.slx,738561.4934199153212830424,CalculatedData,name_CalculatedData;type_Inport;parent_name_CheckSumCorrection;hierarchy_depth_3;num_lines_1;num_inputs_0;num_outputs_1;ul_300_150;lr_330_165;rul_340_105;rlr_335_360
./raqun/family_4_variant_1_MeasureMag.slx,738560.9035682023968547583,CheckSumFlag,name_CheckSumFlag;type_Inport;parent_name_CheckSumCorrection;hierarchy_depth_3;num_lines_1;num_inputs_0;num_outputs_1;ul_90_150;lr_120_165;rul_30_200;rlr_30_215
./raqun/family_4_variant_1_MeasureMag.slx,738560.8847293592989444733,CompareToZero,name_CompareToZero;type_SubSystem;parent_name_CheckSumCorrection;hierarchy_depth_3;num_lines_2;num_inputs_1;num_outputs_1;ul_120_350;lr_150_380;rul_-30_-200;rlr_-30_-215
./raqun/family_4_variant_1_MeasureMag.slx,738561.1529333906946703792,u,name_u;type_Inport;parent_name_CompareToZero;hierarchy_depth_4;num_lines_1;num_inputs_0;num_outputs_1;ul_15_28;lr_45_42;rul_130_-12;rlr_140_47
./raqun/family_4_variant_1_MeasureMag.slx,738561.6780253673205152154,Compare,name_Compare;type_RelationalOperator;parent_name_CompareToZero;hierarchy_depth_4;num_lines_3;num_inputs_2;num_outputs_1;ul_145_16;lr_185_89;rul_-130_12;rlr_-140_-47
./raqun/family_4_variant_1_MeasureMag.slx,738561.3992566963424906135,Constant,name_Constant;type_Constant;parent_name_CompareToZero;hierarchy_depth_4;num_lines_1;num_inputs_0;num_outputs_1;ul_70_56;lr_100_84;rul_75_-40;rlr_85_5
./raqun/family_4_variant_1_MeasureMag.slx,738560.7399245889391750097,y,name_y;type_Outport;parent_name_CompareToZero;hierarchy_depth_4;num_lines_1;num_inputs_1;num_outputs_0;ul_270_48;lr_300_62;rul_-125_-32;rlr_-115_27
./raqun/family_4_variant_1_MeasureMag.slx,738560.9507072268752381206,Delay,name_Delay;type_Delay;parent_name_CheckSumCorrection;hierarchy_depth_3;num_lines_2;num_inputs_1;num_outputs_1;ul_640_573;lr_675_607;rul_0_-318;rlr_-10_-82
./raqun/family_4_variant_1_MeasureMag.slx,738561.6827942370437085629,GenerateSampleHoldingPulse,name_GenerateSampleHoldingPulse;type_SubSystem;parent_name_CheckSumCorrection;hierarchy_depth_3;num_lines_3;num_inputs_2;num_outputs_1;ul_285_339;lr_455_441;rul_-80_15;rlr_-225_-65
./raqun/family_4_variant_1_MeasureMag.slx,738560.8596908116014674306,CheckSumFlag,name_CheckSumFlag;type_Inport;parent_name_GenerateSampleHoldingPulse;hierarchy_depth_4;num_lines_1;num_inputs_0;num_outputs_1;ul_20_163;lr_50_177;rul_130_-21;rlr_260_21
./raqun/family_4_variant_1_MeasureMag.slx,738561.5540158277144655585,HoldDataTicks_Value,name_HoldDataTicks_Value;type_Inport;parent_name_GenerateSampleHoldingPulse;hierarchy_depth_4;num_lines_1;num_inputs_0;num_outputs_1;ul_190_278;lr_220_292;rul_215_-132;rlr_345_-48
./raqun/family_4_variant_1_MeasureMag.slx,738561.1957720555365085602,Chart,name_Chart;type_SubSystem;parent_name_GenerateSampleHoldingPulse;hierarchy_depth_4;num_lines_3;num_inputs_2;num_outputs_1;ul_405_146;lr_565_244;rul_-255_-4;rlr_-255_-46
./raqun/family_4_variant_1_MeasureMag.slx,738560.7842918834649026394,if_transition,name_if_transition;type_Inport;parent_name_Chart;hierarchy_depth_5;num_lines_1;num_inputs_0;num_outputs_1;ul_20_101;lr_40_119;rul_160_-1;rlr_190_41
./raqun/family_4_variant_1_MeasureMag.slx,738561.1133019247790798545,HoldDataTicks,name_HoldDataTicks;type_Inport;parent_name_Chart;hierarchy_depth_5;num_lines_1;num_inputs_0;num_outputs_1;ul_20_136;lr_40_154;rul_160_-36;rlr_190_6
./raqun/family_4_variant_1_MeasureMag.slx,738561.3686399736907333136,Demux,name_Demux;type_Demux;parent_name_Chart;hierarchy_depth_5;num_lines_2;num_inputs_1;num_outputs_1;ul_270_230;lr_320_270;rul_-90_-130;rlr_-90_-110
./raqun/family_4_variant_1_MeasureMag.slx,738561.4920998533489182591,SFunction,name_SFunction;type_S-Function;parent_name_Chart;hierarchy_depth_5;num_lines_4;num_inputs_2;num_outputs_2;ul_180_100;lr_230_160;rul_-160_1;rlr_-190_-41
./raqun/family_4_variant_1_MeasureMag.slx,738561.043455790844745934,Terminator,name_Terminator;type_Terminator;parent_name_Chart;hierarchy_depth_5;num_lines_1;num_inputs_1;num_outputs_0;ul_460_241;lr_480_259;rul_-190_-11;rlr_-160_11
./raqun/family_4_variant_1_MeasureMag.slx,738561.4479806761955842376,output,name_output;type_Outport;parent_name_Chart;hierarchy_depth_5;num_lines_1;num_inputs_1;num_outputs_0;ul_460_101;lr_480_119;rul_-280_-1;rlr_-250_41
./raqun/family_4_variant_1_MeasureMag.slx,738561.1484160321997478604,Constant2,name_Constant2;type_Constant;parent_name_GenerateSampleHoldingPulse;hierarchy_depth_4;num_lines_1;num_inputs_0;num_outputs_1;ul_530_70;lr_560_100;rul_80_102;rlr_80_103
./raqun/family_4_variant_1_MeasureMag.slx,738560.7351412333082407713,LogicalOperator1,name_LogicalOperator1;type_Logic;parent_name_GenerateSampleHoldingPulse;hierarchy_depth_4;num_lines_3;num_inputs_2;num_outputs_1;ul_610_172;lr_640_203;rul_-80_-102;rlr_-80_-103
./raqun/family_4_variant_1_MeasureMag.slx,738560.9458893539849668741,TransitionLogicDetection,name_TransitionLogicDetection;type_SubSystem;parent_name_GenerateSampleHoldingPulse;hierarchy_depth_4;num_lines_2;num_inputs_1;num_outputs_1;ul_150_142;lr_310_198;rul_-130_21;rlr_-260_-21
./raqun/family_4_variant_1_MeasureMag.slx,738561.5756403878331184387,Input,name_Input;type_Inport;parent_name_TransitionLogicDetection;hierarchy_depth_5;num_lines_2;num_inputs_0;num_outputs_1;ul_20_118;lr_50_132;rul_225_-91;rlr_225_-74
./raqun/family_4_variant_1_MeasureMag.slx,738561.5061580876354128122,Constant,name_Constant;type_Constant;parent_name_TransitionLogicDetection;hierarchy_depth_5;num_lines_1;num_inputs_0;num_outputs_1;ul_220_205;lr_250_235;rul_65_-23;rlr_65_-22
./raqun/family_4_variant_1_MeasureMag.slx,738560.7843000285793095827,Constant1,name_Constant1;type_Constant;parent_name_TransitionLogicDetection;hierarchy_depth_5;num_lines_1;num_inputs_0;num_outputs_1;ul_180_20;lr_210_50;rul_65_7;rlr_65_8
./raqun/family_4_variant_1_MeasureMag.slx,738561.1891941623762249947,LogicalOperator,name_LogicalOperator;type_Logic;parent_name_TransitionLogicDetection;hierarchy_depth_5;num_lines_3;num_inputs_2;num_outputs_1;ul_345_82;lr_375_113;rul_-100_-55;rlr_-100_-55
./raqun/family_4_variant_1_MeasureMag.slx,738561.6245405978988856077,RelationalOperator,name_RelationalOperator;type_RelationalOperator;parent_name_TransitionLogicDetection;hierarchy_depth_5;num_lines_3;num_inputs_2;num_outputs_1;ul_285_182;lr_315_213;rul_-60_-29;rlr_-55_-26
./raqun/family_4_variant_1_MeasureMag.slx,738561.5344309625215828419,RelationalOperator1,name_RelationalOperator1;type_RelationalOperator;parent_name_TransitionLogicDetection;hierarchy_depth_5;num_lines_3;num_inputs_2;num_outputs_1;ul_245_27;lr_275_58;rul_-65_-7;rlr_-65_-8
./raqun/family_4_variant_1_MeasureMag.slx,738561.3091009217314422131,UnitDelay,name_UnitDelay;type_UnitDelay;parent_name_TransitionLogicDetection;hierarchy_depth_5;num_lines_2;num_inputs_1;num_outputs_1;ul_225_153;lr_260_187;rul_-205_-35;rlr_-210_-55
./raqun/family_4_variant_1_MeasureMag.slx,738561.1890748805599287152,TransitionDetect,name_TransitionDetect;type_Outport;parent_name_TransitionLogicDetection;hierarchy_depth_5;num_lines_1;num_inputs_1;num_outputs_0;ul_415_93;lr_445_107;rul_-70_-11;rlr_-70_6
./raqun/family_4_variant_1_MeasureMag.slx,738560.7866544806165620685,Hold_Data_Pulse,name_Hold_Data_Pulse;type_Outport;parent_name_GenerateSampleHoldingPulse;hierarchy_depth_4;num_lines_1;num_inputs_1;num_outputs_0;ul_800_183;lr_830_197;rul_-190_-11;rlr_-190_6
./raqun/family_4_variant_1_MeasureMag.slx,738561.5807595279766246676,HoldForMSamples,name_HoldForMSamples;type_Constant;parent_name_CheckSumCorrection;hierarchy_depth_3;num_lines_1;num_inputs_0;num_outputs_1;ul_135_440;lr_165_470;rul_150_-101;rlr_290_-29
./raqun/family_4_variant_1_MeasureMag.slx,738561.2742661358788609505,IfTruewehavegooddataIffalsewehavebaddataWithbaddatausepreviousgooddatafromNsamplesagoandholditonthatvalueforMsamples,name_IfTruewehavegooddataIffalsewehavebaddataWithbaddatausepreviousgooddatafromNsamplesagoandholditonthatvalueforMsamples;type_Switch;parent_name_CheckSumCorrection;hierarchy_depth_3;num_lines_5;num_inputs_3;num_outputs_1;ul_640_255;lr_665_525;rul_-340_-105;rlr_-335_-360
./raqun/family_4_variant_1_MeasureMag.slx,738561.1207266085548326373,InvertLogic,name_InvertLogic;type_Logic;parent_name_CheckSumCorrection;hierarchy_depth_3;num_lines_2;num_inputs_1;num_outputs_1;ul_525_379;lr_550_401;rul_-240_-40;rlr_-95_40
./raqun/family_4_variant_1_MeasureMag.slx,738561.5449521967675536871,LogicalOperator1,name_LogicalOperator1;type_Logic;parent_name_CheckSumCorrection;hierarchy_depth_3;num_lines_2;num_inputs_1;num_outputs_1;ul_205_354;lr_230_376;rul_-85_-4;rlr_-80_4
./raqun/family_4_variant_1_MeasureMag.slx,738560.8739324597408995032,Pre-ProcessedHeight,name_Pre-ProcessedHeight;type_Outport;parent_name_CheckSumCorrection;hierarchy_depth_3;num_lines_1;num_inputs_1;num_outputs_0;ul_805_488;lr_835_502;rul_-165_-233;rlr_-170_23
./raqun/family_4_variant_1_MeasureMag.slx,738561.6923440522514283657,DataTypeConversion1,name_DataTypeConversion1;type_DataTypeConversion;parent_name_UltrasoundProcessing;hierarchy_depth_2;num_lines_2;num_inputs_1;num_outputs_1;ul_250_83;lr_290_117;rul_-180_10;rlr_-190_-10
./raqun/family_4_variant_1_MeasureMag.slx,738561.2399263210827484727,Delay1,name_Delay1;type_Delay;parent_name_UltrasoundProcessing;hierarchy_depth_2;num_lines_2;num_inputs_1;num_outputs_1;ul_240_123;lr_275_157;rul_75_-42;rlr_185_2
./raqun/family_4_variant_1_MeasureMag.slx,738561.4716117089847102761,Display,name_Display;type_Display;parent_name_UltrasoundProcessing;hierarchy_depth_2;num_lines_1;num_inputs_1;num_outputs_0;ul_695_120;lr_785_150;rul_-50_97;rlr_55_118
./raqun/family_4_variant_1_MeasureMag.slx,738561.0659954934380948544,HeightCalculation,name_HeightCalculation;type_SubSystem;parent_name_UltrasoundProcessing;hierarchy_depth_2;num_lines_5;num_inputs_2;num_outputs_2;ul_315_81;lr_460_159;rul_-65_2;rlr_-170_-42
./raqun/family_4_variant_1_MeasureMag.slx,738561.3749730909476056695,u,name_u;type_Inport;parent_name_HeightCalculation;hierarchy_depth_3;num_lines_1;num_inputs_0;num_outputs_1;ul_20_101;lr_40_119;rul_160_-1;rlr_190_61
./raqun/family_4_variant_1_MeasureMag.slx,738561.4921589413424953818,z_1,name_z_1;type_Inport;parent_name_HeightCalculation;hierarchy_depth_3;num_lines_1;num_inputs_0;num_outputs_1;ul_20_136;lr_40_154;rul_160_-36;rlr_190_26
./raqun/family_4_variant_1_MeasureMag.slx,738561.5612515010870993137,Demux,name_Demux;type_Demux;parent_name_HeightCalculation;hierarchy_depth_3;num_lines_2;num_inputs_1;num_outputs_1;ul_270_230;lr_320_270;rul_-90_-130;rlr_-90_-90
./raqun/family_4_variant_1_MeasureMag.slx,738560.8701285840943455696,SFunction,name_SFunction;type_S-Function;parent_name_HeightCalculation;hierarchy_depth_3;num_lines_5;num_inputs_2;num_outputs_3;ul_180_100;lr_230_180;rul_-160_1;rlr_-190_-61
./raqun/family_4_variant_1_MeasureMag.slx,738561.1257963939569890499,Terminator,name_Terminator;type_Terminator;parent_name_HeightCalculation;hierarchy_depth_3;num_lines_1;num_inputs_1;num_outputs_0;ul_460_241;lr_480_259;rul_-190_-11;rlr_-160_11
./raqun/family_4_variant_1_MeasureMag.slx,738561.6908344054827466607,y,name_y;type_Outport;parent_name_HeightCalculation;hierarchy_depth_3;num_lines_1;num_inputs_1;num_outputs_0;ul_460_101;lr_480_119;rul_-280_-1;rlr_-250_61
./raqun/family_4_variant_1_MeasureMag.slx,738561.03089947160333395,prev_good_height,name_prev_good_height;type_Outport;parent_name_HeightCalculation;hierarchy_depth_3;num_lines_1;num_inputs_1;num_outputs_0;ul_460_136;lr_480_154;rul_-280_-36;rlr_-250_26
./raqun/family_4_variant_1_MeasureMag.slx,738561.4443195527419447899,Height_CalulationI,name_Height_CalulationI;type_Scope;parent_name_UltrasoundProcessing;hierarchy_depth_2;num_lines_1;num_inputs_1;num_outputs_0;ul_605_84;lr_635_116;rul_-290_-3;rlr_-175_43
./raqun/family_4_variant_1_MeasureMag.slx,738561.4537289275322109461,Saturation1,name_Saturation1;type_Saturate;parent_name_UltrasoundProcessing;hierarchy_depth_2;num_lines_2;num_inputs_1;num_outputs_1;ul_950_230;lr_980_260;rul_-305_-13;rlr_-140_8
./raqun/family_4_variant_1_MeasureMag.slx,738561.56731874227989465,ProcessedData,name_ProcessedData;type_Outport;parent_name_UltrasoundProcessing;hierarchy_depth_2;num_lines_1;num_inputs_1;num_outputs_0;ul_1005_238;lr_1035_252;rul_-55_-8;rlr_-55_8
./raqun/family_4_variant_1_MeasureMag.slx,738561.2442835232941433787,UltraSoundHeight_Processed,name_UltraSoundHeight_Processed;type_Outport;parent_name_CheckSumPre-Processing;hierarchy_depth_1;num_lines_1;num_inputs_1;num_outputs_0;ul_945_243;lr_975_257;rul_-225_-23;rlr_-110_23
./raqun/family_4_variant_1_MeasureMag.slx,738561.1056308005936443806,Magnetometer_Processed,name_Magnetometer_Processed;type_Outport;parent_name_CheckSumPre-Processing;hierarchy_depth_1;num_lines_1;num_inputs_1;num_outputs_0;ul_910_448;lr_940_462;rul_-315_-49;rlr_-195_44
./raqun/family_4_variant_1_MeasureMag.slx,738561.532349185086786747,BodyRates-pqr,name_BodyRates-pqr;type_Outport;parent_name_CheckSumPre-Processing;hierarchy_depth_1;num_lines_1;num_inputs_1;num_outputs_0;ul_910_613;lr_940_627;rul_-250_-51;rlr_-190_51
./raqun/family_4_variant_1_MeasureMag.slx,738561.6147598449606448412,Accelerometer,name_Accelerometer;type_Outport;parent_name_CheckSumPre-Processing;hierarchy_depth_1;num_lines_1;num_inputs_1;num_outputs_0;ul_855_823;lr_885_837;rul_-270_-50;rlr_-105_45
./raqun/family_4_variant_1_MeasureMag.slx,738561.4387085050111636519,TempMeasure,name_TempMeasure;type_Outport;parent_name_CheckSumPre-Processing;hierarchy_depth_1;num_lines_1;num_inputs_1;num_outputs_0;ul_900_103;lr_930_117;rul_-245_-49;rlr_-125_44
./raqun/family_4_variant_1_MeasureMag.slx,738561.2553087762789800763,Deci-VoltstoVolts,name_Deci-VoltstoVolts;type_Gain;parent_name_family_4_variant_1_MeasureMag;hierarchy_depth_0;num_lines_3;num_inputs_1;num_outputs_1;ul_805_755;lr_860_785;rul_-250_-23;rlr_-95_23
./raqun/family_4_variant_1_MeasureMag.slx,738561.5010552383027970791,Demux,name_Demux;type_Demux;parent_name_family_4_variant_1_MeasureMag;hierarchy_depth_0;num_lines_4;num_inputs_1;num_outputs_3;ul_315_631;lr_320_719;rul_-120_33;rlr_-65_-33
./raqun/family_4_variant_1_MeasureMag.slx,738560.8482883311808109283,DigitalClock1,name_DigitalClock1;type_DigitalClock;parent_name_family_4_variant_1_MeasureMag;hierarchy_depth_0;num_lines_1;num_inputs_0;num_outputs_1;ul_625_648;lr_690_672;rul_270_-3;rlr_295_3
./raqun/family_4_variant_1_MeasureMag.slx,738561.0870668691350147128,DisplayBatteryVoltage,name_DisplayBatteryVoltage;type_Display;parent_name_family_4_variant_1_MeasureMag;hierarchy_depth_0;num_lines_1;num_inputs_1;num_outputs_0;ul_945_825;lr_1035_855;rul_-140_-70;rlr_-175_-70
./raqun/family_4_variant_1_MeasureMag.slx,738561.2097183718578889966,From1,name_From1;type_From;parent_name_family_4_variant_1_MeasureMag;hierarchy_depth_0;num_lines_1;num_inputs_0;num_outputs_1;ul_195_664;lr_255_686;rul_120_-33;rlr_65_33
./raqun/family_4_variant_1_MeasureMag.slx,738560.7469995504943653941,Goto1,name_Goto1;type_Goto;parent_name_family_4_variant_1_MeasureMag;hierarchy_depth_0;num_lines_1;num_inputs_1;num_outputs_0;ul_815_367;lr_910_393;rul_-260_-4;rlr_-170_164
./raqun/family_4_variant_1_MeasureMag.slx,738560.9157655668677762151,Goto13,name_Goto13;type_Goto;parent_name_family_4_variant_1_MeasureMag;hierarchy_depth_0;num_lines_1;num_inputs_1;num_outputs_0;ul_815_408;lr_910_432;rul_-260_-45;rlr_-170_125
./raqun/family_4_variant_1_MeasureMag.slx,738561.7011117031797766685,Goto2,name_Goto2;type_Goto;parent_name_family_4_variant_1_MeasureMag;hierarchy_depth_0;num_lines_1;num_inputs_1;num_outputs_0;ul_810_448;lr_905_472;rul_-255_-85;rlr_-165_85
./raqun/family_4_variant_1_MeasureMag.slx,738561.3643392089288681746,Goto3,name_Goto3;type_Goto;parent_name_family_4_variant_1_MeasureMag;hierarchy_depth_0;num_lines_1;num_inputs_1;num_outputs_0;ul_815_489;lr_910_511;rul_-260_-126;rlr_-170_46
./raqun/family_4_variant_1_MeasureMag.slx,738561.7043151350226253271,Goto4,name_Goto4;type_Goto;parent_name_family_4_variant_1_MeasureMag;hierarchy_depth_0;num_lines_1;num_inputs_1;num_outputs_0;ul_815_529;lr_910_551;rul_-260_-166;rlr_-170_6
./raqun/family_4_variant_1_MeasureMag.slx,738561.1927846992621198297,InertialMeasurement,name_InertialMeasurement;type_Reference;parent_name_family_4_variant_1_MeasureMag;hierarchy_depth_0;num_lines_2;num_inputs_0;num_outputs_2;ul_175_393;lr_430_522;rul_380_-30;rlr_310_35
./raqun/family_4_variant_1_MeasureMag.slx,738560.9446548027917742729,Magdata,name_Magdata;type_Scope;parent_name_family_4_variant_1_MeasureMag;hierarchy_depth_0;num_lines_1;num_inputs_1;num_outputs_0;ul_475_633;lr_525_717;rul_-95_-5;rlr_-140_5
./raqun/family_4_variant_1_MeasureMag.slx,738560.8996251638745889068,Mux1,name_Mux1;type_Mux;parent_name_family_4_variant_1_MeasureMag;hierarchy_depth_0;num_lines_4;num_inputs_3;num_outputs_1;ul_380_628;lr_385_722;rul_-65_3;rlr_-65_-3
./raqun/family_4_variant_1_MeasureMag.slx,738561.4310621570330113173,Time,name_Time;type_Display;parent_name_family_4_variant_1_MeasureMag;hierarchy_depth_0;num_lines_1;num_inputs_1;num_outputs_0;ul_895_645;lr_985_675;rul_-270_3;rlr_-295_-3
./raqun/family_4_variant_2_MeasureMag.slx,738561.6156289497157558799,BusSelector2,name_BusSelector2;type_BusSelector;parent_name_family_4_variant_2_MeasureMag;hierarchy_depth_0;num_lines_4;num_inputs_1;num_outputs_3;ul_475_394;lr_480_456;rul_-300_-1;rlr_-50_66
./raqun/family_4_variant_2_MeasureMag.slx,738561.3176362896338105202,ChackSumCorrection,name_ChackSumCorrection;type_SubSystem;parent_name_family_4_variant_2_MeasureMag;hierarchy_depth_0;num_lines_3;num_inputs_2;num_outputs_1;ul_790_392;lr_915_523;rul_-210_14;rlr_-175_-79
./raqun/family_4_variant_2_MeasureMag.slx,738561.2256866635289043188,CalculatedData,name_CalculatedData;type_Inport;parent_name_ChackSumCorrection;hierarchy_depth_1;num_lines_1;num_inputs_0;num_outputs_1;ul_175_328;lr_205_342;rul_690_-31;rlr_700_181
./raqun/family_4_variant_2_MeasureMag.slx,738560.7728900617221370339,CheckSumFlag,name_CheckSumFlag;type_Inport;parent_name_ChackSumCorrection;hierarchy_depth_1;num_lines_1;num_inputs_0;num_outputs_1;ul_175_378;lr_205_392;rul_110_-8;rlr_110_8
./raqun/family_4_variant_2_MeasureMag.slx,738561.0750034109223634005,CompareToZero,name_CompareToZero;type_SubSystem;parent_name_ChackSumCorrection;hierarchy_depth_1;num_lines_2;num_inputs_1;num_outputs_1;ul_285_370;lr_315_400;rul_-110_8;rlr_-110_-8
./raqun/family_4_variant_2_MeasureMag.slx,738561.5762170889647677541,u,name_u;type_Inport;parent_name_CompareToZero;hierarchy_depth_2;num_lines_1;num_inputs_0;num_outputs_1;ul_15_28;lr_45_42;rul_130_-12;rlr_140_47
./raqun/family_4_variant_2_MeasureMag.slx,738561.1651601431658491492,Compare,name_Compare;type_RelationalOperator;parent_name_CompareToZero;hierarchy_depth_2;num_lines_3;num_inputs_2;num_outputs_1;ul_145_16;lr_185_89;rul_-130_12;rlr_-140_-47
./raqun/family_4_variant_2_MeasureMag.slx,738560.9971551080234348774,Constant,name_Constant;type_Constant;parent_name_CompareToZero;hierarchy_depth_2;num_lines_1;num_inputs_0;num_outputs_1;ul_70_56;lr_100_84;rul_75_-40;rlr_85_5
./raqun/family_4_variant_2_MeasureMag.slx,738561.4076520224334672093,y,name_y;type_Outport;parent_name_CompareToZero;hierarchy_depth_2;num_lines_1;num_inputs_1;num_outputs_0;ul_270_48;lr_300_62;rul_-125_-32;rlr_-115_27
./raqun/family_4_variant_2_MeasureMag.slx,738560.9430443209130316973,Delay,name_Delay;type_Delay;parent_name_ChackSumCorrection;hierarchy_depth_1;num_lines_2;num_inputs_1;num_outputs_1;ul_870_558;lr_905_592;rul_-5_-261;rlr_0_-69
./raqun/family_4_variant_2_MeasureMag.slx,738561.6862094055395573378,GenerateSampleHoldingPulse,name_GenerateSampleHoldingPulse;type_SubSystem;parent_name_ChackSumCorrection;hierarchy_depth_1;num_lines_3;num_inputs_2;num_outputs_1;ul_455_361;lr_650_459;rul_-75_13;rlr_-245_-63
./raqun/family_4_variant_2_MeasureMag.slx,738560.7616296022897586226,CheckSumFlag,name_CheckSumFlag;type_Inport;parent_name_GenerateSampleHoldingPulse;hierarchy_depth_2;num_lines_1;num_inputs_0;num_outputs_1;ul_615_323;lr_645_337;rul_130_-21;rlr_260_21
./raqun/family_4_variant_2_MeasureMag.slx,738561.2910119234584271908,HoldDataTicks_Value,name_HoldDataTicks_Value;type_Inport;parent_name_GenerateSampleHoldingPulse;hierarchy_depth_2;num_lines_1;num_inputs_0;num_outputs_1;ul_785_438;lr_815_452;rul_215_-132;rlr_345_-48
./raqun/family_4_variant_2_MeasureMag.slx,738561.219682945404201746,Chart,name_Chart;type_SubSystem;parent_name_GenerateSampleHoldingPulse;hierarchy_depth_2;num_lines_3;num_inputs_2;num_outputs_1;ul_1000_306;lr_1160_404;rul_-255_-4;rlr_-255_-46
./raqun/family_4_variant_2_MeasureMag.slx,738561.0583921637153252959,if_transition,name_if_transition;type_Inport;parent_name_Chart;hierarchy_depth_3;num_lines_1;num_inputs_0;num_outputs_1;ul_20_101;lr_40_119;rul_160_-1;rlr_190_41
./raqun/family_4_variant_2_MeasureMag.slx,738561.4357230216264724731,HoldDataTicks,name_HoldDataTicks;type_Inport;parent_name_Chart;hierarchy_depth_3;num_lines_1;num_inputs_0;num_outputs_1;ul_20_136;lr_40_154;rul_160_-36;rlr_190_6
./raqun/family_4_variant_2_MeasureMag.slx,738561.661497353226877749,Demux,name_Demux;type_Demux;parent_name_Chart;hierarchy_depth_3;num_lines_2;num_inputs_1;num_outputs_1;ul_270_230;lr_320_270;rul_-90_-130;rlr_-90_-110
./raqun/family_4_variant_2_MeasureMag.slx,738561.084157991805113852,SFunction,name_SFunction;type_S-Function;parent_name_Chart;hierarchy_depth_3;num_lines_4;num_inputs_2;num_outputs_2;ul_180_100;lr_230_160;rul_-160_1;rlr_-190_-41
./raqun/family_4_variant_2_MeasureMag.slx,738560.8917390204733237624,Terminator,name_Terminator;type_Terminator;parent_name_Chart;hierarchy_depth_3;num_lines_1;num_inputs_1;num_outputs_0;ul_460_241;lr_480_259;rul_-190_-11;rlr_-160_11
./raqun/family_4_variant_2_MeasureMag.slx,738561.0079028500476852059,output,name_output;type_Outport;parent_name_Chart;hierarchy_depth_3;num_lines_1;num_inputs_1;num_outputs_0;ul_460_101;lr_480_119;rul_-280_-1;rlr_-250_41
./raqun/family_4_variant_2_MeasureMag.slx,738560.7912168450420722365,Constant2,name_Constant2;type_Constant;parent_name_GenerateSampleHoldingPulse;hierarchy_depth_2;num_lines_1;num_inputs_0;num_outputs_1;ul_1125_230;lr_1155_260;rul_75_102;rlr_75_103
./raqun/family_4_variant_2_MeasureMag.slx,738560.7624656211119145155,LogicalOperator,name_LogicalOperator;type_Logic;parent_name_GenerateSampleHoldingPulse;hierarchy_depth_2;num_lines_3;num_inputs_2;num_outputs_1;ul_1200_332;lr_1230_363;rul_-75_-102;rlr_-75_-103
./raqun/family_4_variant_2_MeasureMag.slx,738560.8997428636066615582,TransitionLogicDetection,name_TransitionLogicDetection;type_SubSystem;parent_name_GenerateSampleHoldingPulse;hierarchy_depth_2;num_lines_2;num_inputs_1;num_outputs_1;ul_745_302;lr_905_358;rul_-130_21;rlr_-260_-21
./raqun/family_4_variant_2_MeasureMag.slx,738561.3512193972710520029,Input,name_Input;type_Inport;parent_name_TransitionLogicDetection;hierarchy_depth_3;num_lines_2;num_inputs_0;num_outputs_1;ul_20_118;lr_50_132;rul_225_-91;rlr_225_-74
./raqun/family_4_variant_2_MeasureMag.slx,738561.4238307668128982186,Constant,name_Constant;type_Constant;parent_name_TransitionLogicDetection;hierarchy_depth_3;num_lines_1;num_inputs_0;num_outputs_1;ul_220_205;lr_250_235;rul_65_-23;rlr_65_-22
./raqun/family_4_variant_2_MeasureMag.slx,738561.257164074806496501,Constant1,name_Constant1;type_Constant;parent_name_TransitionLogicDetection;hierarchy_depth_3;num_lines_1;num_inputs_0;num_outputs_1;ul_180_20;lr_210_50;rul_65_7;rlr_65_8
./raqun/family_4_variant_2_MeasureMag.slx,738561.473001680918969214,LogicalOperator,name_LogicalOperator;type_Logic;parent_name_TransitionLogicDetection;hierarchy_depth_3;num_lines_3;num_inputs_2;num_outputs_1;ul_345_82;lr_375_113;rul_-100_-55;rlr_-100_-55
./raqun/family_4_variant_2_MeasureMag.slx,738560.7790215039858594537,RelationalOperator,name_RelationalOperator;type_RelationalOperator;parent_name_TransitionLogicDetection;hierarchy_depth_3;num_lines_3;num_inputs_2;num_outputs_1;ul_285_182;lr_315_213;rul_-60_-29;rlr_-55_-26
./raqun/family_4_variant_2_MeasureMag.slx,738560.8274724395014345646,RelationalOperator1,name_RelationalOperator1;type_RelationalOperator;parent_name_TransitionLogicDetection;hierarchy_depth_3;num_lines_3;num_inputs_2;num_outputs_1;ul_245_27;lr_275_58;rul_-65_-7;rlr_-65_-8
./raqun/family_4_variant_2_MeasureMag.slx,738560.9331736635649576783,UnitDelay,name_UnitDelay;type_UnitDelay;parent_name_TransitionLogicDetection;hierarchy_depth_3;num_lines_2;num_inputs_1;num_outputs_1;ul_225_153;lr_260_187;rul_-205_-35;rlr_-210_-55
./raqun/family_4_variant_2_MeasureMag.slx,738561.182132824556902051,TransitionDetect,name_TransitionDetect;type_Outport;parent_name_TransitionLogicDetection;hierarchy_depth_3;num_lines_1;num_inputs_1;num_outputs_0;ul_415_93;lr_445_107;rul_-70_-11;rlr_-70_6
./raqun/family_4_variant_2_MeasureMag.slx,738561.0599426820408552885,Hold_Data_Pulse,name_Hold_Data_Pulse;type_Outport;parent_name_GenerateSampleHoldingPulse;hierarchy_depth_2;num_lines_1;num_inputs_1;num_outputs_0;ul_1335_343;lr_1365_357;rul_-135_-11;rlr_-135_6
./raqun/family_4_variant_2_MeasureMag.slx,738561.0717454608529806137,HoldForMSamples,name_HoldForMSamples;type_Constant;parent_name_ChackSumCorrection;hierarchy_depth_1;num_lines_1;num_inputs_0;num_outputs_1;ul_175_420;lr_205_450;rul_280_-59;rlr_445_9
./raqun/family_4_variant_2_MeasureMag.slx,738561.6620942868757992983,IfTruewehavegooddataIffalsewehavebaddataWithbaddatausepreviousgooddatafromNsamplesagoandholditonthatvalueforMsamples,name_IfTruewehavegooddataIffalsewehavebaddataWithbaddatausepreviousgooddatafromNsamplesagoandholditonthatvalueforMsamples;type_Switch;parent_name_ChackSumCorrection;hierarchy_depth_1;num_lines_5;num_inputs_3;num_outputs_1;ul_865_297;lr_905_523;rul_-690_31;rlr_-700_-181
./raqun/family_4_variant_2_MeasureMag.slx,738561.0218495975714176893,InvertLogic,name_InvertLogic;type_Logic;parent_name_ChackSumCorrection;hierarchy_depth_1;num_lines_2;num_inputs_1;num_outputs_1;ul_750_399;lr_775_421;rul_-295_-38;rlr_-125_38
./raqun/family_4_variant_2_MeasureMag.slx,738561.106826675939373672,LogicalOperator1,name_LogicalOperator1;type_Logic;parent_name_ChackSumCorrection;hierarchy_depth_1;num_lines_2;num_inputs_1;num_outputs_1;ul_380_374;lr_405_396;rul_-95_-4;rlr_-90_4
./raqun/family_4_variant_2_MeasureMag.slx,738560.9893373345257714391,TrueData,name_TrueData;type_Outport;parent_name_ChackSumCorrection;hierarchy_depth_1;num_lines_1;num_inputs_1;num_outputs_0;ul_1040_403;lr_1070_417;rul_-175_-106;rlr_-165_106
./raqun/family_4_variant_2_MeasureMag.slx,738561.513800743967294693,CheckSumValue,name_CheckSumValue;type_Scope;parent_name_family_4_variant_2_MeasureMag;hierarchy_depth_0;num_lines_1;num_inputs_1;num_outputs_0;ul_645_529;lr_675_561;rul_-470_-136;rlr_-245_-39
./raqun/family_4_variant_2_MeasureMag.slx,738560.7217853793408721685,InertialMeasurement,name_InertialMeasurement;type_Reference;parent_name_family_4_variant_2_MeasureMag;hierarchy_depth_0;num_lines_3;num_inputs_0;num_outputs_2;ul_175_393;lr_430_522;rul_300_1;rlr_50_-66
./raqun/family_4_variant_2_MeasureMag.slx,738561.2956303356913849711,Magdata,name_Magdata;type_Scope;parent_name_family_4_variant_2_MeasureMag;hierarchy_depth_0;num_lines_1;num_inputs_1;num_outputs_0;ul_965_418;lr_1015_502;rul_-175_-26;rlr_-100_21
./raqun/family_4_variant_2_MeasureMag.slx,738560.9037893718341365457,Mux3,name_Mux3;type_Mux;parent_name_family_4_variant_2_MeasureMag;hierarchy_depth_0;num_lines_4;num_inputs_3;num_outputs_1;ul_535_394;lr_540_456;rul_-60_0;rlr_-60_0
./raqun/family_4_variant_2_MeasureMag.slx,738561.663197725429199636,ProcessRawMagData,name_ProcessRawMagData;type_SubSystem;parent_name_family_4_variant_2_MeasureMag;hierarchy_depth_0;num_lines_2;num_inputs_1;num_outputs_1;ul_580_406;lr_740_444;rul_-45_-12;rlr_-200_12
./raqun/family_4_variant_2_MeasureMag.slx,738560.7341808537021279335,Magnetometer,name_Magnetometer;type_Inport;parent_name_ProcessRawMagData;hierarchy_depth_1;num_lines_1;num_inputs_0;num_outputs_1;ul_175_323;lr_205_337;rul_95_-23;rlr_170_23
./raqun/family_4_variant_2_MeasureMag.slx,738561.0584952462231740355,Bias,name_Bias;type_Constant;parent_name_ProcessRawMagData;hierarchy_depth_1;num_lines_1;num_inputs_0;num_outputs_1;ul_245_412;lr_420_448;rul_195_-112;rlr_80_-88
./raqun/family_4_variant_2_MeasureMag.slx,738561.1801258540945127606,Sum,name_Sum;type_Sum;parent_name_ProcessRawMagData;hierarchy_depth_1;num_lines_3;num_inputs_2;num_outputs_1;ul_440_300;lr_500_360;rul_-170_0;rlr_-125_0
./raqun/family_4_variant_2_MeasureMag.slx,738560.737547749187797308,postGain,name_postGain;type_Gain;parent_name_ProcessRawMagData;hierarchy_depth_1;num_lines_2;num_inputs_1;num_outputs_1;ul_540_295;lr_835_365;rul_-100_5;rlr_-335_-5
./raqun/family_4_variant_2_MeasureMag.slx,738560.8522574725793674588,preGain,name_preGain;type_Gain;parent_name_ProcessRawMagData;hierarchy_depth_1;num_lines_2;num_inputs_1;num_outputs_1;ul_270_300;lr_375_360;rul_-95_23;rlr_-170_-23
./raqun/family_4_variant_2_MeasureMag.slx,738561.5059364971239119768,ProcessedData,name_ProcessedData;type_Outport;parent_name_ProcessRawMagData;hierarchy_depth_1;num_lines_1;num_inputs_1;num_outputs_0;ul_865_323;lr_895_337;rul_-325_-28;rlr_-60_28
