./raqun/family_15_variant_1_NMPC_model.mdl,738560.9098691367544233799,Controls,name_Controls;type_Scope;parent_name_family_15_variant_1_NMPC_model;hierarchy_depth_0;num_lines_2;num_inputs_2;num_outputs_0;ul_950_595;lr_1015_715;rul_-90_11;rlr_-150_-71
./raqun/family_15_variant_1_NMPC_model.mdl,738561.6227054756600409746,Demux,name_Demux;type_Demux;parent_name_family_15_variant_1_NMPC_model;hierarchy_depth_0;num_lines_6;num_inputs_1;num_outputs_5;ul_925_168;lr_930_392;rul_-100_305;rlr_-20_155
./raqun/family_15_variant_1_NMPC_model.mdl,738561.4876681234454736114,Demux1,name_Demux1;type_Demux;parent_name_family_15_variant_1_NMPC_model;hierarchy_depth_0;num_lines_3;num_inputs_1;num_outputs_2;ul_800_583;lr_805_707;rul_-250_-89;rlr_-155_-146
./raqun/family_15_variant_1_NMPC_model.mdl,738560.9486520878272131085,Demux2,name_Demux2;type_Demux;parent_name_family_15_variant_1_NMPC_model;hierarchy_depth_0;num_lines_8;num_inputs_1;num_outputs_7;ul_350_567;lr_355_733;rul_-205_-30;rlr_-50_-180
./raqun/family_15_variant_1_NMPC_model.mdl,738560.9454226118978112936,FromWorkspace5,name_FromWorkspace5;type_FromWorkspace;parent_name_family_15_variant_1_NMPC_model;hierarchy_depth_0;num_lines_2;num_inputs_0;num_outputs_1;ul_145_537;lr_305_553;rul_405_-43;rlr_345_8
./raqun/family_15_variant_1_NMPC_model.mdl,738561.4078739407705143094,Mux,name_Mux;type_Mux;parent_name_family_15_variant_1_NMPC_model;hierarchy_depth_0;num_lines_3;num_inputs_2;num_outputs_1;ul_985_161;lr_990_199;rul_-635_406;rlr_-635_534
./raqun/family_15_variant_1_NMPC_model.mdl,738560.8772444842616096139,Mux1,name_Mux1;type_Mux;parent_name_family_15_variant_1_NMPC_model;hierarchy_depth_0;num_lines_3;num_inputs_2;num_outputs_1;ul_985_206;lr_990_244;rul_-635_361;rlr_-635_489
./raqun/family_15_variant_1_NMPC_model.mdl,738561.2481713183224201202,Mux2,name_Mux2;type_Mux;parent_name_family_15_variant_1_NMPC_model;hierarchy_depth_0;num_lines_3;num_inputs_2;num_outputs_1;ul_985_251;lr_990_289;rul_-635_316;rlr_-635_444
./raqun/family_15_variant_1_NMPC_model.mdl,738561.643127604853361845,Mux3,name_Mux3;type_Mux;parent_name_family_15_variant_1_NMPC_model;hierarchy_depth_0;num_lines_3;num_inputs_2;num_outputs_1;ul_985_296;lr_990_334;rul_-635_271;rlr_-635_399
./raqun/family_15_variant_1_NMPC_model.mdl,738560.8799741100519895554,Mux4,name_Mux4;type_Mux;parent_name_family_15_variant_1_NMPC_model;hierarchy_depth_0;num_lines_3;num_inputs_2;num_outputs_1;ul_985_341;lr_990_379;rul_-635_226;rlr_-635_354
./raqun/family_15_variant_1_NMPC_model.mdl,738561.4863722932059317827,Mux5,name_Mux5;type_Mux;parent_name_family_15_variant_1_NMPC_model;hierarchy_depth_0;num_lines_3;num_inputs_2;num_outputs_1;ul_860_606;lr_865_644;rul_-60_-23;rlr_-60_63
./raqun/family_15_variant_1_NMPC_model.mdl,738560.7517878697253763676,Mux6,name_Mux6;type_Mux;parent_name_family_15_variant_1_NMPC_model;hierarchy_depth_0;num_lines_3;num_inputs_2;num_outputs_1;ul_860_666;lr_865_704;rul_-60_-83;rlr_-60_3
./raqun/family_15_variant_1_NMPC_model.mdl,738560.8409766859840601683,NMPCcontroller,name_NMPCcontroller;type_S-Function;parent_name_family_15_variant_1_NMPC_model;hierarchy_depth_0;num_lines_6;num_inputs_2;num_outputs_2;ul_550_494;lr_650_561;rul_275_-21;rlr_260_-14
./raqun/family_15_variant_1_NMPC_model.mdl,738561.519916913122870028,States,name_States;type_Scope;parent_name_family_15_variant_1_NMPC_model;hierarchy_depth_0;num_lines_5;num_inputs_5;num_outputs_0;ul_1170_152;lr_1265_388;rul_-185_9;rlr_-275_-189
./raqun/family_15_variant_1_NMPC_model.mdl,738560.8538342587416991591,ToWorkspace,name_ToWorkspace;type_ToWorkspace;parent_name_family_15_variant_1_NMPC_model;hierarchy_depth_0;num_lines_1;num_inputs_1;num_outputs_0;ul_675_530;lr_735_560;rul_-125_-36;rlr_-85_1
./raqun/family_15_variant_1_NMPC_model.mdl,738560.7469295093324035406,ToWorkspace1,name_ToWorkspace1;type_ToWorkspace;parent_name_family_15_variant_1_NMPC_model;hierarchy_depth_0;num_lines_1;num_inputs_1;num_outputs_0;ul_730_348;lr_805_382;rul_95_125;rlr_105_165
./raqun/family_15_variant_1_NMPC_model.mdl,738561.0364736152114346623,ToWorkspace2,name_ToWorkspace2;type_ToWorkspace;parent_name_family_15_variant_1_NMPC_model;hierarchy_depth_0;num_lines_1;num_inputs_1;num_outputs_0;ul_730_433;lr_805_467;rul_-180_61;rlr_-155_94
./raqun/family_15_variant_1_NMPC_model.mdl,738560.8469738272251561284,crane,name_crane;type_SubSystem;parent_name_family_15_variant_1_NMPC_model;hierarchy_depth_0;num_lines_4;num_inputs_1;num_outputs_1;ul_825_473;lr_910_547;rul_-275_21;rlr_-260_14
./raqun/family_15_variant_1_NMPC_model.mdl,738561.7079220612067729235,u,name_u;type_Inport;parent_name_crane;hierarchy_depth_1;num_lines_1;num_inputs_0;num_outputs_1;ul_410_433;lr_440_447;rul_120_-91;rlr_100_26
./raqun/family_15_variant_1_NMPC_model.mdl,738561.0552198567893356085,BusCreator1,name_BusCreator1;type_BusCreator;parent_name_crane;hierarchy_depth_1;num_lines_3;num_inputs_2;num_outputs_1;ul_530_342;lr_540_473;rul_145_51;rlr_170_-46
./raqun/family_15_variant_1_NMPC_model.mdl,738561.3410670073935762048,UnitDelay,name_UnitDelay;type_UnitDelay;parent_name_crane;hierarchy_depth_1;num_lines_3;num_inputs_1;num_outputs_1;ul_675_393;lr_710_427;rul_-115_-50;rlr_-60_50
./raqun/family_15_variant_1_NMPC_model.mdl,738560.8595712874084711075,model,name_model;type_S-Function;parent_name_crane;hierarchy_depth_1;num_lines_2;num_inputs_1;num_outputs_1;ul_560_343;lr_650_477;rul_-30_-1;rlr_-110_-4
./raqun/family_15_variant_1_NMPC_model.mdl,738560.8363579416181892157,x,name_x;type_Outport;parent_name_crane;hierarchy_depth_1;num_lines_1;num_inputs_1;num_outputs_0;ul_795_403;lr_825_417;rul_-120_-10;rlr_-115_10
./raqun/family_15_variant_2_NMPC_model.mdl,738561.3427500933175906539,Controls,name_Controls;type_Scope;parent_name_family_15_variant_2_NMPC_model;hierarchy_depth_0;num_lines_2;num_inputs_2;num_outputs_0;ul_950_595;lr_1015_715;rul_-90_11;rlr_-150_-71
./raqun/family_15_variant_2_NMPC_model.mdl,738560.798098861938342452,Demux,name_Demux;type_Demux;parent_name_family_15_variant_2_NMPC_model;hierarchy_depth_0;num_lines_6;num_inputs_1;num_outputs_5;ul_925_168;lr_930_392;rul_-100_305;rlr_-20_155
./raqun/family_15_variant_2_NMPC_model.mdl,738560.9059327136492356658,Demux1,name_Demux1;type_Demux;parent_name_family_15_variant_2_NMPC_model;hierarchy_depth_0;num_lines_3;num_inputs_1;num_outputs_2;ul_800_583;lr_805_707;rul_-250_-89;rlr_-155_-146
./raqun/family_15_variant_2_NMPC_model.mdl,738561.4873827998526394367,Demux2,name_Demux2;type_Demux;parent_name_family_15_variant_2_NMPC_model;hierarchy_depth_0;num_lines_8;num_inputs_1;num_outputs_7;ul_350_567;lr_355_733;rul_-205_-30;rlr_-50_-180
./raqun/family_15_variant_2_NMPC_model.mdl,738561.2341892090626060963,FromWorkspace5,name_FromWorkspace5;type_FromWorkspace;parent_name_family_15_variant_2_NMPC_model;hierarchy_depth_0;num_lines_2;num_inputs_0;num_outputs_1;ul_145_537;lr_305_553;rul_405_-43;rlr_345_8
./raqun/family_15_variant_2_NMPC_model.mdl,738560.8467960483394563198,Mux,name_Mux;type_Mux;parent_name_family_15_variant_2_NMPC_model;hierarchy_depth_0;num_lines_3;num_inputs_2;num_outputs_1;ul_985_161;lr_990_199;rul_-635_406;rlr_-635_534
./raqun/family_15_variant_2_NMPC_model.mdl,738561.334961255663074553,Mux1,name_Mux1;type_Mux;parent_name_family_15_variant_2_NMPC_model;hierarchy_depth_0;num_lines_3;num_inputs_2;num_outputs_1;ul_985_206;lr_990_244;rul_-635_361;rlr_-635_489
./raqun/family_15_variant_2_NMPC_model.mdl,738561.0094997264677658677,Mux2,name_Mux2;type_Mux;parent_name_family_15_variant_2_NMPC_model;hierarchy_depth_0;num_lines_3;num_inputs_2;num_outputs_1;ul_985_251;lr_990_289;rul_-635_316;rlr_-635_444
./raqun/family_15_variant_2_NMPC_model.mdl,738560.9169692182913422585,Mux3,name_Mux3;type_Mux;parent_name_family_15_variant_2_NMPC_model;hierarchy_depth_0;num_lines_3;num_inputs_2;num_outputs_1;ul_985_296;lr_990_334;rul_-635_271;rlr_-635_399
./raqun/family_15_variant_2_NMPC_model.mdl,738560.8402324303751811385,Mux4,name_Mux4;type_Mux;parent_name_family_15_variant_2_NMPC_model;hierarchy_depth_0;num_lines_3;num_inputs_2;num_outputs_1;ul_985_341;lr_990_379;rul_-635_226;rlr_-635_354
./raqun/family_15_variant_2_NMPC_model.mdl,738560.7278386647813022137,Mux5,name_Mux5;type_Mux;parent_name_family_15_variant_2_NMPC_model;hierarchy_depth_0;num_lines_3;num_inputs_2;num_outputs_1;ul_860_606;lr_865_644;rul_-60_-23;rlr_-60_63
./raqun/family_15_variant_2_NMPC_model.mdl,738561.2608389287488535047,Mux6,name_Mux6;type_Mux;parent_name_family_15_variant_2_NMPC_model;hierarchy_depth_0;num_lines_3;num_inputs_2;num_outputs_1;ul_860_666;lr_865_704;rul_-60_-83;rlr_-60_3
./raqun/family_15_variant_2_NMPC_model.mdl,738560.873625489417463541,NMPCcontroller,name_NMPCcontroller;type_S-Function;parent_name_family_15_variant_2_NMPC_model;hierarchy_depth_0;num_lines_6;num_inputs_2;num_outputs_2;ul_550_494;lr_650_561;rul_275_-21;rlr_260_-14
./raqun/family_15_variant_2_NMPC_model.mdl,738560.8142348086694255471,States,name_States;type_Scope;parent_name_family_15_variant_2_NMPC_model;hierarchy_depth_0;num_lines_5;num_inputs_5;num_outputs_0;ul_1170_152;lr_1265_388;rul_-185_9;rlr_-275_-189
./raqun/family_15_variant_2_NMPC_model.mdl,738561.5618637000443413854,ToWorkspace,name_ToWorkspace;type_ToWorkspace;parent_name_family_15_variant_2_NMPC_model;hierarchy_depth_0;num_lines_1;num_inputs_1;num_outputs_0;ul_675_530;lr_735_560;rul_-125_-36;rlr_-85_1
./raqun/family_15_variant_2_NMPC_model.mdl,738561.4588409061543643475,ToWorkspace1,name_ToWorkspace1;type_ToWorkspace;parent_name_family_15_variant_2_NMPC_model;hierarchy_depth_0;num_lines_1;num_inputs_1;num_outputs_0;ul_730_348;lr_805_382;rul_95_125;rlr_105_165
./raqun/family_15_variant_2_NMPC_model.mdl,738561.6996443747775629163,ToWorkspace2,name_ToWorkspace2;type_ToWorkspace;parent_name_family_15_variant_2_NMPC_model;hierarchy_depth_0;num_lines_1;num_inputs_1;num_outputs_0;ul_730_433;lr_805_467;rul_-180_61;rlr_-155_94
./raqun/family_15_variant_2_NMPC_model.mdl,738561.1167527268407866359,crane,name_crane;type_SubSystem;parent_name_family_15_variant_2_NMPC_model;hierarchy_depth_0;num_lines_4;num_inputs_1;num_outputs_1;ul_825_473;lr_910_547;rul_-275_21;rlr_-260_14
./raqun/family_15_variant_2_NMPC_model.mdl,738560.7985154996858909726,u,name_u;type_Inport;parent_name_crane;hierarchy_depth_1;num_lines_1;num_inputs_0;num_outputs_1;ul_410_433;lr_440_447;rul_120_-91;rlr_100_26
./raqun/family_15_variant_2_NMPC_model.mdl,738561.6291840845951810479,BusCreator1,name_BusCreator1;type_BusCreator;parent_name_crane;hierarchy_depth_1;num_lines_3;num_inputs_2;num_outputs_1;ul_530_342;lr_540_473;rul_145_51;rlr_170_-46
./raqun/family_15_variant_2_NMPC_model.mdl,738561.2454206396359950304,UnitDelay,name_UnitDelay;type_UnitDelay;parent_name_crane;hierarchy_depth_1;num_lines_3;num_inputs_1;num_outputs_1;ul_675_393;lr_710_427;rul_-115_-50;rlr_-60_50
./raqun/family_15_variant_2_NMPC_model.mdl,738561.4189386079087853432,model,name_model;type_S-Function;parent_name_crane;hierarchy_depth_1;num_lines_2;num_inputs_1;num_outputs_1;ul_560_343;lr_650_477;rul_-30_-1;rlr_-110_-4
./raqun/family_15_variant_2_NMPC_model.mdl,738561.0710110908839851618,x,name_x;type_Outport;parent_name_crane;hierarchy_depth_1;num_lines_1;num_inputs_1;num_outputs_0;ul_795_403;lr_825_417;rul_-120_-10;rlr_-115_10
