./raqun/family_1_variant_1_PlayBack_Data.slx,738560.9102467171614989638,AccelerometerNeutralGainandOffset,name_AccelerometerNeutralGainandOffset;type_SubSystem;parent_name_family_1_variant_1_PlayBack_Data;hierarchy_depth_0;num_lines_4;num_inputs_1;num_outputs_1;ul_280_160;lr_470_250;rul_-225_20;rlr_-295_-20
./raqun/family_1_variant_1_PlayBack_Data.slx,738561.3673577629961073399,RawAccelData,name_RawAccelData;type_Inport;parent_name_AccelerometerNeutralGainandOffset;hierarchy_depth_1;num_lines_1;num_inputs_0;num_outputs_1;ul_20_243;lr_50_257;rul_115_-3;rlr_125_3
./raqun/family_1_variant_1_PlayBack_Data.slx,738560.8114479228388518095,Bias,name_Bias;type_Constant;parent_name_AccelerometerNeutralGainandOffset;hierarchy_depth_1;num_lines_3;num_inputs_0;num_outputs_1;ul_220_406;lr_355_434;rul_160_-116;rlr_45_-124
./raqun/family_1_variant_1_PlayBack_Data.slx,738561.2492426735116168857,DataTypeConversion,name_DataTypeConversion;type_DataTypeConversion;parent_name_AccelerometerNeutralGainandOffset;hierarchy_depth_1;num_lines_2;num_inputs_1;num_outputs_1;ul_135_240;lr_175_260;rul_-115_3;rlr_-125_-3
./raqun/family_1_variant_1_PlayBack_Data.slx,738561.7040019584819674492,Demux,name_Demux;type_Demux;parent_name_AccelerometerNeutralGainandOffset;hierarchy_depth_1;num_lines_4;num_inputs_1;num_outputs_3;ul_285_175;lr_290_325;rul_-150_65;rlr_-115_-65
./raqun/family_1_variant_1_PlayBack_Data.slx,738561.5763302342966198921,GainSensitvity,name_GainSensitvity;type_Gain;parent_name_AccelerometerNeutralGainandOffset;hierarchy_depth_1;num_lines_2;num_inputs_1;num_outputs_1;ul_675_226;lr_770_274;rul_-135_14;rlr_-210_-14
./raqun/family_1_variant_1_PlayBack_Data.slx,738561.0576323950663208961,Mux,name_Mux;type_Mux;parent_name_AccelerometerNeutralGainandOffset;hierarchy_depth_1;num_lines_4;num_inputs_3;num_outputs_1;ul_450_175;lr_455_325;rul_-70_15;rlr_-55_-115
./raqun/family_1_variant_1_PlayBack_Data.slx,738561.0647069572005420923,NeutralBias,name_NeutralBias;type_Constant;parent_name_AccelerometerNeutralGainandOffset;hierarchy_depth_1;num_lines_1;num_inputs_0;num_outputs_1;ul_220_481;lr_360_519;rul_320_-241;rlr_200_-259
./raqun/family_1_variant_1_PlayBack_Data.slx,738560.8123505030525848269,Sum,name_Sum;type_Sum;parent_name_AccelerometerNeutralGainandOffset;hierarchy_depth_1;num_lines_3;num_inputs_2;num_outputs_1;ul_380_240;lr_400_260;rul_-95_-65;rlr_-110_65
./raqun/family_1_variant_1_PlayBack_Data.slx,738560.9155469480901956558,Sum1,name_Sum1;type_Sum;parent_name_AccelerometerNeutralGainandOffset;hierarchy_depth_1;num_lines_3;num_inputs_2;num_outputs_1;ul_540_240;lr_560_260;rul_-90_-65;rlr_-105_65
./raqun/family_1_variant_1_PlayBack_Data.slx,738561.3115995522821322083,Sum2,name_Sum2;type_Sum;parent_name_AccelerometerNeutralGainandOffset;hierarchy_depth_1;num_lines_3;num_inputs_2;num_outputs_1;ul_380_290;lr_400_310;rul_-95_-115;rlr_-110_15
./raqun/family_1_variant_1_PlayBack_Data.slx,738561.5678900285856798291,Sum3,name_Sum3;type_Sum;parent_name_AccelerometerNeutralGainandOffset;hierarchy_depth_1;num_lines_3;num_inputs_2;num_outputs_1;ul_380_190;lr_400_210;rul_-95_-15;rlr_-110_115
./raqun/family_1_variant_1_PlayBack_Data.slx,738561.2771554541541263461,ProcessedAccelData,name_ProcessedAccelData;type_Outport;parent_name_AccelerometerNeutralGainandOffset;hierarchy_depth_1;num_lines_1;num_inputs_1;num_outputs_0;ul_790_243;lr_820_257;rul_-115_-17;rlr_-50_17
./raqun/family_1_variant_1_PlayBack_Data.slx,738561.3457949393196031451,AverageValue,name_AverageValue;type_Display;parent_name_family_1_variant_1_PlayBack_Data;hierarchy_depth_0;num_lines_1;num_inputs_1;num_outputs_0;ul_715_305;lr_960_345;rul_-180_1;rlr_-305_-1
./raqun/family_1_variant_1_PlayBack_Data.slx,738561.4390969071537256241,Divide1,name_Divide1;type_Product;parent_name_family_1_variant_1_PlayBack_Data;hierarchy_depth_0;num_lines_3;num_inputs_2;num_outputs_1;ul_875_67;lr_905_98;rul_-85_-27;rlr_-95_-38
./raqun/family_1_variant_1_PlayBack_Data.slx,738561.6145210127579048276,FromWorkspace,name_FromWorkspace;type_FromWorkspace;parent_name_family_1_variant_1_PlayBack_Data;hierarchy_depth_0;num_lines_1;num_inputs_0;num_outputs_1;ul_55_180;lr_175_230;rul_225_-20;rlr_295_20
./raqun/family_1_variant_1_PlayBack_Data.slx,738561.4421791695058345795,Gain,name_Gain;type_Constant;parent_name_family_1_variant_1_PlayBack_Data;hierarchy_depth_0;num_lines_1;num_inputs_0;num_outputs_1;ul_635_130;lr_785_160;rul_175_7;rlr_55_-7
./raqun/family_1_variant_1_PlayBack_Data.slx,738561.703988158144056797,Gain1,name_Gain1;type_Gain;parent_name_family_1_variant_1_PlayBack_Data;hierarchy_depth_0;num_lines_2;num_inputs_1;num_outputs_1;ul_810_137;lr_840_153;rul_-175_-7;rlr_-55_7
./raqun/family_1_variant_1_PlayBack_Data.slx,738561.3387347696116194129,Inthisscopetheaccelerometervalueshouldbeapproximately1for1axisand0fortheother2axis.Thedatawasrecordedwitheachaxisperfectlyaligned(ie:parallel)togravity,name_Inthisscopetheaccelerometervalueshouldbeapproximately1for1axisand0fortheother2axis.Thedatawasrecordedwitheachaxisperfectlyaligned(ie:parallel)togravity;type_Scope;parent_name_family_1_variant_1_PlayBack_Data;hierarchy_depth_0;num_lines_2;num_inputs_2;num_outputs_0;ul_1075_81;lr_1105_114;rul_-200_-14;rlr_-200_-16
./raqun/family_1_variant_1_PlayBack_Data.slx,738561.6416664492571726441,Offset,name_Offset;type_Constant;parent_name_family_1_variant_1_PlayBack_Data;hierarchy_depth_0;num_lines_1;num_inputs_0;num_outputs_1;ul_635_70;lr_785_100;rul_155_-30;rlr_25_-40
./raqun/family_1_variant_1_PlayBack_Data.slx,738560.8258101037936285138,Sum,name_Sum;type_Sum;parent_name_family_1_variant_1_PlayBack_Data;hierarchy_depth_0;num_lines_3;num_inputs_2;num_outputs_1;ul_790_40;lr_810_60;rul_-510_120;rlr_-340_190
./raqun/family_1_variant_1_PlayBack_Data.slx,738561.0223665779922157526,TimeRunningAverage,name_TimeRunningAverage;type_DiscreteFir;parent_name_family_1_variant_1_PlayBack_Data;hierarchy_depth_0;num_lines_2;num_inputs_1;num_outputs_1;ul_535_306;lr_655_344;rul_-255_-146;rlr_-185_-94
./raqun/family_1_variant_2_PlayBack_Data.slx,738561.6717640422284603119,AccelerometerNeutralGainandOffset,name_AccelerometerNeutralGainandOffset;type_SubSystem;parent_name_family_1_variant_2_PlayBack_Data;hierarchy_depth_0;num_lines_4;num_inputs_1;num_outputs_1;ul_265_205;lr_455_295;rul_-210_25;rlr_-265_-25
./raqun/family_1_variant_2_PlayBack_Data.slx,738560.8863383042626082897,RawAccelData,name_RawAccelData;type_Inport;parent_name_AccelerometerNeutralGainandOffset;hierarchy_depth_1;num_lines_1;num_inputs_0;num_outputs_1;ul_20_243;lr_50_257;rul_115_-3;rlr_125_3
./raqun/family_1_variant_2_PlayBack_Data.slx,738561.0819569423329085112,Bias,name_Bias;type_Constant;parent_name_AccelerometerNeutralGainandOffset;hierarchy_depth_1;num_lines_3;num_inputs_0;num_outputs_1;ul_135_361;lr_270_389;rul_245_-71;rlr_130_-79
./raqun/family_1_variant_2_PlayBack_Data.slx,738561.0578830697340890765,DataTypeConversion,name_DataTypeConversion;type_DataTypeConversion;parent_name_AccelerometerNeutralGainandOffset;hierarchy_depth_1;num_lines_2;num_inputs_1;num_outputs_1;ul_135_240;lr_175_260;rul_-115_3;rlr_-125_-3
./raqun/family_1_variant_2_PlayBack_Data.slx,738560.7467124420218169689,Demux,name_Demux;type_Demux;parent_name_AccelerometerNeutralGainandOffset;hierarchy_depth_1;num_lines_4;num_inputs_1;num_outputs_3;ul_285_175;lr_290_325;rul_-150_65;rlr_-115_-65
./raqun/family_1_variant_2_PlayBack_Data.slx,738561.6943035800941288471,GainSensitvity,name_GainSensitvity;type_Gain;parent_name_AccelerometerNeutralGainandOffset;hierarchy_depth_1;num_lines_2;num_inputs_1;num_outputs_1;ul_675_226;lr_770_274;rul_-135_14;rlr_-210_-14
./raqun/family_1_variant_2_PlayBack_Data.slx,738561.2345681642182171345,Mux,name_Mux;type_Mux;parent_name_AccelerometerNeutralGainandOffset;hierarchy_depth_1;num_lines_4;num_inputs_3;num_outputs_1;ul_450_175;lr_455_325;rul_-70_15;rlr_-55_-115
./raqun/family_1_variant_2_PlayBack_Data.slx,738560.7900404286338016391,NeutralBias,name_NeutralBias;type_Constant;parent_name_AccelerometerNeutralGainandOffset;hierarchy_depth_1;num_lines_1;num_inputs_0;num_outputs_1;ul_135_428;lr_270_462;rul_405_-188;rlr_290_-202
./raqun/family_1_variant_2_PlayBack_Data.slx,738561.5467673675157129765,Sum,name_Sum;type_Sum;parent_name_AccelerometerNeutralGainandOffset;hierarchy_depth_1;num_lines_3;num_inputs_2;num_outputs_1;ul_380_240;lr_400_260;rul_-95_-65;rlr_-110_65
./raqun/family_1_variant_2_PlayBack_Data.slx,738561.2912299064919352531,Sum1,name_Sum1;type_Sum;parent_name_AccelerometerNeutralGainandOffset;hierarchy_depth_1;num_lines_3;num_inputs_2;num_outputs_1;ul_540_240;lr_560_260;rul_-90_-65;rlr_-105_65
./raqun/family_1_variant_2_PlayBack_Data.slx,738561.2968010595068335533,Sum2,name_Sum2;type_Sum;parent_name_AccelerometerNeutralGainandOffset;hierarchy_depth_1;num_lines_3;num_inputs_2;num_outputs_1;ul_380_290;lr_400_310;rul_-95_-115;rlr_-110_15
./raqun/family_1_variant_2_PlayBack_Data.slx,738560.9422904116800054908,Sum3,name_Sum3;type_Sum;parent_name_AccelerometerNeutralGainandOffset;hierarchy_depth_1;num_lines_3;num_inputs_2;num_outputs_1;ul_380_190;lr_400_210;rul_-95_-15;rlr_-110_115
./raqun/family_1_variant_2_PlayBack_Data.slx,738561.1649164514383301139,ProcessedAccelData,name_ProcessedAccelData;type_Outport;parent_name_AccelerometerNeutralGainandOffset;hierarchy_depth_1;num_lines_1;num_inputs_1;num_outputs_0;ul_790_243;lr_820_257;rul_-115_-17;rlr_-50_17
./raqun/family_1_variant_2_PlayBack_Data.slx,738560.9326558067696169019,AverageValue,name_AverageValue;type_Display;parent_name_family_1_variant_2_PlayBack_Data;hierarchy_depth_0;num_lines_1;num_inputs_1;num_outputs_0;ul_865_360;lr_1085_400;rul_-180_1;rlr_-280_-1
./raqun/family_1_variant_2_PlayBack_Data.slx,738561.2336508879670873284,Divide1,name_Divide1;type_Product;parent_name_family_1_variant_2_PlayBack_Data;hierarchy_depth_0;num_lines_3;num_inputs_2;num_outputs_1;ul_875_78;lr_900_142;rul_-85_7;rlr_-90_-37
./raqun/family_1_variant_2_PlayBack_Data.slx,738561.5838121374836191535,FromWorkspace,name_FromWorkspace;type_FromWorkspace;parent_name_family_1_variant_2_PlayBack_Data;hierarchy_depth_0;num_lines_1;num_inputs_0;num_outputs_1;ul_55_230;lr_190_270;rul_210_-25;rlr_265_25
./raqun/family_1_variant_2_PlayBack_Data.slx,738560.8416490191593766212,Gain,name_Gain;type_Constant;parent_name_family_1_variant_2_PlayBack_Data;hierarchy_depth_0;num_lines_1;num_inputs_0;num_outputs_1;ul_550_110;lr_760_140;rul_240_2;rlr_60_-2
./raqun/family_1_variant_2_PlayBack_Data.slx,738561.6230193355586379766,Gain1,name_Gain1;type_Gain;parent_name_family_1_variant_2_PlayBack_Data;hierarchy_depth_0;num_lines_2;num_inputs_1;num_outputs_1;ul_790_112;lr_820_138;rul_-240_-2;rlr_-60_2
./raqun/family_1_variant_2_PlayBack_Data.slx,738561.0404196941526606679,Inthisscopetheaccelerometervalueshouldbeapproximately1for1axisand0fortheother2axis.Thedatawasrecordedwitheachaxisperfectlyaligned(ie:parallel)togravity,name_Inthisscopetheaccelerometervalueshouldbeapproximately1for1axisand0fortheother2axis.Thedatawasrecordedwitheachaxisperfectlyaligned(ie:parallel)togravity;type_Scope;parent_name_family_1_variant_2_PlayBack_Data;hierarchy_depth_0;num_lines_2;num_inputs_2;num_outputs_0;ul_1055_75;lr_1150_215;rul_-180_3;rlr_-250_-73
./raqun/family_1_variant_2_PlayBack_Data.slx,738561.5254998094169422984,Offset,name_Offset;type_Constant;parent_name_family_1_variant_2_PlayBack_Data;hierarchy_depth_0;num_lines_1;num_inputs_0;num_outputs_1;ul_550_45;lr_755_75;rul_240_40;rlr_55_30
./raqun/family_1_variant_2_PlayBack_Data.slx,738560.9857651995262131095,Sum,name_Sum;type_Sum;parent_name_family_1_variant_2_PlayBack_Data;hierarchy_depth_0;num_lines_3;num_inputs_2;num_outputs_1;ul_790_85;lr_810_105;rul_-240_-40;rlr_-55_-30
./raqun/family_1_variant_2_PlayBack_Data.slx,738560.8019031450385227799,TimeRunningAverage,name_TimeRunningAverage;type_DiscreteFir;parent_name_family_1_variant_2_PlayBack_Data;hierarchy_depth_0;num_lines_2;num_inputs_1;num_outputs_1;ul_685_361;lr_805_399;rul_-420_-156;rlr_-350_-104
