./raqun/family_25_variant_1_geometry_msgs.slx,738560.7363166434224694967,PublishPointStamped,name_PublishPointStamped;type_S-Function;parent_name_family_25_variant_1_geometry_msgs;hierarchy_depth_0;num_lines_1;num_inputs_1;num_outputs_0;ul_25_531;lr_300_649;rul_0_0;rlr_0_0
./raqun/family_25_variant_1_geometry_msgs.slx,738561.1949197150534018874,PublishPoseStamped,name_PublishPoseStamped;type_S-Function;parent_name_family_25_variant_1_geometry_msgs;hierarchy_depth_0;num_lines_2;num_inputs_2;num_outputs_0;ul_20_338;lr_295_487;rul_0_0;rlr_0_0
./raqun/family_25_variant_1_geometry_msgs.slx,738560.8055176368216052651,PublishTransformStamped,name_PublishTransformStamped;type_S-Function;parent_name_family_25_variant_1_geometry_msgs;hierarchy_depth_0;num_lines_2;num_inputs_2;num_outputs_0;ul_25_673;lr_300_822;rul_0_0;rlr_0_0
./raqun/family_25_variant_1_geometry_msgs.slx,738561.5752289859810844064,PublishTwistStamped,name_PublishTwistStamped;type_S-Function;parent_name_family_25_variant_1_geometry_msgs;hierarchy_depth_0;num_lines_2;num_inputs_2;num_outputs_0;ul_25_893;lr_300_1042;rul_0_0;rlr_0_0
./raqun/family_25_variant_1_geometry_msgs.slx,738561.6896637087920680642,PublishVector3Stamped,name_PublishVector3Stamped;type_S-Function;parent_name_family_25_variant_1_geometry_msgs;hierarchy_depth_0;num_lines_1;num_inputs_1;num_outputs_0;ul_25_1081;lr_300_1199;rul_0_0;rlr_0_0
./raqun/family_25_variant_1_geometry_msgs.slx,738561.6768207767745479941,SubscribePointStamped,name_SubscribePointStamped;type_S-Function;parent_name_family_25_variant_1_geometry_msgs;hierarchy_depth_0;num_lines_0;num_inputs_0;num_outputs_2;ul_360_530;lr_635_650;rul_0_0;rlr_0_0
./raqun/family_25_variant_1_geometry_msgs.slx,738560.7967718082945793867,SubscribePoseStamped,name_SubscribePoseStamped;type_S-Function;parent_name_family_25_variant_1_geometry_msgs;hierarchy_depth_0;num_lines_0;num_inputs_0;num_outputs_3;ul_360_336;lr_635_484;rul_0_0;rlr_0_0
./raqun/family_25_variant_1_geometry_msgs.slx,738560.8615089028608053923,SubscribeTransformStamped,name_SubscribeTransformStamped;type_S-Function;parent_name_family_25_variant_1_geometry_msgs;hierarchy_depth_0;num_lines_0;num_inputs_0;num_outputs_3;ul_360_671;lr_635_819;rul_0_0;rlr_0_0
./raqun/family_25_variant_1_geometry_msgs.slx,738561.0285222827224060893,SubscribeTwistStamped,name_SubscribeTwistStamped;type_S-Function;parent_name_family_25_variant_1_geometry_msgs;hierarchy_depth_0;num_lines_0;num_inputs_0;num_outputs_3;ul_360_891;lr_635_1039;rul_0_0;rlr_0_0
./raqun/family_25_variant_1_geometry_msgs.slx,738561.3336984383640810847,SubscribeTwistStamped1,name_SubscribeTwistStamped1;type_S-Function;parent_name_family_25_variant_1_geometry_msgs;hierarchy_depth_0;num_lines_0;num_inputs_0;num_outputs_3;ul_360_1241;lr_635_1389;rul_0_0;rlr_0_0
./raqun/family_25_variant_1_geometry_msgs.slx,738560.9031852502375841141,SubscribeVector3Stamped,name_SubscribeVector3Stamped;type_S-Function;parent_name_family_25_variant_1_geometry_msgs;hierarchy_depth_0;num_lines_0;num_inputs_0;num_outputs_2;ul_360_1080;lr_635_1200;rul_0_0;rlr_0_0
./raqun/family_25_variant_2_geometry_msgs.slx,738561.3844697704771533608,PublishPointStamped,name_PublishPointStamped;type_S-Function;parent_name_family_25_variant_2_geometry_msgs;hierarchy_depth_0;num_lines_1;num_inputs_1;num_outputs_0;ul_25_516;lr_300_664;rul_0_0;rlr_0_0
./raqun/family_25_variant_2_geometry_msgs.slx,738561.1120369259733706713,PublishPolygonStamped,name_PublishPolygonStamped;type_S-Function;parent_name_family_25_variant_2_geometry_msgs;hierarchy_depth_0;num_lines_1;num_inputs_1;num_outputs_0;ul_40_1416;lr_315_1564;rul_0_0;rlr_0_0
./raqun/family_25_variant_2_geometry_msgs.slx,738561.0844369767000898719,PublishPoseStamped,name_PublishPoseStamped;type_S-Function;parent_name_family_25_variant_2_geometry_msgs;hierarchy_depth_0;num_lines_2;num_inputs_2;num_outputs_0;ul_20_338;lr_295_487;rul_0_0;rlr_0_0
./raqun/family_25_variant_2_geometry_msgs.slx,738560.7930558082880452275,PublishTransformStamped,name_PublishTransformStamped;type_S-Function;parent_name_family_25_variant_2_geometry_msgs;hierarchy_depth_0;num_lines_2;num_inputs_2;num_outputs_0;ul_25_673;lr_300_822;rul_0_0;rlr_0_0
./raqun/family_25_variant_2_geometry_msgs.slx,738560.898588735843077302,PublishTwistStamped,name_PublishTwistStamped;type_S-Function;parent_name_family_25_variant_2_geometry_msgs;hierarchy_depth_0;num_lines_2;num_inputs_2;num_outputs_0;ul_25_893;lr_300_1042;rul_0_0;rlr_0_0
./raqun/family_25_variant_2_geometry_msgs.slx,738561.0215532613219693303,PublishVector3Stamped,name_PublishVector3Stamped;type_S-Function;parent_name_family_25_variant_2_geometry_msgs;hierarchy_depth_0;num_lines_1;num_inputs_1;num_outputs_0;ul_25_1066;lr_300_1214;rul_0_0;rlr_0_0
./raqun/family_25_variant_2_geometry_msgs.slx,738560.9275009955745190382,SubscribePointStamped,name_SubscribePointStamped;type_S-Function;parent_name_family_25_variant_2_geometry_msgs;hierarchy_depth_0;num_lines_0;num_inputs_0;num_outputs_2;ul_360_518;lr_635_667;rul_0_0;rlr_0_0
./raqun/family_25_variant_2_geometry_msgs.slx,738561.392824482056312263,SubscribePoseStamped,name_SubscribePoseStamped;type_S-Function;parent_name_family_25_variant_2_geometry_msgs;hierarchy_depth_0;num_lines_0;num_inputs_0;num_outputs_3;ul_360_336;lr_635_484;rul_0_0;rlr_0_0
./raqun/family_25_variant_2_geometry_msgs.slx,738561.2883720502723008394,SubscribeTransformStamped,name_SubscribeTransformStamped;type_S-Function;parent_name_family_25_variant_2_geometry_msgs;hierarchy_depth_0;num_lines_0;num_inputs_0;num_outputs_3;ul_360_671;lr_635_819;rul_0_0;rlr_0_0
./raqun/family_25_variant_2_geometry_msgs.slx,738561.6025736434385180473,SubscribeTwistStamped,name_SubscribeTwistStamped;type_S-Function;parent_name_family_25_variant_2_geometry_msgs;hierarchy_depth_0;num_lines_0;num_inputs_0;num_outputs_3;ul_360_891;lr_635_1039;rul_0_0;rlr_0_0
./raqun/family_25_variant_2_geometry_msgs.slx,738561.7013810301432386041,SubscribeVector3Stamped,name_SubscribeVector3Stamped;type_S-Function;parent_name_family_25_variant_2_geometry_msgs;hierarchy_depth_0;num_lines_0;num_inputs_0;num_outputs_2;ul_360_1068;lr_635_1217;rul_0_0;rlr_0_0
./raqun/family_25_variant_2_geometry_msgs.slx,738561.0262741494225338101,SubscribeWrenchStamped,name_SubscribeWrenchStamped;type_S-Function;parent_name_family_25_variant_2_geometry_msgs;hierarchy_depth_0;num_lines_0;num_inputs_0;num_outputs_3;ul_360_1241;lr_635_1389;rul_0_0;rlr_0_0
