./raqun/family_3_variant_1_TempMeasure.slx,738561.0763056452851742506,Accel1,name_Accel1;type_Scope;parent_name_family_3_variant_1_TempMeasure;hierarchy_depth_0;num_lines_1;num_inputs_1;num_outputs_0;ul_485_973;lr_535_1057;rul_-140_22;rlr_-135_-22
./raqun/family_3_variant_1_TempMeasure.slx,738561.1901427045231685042,BatteryVoltage,name_BatteryVoltage;type_Scope;parent_name_family_3_variant_1_TempMeasure;hierarchy_depth_0;num_lines_1;num_inputs_1;num_outputs_0;ul_1060_804;lr_1090_836;rul_-165_1;rlr_-140_-1
./raqun/family_3_variant_1_TempMeasure.slx,738561.5212929794797673821,BatteryVoltageMeasurement,name_BatteryVoltageMeasurement;type_Reference;parent_name_family_3_variant_1_TempMeasure;hierarchy_depth_0;num_lines_1;num_inputs_0;num_outputs_1;ul_645_782;lr_855_858;rul_250_23;rlr_95_-23
./raqun/family_3_variant_1_TempMeasure.slx,738560.7184439374832436442,Bodyrates,name_Bodyrates;type_Scope;parent_name_family_3_variant_1_TempMeasure;hierarchy_depth_0;num_lines_1;num_inputs_1;num_outputs_0;ul_330_555;lr_390_635;rul_-65_-7;rlr_-120_7
./raqun/family_3_variant_1_TempMeasure.slx,738560.8663510468322783709,CheckSumPre-Processing,name_CheckSumPre-Processing;type_SubSystem;parent_name_family_3_variant_1_TempMeasure;hierarchy_depth_0;num_lines_7;num_inputs_2;num_outputs_5;ul_555_363;lr_740_557;rul_-380_30;rlr_-310_-35
./raqun/family_3_variant_1_TempMeasure.slx,738561.4006212025415152311,IMUPackets,name_IMUPackets;type_Inport;parent_name_CheckSumPre-Processing;hierarchy_depth_1;num_lines_5;num_inputs_0;num_outputs_1;ul_0_617;lr_65_643;rul_485_-62;rlr_425_-18
./raqun/family_3_variant_1_TempMeasure.slx,738561.2352994674583896995,CheckSumFlag,name_CheckSumFlag;type_Inport;parent_name_CheckSumPre-Processing;hierarchy_depth_1;num_lines_2;num_inputs_0;num_outputs_1;ul_35_438;lr_65_452;rul_210_-8;rlr_305_8
./raqun/family_3_variant_1_TempMeasure.slx,738561.3559833741746842861,AccelerometerProcessing,name_AccelerometerProcessing;type_SubSystem;parent_name_CheckSumPre-Processing;hierarchy_depth_1;num_lines_3;num_inputs_2;num_outputs_1;ul_585_773;lr_780_882;rul_-70_-18;rlr_-255_-37
./raqun/family_3_variant_1_TempMeasure.slx,738560.8132609486347064376,RawData,name_RawData;type_Inport;parent_name_AccelerometerProcessing;hierarchy_depth_2;num_lines_1;num_inputs_0;num_outputs_1;ul_440_108;lr_470_122;rul_85_-54;rlr_295_54
./raqun/family_3_variant_1_TempMeasure.slx,738560.9259031971450895071,CheckSumFlag,name_CheckSumFlag;type_Inport;parent_name_AccelerometerProcessing;hierarchy_depth_2;num_lines_1;num_inputs_0;num_outputs_1;ul_795_183;lr_825_197;rul_75_-106;rlr_250_31
./raqun/family_3_variant_1_TempMeasure.slx,738561.4045088407583534718,CheckSumCorrection,name_CheckSumCorrection;type_SubSystem;parent_name_AccelerometerProcessing;hierarchy_depth_2;num_lines_3;num_inputs_2;num_outputs_1;ul_870_77;lr_1075_228;rul_-345_-23;rlr_-310_-52
./raqun/family_3_variant_1_TempMeasure.slx,738561.6151020834222435951,CalculatedData,name_CalculatedData;type_Inport;parent_name_CheckSumCorrection;hierarchy_depth_3;num_lines_1;num_inputs_0;num_outputs_1;ul_300_150;lr_330_165;rul_340_105;rlr_335_360
./raqun/family_3_variant_1_TempMeasure.slx,738560.7315837517380714417,CheckSumFlag,name_CheckSumFlag;type_Inport;parent_name_CheckSumCorrection;hierarchy_depth_3;num_lines_1;num_inputs_0;num_outputs_1;ul_90_150;lr_120_165;rul_30_200;rlr_30_215
./raqun/family_3_variant_1_TempMeasure.slx,738561.3082657036138698459,CompareToZero,name_CompareToZero;type_SubSystem;parent_name_CheckSumCorrection;hierarchy_depth_3;num_lines_2;num_inputs_1;num_outputs_1;ul_120_350;lr_150_380;rul_-30_-200;rlr_-30_-215
./raqun/family_3_variant_1_TempMeasure.slx,738561.6325925437267869711,u,name_u;type_Inport;parent_name_CompareToZero;hierarchy_depth_4;num_lines_1;num_inputs_0;num_outputs_1;ul_15_28;lr_45_42;rul_130_-12;rlr_140_47
./raqun/family_3_variant_1_TempMeasure.slx,738560.8309772906359285116,Compare,name_Compare;type_RelationalOperator;parent_name_CompareToZero;hierarchy_depth_4;num_lines_3;num_inputs_2;num_outputs_1;ul_145_16;lr_185_89;rul_-130_12;rlr_-140_-47
./raqun/family_3_variant_1_TempMeasure.slx,738560.8215417008614167571,Constant,name_Constant;type_Constant;parent_name_CompareToZero;hierarchy_depth_4;num_lines_1;num_inputs_0;num_outputs_1;ul_70_56;lr_100_84;rul_75_-40;rlr_85_5
./raqun/family_3_variant_1_TempMeasure.slx,738561.5174958705902099609,y,name_y;type_Outport;parent_name_CompareToZero;hierarchy_depth_4;num_lines_1;num_inputs_1;num_outputs_0;ul_270_48;lr_300_62;rul_-125_-32;rlr_-115_27
./raqun/family_3_variant_1_TempMeasure.slx,738560.7609865113627165556,Delay,name_Delay;type_Delay;parent_name_CheckSumCorrection;hierarchy_depth_3;num_lines_2;num_inputs_1;num_outputs_1;ul_640_573;lr_675_607;rul_0_-318;rlr_-10_-82
./raqun/family_3_variant_1_TempMeasure.slx,738561.3350454766768962145,GenerateSampleHoldingPulse,name_GenerateSampleHoldingPulse;type_SubSystem;parent_name_CheckSumCorrection;hierarchy_depth_3;num_lines_3;num_inputs_2;num_outputs_1;ul_285_339;lr_455_441;rul_-80_15;rlr_-225_-65
./raqun/family_3_variant_1_TempMeasure.slx,738561.4107394418679177761,CheckSumFlag,name_CheckSumFlag;type_Inport;parent_name_GenerateSampleHoldingPulse;hierarchy_depth_4;num_lines_1;num_inputs_0;num_outputs_1;ul_20_163;lr_50_177;rul_130_-21;rlr_260_21
./raqun/family_3_variant_1_TempMeasure.slx,738561.4651809008792042732,HoldDataTicks_Value,name_HoldDataTicks_Value;type_Inport;parent_name_GenerateSampleHoldingPulse;hierarchy_depth_4;num_lines_1;num_inputs_0;num_outputs_1;ul_190_278;lr_220_292;rul_215_-132;rlr_345_-48
./raqun/family_3_variant_1_TempMeasure.slx,738560.7150725958636030555,Chart,name_Chart;type_SubSystem;parent_name_GenerateSampleHoldingPulse;hierarchy_depth_4;num_lines_3;num_inputs_2;num_outputs_1;ul_405_146;lr_565_244;rul_-255_-4;rlr_-255_-46
./raqun/family_3_variant_1_TempMeasure.slx,738560.8157498474465683103,if_transition,name_if_transition;type_Inport;parent_name_Chart;hierarchy_depth_5;num_lines_1;num_inputs_0;num_outputs_1;ul_20_101;lr_40_119;rul_160_-1;rlr_190_41
./raqun/family_3_variant_1_TempMeasure.slx,738561.14093275077175349,HoldDataTicks,name_HoldDataTicks;type_Inport;parent_name_Chart;hierarchy_depth_5;num_lines_1;num_inputs_0;num_outputs_1;ul_20_136;lr_40_154;rul_160_-36;rlr_190_6
./raqun/family_3_variant_1_TempMeasure.slx,738561.6653933252673596144,Demux,name_Demux;type_Demux;parent_name_Chart;hierarchy_depth_5;num_lines_2;num_inputs_1;num_outputs_1;ul_270_230;lr_320_270;rul_-90_-130;rlr_-90_-110
./raqun/family_3_variant_1_TempMeasure.slx,738561.4892913356889039278,SFunction,name_SFunction;type_S-Function;parent_name_Chart;hierarchy_depth_5;num_lines_4;num_inputs_2;num_outputs_2;ul_180_100;lr_230_160;rul_-160_1;rlr_-190_-41
./raqun/family_3_variant_1_TempMeasure.slx,738560.9813560846960172057,Terminator,name_Terminator;type_Terminator;parent_name_Chart;hierarchy_depth_5;num_lines_1;num_inputs_1;num_outputs_0;ul_460_241;lr_480_259;rul_-190_-11;rlr_-160_11
./raqun/family_3_variant_1_TempMeasure.slx,738561.6007966252509504557,output,name_output;type_Outport;parent_name_Chart;hierarchy_depth_5;num_lines_1;num_inputs_1;num_outputs_0;ul_460_101;lr_480_119;rul_-280_-1;rlr_-250_41
./raqun/family_3_variant_1_TempMeasure.slx,738561.2245040307752788067,Constant2,name_Constant2;type_Constant;parent_name_GenerateSampleHoldingPulse;hierarchy_depth_4;num_lines_1;num_inputs_0;num_outputs_1;ul_530_70;lr_560_100;rul_80_102;rlr_80_103
./raqun/family_3_variant_1_TempMeasure.slx,738561.0161945486906915903,LogicalOperator1,name_LogicalOperator1;type_Logic;parent_name_GenerateSampleHoldingPulse;hierarchy_depth_4;num_lines_3;num_inputs_2;num_outputs_1;ul_610_172;lr_640_203;rul_-80_-102;rlr_-80_-103
./raqun/family_3_variant_1_TempMeasure.slx,738561.2901758344378322363,TransitionLogicDetection,name_TransitionLogicDetection;type_SubSystem;parent_name_GenerateSampleHoldingPulse;hierarchy_depth_4;num_lines_2;num_inputs_1;num_outputs_1;ul_150_142;lr_310_198;rul_-130_21;rlr_-260_-21
./raqun/family_3_variant_1_TempMeasure.slx,738561.5839715800248086452,Input,name_Input;type_Inport;parent_name_TransitionLogicDetection;hierarchy_depth_5;num_lines_2;num_inputs_0;num_outputs_1;ul_20_118;lr_50_132;rul_225_-91;rlr_225_-74
./raqun/family_3_variant_1_TempMeasure.slx,738561.6948112525278702378,Constant,name_Constant;type_Constant;parent_name_TransitionLogicDetection;hierarchy_depth_5;num_lines_1;num_inputs_0;num_outputs_1;ul_220_205;lr_250_235;rul_65_-23;rlr_65_-22
./raqun/family_3_variant_1_TempMeasure.slx,738560.8971249646274372935,Constant1,name_Constant1;type_Constant;parent_name_TransitionLogicDetection;hierarchy_depth_5;num_lines_1;num_inputs_0;num_outputs_1;ul_180_20;lr_210_50;rul_65_7;rlr_65_8
./raqun/family_3_variant_1_TempMeasure.slx,738560.9460489735938608646,LogicalOperator,name_LogicalOperator;type_Logic;parent_name_TransitionLogicDetection;hierarchy_depth_5;num_lines_3;num_inputs_2;num_outputs_1;ul_345_82;lr_375_113;rul_-100_-55;rlr_-100_-55
./raqun/family_3_variant_1_TempMeasure.slx,738561.4863578095100820065,RelationalOperator,name_RelationalOperator;type_RelationalOperator;parent_name_TransitionLogicDetection;hierarchy_depth_5;num_lines_3;num_inputs_2;num_outputs_1;ul_285_182;lr_315_213;rul_-60_-29;rlr_-55_-26
./raqun/family_3_variant_1_TempMeasure.slx,738561.03915236028842628,RelationalOperator1,name_RelationalOperator1;type_RelationalOperator;parent_name_TransitionLogicDetection;hierarchy_depth_5;num_lines_3;num_inputs_2;num_outputs_1;ul_245_27;lr_275_58;rul_-65_-7;rlr_-65_-8
./raqun/family_3_variant_1_TempMeasure.slx,738561.4855249890824779868,UnitDelay,name_UnitDelay;type_UnitDelay;parent_name_TransitionLogicDetection;hierarchy_depth_5;num_lines_2;num_inputs_1;num_outputs_1;ul_225_153;lr_260_187;rul_-205_-35;rlr_-210_-55
./raqun/family_3_variant_1_TempMeasure.slx,738561.6297293142415583134,TransitionDetect,name_TransitionDetect;type_Outport;parent_name_TransitionLogicDetection;hierarchy_depth_5;num_lines_1;num_inputs_1;num_outputs_0;ul_415_93;lr_445_107;rul_-70_-11;rlr_-70_6
./raqun/family_3_variant_1_TempMeasure.slx,738560.729180295136757195,Hold_Data_Pulse,name_Hold_Data_Pulse;type_Outport;parent_name_GenerateSampleHoldingPulse;hierarchy_depth_4;num_lines_1;num_inputs_1;num_outputs_0;ul_800_183;lr_830_197;rul_-190_-11;rlr_-190_6
./raqun/family_3_variant_1_TempMeasure.slx,738561.1521390710258856416,HoldForMSamples,name_HoldForMSamples;type_Constant;parent_name_CheckSumCorrection;hierarchy_depth_3;num_lines_1;num_inputs_0;num_outputs_1;ul_135_440;lr_165_470;rul_150_-101;rlr_290_-29
./raqun/family_3_variant_1_TempMeasure.slx,738561.0013870850671082735,IfTruewehavegooddataIffalsewehavebaddataWithbaddatausepreviousgooddatafromNsamplesagoandholditonthatvalueforMsamples,name_IfTruewehavegooddataIffalsewehavebaddataWithbaddatausepreviousgooddatafromNsamplesagoandholditonthatvalueforMsamples;type_Switch;parent_name_CheckSumCorrection;hierarchy_depth_3;num_lines_5;num_inputs_3;num_outputs_1;ul_640_255;lr_665_525;rul_-340_-105;rlr_-335_-360
./raqun/family_3_variant_1_TempMeasure.slx,738561.1829974772408604622,InvertLogic,name_InvertLogic;type_Logic;parent_name_CheckSumCorrection;hierarchy_depth_3;num_lines_2;num_inputs_1;num_outputs_1;ul_525_379;lr_550_401;rul_-240_-40;rlr_-95_40
./raqun/family_3_variant_1_TempMeasure.slx,738561.62977081339340657,LogicalOperator1,name_LogicalOperator1;type_Logic;parent_name_CheckSumCorrection;hierarchy_depth_3;num_lines_2;num_inputs_1;num_outputs_1;ul_205_354;lr_230_376;rul_-85_-4;rlr_-80_4
./raqun/family_3_variant_1_TempMeasure.slx,738561.52535953966435045,Pre-ProcessedHeight,name_Pre-ProcessedHeight;type_Outport;parent_name_CheckSumCorrection;hierarchy_depth_3;num_lines_1;num_inputs_1;num_outputs_0;ul_805_488;lr_835_502;rul_-165_-233;rlr_-170_23
./raqun/family_3_variant_1_TempMeasure.slx,738560.9518224281491711736,ProcessedData,name_ProcessedData;type_Outport;parent_name_AccelerometerProcessing;hierarchy_depth_2;num_lines_1;num_inputs_1;num_outputs_0;ul_1120_148;lr_1150_162;rul_-250_-71;rlr_-75_66
./raqun/family_3_variant_1_TempMeasure.slx,738561.6127010054187849164,Accelerometer_Goto_Tag,name_Accelerometer_Goto_Tag;type_From;parent_name_CheckSumPre-Processing;hierarchy_depth_1;num_lines_1;num_inputs_0;num_outputs_1;ul_425_873;lr_525_897;rul_160_-100;rlr_255_-15
./raqun/family_3_variant_1_TempMeasure.slx,738561.2543358386028558016,BusSelector,name_BusSelector;type_BusSelector;parent_name_CheckSumPre-Processing;hierarchy_depth_1;num_lines_4;num_inputs_1;num_outputs_3;ul_485_555;lr_490_625;rul_-485_62;rlr_-425_18
./raqun/family_3_variant_1_TempMeasure.slx,738561.5768328559352084994,BusSelector1,name_BusSelector1;type_BusSelector;parent_name_CheckSumPre-Processing;hierarchy_depth_1;num_lines_2;num_inputs_1;num_outputs_1;ul_460_174;lr_470_296;rul_-460_443;rlr_-405_347
./raqun/family_3_variant_1_TempMeasure.slx,738560.8848642059601843357,BusSelector2,name_BusSelector2;type_BusSelector;parent_name_CheckSumPre-Processing;hierarchy_depth_1;num_lines_4;num_inputs_1;num_outputs_3;ul_450_384;lr_455_446;rul_-450_233;rlr_-390_197
./raqun/family_3_variant_1_TempMeasure.slx,738561.2414355026558041573,BusSelector3,name_BusSelector3;type_BusSelector;parent_name_CheckSumPre-Processing;hierarchy_depth_1;num_lines_2;num_inputs_1;num_outputs_1;ul_460_19;lr_470_141;rul_-460_598;rlr_-405_502
./raqun/family_3_variant_1_TempMeasure.slx,738561.3005707617849111557,BusSelector4,name_BusSelector4;type_BusSelector;parent_name_CheckSumPre-Processing;hierarchy_depth_1;num_lines_4;num_inputs_1;num_outputs_3;ul_415_754;lr_440_846;rul_-415_-137;rlr_-375_-203
./raqun/family_3_variant_1_TempMeasure.slx,738561.2703681946732103825,CheckSumValue,name_CheckSumValue;type_Scope;parent_name_CheckSumPre-Processing;hierarchy_depth_1;num_lines_1;num_inputs_1;num_outputs_0;ul_340_519;lr_370_551;rul_-305_-81;rlr_-305_-99
./raqun/family_3_variant_1_TempMeasure.slx,738560.9715155924204736948,Goto,name_Goto;type_Goto;parent_name_CheckSumPre-Processing;hierarchy_depth_1;num_lines_1;num_inputs_1;num_outputs_0;ul_245_430;lr_370_460;rul_-210_8;rlr_-305_-8
./raqun/family_3_variant_1_TempMeasure.slx,738561.6191913401708006859,Mag_GoTo_Tag,name_Mag_GoTo_Tag;type_From;parent_name_CheckSumPre-Processing;hierarchy_depth_1;num_lines_1;num_inputs_0;num_outputs_1;ul_435_468;lr_535_492;rul_160_-69;rlr_210_14
./raqun/family_3_variant_1_TempMeasure.slx,738561.1603982541710138321,Magnetometer,name_Magnetometer;type_SubSystem;parent_name_CheckSumPre-Processing;hierarchy_depth_1;num_lines_3;num_inputs_2;num_outputs_1;ul_595_399;lr_745_506;rul_-60_-15;rlr_-200_-60
./raqun/family_3_variant_1_TempMeasure.slx,738561.5033486472675576806,Magnetometer,name_Magnetometer;type_Inport;parent_name_Magnetometer;hierarchy_depth_2;num_lines_1;num_inputs_0;num_outputs_1;ul_50_93;lr_80_107;rul_115_-21;rlr_295_21
./raqun/family_3_variant_1_TempMeasure.slx,738561.226274481974542141,CheckSumFlag,name_CheckSumFlag;type_Inport;parent_name_Magnetometer;hierarchy_depth_2;num_lines_1;num_inputs_0;num_outputs_1;ul_50_248;lr_80_262;rul_410_-169;rlr_575_-101
./raqun/family_3_variant_1_TempMeasure.slx,738561.3623906264547258615,CheckSumCorrection,name_CheckSumCorrection;type_SubSystem;parent_name_Magnetometer;hierarchy_depth_2;num_lines_4;num_inputs_2;num_outputs_1;ul_460_79;lr_655_161;rul_-295_-7;rlr_-280_-33
./raqun/family_3_variant_1_TempMeasure.slx,738561.168470131466165185,CalculatedData,name_CalculatedData;type_Inport;parent_name_CheckSumCorrection;hierarchy_depth_3;num_lines_1;num_inputs_0;num_outputs_1;ul_300_150;lr_330_165;rul_340_105;rlr_335_360
./raqun/family_3_variant_1_TempMeasure.slx,738560.9024485006229951978,CheckSumFlag,name_CheckSumFlag;type_Inport;parent_name_CheckSumCorrection;hierarchy_depth_3;num_lines_1;num_inputs_0;num_outputs_1;ul_90_150;lr_120_165;rul_30_200;rlr_30_215
./raqun/family_3_variant_1_TempMeasure.slx,738561.3281820374540984631,CompareToZero,name_CompareToZero;type_SubSystem;parent_name_CheckSumCorrection;hierarchy_depth_3;num_lines_2;num_inputs_1;num_outputs_1;ul_120_350;lr_150_380;rul_-30_-200;rlr_-30_-215
./raqun/family_3_variant_1_TempMeasure.slx,738560.8275125247891992331,u,name_u;type_Inport;parent_name_CompareToZero;hierarchy_depth_4;num_lines_1;num_inputs_0;num_outputs_1;ul_15_28;lr_45_42;rul_130_-12;rlr_140_47
./raqun/family_3_variant_1_TempMeasure.slx,738560.8811060514999553561,Compare,name_Compare;type_RelationalOperator;parent_name_CompareToZero;hierarchy_depth_4;num_lines_3;num_inputs_2;num_outputs_1;ul_145_16;lr_185_89;rul_-130_12;rlr_-140_-47
./raqun/family_3_variant_1_TempMeasure.slx,738561.5176232013618573546,Constant,name_Constant;type_Constant;parent_name_CompareToZero;hierarchy_depth_4;num_lines_1;num_inputs_0;num_outputs_1;ul_70_56;lr_100_84;rul_75_-40;rlr_85_5
./raqun/family_3_variant_1_TempMeasure.slx,738561.6630784936714917421,y,name_y;type_Outport;parent_name_CompareToZero;hierarchy_depth_4;num_lines_1;num_inputs_1;num_outputs_0;ul_270_48;lr_300_62;rul_-125_-32;rlr_-115_27
./raqun/family_3_variant_1_TempMeasure.slx,738561.062062986078672111,Delay,name_Delay;type_Delay;parent_name_CheckSumCorrection;hierarchy_depth_3;num_lines_2;num_inputs_1;num_outputs_1;ul_640_573;lr_675_607;rul_0_-318;rlr_-10_-82
./raqun/family_3_variant_1_TempMeasure.slx,738561.4355648065684363246,GenerateSampleHoldingPulse,name_GenerateSampleHoldingPulse;type_SubSystem;parent_name_CheckSumCorrection;hierarchy_depth_3;num_lines_3;num_inputs_2;num_outputs_1;ul_285_339;lr_455_441;rul_-80_15;rlr_-225_-65
./raqun/family_3_variant_1_TempMeasure.slx,738560.9329057754948735237,CheckSumFlag,name_CheckSumFlag;type_Inport;parent_name_GenerateSampleHoldingPulse;hierarchy_depth_4;num_lines_1;num_inputs_0;num_outputs_1;ul_20_163;lr_50_177;rul_130_-21;rlr_260_21
./raqun/family_3_variant_1_TempMeasure.slx,738561.1745175180258229375,HoldDataTicks_Value,name_HoldDataTicks_Value;type_Inport;parent_name_GenerateSampleHoldingPulse;hierarchy_depth_4;num_lines_1;num_inputs_0;num_outputs_1;ul_190_278;lr_220_292;rul_215_-132;rlr_345_-48
./raqun/family_3_variant_1_TempMeasure.slx,738561.520990516641177237,Chart,name_Chart;type_SubSystem;parent_name_GenerateSampleHoldingPulse;hierarchy_depth_4;num_lines_3;num_inputs_2;num_outputs_1;ul_405_146;lr_565_244;rul_-255_-4;rlr_-255_-46
./raqun/family_3_variant_1_TempMeasure.slx,738560.7419898126972839236,if_transition,name_if_transition;type_Inport;parent_name_Chart;hierarchy_depth_5;num_lines_1;num_inputs_0;num_outputs_1;ul_20_101;lr_40_119;rul_160_-1;rlr_190_41
./raqun/family_3_variant_1_TempMeasure.slx,738561.2687686905264854431,HoldDataTicks,name_HoldDataTicks;type_Inport;parent_name_Chart;hierarchy_depth_5;num_lines_1;num_inputs_0;num_outputs_1;ul_20_136;lr_40_154;rul_160_-36;rlr_190_6
./raqun/family_3_variant_1_TempMeasure.slx,738560.7993307258002460003,Demux,name_Demux;type_Demux;parent_name_Chart;hierarchy_depth_5;num_lines_2;num_inputs_1;num_outputs_1;ul_270_230;lr_320_270;rul_-90_-130;rlr_-90_-110
./raqun/family_3_variant_1_TempMeasure.slx,738561.0082159206504002213,SFunction,name_SFunction;type_S-Function;parent_name_Chart;hierarchy_depth_5;num_lines_4;num_inputs_2;num_outputs_2;ul_180_100;lr_230_160;rul_-160_1;rlr_-190_-41
./raqun/family_3_variant_1_TempMeasure.slx,738560.9784248970681801438,Terminator,name_Terminator;type_Terminator;parent_name_Chart;hierarchy_depth_5;num_lines_1;num_inputs_1;num_outputs_0;ul_460_241;lr_480_259;rul_-190_-11;rlr_-160_11
./raqun/family_3_variant_1_TempMeasure.slx,738561.5693307770416140556,output,name_output;type_Outport;parent_name_Chart;hierarchy_depth_5;num_lines_1;num_inputs_1;num_outputs_0;ul_460_101;lr_480_119;rul_-280_-1;rlr_-250_41
./raqun/family_3_variant_1_TempMeasure.slx,738560.8940038541331887245,Constant2,name_Constant2;type_Constant;parent_name_GenerateSampleHoldingPulse;hierarchy_depth_4;num_lines_1;num_inputs_0;num_outputs_1;ul_530_70;lr_560_100;rul_80_102;rlr_80_103
./raqun/family_3_variant_1_TempMeasure.slx,738561.4225427306955680251,LogicalOperator1,name_LogicalOperator1;type_Logic;parent_name_GenerateSampleHoldingPulse;hierarchy_depth_4;num_lines_3;num_inputs_2;num_outputs_1;ul_610_172;lr_640_203;rul_-80_-102;rlr_-80_-103
./raqun/family_3_variant_1_TempMeasure.slx,738561.5601424355991184711,TransitionLogicDetection,name_TransitionLogicDetection;type_SubSystem;parent_name_GenerateSampleHoldingPulse;hierarchy_depth_4;num_lines_2;num_inputs_1;num_outputs_1;ul_150_142;lr_310_198;rul_-130_21;rlr_-260_-21
./raqun/family_3_variant_1_TempMeasure.slx,738561.152844660566188395,Input,name_Input;type_Inport;parent_name_TransitionLogicDetection;hierarchy_depth_5;num_lines_2;num_inputs_0;num_outputs_1;ul_20_118;lr_50_132;rul_225_-91;rlr_225_-74
./raqun/family_3_variant_1_TempMeasure.slx,738560.7814853872405365109,Constant,name_Constant;type_Constant;parent_name_TransitionLogicDetection;hierarchy_depth_5;num_lines_1;num_inputs_0;num_outputs_1;ul_220_205;lr_250_235;rul_65_-23;rlr_65_-22
./raqun/family_3_variant_1_TempMeasure.slx,738561.590661258902400732,Constant1,name_Constant1;type_Constant;parent_name_TransitionLogicDetection;hierarchy_depth_5;num_lines_1;num_inputs_0;num_outputs_1;ul_180_20;lr_210_50;rul_65_7;rlr_65_8
./raqun/family_3_variant_1_TempMeasure.slx,738561.0544557658722624183,LogicalOperator,name_LogicalOperator;type_Logic;parent_name_TransitionLogicDetection;hierarchy_depth_5;num_lines_3;num_inputs_2;num_outputs_1;ul_345_82;lr_375_113;rul_-100_-55;rlr_-100_-55
./raqun/family_3_variant_1_TempMeasure.slx,738561.0836079762084409595,RelationalOperator,name_RelationalOperator;type_RelationalOperator;parent_name_TransitionLogicDetection;hierarchy_depth_5;num_lines_3;num_inputs_2;num_outputs_1;ul_285_182;lr_315_213;rul_-60_-29;rlr_-55_-26
./raqun/family_3_variant_1_TempMeasure.slx,738561.6403917876305058599,RelationalOperator1,name_RelationalOperator1;type_RelationalOperator;parent_name_TransitionLogicDetection;hierarchy_depth_5;num_lines_3;num_inputs_2;num_outputs_1;ul_245_27;lr_275_58;rul_-65_-7;rlr_-65_-8
./raqun/family_3_variant_1_TempMeasure.slx,738561.7084305781172588468,UnitDelay,name_UnitDelay;type_UnitDelay;parent_name_TransitionLogicDetection;hierarchy_depth_5;num_lines_2;num_inputs_1;num_outputs_1;ul_225_153;lr_260_187;rul_-205_-35;rlr_-210_-55
./raqun/family_3_variant_1_TempMeasure.slx,738560.7956737512722611427,TransitionDetect,name_TransitionDetect;type_Outport;parent_name_TransitionLogicDetection;hierarchy_depth_5;num_lines_1;num_inputs_1;num_outputs_0;ul_415_93;lr_445_107;rul_-70_-11;rlr_-70_6
./raqun/family_3_variant_1_TempMeasure.slx,738560.9084828393533825874,Hold_Data_Pulse,name_Hold_Data_Pulse;type_Outport;parent_name_GenerateSampleHoldingPulse;hierarchy_depth_4;num_lines_1;num_inputs_1;num_outputs_0;ul_800_183;lr_830_197;rul_-190_-11;rlr_-190_6
./raqun/family_3_variant_1_TempMeasure.slx,738561.1192864604527130723,HoldForMSamples,name_HoldForMSamples;type_Constant;parent_name_CheckSumCorrection;hierarchy_depth_3;num_lines_1;num_inputs_0;num_outputs_1;ul_135_440;lr_165_470;rul_150_-101;rlr_290_-29
./raqun/family_3_variant_1_TempMeasure.slx,738561.30393007374368608,IfTruewehavegooddataIffalsewehavebaddataWithbaddatausepreviousgooddatafromNsamplesagoandholditonthatvalueforMsamples,name_IfTruewehavegooddataIffalsewehavebaddataWithbaddatausepreviousgooddatafromNsamplesagoandholditonthatvalueforMsamples;type_Switch;parent_name_CheckSumCorrection;hierarchy_depth_3;num_lines_5;num_inputs_3;num_outputs_1;ul_640_255;lr_665_525;rul_-340_-105;rlr_-335_-360
./raqun/family_3_variant_1_TempMeasure.slx,738561.4208381955977529287,InvertLogic,name_InvertLogic;type_Logic;parent_name_CheckSumCorrection;hierarchy_depth_3;num_lines_2;num_inputs_1;num_outputs_1;ul_525_379;lr_550_401;rul_-240_-40;rlr_-95_40
./raqun/family_3_variant_1_TempMeasure.slx,738561.6144833811558783054,LogicalOperator1,name_LogicalOperator1;type_Logic;parent_name_CheckSumCorrection;hierarchy_depth_3;num_lines_2;num_inputs_1;num_outputs_1;ul_205_354;lr_230_376;rul_-85_-4;rlr_-80_4
./raqun/family_3_variant_1_TempMeasure.slx,738561.4785113614052534103,Pre-ProcessedData,name_Pre-ProcessedData;type_Outport;parent_name_CheckSumCorrection;hierarchy_depth_3;num_lines_1;num_inputs_1;num_outputs_0;ul_805_488;lr_835_502;rul_-165_-233;rlr_-170_23
./raqun/family_3_variant_1_TempMeasure.slx,738560.8265371164306998253,Display,name_Display;type_Display;parent_name_Magnetometer;hierarchy_depth_2;num_lines_1;num_inputs_1;num_outputs_0;ul_715_15;lr_805_45;rul_-255_64;rlr_-150_116
./raqun/family_3_variant_1_TempMeasure.slx,738561.3638681761221960187,ProcessedData,name_ProcessedData;type_Outport;parent_name_Magnetometer;hierarchy_depth_2;num_lines_1;num_inputs_1;num_outputs_0;ul_920_113;lr_950_127;rul_-460_-34;rlr_-295_34
./raqun/family_3_variant_1_TempMeasure.slx,738560.9075914882123470306,Mux1,name_Mux1;type_Mux;parent_name_CheckSumPre-Processing;hierarchy_depth_1;num_lines_4;num_inputs_3;num_outputs_1;ul_515_755;lr_525_845;rul_-100_-1;rlr_-85_1
./raqun/family_3_variant_1_TempMeasure.slx,738561.4890265229623764753,Mux2,name_Mux2;type_Mux;parent_name_CheckSumPre-Processing;hierarchy_depth_1;num_lines_4;num_inputs_3;num_outputs_1;ul_540_554;lr_550_626;rul_-55_1;rlr_-60_-1
./raqun/family_3_variant_1_TempMeasure.slx,738560.8744376051472499967,Mux3,name_Mux3;type_Mux;parent_name_CheckSumPre-Processing;hierarchy_depth_1;num_lines_4;num_inputs_3;num_outputs_1;ul_535_384;lr_545_446;rul_-85_0;rlr_-90_0
./raqun/family_3_variant_1_TempMeasure.slx,738561.3373498192522674799,RateGyroProcessing,name_RateGyroProcessing;type_SubSystem;parent_name_CheckSumPre-Processing;hierarchy_depth_1;num_lines_3;num_inputs_2;num_outputs_1;ul_660_562;lr_750_678;rul_-120_-8;rlr_-200_-52
./raqun/family_3_variant_1_TempMeasure.slx,738561.0325900344178080559,RawData,name_RawData;type_Inport;parent_name_RateGyroProcessing;hierarchy_depth_2;num_lines_1;num_inputs_0;num_outputs_1;ul_515_143;lr_545_157;rul_110_-21;rlr_275_21
./raqun/family_3_variant_1_TempMeasure.slx,738560.7548194386763498187,CheckSumFlag,name_CheckSumFlag;type_Inport;parent_name_RateGyroProcessing;hierarchy_depth_2;num_lines_1;num_inputs_0;num_outputs_1;ul_515_243;lr_545_257;rul_360_-106;rlr_525_-69
./raqun/family_3_variant_1_TempMeasure.slx,738561.4283660409273579717,CheckSumCorrection,name_CheckSumCorrection;type_SubSystem;parent_name_RateGyroProcessing;hierarchy_depth_2;num_lines_3;num_inputs_2;num_outputs_1;ul_875_137;lr_1070_188;rul_-250_-15;rlr_-250_-10
./raqun/family_3_variant_1_TempMeasure.slx,738561.3671632875921204686,CalculatedData,name_CalculatedData;type_Inport;parent_name_CheckSumCorrection;hierarchy_depth_3;num_lines_1;num_inputs_0;num_outputs_1;ul_300_150;lr_330_165;rul_340_105;rlr_335_360
./raqun/family_3_variant_1_TempMeasure.slx,738561.0000539756147190928,CheckSumFlag,name_CheckSumFlag;type_Inport;parent_name_CheckSumCorrection;hierarchy_depth_3;num_lines_1;num_inputs_0;num_outputs_1;ul_90_150;lr_120_165;rul_30_200;rlr_30_215
./raqun/family_3_variant_1_TempMeasure.slx,738560.9657045031199231744,CompareToZero,name_CompareToZero;type_SubSystem;parent_name_CheckSumCorrection;hierarchy_depth_3;num_lines_2;num_inputs_1;num_outputs_1;ul_120_350;lr_150_380;rul_-30_-200;rlr_-30_-215
./raqun/family_3_variant_1_TempMeasure.slx,738561.439626878360286355,u,name_u;type_Inport;parent_name_CompareToZero;hierarchy_depth_4;num_lines_1;num_inputs_0;num_outputs_1;ul_15_28;lr_45_42;rul_130_-12;rlr_140_47
./raqun/family_3_variant_1_TempMeasure.slx,738561.4879377486649900675,Compare,name_Compare;type_RelationalOperator;parent_name_CompareToZero;hierarchy_depth_4;num_lines_3;num_inputs_2;num_outputs_1;ul_145_16;lr_185_89;rul_-130_12;rlr_-140_-47
./raqun/family_3_variant_1_TempMeasure.slx,738560.9768738741986453533,Constant,name_Constant;type_Constant;parent_name_CompareToZero;hierarchy_depth_4;num_lines_1;num_inputs_0;num_outputs_1;ul_70_56;lr_100_84;rul_75_-40;rlr_85_5
./raqun/family_3_variant_1_TempMeasure.slx,738561.675866258330643177,y,name_y;type_Outport;parent_name_CompareToZero;hierarchy_depth_4;num_lines_1;num_inputs_1;num_outputs_0;ul_270_48;lr_300_62;rul_-125_-32;rlr_-115_27
./raqun/family_3_variant_1_TempMeasure.slx,738561.011687980848364532,Delay,name_Delay;type_Delay;parent_name_CheckSumCorrection;hierarchy_depth_3;num_lines_2;num_inputs_1;num_outputs_1;ul_640_573;lr_675_607;rul_0_-318;rlr_-10_-82
./raqun/family_3_variant_1_TempMeasure.slx,738561.1790721998549997807,GenerateSampleHoldingPulse,name_GenerateSampleHoldingPulse;type_SubSystem;parent_name_CheckSumCorrection;hierarchy_depth_3;num_lines_3;num_inputs_2;num_outputs_1;ul_285_339;lr_455_441;rul_-80_15;rlr_-225_-65
./raqun/family_3_variant_1_TempMeasure.slx,738561.5250398301286622882,CheckSumFlag,name_CheckSumFlag;type_Inport;parent_name_GenerateSampleHoldingPulse;hierarchy_depth_4;num_lines_1;num_inputs_0;num_outputs_1;ul_20_163;lr_50_177;rul_130_-21;rlr_260_21
./raqun/family_3_variant_1_TempMeasure.slx,738560.9242752937134355307,HoldDataTicks_Value,name_HoldDataTicks_Value;type_Inport;parent_name_GenerateSampleHoldingPulse;hierarchy_depth_4;num_lines_1;num_inputs_0;num_outputs_1;ul_190_278;lr_220_292;rul_215_-132;rlr_345_-48
./raqun/family_3_variant_1_TempMeasure.slx,738561.3282544247340410948,Chart,name_Chart;type_SubSystem;parent_name_GenerateSampleHoldingPulse;hierarchy_depth_4;num_lines_3;num_inputs_2;num_outputs_1;ul_405_146;lr_565_244;rul_-255_-4;rlr_-255_-46
./raqun/family_3_variant_1_TempMeasure.slx,738561.3924572316464036703,if_transition,name_if_transition;type_Inport;parent_name_Chart;hierarchy_depth_5;num_lines_1;num_inputs_0;num_outputs_1;ul_20_101;lr_40_119;rul_160_-1;rlr_190_41
./raqun/family_3_variant_1_TempMeasure.slx,738561.1342639683280140162,HoldDataTicks,name_HoldDataTicks;type_Inport;parent_name_Chart;hierarchy_depth_5;num_lines_1;num_inputs_0;num_outputs_1;ul_20_136;lr_40_154;rul_160_-36;rlr_190_6
./raqun/family_3_variant_1_TempMeasure.slx,738560.8729609432630240917,Demux,name_Demux;type_Demux;parent_name_Chart;hierarchy_depth_5;num_lines_2;num_inputs_1;num_outputs_1;ul_270_230;lr_320_270;rul_-90_-130;rlr_-90_-110
./raqun/family_3_variant_1_TempMeasure.slx,738561.3988234330900013447,SFunction,name_SFunction;type_S-Function;parent_name_Chart;hierarchy_depth_5;num_lines_4;num_inputs_2;num_outputs_2;ul_180_100;lr_230_160;rul_-160_1;rlr_-190_-41
./raqun/family_3_variant_1_TempMeasure.slx,738560.751994315767660737,Terminator,name_Terminator;type_Terminator;parent_name_Chart;hierarchy_depth_5;num_lines_1;num_inputs_1;num_outputs_0;ul_460_241;lr_480_259;rul_-190_-11;rlr_-160_11
./raqun/family_3_variant_1_TempMeasure.slx,738560.9470962048508226871,output,name_output;type_Outport;parent_name_Chart;hierarchy_depth_5;num_lines_1;num_inputs_1;num_outputs_0;ul_460_101;lr_480_119;rul_-280_-1;rlr_-250_41
./raqun/family_3_variant_1_TempMeasure.slx,738560.9271527674281969666,Constant2,name_Constant2;type_Constant;parent_name_GenerateSampleHoldingPulse;hierarchy_depth_4;num_lines_1;num_inputs_0;num_outputs_1;ul_530_70;lr_560_100;rul_80_102;rlr_80_103
./raqun/family_3_variant_1_TempMeasure.slx,738561.1793605677084997296,LogicalOperator1,name_LogicalOperator1;type_Logic;parent_name_GenerateSampleHoldingPulse;hierarchy_depth_4;num_lines_3;num_inputs_2;num_outputs_1;ul_610_172;lr_640_203;rul_-80_-102;rlr_-80_-103
./raqun/family_3_variant_1_TempMeasure.slx,738561.6229546200484037399,TransitionLogicDetection,name_TransitionLogicDetection;type_SubSystem;parent_name_GenerateSampleHoldingPulse;hierarchy_depth_4;num_lines_2;num_inputs_1;num_outputs_1;ul_150_142;lr_310_198;rul_-130_21;rlr_-260_-21
./raqun/family_3_variant_1_TempMeasure.slx,738561.0037862109020352364,Input,name_Input;type_Inport;parent_name_TransitionLogicDetection;hierarchy_depth_5;num_lines_2;num_inputs_0;num_outputs_1;ul_20_118;lr_50_132;rul_225_-91;rlr_225_-74
./raqun/family_3_variant_1_TempMeasure.slx,738561.6913551067700609565,Constant,name_Constant;type_Constant;parent_name_TransitionLogicDetection;hierarchy_depth_5;num_lines_1;num_inputs_0;num_outputs_1;ul_220_205;lr_250_235;rul_65_-23;rlr_65_-22
./raqun/family_3_variant_1_TempMeasure.slx,738561.5891738866921514273,Constant1,name_Constant1;type_Constant;parent_name_TransitionLogicDetection;hierarchy_depth_5;num_lines_1;num_inputs_0;num_outputs_1;ul_180_20;lr_210_50;rul_65_7;rlr_65_8
./raqun/family_3_variant_1_TempMeasure.slx,738561.6620740614598616958,LogicalOperator,name_LogicalOperator;type_Logic;parent_name_TransitionLogicDetection;hierarchy_depth_5;num_lines_3;num_inputs_2;num_outputs_1;ul_345_82;lr_375_113;rul_-100_-55;rlr_-100_-55
./raqun/family_3_variant_1_TempMeasure.slx,738561.2846244231332093477,RelationalOperator,name_RelationalOperator;type_RelationalOperator;parent_name_TransitionLogicDetection;hierarchy_depth_5;num_lines_3;num_inputs_2;num_outputs_1;ul_285_182;lr_315_213;rul_-60_-29;rlr_-55_-26
./raqun/family_3_variant_1_TempMeasure.slx,738561.4685454693390056491,RelationalOperator1,name_RelationalOperator1;type_RelationalOperator;parent_name_TransitionLogicDetection;hierarchy_depth_5;num_lines_3;num_inputs_2;num_outputs_1;ul_245_27;lr_275_58;rul_-65_-7;rlr_-65_-8
./raqun/family_3_variant_1_TempMeasure.slx,738561.3291375142289325595,UnitDelay,name_UnitDelay;type_UnitDelay;parent_name_TransitionLogicDetection;hierarchy_depth_5;num_lines_2;num_inputs_1;num_outputs_1;ul_225_153;lr_260_187;rul_-205_-35;rlr_-210_-55
./raqun/family_3_variant_1_TempMeasure.slx,738560.8268720062915235758,TransitionDetect,name_TransitionDetect;type_Outport;parent_name_TransitionLogicDetection;hierarchy_depth_5;num_lines_1;num_inputs_1;num_outputs_0;ul_415_93;lr_445_107;rul_-70_-11;rlr_-70_6
./raqun/family_3_variant_1_TempMeasure.slx,738560.7585964292520657182,Hold_Data_Pulse,name_Hold_Data_Pulse;type_Outport;parent_name_GenerateSampleHoldingPulse;hierarchy_depth_4;num_lines_1;num_inputs_1;num_outputs_0;ul_800_183;lr_830_197;rul_-190_-11;rlr_-190_6
./raqun/family_3_variant_1_TempMeasure.slx,738561.2183804431697353721,HoldForMSamples,name_HoldForMSamples;type_Constant;parent_name_CheckSumCorrection;hierarchy_depth_3;num_lines_1;num_inputs_0;num_outputs_1;ul_135_440;lr_165_470;rul_150_-101;rlr_290_-29
./raqun/family_3_variant_1_TempMeasure.slx,738561.6852660477161407471,IfTruewehavegooddataIffalsewehavebaddataWithbaddatausepreviousgooddatafromNsamplesagoandholditonthatvalueforMsamples,name_IfTruewehavegooddataIffalsewehavebaddataWithbaddatausepreviousgooddatafromNsamplesagoandholditonthatvalueforMsamples;type_Switch;parent_name_CheckSumCorrection;hierarchy_depth_3;num_lines_5;num_inputs_3;num_outputs_1;ul_640_255;lr_665_525;rul_-340_-105;rlr_-335_-360
./raqun/family_3_variant_1_TempMeasure.slx,738561.6803228422068059444,InvertLogic,name_InvertLogic;type_Logic;parent_name_CheckSumCorrection;hierarchy_depth_3;num_lines_2;num_inputs_1;num_outputs_1;ul_525_379;lr_550_401;rul_-240_-40;rlr_-95_40
./raqun/family_3_variant_1_TempMeasure.slx,738561.2658883119001984596,LogicalOperator1,name_LogicalOperator1;type_Logic;parent_name_CheckSumCorrection;hierarchy_depth_3;num_lines_2;num_inputs_1;num_outputs_1;ul_205_354;lr_230_376;rul_-85_-4;rlr_-80_4
./raqun/family_3_variant_1_TempMeasure.slx,738561.2583015258423984051,Pre-ProcessedHeight,name_Pre-ProcessedHeight;type_Outport;parent_name_CheckSumCorrection;hierarchy_depth_3;num_lines_1;num_inputs_1;num_outputs_0;ul_805_488;lr_835_502;rul_-165_-233;rlr_-170_23
./raqun/family_3_variant_1_TempMeasure.slx,738561.2918572982307523489,ProcessedData,name_ProcessedData;type_Outport;parent_name_RateGyroProcessing;hierarchy_depth_2;num_lines_1;num_inputs_1;num_outputs_0;ul_1175_158;lr_1205_172;rul_-300_-21;rlr_-135_16
./raqun/family_3_variant_1_TempMeasure.slx,738561.375929950037971139,Rate_Gyro_Processing_Tag,name_Rate_Gyro_Processing_Tag;type_From;parent_name_CheckSumPre-Processing;hierarchy_depth_1;num_lines_1;num_inputs_0;num_outputs_1;ul_440_638;lr_540_662;rul_220_-76;rlr_210_16
./raqun/family_3_variant_1_TempMeasure.slx,738561.2233859605621546507,Temp,name_Temp;type_SubSystem;parent_name_CheckSumPre-Processing;hierarchy_depth_1;num_lines_3;num_inputs_2;num_outputs_1;ul_655_54;lr_805_161;rul_-195_-35;rlr_-335_-20
./raqun/family_3_variant_1_TempMeasure.slx,738561.0366650804644450545,Magnetometer,name_Magnetometer;type_Inport;parent_name_Temp;hierarchy_depth_2;num_lines_1;num_inputs_0;num_outputs_1;ul_50_93;lr_80_107;rul_115_-21;rlr_295_21
./raqun/family_3_variant_1_TempMeasure.slx,738560.7238654360407963395,CheckSumFlag,name_CheckSumFlag;type_Inport;parent_name_Temp;hierarchy_depth_2;num_lines_1;num_inputs_0;num_outputs_1;ul_50_248;lr_80_262;rul_410_-169;rlr_575_-101
./raqun/family_3_variant_1_TempMeasure.slx,738561.2631551842205226421,CheckSumCorrection,name_CheckSumCorrection;type_SubSystem;parent_name_Temp;hierarchy_depth_2;num_lines_4;num_inputs_2;num_outputs_1;ul_460_79;lr_655_161;rul_-295_-7;rlr_-280_-33
./raqun/family_3_variant_1_TempMeasure.slx,738561.6991199002368375659,CalculatedData,name_CalculatedData;type_Inport;parent_name_CheckSumCorrection;hierarchy_depth_3;num_lines_1;num_inputs_0;num_outputs_1;ul_300_150;lr_330_165;rul_340_105;rlr_335_360
./raqun/family_3_variant_1_TempMeasure.slx,738560.7566764611983671784,CheckSumFlag,name_CheckSumFlag;type_Inport;parent_name_CheckSumCorrection;hierarchy_depth_3;num_lines_1;num_inputs_0;num_outputs_1;ul_90_150;lr_120_165;rul_30_200;rlr_30_215
./raqun/family_3_variant_1_TempMeasure.slx,738561.3203336558071896434,CompareToZero,name_CompareToZero;type_SubSystem;parent_name_CheckSumCorrection;hierarchy_depth_3;num_lines_2;num_inputs_1;num_outputs_1;ul_120_350;lr_150_380;rul_-30_-200;rlr_-30_-215
./raqun/family_3_variant_1_TempMeasure.slx,738561.3818431791150942445,u,name_u;type_Inport;parent_name_CompareToZero;hierarchy_depth_4;num_lines_1;num_inputs_0;num_outputs_1;ul_15_28;lr_45_42;rul_130_-12;rlr_140_47
./raqun/family_3_variant_1_TempMeasure.slx,738561.4834084187168627977,Compare,name_Compare;type_RelationalOperator;parent_name_CompareToZero;hierarchy_depth_4;num_lines_3;num_inputs_2;num_outputs_1;ul_145_16;lr_185_89;rul_-130_12;rlr_-140_-47
./raqun/family_3_variant_1_TempMeasure.slx,738561.1512024624971672893,Constant,name_Constant;type_Constant;parent_name_CompareToZero;hierarchy_depth_4;num_lines_1;num_inputs_0;num_outputs_1;ul_70_56;lr_100_84;rul_75_-40;rlr_85_5
./raqun/family_3_variant_1_TempMeasure.slx,738560.9093224696116521955,y,name_y;type_Outport;parent_name_CompareToZero;hierarchy_depth_4;num_lines_1;num_inputs_1;num_outputs_0;ul_270_48;lr_300_62;rul_-125_-32;rlr_-115_27
./raqun/family_3_variant_1_TempMeasure.slx,738561.1361300528515130281,Delay,name_Delay;type_Delay;parent_name_CheckSumCorrection;hierarchy_depth_3;num_lines_2;num_inputs_1;num_outputs_1;ul_640_573;lr_675_607;rul_0_-318;rlr_-10_-82
./raqun/family_3_variant_1_TempMeasure.slx,738561.555867925169877708,GenerateSampleHoldingPulse,name_GenerateSampleHoldingPulse;type_SubSystem;parent_name_CheckSumCorrection;hierarchy_depth_3;num_lines_3;num_inputs_2;num_outputs_1;ul_285_339;lr_455_441;rul_-80_15;rlr_-225_-65
./raqun/family_3_variant_1_TempMeasure.slx,738560.7418204979039728642,CheckSumFlag,name_CheckSumFlag;type_Inport;parent_name_GenerateSampleHoldingPulse;hierarchy_depth_4;num_lines_1;num_inputs_0;num_outputs_1;ul_20_163;lr_50_177;rul_130_-21;rlr_260_21
./raqun/family_3_variant_1_TempMeasure.slx,738561.311825180659070611,HoldDataTicks_Value,name_HoldDataTicks_Value;type_Inport;parent_name_GenerateSampleHoldingPulse;hierarchy_depth_4;num_lines_1;num_inputs_0;num_outputs_1;ul_190_278;lr_220_292;rul_215_-132;rlr_345_-48
./raqun/family_3_variant_1_TempMeasure.slx,738561.0194155254866927862,Chart,name_Chart;type_SubSystem;parent_name_GenerateSampleHoldingPulse;hierarchy_depth_4;num_lines_3;num_inputs_2;num_outputs_1;ul_405_146;lr_565_244;rul_-255_-4;rlr_-255_-46
./raqun/family_3_variant_1_TempMeasure.slx,738560.876919568981975317,if_transition,name_if_transition;type_Inport;parent_name_Chart;hierarchy_depth_5;num_lines_1;num_inputs_0;num_outputs_1;ul_20_101;lr_40_119;rul_160_-1;rlr_190_41
./raqun/family_3_variant_1_TempMeasure.slx,738560.9831239988561719656,HoldDataTicks,name_HoldDataTicks;type_Inport;parent_name_Chart;hierarchy_depth_5;num_lines_1;num_inputs_0;num_outputs_1;ul_20_136;lr_40_154;rul_160_-36;rlr_190_6
./raqun/family_3_variant_1_TempMeasure.slx,738561.5546213561901822686,Demux,name_Demux;type_Demux;parent_name_Chart;hierarchy_depth_5;num_lines_2;num_inputs_1;num_outputs_1;ul_270_230;lr_320_270;rul_-90_-130;rlr_-90_-110
./raqun/family_3_variant_1_TempMeasure.slx,738561.2964459039503708482,SFunction,name_SFunction;type_S-Function;parent_name_Chart;hierarchy_depth_5;num_lines_4;num_inputs_2;num_outputs_2;ul_180_100;lr_230_160;rul_-160_1;rlr_-190_-41
./raqun/family_3_variant_1_TempMeasure.slx,738561.2840586001984775066,Terminator,name_Terminator;type_Terminator;parent_name_Chart;hierarchy_depth_5;num_lines_1;num_inputs_1;num_outputs_0;ul_460_241;lr_480_259;rul_-190_-11;rlr_-160_11
./raqun/family_3_variant_1_TempMeasure.slx,738560.7927239605924114585,output,name_output;type_Outport;parent_name_Chart;hierarchy_depth_5;num_lines_1;num_inputs_1;num_outputs_0;ul_460_101;lr_480_119;rul_-280_-1;rlr_-250_41
./raqun/family_3_variant_1_TempMeasure.slx,738560.8460876075550913811,Constant2,name_Constant2;type_Constant;parent_name_GenerateSampleHoldingPulse;hierarchy_depth_4;num_lines_1;num_inputs_0;num_outputs_1;ul_530_70;lr_560_100;rul_80_102;rlr_80_103
./raqun/family_3_variant_1_TempMeasure.slx,738560.829925921862013638,LogicalOperator1,name_LogicalOperator1;type_Logic;parent_name_GenerateSampleHoldingPulse;hierarchy_depth_4;num_lines_3;num_inputs_2;num_outputs_1;ul_610_172;lr_640_203;rul_-80_-102;rlr_-80_-103
./raqun/family_3_variant_1_TempMeasure.slx,738561.3187129708239808679,TransitionLogicDetection,name_TransitionLogicDetection;type_SubSystem;parent_name_GenerateSampleHoldingPulse;hierarchy_depth_4;num_lines_2;num_inputs_1;num_outputs_1;ul_150_142;lr_310_198;rul_-130_21;rlr_-260_-21
./raqun/family_3_variant_1_TempMeasure.slx,738561.1114139319397509098,Input,name_Input;type_Inport;parent_name_TransitionLogicDetection;hierarchy_depth_5;num_lines_2;num_inputs_0;num_outputs_1;ul_20_118;lr_50_132;rul_225_-91;rlr_225_-74
./raqun/family_3_variant_1_TempMeasure.slx,738560.7833642460172995925,Constant,name_Constant;type_Constant;parent_name_TransitionLogicDetection;hierarchy_depth_5;num_lines_1;num_inputs_0;num_outputs_1;ul_220_205;lr_250_235;rul_65_-23;rlr_65_-22
./raqun/family_3_variant_1_TempMeasure.slx,738561.6434859628789126873,Constant1,name_Constant1;type_Constant;parent_name_TransitionLogicDetection;hierarchy_depth_5;num_lines_1;num_inputs_0;num_outputs_1;ul_180_20;lr_210_50;rul_65_7;rlr_65_8
./raqun/family_3_variant_1_TempMeasure.slx,738560.9157583533087745309,LogicalOperator,name_LogicalOperator;type_Logic;parent_name_TransitionLogicDetection;hierarchy_depth_5;num_lines_3;num_inputs_2;num_outputs_1;ul_345_82;lr_375_113;rul_-100_-55;rlr_-100_-55
./raqun/family_3_variant_1_TempMeasure.slx,738561.1047850503819063306,RelationalOperator,name_RelationalOperator;type_RelationalOperator;parent_name_TransitionLogicDetection;hierarchy_depth_5;num_lines_3;num_inputs_2;num_outputs_1;ul_285_182;lr_315_213;rul_-60_-29;rlr_-55_-26
./raqun/family_3_variant_1_TempMeasure.slx,738561.1953281336463987827,RelationalOperator1,name_RelationalOperator1;type_RelationalOperator;parent_name_TransitionLogicDetection;hierarchy_depth_5;num_lines_3;num_inputs_2;num_outputs_1;ul_245_27;lr_275_58;rul_-65_-7;rlr_-65_-8
./raqun/family_3_variant_1_TempMeasure.slx,738560.7812866084277629852,UnitDelay,name_UnitDelay;type_UnitDelay;parent_name_TransitionLogicDetection;hierarchy_depth_5;num_lines_2;num_inputs_1;num_outputs_1;ul_225_153;lr_260_187;rul_-205_-35;rlr_-210_-55
./raqun/family_3_variant_1_TempMeasure.slx,738561.6538773390930145979,TransitionDetect,name_TransitionDetect;type_Outport;parent_name_TransitionLogicDetection;hierarchy_depth_5;num_lines_1;num_inputs_1;num_outputs_0;ul_415_93;lr_445_107;rul_-70_-11;rlr_-70_6
./raqun/family_3_variant_1_TempMeasure.slx,738560.9813044903567060828,Hold_Data_Pulse,name_Hold_Data_Pulse;type_Outport;parent_name_GenerateSampleHoldingPulse;hierarchy_depth_4;num_lines_1;num_inputs_1;num_outputs_0;ul_800_183;lr_830_197;rul_-190_-11;rlr_-190_6
./raqun/family_3_variant_1_TempMeasure.slx,738560.8609763700515031815,HoldForMSamples,name_HoldForMSamples;type_Constant;parent_name_CheckSumCorrection;hierarchy_depth_3;num_lines_1;num_inputs_0;num_outputs_1;ul_135_440;lr_165_470;rul_150_-101;rlr_290_-29
./raqun/family_3_variant_1_TempMeasure.slx,738561.6463362368522211909,IfTruewehavegooddataIffalsewehavebaddataWithbaddatausepreviousgooddatafromNsamplesagoandholditonthatvalueforMsamples,name_IfTruewehavegooddataIffalsewehavebaddataWithbaddatausepreviousgooddatafromNsamplesagoandholditonthatvalueforMsamples;type_Switch;parent_name_CheckSumCorrection;hierarchy_depth_3;num_lines_5;num_inputs_3;num_outputs_1;ul_640_255;lr_665_525;rul_-340_-105;rlr_-335_-360
./raqun/family_3_variant_1_TempMeasure.slx,738561.7091986293671652675,InvertLogic,name_InvertLogic;type_Logic;parent_name_CheckSumCorrection;hierarchy_depth_3;num_lines_2;num_inputs_1;num_outputs_1;ul_525_379;lr_550_401;rul_-240_-40;rlr_-95_40
./raqun/family_3_variant_1_TempMeasure.slx,738561.3986661519156768918,LogicalOperator1,name_LogicalOperator1;type_Logic;parent_name_CheckSumCorrection;hierarchy_depth_3;num_lines_2;num_inputs_1;num_outputs_1;ul_205_354;lr_230_376;rul_-85_-4;rlr_-80_4
./raqun/family_3_variant_1_TempMeasure.slx,738560.8671221418771892786,Pre-ProcessedData,name_Pre-ProcessedData;type_Outport;parent_name_CheckSumCorrection;hierarchy_depth_3;num_lines_1;num_inputs_1;num_outputs_0;ul_805_488;lr_835_502;rul_-165_-233;rlr_-170_23
./raqun/family_3_variant_1_TempMeasure.slx,738560.9056238685734570026,Display,name_Display;type_Display;parent_name_Temp;hierarchy_depth_2;num_lines_1;num_inputs_1;num_outputs_0;ul_715_15;lr_805_45;rul_-255_64;rlr_-150_116
./raqun/family_3_variant_1_TempMeasure.slx,738561.6859406863804906607,ProcessedData,name_ProcessedData;type_Outport;parent_name_Temp;hierarchy_depth_2;num_lines_1;num_inputs_1;num_outputs_0;ul_920_113;lr_950_127;rul_-460_-34;rlr_-295_34
./raqun/family_3_variant_1_TempMeasure.slx,738561.3185622711898759007,Temp_Checksum_Tag,name_Temp_Checksum_Tag;type_From;parent_name_CheckSumPre-Processing;hierarchy_depth_1;num_lines_1;num_inputs_0;num_outputs_1;ul_495_173;lr_595_197;rul_160_-119;rlr_210_-36
./raqun/family_3_variant_1_TempMeasure.slx,738560.8051262755179777741,Ultra_Sound_Checksum_Tag,name_Ultra_Sound_Checksum_Tag;type_From;parent_name_CheckSumPre-Processing;hierarchy_depth_1;num_lines_1;num_inputs_0;num_outputs_1;ul_460_333;lr_560_357;rul_260_-113;rlr_305_-77
./raqun/family_3_variant_1_TempMeasure.slx,738560.8807654265547171235,UltrasoundProcessing,name_UltrasoundProcessing;type_SubSystem;parent_name_CheckSumPre-Processing;hierarchy_depth_1;num_lines_3;num_inputs_2;num_outputs_1;ul_720_220;lr_865_280;rul_-260_-46;rlr_-395_16
./raqun/family_3_variant_1_TempMeasure.slx,738561.3809820357710123062,RawUltrasound,name_RawUltrasound;type_Inport;parent_name_UltrasoundProcessing;hierarchy_depth_2;num_lines_1;num_inputs_0;num_outputs_1;ul_70_93;lr_100_107;rul_180_-10;rlr_190_10
./raqun/family_3_variant_1_TempMeasure.slx,738561.5690055241575464606,CheckSumFlag,name_CheckSumFlag;type_Inport;parent_name_UltrasoundProcessing;hierarchy_depth_2;num_lines_1;num_inputs_0;num_outputs_1;ul_45_248;lr_75_262;rul_600_-31;rlr_765_6
./raqun/family_3_variant_1_TempMeasure.slx,738561.4189761503366753459,CheckSumCorrection,name_CheckSumCorrection;type_SubSystem;parent_name_UltrasoundProcessing;hierarchy_depth_2;num_lines_4;num_inputs_2;num_outputs_1;ul_645_217;lr_840_268;rul_-330_-136;rlr_-380_-109
./raqun/family_3_variant_1_TempMeasure.slx,738561.2778399866074323654,CalculatedData,name_CalculatedData;type_Inport;parent_name_CheckSumCorrection;hierarchy_depth_3;num_lines_1;num_inputs_0;num_outputs_1;ul_300_150;lr_330_165;rul_340_105;rlr_335_360
./raqun/family_3_variant_1_TempMeasure.slx,738560.9159344127401709557,CheckSumFlag,name_CheckSumFlag;type_Inport;parent_name_CheckSumCorrection;hierarchy_depth_3;num_lines_1;num_inputs_0;num_outputs_1;ul_90_150;lr_120_165;rul_30_200;rlr_30_215
./raqun/family_3_variant_1_TempMeasure.slx,738561.2195357088930904865,CompareToZero,name_CompareToZero;type_SubSystem;parent_name_CheckSumCorrection;hierarchy_depth_3;num_lines_2;num_inputs_1;num_outputs_1;ul_120_350;lr_150_380;rul_-30_-200;rlr_-30_-215
./raqun/family_3_variant_1_TempMeasure.slx,738561.2498104278929531574,u,name_u;type_Inport;parent_name_CompareToZero;hierarchy_depth_4;num_lines_1;num_inputs_0;num_outputs_1;ul_15_28;lr_45_42;rul_130_-12;rlr_140_47
./raqun/family_3_variant_1_TempMeasure.slx,738561.5008773261215537786,Compare,name_Compare;type_RelationalOperator;parent_name_CompareToZero;hierarchy_depth_4;num_lines_3;num_inputs_2;num_outputs_1;ul_145_16;lr_185_89;rul_-130_12;rlr_-140_-47
./raqun/family_3_variant_1_TempMeasure.slx,738561.2704678325681015849,Constant,name_Constant;type_Constant;parent_name_CompareToZero;hierarchy_depth_4;num_lines_1;num_inputs_0;num_outputs_1;ul_70_56;lr_100_84;rul_75_-40;rlr_85_5
./raqun/family_3_variant_1_TempMeasure.slx,738560.8666219623992219567,y,name_y;type_Outport;parent_name_CompareToZero;hierarchy_depth_4;num_lines_1;num_inputs_1;num_outputs_0;ul_270_48;lr_300_62;rul_-125_-32;rlr_-115_27
./raqun/family_3_variant_1_TempMeasure.slx,738561.4354742760770022869,Delay,name_Delay;type_Delay;parent_name_CheckSumCorrection;hierarchy_depth_3;num_lines_2;num_inputs_1;num_outputs_1;ul_640_573;lr_675_607;rul_0_-318;rlr_-10_-82
./raqun/family_3_variant_1_TempMeasure.slx,738560.8490765379974618554,GenerateSampleHoldingPulse,name_GenerateSampleHoldingPulse;type_SubSystem;parent_name_CheckSumCorrection;hierarchy_depth_3;num_lines_3;num_inputs_2;num_outputs_1;ul_285_339;lr_455_441;rul_-80_15;rlr_-225_-65
./raqun/family_3_variant_1_TempMeasure.slx,738561.0699437914881855249,CheckSumFlag,name_CheckSumFlag;type_Inport;parent_name_GenerateSampleHoldingPulse;hierarchy_depth_4;num_lines_1;num_inputs_0;num_outputs_1;ul_20_163;lr_50_177;rul_130_-21;rlr_260_21
./raqun/family_3_variant_1_TempMeasure.slx,738561.6773190017556771636,HoldDataTicks_Value,name_HoldDataTicks_Value;type_Inport;parent_name_GenerateSampleHoldingPulse;hierarchy_depth_4;num_lines_1;num_inputs_0;num_outputs_1;ul_190_278;lr_220_292;rul_215_-132;rlr_345_-48
./raqun/family_3_variant_1_TempMeasure.slx,738561.034892933676019311,Chart,name_Chart;type_SubSystem;parent_name_GenerateSampleHoldingPulse;hierarchy_depth_4;num_lines_3;num_inputs_2;num_outputs_1;ul_405_146;lr_565_244;rul_-255_-4;rlr_-255_-46
./raqun/family_3_variant_1_TempMeasure.slx,738561.6874189849477261305,if_transition,name_if_transition;type_Inport;parent_name_Chart;hierarchy_depth_5;num_lines_1;num_inputs_0;num_outputs_1;ul_20_101;lr_40_119;rul_160_-1;rlr_190_41
./raqun/family_3_variant_1_TempMeasure.slx,738561.3704196449834853411,HoldDataTicks,name_HoldDataTicks;type_Inport;parent_name_Chart;hierarchy_depth_5;num_lines_1;num_inputs_0;num_outputs_1;ul_20_136;lr_40_154;rul_160_-36;rlr_190_6
./raqun/family_3_variant_1_TempMeasure.slx,738560.7958196246763691306,Demux,name_Demux;type_Demux;parent_name_Chart;hierarchy_depth_5;num_lines_2;num_inputs_1;num_outputs_1;ul_270_230;lr_320_270;rul_-90_-130;rlr_-90_-110
./raqun/family_3_variant_1_TempMeasure.slx,738561.0469627907732501626,SFunction,name_SFunction;type_S-Function;parent_name_Chart;hierarchy_depth_5;num_lines_4;num_inputs_2;num_outputs_2;ul_180_100;lr_230_160;rul_-160_1;rlr_-190_-41
./raqun/family_3_variant_1_TempMeasure.slx,738561.3044315167935565114,Terminator,name_Terminator;type_Terminator;parent_name_Chart;hierarchy_depth_5;num_lines_1;num_inputs_1;num_outputs_0;ul_460_241;lr_480_259;rul_-190_-11;rlr_-160_11
./raqun/family_3_variant_1_TempMeasure.slx,738560.7175989142851904035,output,name_output;type_Outport;parent_name_Chart;hierarchy_depth_5;num_lines_1;num_inputs_1;num_outputs_0;ul_460_101;lr_480_119;rul_-280_-1;rlr_-250_41
./raqun/family_3_variant_1_TempMeasure.slx,738560.9100107697304338217,Constant2,name_Constant2;type_Constant;parent_name_GenerateSampleHoldingPulse;hierarchy_depth_4;num_lines_1;num_inputs_0;num_outputs_1;ul_530_70;lr_560_100;rul_80_102;rlr_80_103
./raqun/family_3_variant_1_TempMeasure.slx,738560.9779536382993683219,LogicalOperator1,name_LogicalOperator1;type_Logic;parent_name_GenerateSampleHoldingPulse;hierarchy_depth_4;num_lines_3;num_inputs_2;num_outputs_1;ul_610_172;lr_640_203;rul_-80_-102;rlr_-80_-103
./raqun/family_3_variant_1_TempMeasure.slx,738561.3275729453889653087,TransitionLogicDetection,name_TransitionLogicDetection;type_SubSystem;parent_name_GenerateSampleHoldingPulse;hierarchy_depth_4;num_lines_2;num_inputs_1;num_outputs_1;ul_150_142;lr_310_198;rul_-130_21;rlr_-260_-21
./raqun/family_3_variant_1_TempMeasure.slx,738561.5599598849657922983,Input,name_Input;type_Inport;parent_name_TransitionLogicDetection;hierarchy_depth_5;num_lines_2;num_inputs_0;num_outputs_1;ul_20_118;lr_50_132;rul_225_-91;rlr_225_-74
./raqun/family_3_variant_1_TempMeasure.slx,738561.634978048037737608,Constant,name_Constant;type_Constant;parent_name_TransitionLogicDetection;hierarchy_depth_5;num_lines_1;num_inputs_0;num_outputs_1;ul_220_205;lr_250_235;rul_65_-23;rlr_65_-22
./raqun/family_3_variant_1_TempMeasure.slx,738561.4329952624393627048,Constant1,name_Constant1;type_Constant;parent_name_TransitionLogicDetection;hierarchy_depth_5;num_lines_1;num_inputs_0;num_outputs_1;ul_180_20;lr_210_50;rul_65_7;rlr_65_8
./raqun/family_3_variant_1_TempMeasure.slx,738561.1931855154689401388,LogicalOperator,name_LogicalOperator;type_Logic;parent_name_TransitionLogicDetection;hierarchy_depth_5;num_lines_3;num_inputs_2;num_outputs_1;ul_345_82;lr_375_113;rul_-100_-55;rlr_-100_-55
./raqun/family_3_variant_1_TempMeasure.slx,738561.4435023843543604016,RelationalOperator,name_RelationalOperator;type_RelationalOperator;parent_name_TransitionLogicDetection;hierarchy_depth_5;num_lines_3;num_inputs_2;num_outputs_1;ul_285_182;lr_315_213;rul_-60_-29;rlr_-55_-26
./raqun/family_3_variant_1_TempMeasure.slx,738561.3453060388565063477,RelationalOperator1,name_RelationalOperator1;type_RelationalOperator;parent_name_TransitionLogicDetection;hierarchy_depth_5;num_lines_3;num_inputs_2;num_outputs_1;ul_245_27;lr_275_58;rul_-65_-7;rlr_-65_-8
./raqun/family_3_variant_1_TempMeasure.slx,738561.4305188164580613375,UnitDelay,name_UnitDelay;type_UnitDelay;parent_name_TransitionLogicDetection;hierarchy_depth_5;num_lines_2;num_inputs_1;num_outputs_1;ul_225_153;lr_260_187;rul_-205_-35;rlr_-210_-55
./raqun/family_3_variant_1_TempMeasure.slx,738561.5509182951645925641,TransitionDetect,name_TransitionDetect;type_Outport;parent_name_TransitionLogicDetection;hierarchy_depth_5;num_lines_1;num_inputs_1;num_outputs_0;ul_415_93;lr_445_107;rul_-70_-11;rlr_-70_6
./raqun/family_3_variant_1_TempMeasure.slx,738561.6316441657254472375,Hold_Data_Pulse,name_Hold_Data_Pulse;type_Outport;parent_name_GenerateSampleHoldingPulse;hierarchy_depth_4;num_lines_1;num_inputs_1;num_outputs_0;ul_800_183;lr_830_197;rul_-190_-11;rlr_-190_6
./raqun/family_3_variant_1_TempMeasure.slx,738561.0894527769414708018,HoldForMSamples,name_HoldForMSamples;type_Constant;parent_name_CheckSumCorrection;hierarchy_depth_3;num_lines_1;num_inputs_0;num_outputs_1;ul_135_440;lr_165_470;rul_150_-101;rlr_290_-29
./raqun/family_3_variant_1_TempMeasure.slx,738561.6688085076166316867,IfTruewehavegooddataIffalsewehavebaddataWithbaddatausepreviousgooddatafromNsamplesagoandholditonthatvalueforMsamples,name_IfTruewehavegooddataIffalsewehavebaddataWithbaddatausepreviousgooddatafromNsamplesagoandholditonthatvalueforMsamples;type_Switch;parent_name_CheckSumCorrection;hierarchy_depth_3;num_lines_5;num_inputs_3;num_outputs_1;ul_640_255;lr_665_525;rul_-340_-105;rlr_-335_-360
./raqun/family_3_variant_1_TempMeasure.slx,738560.7556017785100266337,InvertLogic,name_InvertLogic;type_Logic;parent_name_CheckSumCorrection;hierarchy_depth_3;num_lines_2;num_inputs_1;num_outputs_1;ul_525_379;lr_550_401;rul_-240_-40;rlr_-95_40
./raqun/family_3_variant_1_TempMeasure.slx,738560.9216356821125373244,LogicalOperator1,name_LogicalOperator1;type_Logic;parent_name_CheckSumCorrection;hierarchy_depth_3;num_lines_2;num_inputs_1;num_outputs_1;ul_205_354;lr_230_376;rul_-85_-4;rlr_-80_4
./raqun/family_3_variant_1_TempMeasure.slx,738561.3325682479189708829,Pre-ProcessedHeight,name_Pre-ProcessedHeight;type_Outport;parent_name_CheckSumCorrection;hierarchy_depth_3;num_lines_1;num_inputs_1;num_outputs_0;ul_805_488;lr_835_502;rul_-165_-233;rlr_-170_23
./raqun/family_3_variant_1_TempMeasure.slx,738561.2151408998761326075,DataTypeConversion1,name_DataTypeConversion1;type_DataTypeConversion;parent_name_UltrasoundProcessing;hierarchy_depth_2;num_lines_2;num_inputs_1;num_outputs_1;ul_250_83;lr_290_117;rul_-180_10;rlr_-190_-10
./raqun/family_3_variant_1_TempMeasure.slx,738560.8438485207734629512,Delay1,name_Delay1;type_Delay;parent_name_UltrasoundProcessing;hierarchy_depth_2;num_lines_2;num_inputs_1;num_outputs_1;ul_240_123;lr_275_157;rul_75_-42;rlr_185_2
./raqun/family_3_variant_1_TempMeasure.slx,738561.0541989535558968782,Display,name_Display;type_Display;parent_name_UltrasoundProcessing;hierarchy_depth_2;num_lines_1;num_inputs_1;num_outputs_0;ul_695_120;lr_785_150;rul_-50_97;rlr_55_118
./raqun/family_3_variant_1_TempMeasure.slx,738560.9470190892461687326,HeightCalculation,name_HeightCalculation;type_SubSystem;parent_name_UltrasoundProcessing;hierarchy_depth_2;num_lines_5;num_inputs_2;num_outputs_2;ul_315_81;lr_460_159;rul_-65_2;rlr_-170_-42
./raqun/family_3_variant_1_TempMeasure.slx,738560.9945175551110878587,u,name_u;type_Inport;parent_name_HeightCalculation;hierarchy_depth_3;num_lines_1;num_inputs_0;num_outputs_1;ul_20_101;lr_40_119;rul_160_-1;rlr_190_61
./raqun/family_3_variant_1_TempMeasure.slx,738561.5299118859693408012,z_1,name_z_1;type_Inport;parent_name_HeightCalculation;hierarchy_depth_3;num_lines_1;num_inputs_0;num_outputs_1;ul_20_136;lr_40_154;rul_160_-36;rlr_190_26
./raqun/family_3_variant_1_TempMeasure.slx,738561.5753852265188470483,Demux,name_Demux;type_Demux;parent_name_HeightCalculation;hierarchy_depth_3;num_lines_2;num_inputs_1;num_outputs_1;ul_270_230;lr_320_270;rul_-90_-130;rlr_-90_-90
./raqun/family_3_variant_1_TempMeasure.slx,738561.2639673217199742794,SFunction,name_SFunction;type_S-Function;parent_name_HeightCalculation;hierarchy_depth_3;num_lines_5;num_inputs_2;num_outputs_3;ul_180_100;lr_230_180;rul_-160_1;rlr_-190_-61
./raqun/family_3_variant_1_TempMeasure.slx,738561.1749950203811749816,Terminator,name_Terminator;type_Terminator;parent_name_HeightCalculation;hierarchy_depth_3;num_lines_1;num_inputs_1;num_outputs_0;ul_460_241;lr_480_259;rul_-190_-11;rlr_-160_11
./raqun/family_3_variant_1_TempMeasure.slx,738561.0024316196795552969,y,name_y;type_Outport;parent_name_HeightCalculation;hierarchy_depth_3;num_lines_1;num_inputs_1;num_outputs_0;ul_460_101;lr_480_119;rul_-280_-1;rlr_-250_61
./raqun/family_3_variant_1_TempMeasure.slx,738561.7124774346593767405,prev_good_height,name_prev_good_height;type_Outport;parent_name_HeightCalculation;hierarchy_depth_3;num_lines_1;num_inputs_1;num_outputs_0;ul_460_136;lr_480_154;rul_-280_-36;rlr_-250_26
./raqun/family_3_variant_1_TempMeasure.slx,738561.2016888126963749528,Height_CalulationI,name_Height_CalulationI;type_Scope;parent_name_UltrasoundProcessing;hierarchy_depth_2;num_lines_1;num_inputs_1;num_outputs_0;ul_605_84;lr_635_116;rul_-290_-3;rlr_-175_43
./raqun/family_3_variant_1_TempMeasure.slx,738561.3676803783746436238,Saturation1,name_Saturation1;type_Saturate;parent_name_UltrasoundProcessing;hierarchy_depth_2;num_lines_2;num_inputs_1;num_outputs_1;ul_950_230;lr_980_260;rul_-305_-13;rlr_-140_8
./raqun/family_3_variant_1_TempMeasure.slx,738560.9894500058144330978,ProcessedData,name_ProcessedData;type_Outport;parent_name_UltrasoundProcessing;hierarchy_depth_2;num_lines_1;num_inputs_1;num_outputs_0;ul_1005_238;lr_1035_252;rul_-55_-8;rlr_-55_8
./raqun/family_3_variant_1_TempMeasure.slx,738561.1851678356761112809,UltraSoundHeight_Processed,name_UltraSoundHeight_Processed;type_Outport;parent_name_CheckSumPre-Processing;hierarchy_depth_1;num_lines_1;num_inputs_1;num_outputs_0;ul_945_243;lr_975_257;rul_-225_-23;rlr_-110_23
./raqun/family_3_variant_1_TempMeasure.slx,738561.5352136973524466157,Magnetometer_Processed,name_Magnetometer_Processed;type_Outport;parent_name_CheckSumPre-Processing;hierarchy_depth_1;num_lines_1;num_inputs_1;num_outputs_0;ul_910_448;lr_940_462;rul_-315_-49;rlr_-195_44
./raqun/family_3_variant_1_TempMeasure.slx,738561.6930335144279524684,BodyRates-pqr,name_BodyRates-pqr;type_Outport;parent_name_CheckSumPre-Processing;hierarchy_depth_1;num_lines_1;num_inputs_1;num_outputs_0;ul_910_613;lr_940_627;rul_-250_-51;rlr_-190_51
./raqun/family_3_variant_1_TempMeasure.slx,738561.7014797816518694162,Accelerometer,name_Accelerometer;type_Outport;parent_name_CheckSumPre-Processing;hierarchy_depth_1;num_lines_1;num_inputs_1;num_outputs_0;ul_855_823;lr_885_837;rul_-270_-50;rlr_-105_45
./raqun/family_3_variant_1_TempMeasure.slx,738561.4492638950468972325,TempMeasure,name_TempMeasure;type_Outport;parent_name_CheckSumPre-Processing;hierarchy_depth_1;num_lines_1;num_inputs_1;num_outputs_0;ul_900_103;lr_930_117;rul_-245_-49;rlr_-125_44
./raqun/family_3_variant_1_TempMeasure.slx,738561.1091334978118538857,Constant1,name_Constant1;type_Constant;parent_name_family_3_variant_1_TempMeasure;hierarchy_depth_0;num_lines_1;num_inputs_0;num_outputs_1;ul_215_1037;lr_270_1063;rul_65_-32;rlr_30_-38
./raqun/family_3_variant_1_TempMeasure.slx,738560.7148802735609933734,DataTypeConversion3,name_DataTypeConversion3;type_DataTypeConversion;parent_name_family_3_variant_1_TempMeasure;hierarchy_depth_0;num_lines_2;num_inputs_1;num_outputs_1;ul_170_1000;lr_195_1030;rul_-150_4;rlr_-80_-4
./raqun/family_3_variant_1_TempMeasure.slx,738560.9456801090855151415,Deci-VoltstoVolts,name_Deci-VoltstoVolts;type_Gain;parent_name_family_3_variant_1_TempMeasure;hierarchy_depth_0;num_lines_3;num_inputs_1;num_outputs_1;ul_895_805;lr_950_835;rul_-250_-23;rlr_-95_23
./raqun/family_3_variant_1_TempMeasure.slx,738561.303431570646353066,Demux,name_Demux;type_Demux;parent_name_family_3_variant_1_TempMeasure;hierarchy_depth_0;num_lines_4;num_inputs_1;num_outputs_3;ul_175_666;lr_180_754;rul_-120_33;rlr_-65_-33
./raqun/family_3_variant_1_TempMeasure.slx,738560.8053787288954481483,Demux2,name_Demux2;type_Demux;parent_name_family_3_variant_1_TempMeasure;hierarchy_depth_0;num_lines_4;num_inputs_1;num_outputs_3;ul_185_551;lr_190_639;rul_-130_33;rlr_-75_-33
./raqun/family_3_variant_1_TempMeasure.slx,738560.9578444682992994785,DigitalClock1,name_DigitalClock1;type_DigitalClock;parent_name_family_3_variant_1_TempMeasure;hierarchy_depth_0;num_lines_1;num_inputs_0;num_outputs_1;ul_715_698;lr_780_722;rul_270_-3;rlr_295_3
./raqun/family_3_variant_1_TempMeasure.slx,738561.701612577773630619,DisplayBatteryVoltage,name_DisplayBatteryVoltage;type_Display;parent_name_family_3_variant_1_TempMeasure;hierarchy_depth_0;num_lines_1;num_inputs_1;num_outputs_0;ul_1035_875;lr_1125_905;rul_-140_-70;rlr_-175_-70
./raqun/family_3_variant_1_TempMeasure.slx,738560.9687113806139677763,From1,name_From1;type_From;parent_name_family_3_variant_1_TempMeasure;hierarchy_depth_0;num_lines_1;num_inputs_0;num_outputs_1;ul_55_699;lr_115_721;rul_120_-33;rlr_65_33
./raqun/family_3_variant_1_TempMeasure.slx,738561.0002674313727766275,From22,name_From22;type_From;parent_name_family_3_variant_1_TempMeasure;hierarchy_depth_0;num_lines_1;num_inputs_0;num_outputs_1;ul_55_584;lr_115_606;rul_130_-33;rlr_75_33
./raqun/family_3_variant_1_TempMeasure.slx,738561.6977598302764818072,From4,name_From4;type_From;parent_name_family_3_variant_1_TempMeasure;hierarchy_depth_0;num_lines_1;num_inputs_0;num_outputs_1;ul_20_1004;lr_115_1026;rul_150_-4;rlr_80_4
./raqun/family_3_variant_1_TempMeasure.slx,738561.2346450118348002434,Gain1,name_Gain1;type_Gain;parent_name_family_3_variant_1_TempMeasure;hierarchy_depth_0;num_lines_2;num_inputs_1;num_outputs_1;ul_345_995;lr_400_1035;rul_-65_10;rlr_-100_-10
./raqun/family_3_variant_1_TempMeasure.slx,738560.888825469883158803,Goto1,name_Goto1;type_Goto;parent_name_family_3_variant_1_TempMeasure;hierarchy_depth_0;num_lines_1;num_inputs_1;num_outputs_0;ul_815_367;lr_910_393;rul_-260_-4;rlr_-170_164
./raqun/family_3_variant_1_TempMeasure.slx,738560.7223881828831508756,Goto13,name_Goto13;type_Goto;parent_name_family_3_variant_1_TempMeasure;hierarchy_depth_0;num_lines_1;num_inputs_1;num_outputs_0;ul_815_408;lr_910_432;rul_-260_-45;rlr_-170_125
./raqun/family_3_variant_1_TempMeasure.slx,738561.6044650656403973699,Goto2,name_Goto2;type_Goto;parent_name_family_3_variant_1_TempMeasure;hierarchy_depth_0;num_lines_1;num_inputs_1;num_outputs_0;ul_810_448;lr_905_472;rul_-255_-85;rlr_-165_85
./raqun/family_3_variant_1_TempMeasure.slx,738561.6047863607527688146,Goto3,name_Goto3;type_Goto;parent_name_family_3_variant_1_TempMeasure;hierarchy_depth_0;num_lines_1;num_inputs_1;num_outputs_0;ul_815_489;lr_910_511;rul_-260_-126;rlr_-170_46
./raqun/family_3_variant_1_TempMeasure.slx,738560.8136353685986250639,Goto4,name_Goto4;type_Goto;parent_name_family_3_variant_1_TempMeasure;hierarchy_depth_0;num_lines_1;num_inputs_1;num_outputs_0;ul_815_529;lr_910_551;rul_-260_-166;rlr_-170_6
./raqun/family_3_variant_1_TempMeasure.slx,738560.8329347526887431741,InertialMeasurement,name_InertialMeasurement;type_Reference;parent_name_family_3_variant_1_TempMeasure;hierarchy_depth_0;num_lines_2;num_inputs_0;num_outputs_2;ul_175_393;lr_430_522;rul_380_-30;rlr_310_35
./raqun/family_3_variant_1_TempMeasure.slx,738560.9584640800021588802,Magdata,name_Magdata;type_Scope;parent_name_family_3_variant_1_TempMeasure;hierarchy_depth_0;num_lines_1;num_inputs_1;num_outputs_0;ul_335_668;lr_385_752;rul_-95_-5;rlr_-140_5
./raqun/family_3_variant_1_TempMeasure.slx,738560.8465823202859610319,Mux1,name_Mux1;type_Mux;parent_name_family_3_variant_1_TempMeasure;hierarchy_depth_0;num_lines_4;num_inputs_3;num_outputs_1;ul_240_663;lr_245_757;rul_-65_3;rlr_-65_-3
./raqun/family_3_variant_1_TempMeasure.slx,738561.4647442076820880175,Mux3,name_Mux3;type_Mux;parent_name_family_3_variant_1_TempMeasure;hierarchy_depth_0;num_lines_4;num_inputs_3;num_outputs_1;ul_265_548;lr_270_642;rul_-80_3;rlr_-80_-3
./raqun/family_3_variant_1_TempMeasure.slx,738561.2358955247327685356,Sum4,name_Sum4;type_Sum;parent_name_family_3_variant_1_TempMeasure;hierarchy_depth_0;num_lines_3;num_inputs_2;num_outputs_1;ul_280_1005;lr_300_1025;rul_-110_-5;rlr_-105_5
./raqun/family_3_variant_1_TempMeasure.slx,738561.372013844083994627,Time,name_Time;type_Display;parent_name_family_3_variant_1_TempMeasure;hierarchy_depth_0;num_lines_1;num_inputs_1;num_outputs_0;ul_985_695;lr_1075_725;rul_-270_3;rlr_-295_-3
./raqun/family_3_variant_2_TempMeasure.slx,738561.4895449146861210465,Bodyrates,name_Bodyrates;type_Scope;parent_name_family_3_variant_2_TempMeasure;hierarchy_depth_0;num_lines_1;num_inputs_1;num_outputs_0;ul_940_375;lr_1000_455;rul_-70_8;rlr_-125_-8
./raqun/family_3_variant_2_TempMeasure.slx,738561.2419161740690469742,CheckSumPre-Processing,name_CheckSumPre-Processing;type_SubSystem;parent_name_family_3_variant_2_TempMeasure;hierarchy_depth_0;num_lines_4;num_inputs_2;num_outputs_2;ul_555_365;lr_740_560;rul_-380_28;rlr_-310_-38
./raqun/family_3_variant_2_TempMeasure.slx,738560.7868241982068866491,IMUPackets,name_IMUPackets;type_Inport;parent_name_CheckSumPre-Processing;hierarchy_depth_1;num_lines_2;num_inputs_0;num_outputs_1;ul_0_617;lr_65_643;rul_485_-62;rlr_425_-18
./raqun/family_3_variant_2_TempMeasure.slx,738561.3729913001880049706,CheckSumFlag,name_CheckSumFlag;type_Inport;parent_name_CheckSumPre-Processing;hierarchy_depth_1;num_lines_2;num_inputs_0;num_outputs_1;ul_35_438;lr_65_452;rul_210_-8;rlr_305_8
./raqun/family_3_variant_2_TempMeasure.slx,738561.2707971333293244243,BusSelector,name_BusSelector;type_BusSelector;parent_name_CheckSumPre-Processing;hierarchy_depth_1;num_lines_4;num_inputs_1;num_outputs_3;ul_485_555;lr_490_625;rul_-485_62;rlr_-425_18
./raqun/family_3_variant_2_TempMeasure.slx,738561.0796041548019275069,BusSelector3,name_BusSelector3;type_BusSelector;parent_name_CheckSumPre-Processing;hierarchy_depth_1;num_lines_2;num_inputs_1;num_outputs_1;ul_450_339;lr_460_461;rul_-450_278;rlr_-395_182
./raqun/family_3_variant_2_TempMeasure.slx,738560.8226469139335677028,CheckSumValue,name_CheckSumValue;type_Scope;parent_name_CheckSumPre-Processing;hierarchy_depth_1;num_lines_1;num_inputs_1;num_outputs_0;ul_340_519;lr_370_551;rul_-305_-81;rlr_-305_-99
./raqun/family_3_variant_2_TempMeasure.slx,738561.0328701407415792346,Goto,name_Goto;type_Goto;parent_name_CheckSumPre-Processing;hierarchy_depth_1;num_lines_1;num_inputs_1;num_outputs_0;ul_245_430;lr_370_460;rul_-210_8;rlr_-305_-8
./raqun/family_3_variant_2_TempMeasure.slx,738561.4755670885788276792,Mux2,name_Mux2;type_Mux;parent_name_CheckSumPre-Processing;hierarchy_depth_1;num_lines_4;num_inputs_3;num_outputs_1;ul_540_554;lr_550_626;rul_-55_1;rlr_-60_-1
./raqun/family_3_variant_2_TempMeasure.slx,738560.8080995933851227164,RateGyroProcessing,name_RateGyroProcessing;type_SubSystem;parent_name_CheckSumPre-Processing;hierarchy_depth_1;num_lines_3;num_inputs_2;num_outputs_1;ul_660_562;lr_750_678;rul_-120_-8;rlr_-200_-52
./raqun/family_3_variant_2_TempMeasure.slx,738561.3126789217349141836,RawData,name_RawData;type_Inport;parent_name_RateGyroProcessing;hierarchy_depth_2;num_lines_1;num_inputs_0;num_outputs_1;ul_515_143;lr_545_157;rul_110_-21;rlr_275_21
./raqun/family_3_variant_2_TempMeasure.slx,738560.8380387659417465329,CheckSumFlag,name_CheckSumFlag;type_Inport;parent_name_RateGyroProcessing;hierarchy_depth_2;num_lines_1;num_inputs_0;num_outputs_1;ul_515_243;lr_545_257;rul_360_-106;rlr_525_-69
./raqun/family_3_variant_2_TempMeasure.slx,738561.0808024414582177997,CheckSumCorrection,name_CheckSumCorrection;type_SubSystem;parent_name_RateGyroProcessing;hierarchy_depth_2;num_lines_3;num_inputs_2;num_outputs_1;ul_875_137;lr_1070_188;rul_-250_-15;rlr_-250_-10
./raqun/family_3_variant_2_TempMeasure.slx,738560.8088378895772621036,CalculatedData,name_CalculatedData;type_Inport;parent_name_CheckSumCorrection;hierarchy_depth_3;num_lines_1;num_inputs_0;num_outputs_1;ul_300_150;lr_330_165;rul_340_105;rlr_335_360
./raqun/family_3_variant_2_TempMeasure.slx,738561.5152382460655644536,CheckSumFlag,name_CheckSumFlag;type_Inport;parent_name_CheckSumCorrection;hierarchy_depth_3;num_lines_1;num_inputs_0;num_outputs_1;ul_90_150;lr_120_165;rul_30_200;rlr_30_215
./raqun/family_3_variant_2_TempMeasure.slx,738561.2306131321238353848,CompareToZero,name_CompareToZero;type_SubSystem;parent_name_CheckSumCorrection;hierarchy_depth_3;num_lines_2;num_inputs_1;num_outputs_1;ul_120_350;lr_150_380;rul_-30_-200;rlr_-30_-215
./raqun/family_3_variant_2_TempMeasure.slx,738561.0682946799788624048,u,name_u;type_Inport;parent_name_CompareToZero;hierarchy_depth_4;num_lines_1;num_inputs_0;num_outputs_1;ul_15_28;lr_45_42;rul_130_-12;rlr_140_47
./raqun/family_3_variant_2_TempMeasure.slx,738561.3656542242970317602,Compare,name_Compare;type_RelationalOperator;parent_name_CompareToZero;hierarchy_depth_4;num_lines_3;num_inputs_2;num_outputs_1;ul_145_16;lr_185_89;rul_-130_12;rlr_-140_-47
./raqun/family_3_variant_2_TempMeasure.slx,738561.683365704957395792,Constant,name_Constant;type_Constant;parent_name_CompareToZero;hierarchy_depth_4;num_lines_1;num_inputs_0;num_outputs_1;ul_70_56;lr_100_84;rul_75_-40;rlr_85_5
./raqun/family_3_variant_2_TempMeasure.slx,738561.3172605688450857997,y,name_y;type_Outport;parent_name_CompareToZero;hierarchy_depth_4;num_lines_1;num_inputs_1;num_outputs_0;ul_270_48;lr_300_62;rul_-125_-32;rlr_-115_27
./raqun/family_3_variant_2_TempMeasure.slx,738560.9150812498992308974,Delay,name_Delay;type_Delay;parent_name_CheckSumCorrection;hierarchy_depth_3;num_lines_2;num_inputs_1;num_outputs_1;ul_640_573;lr_675_607;rul_0_-318;rlr_-10_-82
./raqun/family_3_variant_2_TempMeasure.slx,738560.8900318311061710119,GenerateSampleHoldingPulse,name_GenerateSampleHoldingPulse;type_SubSystem;parent_name_CheckSumCorrection;hierarchy_depth_3;num_lines_3;num_inputs_2;num_outputs_1;ul_285_339;lr_455_441;rul_-80_15;rlr_-225_-65
./raqun/family_3_variant_2_TempMeasure.slx,738561.4236919815884903073,CheckSumFlag,name_CheckSumFlag;type_Inport;parent_name_GenerateSampleHoldingPulse;hierarchy_depth_4;num_lines_1;num_inputs_0;num_outputs_1;ul_20_163;lr_50_177;rul_130_-21;rlr_260_21
./raqun/family_3_variant_2_TempMeasure.slx,738561.6039626210695132613,HoldDataTicks_Value,name_HoldDataTicks_Value;type_Inport;parent_name_GenerateSampleHoldingPulse;hierarchy_depth_4;num_lines_1;num_inputs_0;num_outputs_1;ul_190_278;lr_220_292;rul_215_-132;rlr_345_-48
./raqun/family_3_variant_2_TempMeasure.slx,738561.1773511465871706605,Chart,name_Chart;type_SubSystem;parent_name_GenerateSampleHoldingPulse;hierarchy_depth_4;num_lines_3;num_inputs_2;num_outputs_1;ul_405_146;lr_565_244;rul_-255_-4;rlr_-255_-46
./raqun/family_3_variant_2_TempMeasure.slx,738561.180769166792742908,if_transition,name_if_transition;type_Inport;parent_name_Chart;hierarchy_depth_5;num_lines_1;num_inputs_0;num_outputs_1;ul_20_101;lr_40_119;rul_160_-1;rlr_190_41
./raqun/family_3_variant_2_TempMeasure.slx,738561.1477030024398118258,HoldDataTicks,name_HoldDataTicks;type_Inport;parent_name_Chart;hierarchy_depth_5;num_lines_1;num_inputs_0;num_outputs_1;ul_20_136;lr_40_154;rul_160_-36;rlr_190_6
./raqun/family_3_variant_2_TempMeasure.slx,738560.7881336224963888526,Demux,name_Demux;type_Demux;parent_name_Chart;hierarchy_depth_5;num_lines_2;num_inputs_1;num_outputs_1;ul_270_230;lr_320_270;rul_-90_-130;rlr_-90_-110
./raqun/family_3_variant_2_TempMeasure.slx,738561.4964027539826929569,SFunction,name_SFunction;type_S-Function;parent_name_Chart;hierarchy_depth_5;num_lines_4;num_inputs_2;num_outputs_2;ul_180_100;lr_230_160;rul_-160_1;rlr_-190_-41
./raqun/family_3_variant_2_TempMeasure.slx,738561.2498681736178696156,Terminator,name_Terminator;type_Terminator;parent_name_Chart;hierarchy_depth_5;num_lines_1;num_inputs_1;num_outputs_0;ul_460_241;lr_480_259;rul_-190_-11;rlr_-160_11
./raqun/family_3_variant_2_TempMeasure.slx,738560.7993484861217439175,output,name_output;type_Outport;parent_name_Chart;hierarchy_depth_5;num_lines_1;num_inputs_1;num_outputs_0;ul_460_101;lr_480_119;rul_-280_-1;rlr_-250_41
./raqun/family_3_variant_2_TempMeasure.slx,738561.6194890878396108747,Constant2,name_Constant2;type_Constant;parent_name_GenerateSampleHoldingPulse;hierarchy_depth_4;num_lines_1;num_inputs_0;num_outputs_1;ul_530_70;lr_560_100;rul_80_102;rlr_80_103
./raqun/family_3_variant_2_TempMeasure.slx,738560.7674009117763489485,LogicalOperator1,name_LogicalOperator1;type_Logic;parent_name_GenerateSampleHoldingPulse;hierarchy_depth_4;num_lines_3;num_inputs_2;num_outputs_1;ul_610_172;lr_640_203;rul_-80_-102;rlr_-80_-103
./raqun/family_3_variant_2_TempMeasure.slx,738561.1796379974111914635,TransitionLogicDetection,name_TransitionLogicDetection;type_SubSystem;parent_name_GenerateSampleHoldingPulse;hierarchy_depth_4;num_lines_2;num_inputs_1;num_outputs_1;ul_150_142;lr_310_198;rul_-130_21;rlr_-260_-21
./raqun/family_3_variant_2_TempMeasure.slx,738561.2668615926522761583,Input,name_Input;type_Inport;parent_name_TransitionLogicDetection;hierarchy_depth_5;num_lines_2;num_inputs_0;num_outputs_1;ul_20_118;lr_50_132;rul_225_-91;rlr_225_-74
./raqun/family_3_variant_2_TempMeasure.slx,738561.1761332702590152621,Constant,name_Constant;type_Constant;parent_name_TransitionLogicDetection;hierarchy_depth_5;num_lines_1;num_inputs_0;num_outputs_1;ul_220_205;lr_250_235;rul_65_-23;rlr_65_-22
./raqun/family_3_variant_2_TempMeasure.slx,738560.8672936505172401667,Constant1,name_Constant1;type_Constant;parent_name_TransitionLogicDetection;hierarchy_depth_5;num_lines_1;num_inputs_0;num_outputs_1;ul_180_20;lr_210_50;rul_65_7;rlr_65_8
./raqun/family_3_variant_2_TempMeasure.slx,738561.1569445511559024453,LogicalOperator,name_LogicalOperator;type_Logic;parent_name_TransitionLogicDetection;hierarchy_depth_5;num_lines_3;num_inputs_2;num_outputs_1;ul_345_82;lr_375_113;rul_-100_-55;rlr_-100_-55
./raqun/family_3_variant_2_TempMeasure.slx,738560.7379939805250614882,RelationalOperator,name_RelationalOperator;type_RelationalOperator;parent_name_TransitionLogicDetection;hierarchy_depth_5;num_lines_3;num_inputs_2;num_outputs_1;ul_285_182;lr_315_213;rul_-60_-29;rlr_-55_-26
./raqun/family_3_variant_2_TempMeasure.slx,738561.2526611069915816188,RelationalOperator1,name_RelationalOperator1;type_RelationalOperator;parent_name_TransitionLogicDetection;hierarchy_depth_5;num_lines_3;num_inputs_2;num_outputs_1;ul_245_27;lr_275_58;rul_-65_-7;rlr_-65_-8
./raqun/family_3_variant_2_TempMeasure.slx,738561.3596327314153313637,UnitDelay,name_UnitDelay;type_UnitDelay;parent_name_TransitionLogicDetection;hierarchy_depth_5;num_lines_2;num_inputs_1;num_outputs_1;ul_225_153;lr_260_187;rul_-205_-35;rlr_-210_-55
./raqun/family_3_variant_2_TempMeasure.slx,738561.0200148704461753368,TransitionDetect,name_TransitionDetect;type_Outport;parent_name_TransitionLogicDetection;hierarchy_depth_5;num_lines_1;num_inputs_1;num_outputs_0;ul_415_93;lr_445_107;rul_-70_-11;rlr_-70_6
./raqun/family_3_variant_2_TempMeasure.slx,738561.37658260902389884,Hold_Data_Pulse,name_Hold_Data_Pulse;type_Outport;parent_name_GenerateSampleHoldingPulse;hierarchy_depth_4;num_lines_1;num_inputs_1;num_outputs_0;ul_800_183;lr_830_197;rul_-190_-11;rlr_-190_6
./raqun/family_3_variant_2_TempMeasure.slx,738561.1829854241805151105,HoldForMSamples,name_HoldForMSamples;type_Constant;parent_name_CheckSumCorrection;hierarchy_depth_3;num_lines_1;num_inputs_0;num_outputs_1;ul_135_440;lr_165_470;rul_150_-101;rlr_290_-29
./raqun/family_3_variant_2_TempMeasure.slx,738560.894540513283573091,IfTruewehavegooddataIffalsewehavebaddataWithbaddatausepreviousgooddatafromNsamplesagoandholditonthatvalueforMsamples,name_IfTruewehavegooddataIffalsewehavebaddataWithbaddatausepreviousgooddatafromNsamplesagoandholditonthatvalueforMsamples;type_Switch;parent_name_CheckSumCorrection;hierarchy_depth_3;num_lines_5;num_inputs_3;num_outputs_1;ul_640_255;lr_665_525;rul_-340_-105;rlr_-335_-360
./raqun/family_3_variant_2_TempMeasure.slx,738560.7975630882428959012,InvertLogic,name_InvertLogic;type_Logic;parent_name_CheckSumCorrection;hierarchy_depth_3;num_lines_2;num_inputs_1;num_outputs_1;ul_525_379;lr_550_401;rul_-240_-40;rlr_-95_40
./raqun/family_3_variant_2_TempMeasure.slx,738561.1751329503022134304,LogicalOperator1,name_LogicalOperator1;type_Logic;parent_name_CheckSumCorrection;hierarchy_depth_3;num_lines_2;num_inputs_1;num_outputs_1;ul_205_354;lr_230_376;rul_-85_-4;rlr_-80_4
./raqun/family_3_variant_2_TempMeasure.slx,738561.2019888861104846001,Pre-ProcessedHeight,name_Pre-ProcessedHeight;type_Outport;parent_name_CheckSumCorrection;hierarchy_depth_3;num_lines_1;num_inputs_1;num_outputs_0;ul_805_488;lr_835_502;rul_-165_-233;rlr_-170_23
./raqun/family_3_variant_2_TempMeasure.slx,738561.6800876494962722063,ProcessedData,name_ProcessedData;type_Outport;parent_name_RateGyroProcessing;hierarchy_depth_2;num_lines_1;num_inputs_1;num_outputs_0;ul_1175_158;lr_1205_172;rul_-300_-21;rlr_-135_16
./raqun/family_3_variant_2_TempMeasure.slx,738561.3781531130662187934,Rate_Gyro_Processing_Tag,name_Rate_Gyro_Processing_Tag;type_From;parent_name_CheckSumPre-Processing;hierarchy_depth_1;num_lines_1;num_inputs_0;num_outputs_1;ul_440_638;lr_540_662;rul_220_-76;rlr_210_16
./raqun/family_3_variant_2_TempMeasure.slx,738560.7496241448679938912,Temp,name_Temp;type_SubSystem;parent_name_CheckSumPre-Processing;hierarchy_depth_1;num_lines_3;num_inputs_2;num_outputs_1;ul_645_374;lr_795_481;rul_-195_-35;rlr_-335_-20
./raqun/family_3_variant_2_TempMeasure.slx,738561.6384826259454712272,Temperature,name_Temperature;type_Inport;parent_name_Temp;hierarchy_depth_2;num_lines_1;num_inputs_0;num_outputs_1;ul_50_93;lr_80_107;rul_115_-21;rlr_295_21
./raqun/family_3_variant_2_TempMeasure.slx,738561.6665506731951609254,CheckSumFlag,name_CheckSumFlag;type_Inport;parent_name_Temp;hierarchy_depth_2;num_lines_1;num_inputs_0;num_outputs_1;ul_50_248;lr_80_262;rul_410_-169;rlr_575_-101
./raqun/family_3_variant_2_TempMeasure.slx,738561.0441540435422211885,CheckSumCorrection,name_CheckSumCorrection;type_SubSystem;parent_name_Temp;hierarchy_depth_2;num_lines_4;num_inputs_2;num_outputs_1;ul_460_79;lr_655_161;rul_-295_-7;rlr_-280_-33
./raqun/family_3_variant_2_TempMeasure.slx,738561.3285723658045753837,CalculatedData,name_CalculatedData;type_Inport;parent_name_CheckSumCorrection;hierarchy_depth_3;num_lines_1;num_inputs_0;num_outputs_1;ul_300_150;lr_330_165;rul_340_105;rlr_335_360
./raqun/family_3_variant_2_TempMeasure.slx,738560.7408314172644168139,CheckSumFlag,name_CheckSumFlag;type_Inport;parent_name_CheckSumCorrection;hierarchy_depth_3;num_lines_1;num_inputs_0;num_outputs_1;ul_90_150;lr_120_165;rul_30_200;rlr_30_215
./raqun/family_3_variant_2_TempMeasure.slx,738561.6509963449789211154,CompareToZero,name_CompareToZero;type_SubSystem;parent_name_CheckSumCorrection;hierarchy_depth_3;num_lines_2;num_inputs_1;num_outputs_1;ul_120_350;lr_150_380;rul_-30_-200;rlr_-30_-215
./raqun/family_3_variant_2_TempMeasure.slx,738561.5959885448683053255,u,name_u;type_Inport;parent_name_CompareToZero;hierarchy_depth_4;num_lines_1;num_inputs_0;num_outputs_1;ul_15_28;lr_45_42;rul_130_-12;rlr_140_47
./raqun/family_3_variant_2_TempMeasure.slx,738561.3329890661407262087,Compare,name_Compare;type_RelationalOperator;parent_name_CompareToZero;hierarchy_depth_4;num_lines_3;num_inputs_2;num_outputs_1;ul_145_16;lr_185_89;rul_-130_12;rlr_-140_-47
./raqun/family_3_variant_2_TempMeasure.slx,738561.4056007734034210443,Constant,name_Constant;type_Constant;parent_name_CompareToZero;hierarchy_depth_4;num_lines_1;num_inputs_0;num_outputs_1;ul_70_56;lr_100_84;rul_75_-40;rlr_85_5
./raqun/family_3_variant_2_TempMeasure.slx,738561.2516552162123844028,y,name_y;type_Outport;parent_name_CompareToZero;hierarchy_depth_4;num_lines_1;num_inputs_1;num_outputs_0;ul_270_48;lr_300_62;rul_-125_-32;rlr_-115_27
./raqun/family_3_variant_2_TempMeasure.slx,738561.6820038503501564264,Delay,name_Delay;type_Delay;parent_name_CheckSumCorrection;hierarchy_depth_3;num_lines_2;num_inputs_1;num_outputs_1;ul_640_573;lr_675_607;rul_0_-318;rlr_-10_-82
./raqun/family_3_variant_2_TempMeasure.slx,738561.0835011405870318413,GenerateSampleHoldingPulse,name_GenerateSampleHoldingPulse;type_SubSystem;parent_name_CheckSumCorrection;hierarchy_depth_3;num_lines_3;num_inputs_2;num_outputs_1;ul_285_339;lr_455_441;rul_-80_15;rlr_-225_-65
./raqun/family_3_variant_2_TempMeasure.slx,738561.4320127087412402034,CheckSumFlag,name_CheckSumFlag;type_Inport;parent_name_GenerateSampleHoldingPulse;hierarchy_depth_4;num_lines_1;num_inputs_0;num_outputs_1;ul_20_163;lr_50_177;rul_130_-21;rlr_260_21
./raqun/family_3_variant_2_TempMeasure.slx,738561.3200201507424935699,HoldDataTicks_Value,name_HoldDataTicks_Value;type_Inport;parent_name_GenerateSampleHoldingPulse;hierarchy_depth_4;num_lines_1;num_inputs_0;num_outputs_1;ul_190_278;lr_220_292;rul_215_-132;rlr_345_-48
./raqun/family_3_variant_2_TempMeasure.slx,738561.3055789618520066142,Chart,name_Chart;type_SubSystem;parent_name_GenerateSampleHoldingPulse;hierarchy_depth_4;num_lines_3;num_inputs_2;num_outputs_1;ul_405_146;lr_565_244;rul_-255_-4;rlr_-255_-46
./raqun/family_3_variant_2_TempMeasure.slx,738561.2628523185849189758,if_transition,name_if_transition;type_Inport;parent_name_Chart;hierarchy_depth_5;num_lines_1;num_inputs_0;num_outputs_1;ul_20_101;lr_40_119;rul_160_-1;rlr_190_41
./raqun/family_3_variant_2_TempMeasure.slx,738561.2118107067653909326,HoldDataTicks,name_HoldDataTicks;type_Inport;parent_name_Chart;hierarchy_depth_5;num_lines_1;num_inputs_0;num_outputs_1;ul_20_136;lr_40_154;rul_160_-36;rlr_190_6
./raqun/family_3_variant_2_TempMeasure.slx,738561.553072886192239821,Demux,name_Demux;type_Demux;parent_name_Chart;hierarchy_depth_5;num_lines_2;num_inputs_1;num_outputs_1;ul_270_230;lr_320_270;rul_-90_-130;rlr_-90_-110
./raqun/family_3_variant_2_TempMeasure.slx,738561.1747486439999192953,SFunction,name_SFunction;type_S-Function;parent_name_Chart;hierarchy_depth_5;num_lines_4;num_inputs_2;num_outputs_2;ul_180_100;lr_230_160;rul_-160_1;rlr_-190_-41
./raqun/family_3_variant_2_TempMeasure.slx,738560.9022092598024755716,Terminator,name_Terminator;type_Terminator;parent_name_Chart;hierarchy_depth_5;num_lines_1;num_inputs_1;num_outputs_0;ul_460_241;lr_480_259;rul_-190_-11;rlr_-160_11
./raqun/family_3_variant_2_TempMeasure.slx,738561.1101211956702172756,output,name_output;type_Outport;parent_name_Chart;hierarchy_depth_5;num_lines_1;num_inputs_1;num_outputs_0;ul_460_101;lr_480_119;rul_-280_-1;rlr_-250_41
./raqun/family_3_variant_2_TempMeasure.slx,738560.7761616827920079231,Constant2,name_Constant2;type_Constant;parent_name_GenerateSampleHoldingPulse;hierarchy_depth_4;num_lines_1;num_inputs_0;num_outputs_1;ul_530_70;lr_560_100;rul_80_102;rlr_80_103
./raqun/family_3_variant_2_TempMeasure.slx,738560.8605567836202681065,LogicalOperator1,name_LogicalOperator1;type_Logic;parent_name_GenerateSampleHoldingPulse;hierarchy_depth_4;num_lines_3;num_inputs_2;num_outputs_1;ul_610_172;lr_640_203;rul_-80_-102;rlr_-80_-103
./raqun/family_3_variant_2_TempMeasure.slx,738561.3225459211971610785,TransitionLogicDetection,name_TransitionLogicDetection;type_SubSystem;parent_name_GenerateSampleHoldingPulse;hierarchy_depth_4;num_lines_2;num_inputs_1;num_outputs_1;ul_150_142;lr_310_198;rul_-130_21;rlr_-260_-21
./raqun/family_3_variant_2_TempMeasure.slx,738561.2017864931840449572,Input,name_Input;type_Inport;parent_name_TransitionLogicDetection;hierarchy_depth_5;num_lines_2;num_inputs_0;num_outputs_1;ul_20_118;lr_50_132;rul_225_-91;rlr_225_-74
./raqun/family_3_variant_2_TempMeasure.slx,738561.519404524122364819,Constant,name_Constant;type_Constant;parent_name_TransitionLogicDetection;hierarchy_depth_5;num_lines_1;num_inputs_0;num_outputs_1;ul_220_205;lr_250_235;rul_65_-23;rlr_65_-22
./raqun/family_3_variant_2_TempMeasure.slx,738561.5133386579109355807,Constant1,name_Constant1;type_Constant;parent_name_TransitionLogicDetection;hierarchy_depth_5;num_lines_1;num_inputs_0;num_outputs_1;ul_180_20;lr_210_50;rul_65_7;rlr_65_8
./raqun/family_3_variant_2_TempMeasure.slx,738560.8425203891238197684,LogicalOperator,name_LogicalOperator;type_Logic;parent_name_TransitionLogicDetection;hierarchy_depth_5;num_lines_3;num_inputs_2;num_outputs_1;ul_345_82;lr_375_113;rul_-100_-55;rlr_-100_-55
./raqun/family_3_variant_2_TempMeasure.slx,738561.1568315018666908145,RelationalOperator,name_RelationalOperator;type_RelationalOperator;parent_name_TransitionLogicDetection;hierarchy_depth_5;num_lines_3;num_inputs_2;num_outputs_1;ul_285_182;lr_315_213;rul_-60_-29;rlr_-55_-26
./raqun/family_3_variant_2_TempMeasure.slx,738561.4498710932675749063,RelationalOperator1,name_RelationalOperator1;type_RelationalOperator;parent_name_TransitionLogicDetection;hierarchy_depth_5;num_lines_3;num_inputs_2;num_outputs_1;ul_245_27;lr_275_58;rul_-65_-7;rlr_-65_-8
./raqun/family_3_variant_2_TempMeasure.slx,738561.2607774846255779266,UnitDelay,name_UnitDelay;type_UnitDelay;parent_name_TransitionLogicDetection;hierarchy_depth_5;num_lines_2;num_inputs_1;num_outputs_1;ul_225_153;lr_260_187;rul_-205_-35;rlr_-210_-55
./raqun/family_3_variant_2_TempMeasure.slx,738560.9877287043491378427,TransitionDetect,name_TransitionDetect;type_Outport;parent_name_TransitionLogicDetection;hierarchy_depth_5;num_lines_1;num_inputs_1;num_outputs_0;ul_415_93;lr_445_107;rul_-70_-11;rlr_-70_6
./raqun/family_3_variant_2_TempMeasure.slx,738560.7652699524769559503,Hold_Data_Pulse,name_Hold_Data_Pulse;type_Outport;parent_name_GenerateSampleHoldingPulse;hierarchy_depth_4;num_lines_1;num_inputs_1;num_outputs_0;ul_800_183;lr_830_197;rul_-190_-11;rlr_-190_6
./raqun/family_3_variant_2_TempMeasure.slx,738560.7245184335624799132,HoldForMSamples,name_HoldForMSamples;type_Constant;parent_name_CheckSumCorrection;hierarchy_depth_3;num_lines_1;num_inputs_0;num_outputs_1;ul_135_440;lr_165_470;rul_150_-101;rlr_290_-29
./raqun/family_3_variant_2_TempMeasure.slx,738561.4201175535563379526,IfTruewehavegooddataIffalsewehavebaddataWithbaddatausepreviousgooddatafromNsamplesagoandholditonthatvalueforMsamples,name_IfTruewehavegooddataIffalsewehavebaddataWithbaddatausepreviousgooddatafromNsamplesagoandholditonthatvalueforMsamples;type_Switch;parent_name_CheckSumCorrection;hierarchy_depth_3;num_lines_5;num_inputs_3;num_outputs_1;ul_640_255;lr_665_525;rul_-340_-105;rlr_-335_-360
./raqun/family_3_variant_2_TempMeasure.slx,738560.8167466259328648448,InvertLogic,name_InvertLogic;type_Logic;parent_name_CheckSumCorrection;hierarchy_depth_3;num_lines_2;num_inputs_1;num_outputs_1;ul_525_379;lr_550_401;rul_-240_-40;rlr_-95_40
./raqun/family_3_variant_2_TempMeasure.slx,738560.9205063184490427375,LogicalOperator1,name_LogicalOperator1;type_Logic;parent_name_CheckSumCorrection;hierarchy_depth_3;num_lines_2;num_inputs_1;num_outputs_1;ul_205_354;lr_230_376;rul_-85_-4;rlr_-80_4
./raqun/family_3_variant_2_TempMeasure.slx,738561.5829558643745258451,Pre-ProcessedData,name_Pre-ProcessedData;type_Outport;parent_name_CheckSumCorrection;hierarchy_depth_3;num_lines_1;num_inputs_1;num_outputs_0;ul_805_488;lr_835_502;rul_-165_-233;rlr_-170_23
./raqun/family_3_variant_2_TempMeasure.slx,738560.7542207365622743964,Display,name_Display;type_Display;parent_name_Temp;hierarchy_depth_2;num_lines_1;num_inputs_1;num_outputs_0;ul_715_15;lr_805_45;rul_-255_64;rlr_-150_116
./raqun/family_3_variant_2_TempMeasure.slx,738560.7666172959143295884,ProcessedData,name_ProcessedData;type_Outport;parent_name_Temp;hierarchy_depth_2;num_lines_1;num_inputs_1;num_outputs_0;ul_920_113;lr_950_127;rul_-460_-34;rlr_-295_34
./raqun/family_3_variant_2_TempMeasure.slx,738560.7126814548391848803,Temp_Checksum_Tag,name_Temp_Checksum_Tag;type_From;parent_name_CheckSumPre-Processing;hierarchy_depth_1;num_lines_1;num_inputs_0;num_outputs_1;ul_485_493;lr_585_517;rul_160_-119;rlr_210_-36
./raqun/family_3_variant_2_TempMeasure.slx,738561.1982240576762706041,BodyRates-pqr,name_BodyRates-pqr;type_Outport;parent_name_CheckSumPre-Processing;hierarchy_depth_1;num_lines_1;num_inputs_1;num_outputs_0;ul_910_613;lr_940_627;rul_-250_-51;rlr_-190_51
./raqun/family_3_variant_2_TempMeasure.slx,738560.7704150478821247816,TempMeasure,name_TempMeasure;type_Outport;parent_name_CheckSumPre-Processing;hierarchy_depth_1;num_lines_1;num_inputs_1;num_outputs_0;ul_890_423;lr_920_437;rul_-245_-49;rlr_-125_44
./raqun/family_3_variant_2_TempMeasure.slx,738561.400910942698828876,Constant1,name_Constant1;type_Constant;parent_name_family_3_variant_2_TempMeasure;hierarchy_depth_0;num_lines_1;num_inputs_0;num_outputs_1;ul_845_532;lr_900_558;rul_65_-32;rlr_30_-38
./raqun/family_3_variant_2_TempMeasure.slx,738561.3354862007545307279,DataTypeConversion3,name_DataTypeConversion3;type_DataTypeConversion;parent_name_family_3_variant_2_TempMeasure;hierarchy_depth_0;num_lines_2;num_inputs_1;num_outputs_1;ul_800_495;lr_835_525;rul_-245_-130;rlr_-95_35
./raqun/family_3_variant_2_TempMeasure.slx,738561.2521330867893993855,Demux2,name_Demux2;type_Demux;parent_name_family_3_variant_2_TempMeasure;hierarchy_depth_0;num_lines_4;num_inputs_1;num_outputs_3;ul_800_383;lr_805_447;rul_-245_-18;rlr_-65_113
./raqun/family_3_variant_2_TempMeasure.slx,738561.1436504782177507877,Gain1,name_Gain1;type_Gain;parent_name_family_3_variant_2_TempMeasure;hierarchy_depth_0;num_lines_2;num_inputs_1;num_outputs_1;ul_975_490;lr_1030_530;rul_-65_10;rlr_-100_-10
./raqun/family_3_variant_2_TempMeasure.slx,738561.3780545826302841306,InertialMeasurement,name_InertialMeasurement;type_Reference;parent_name_family_3_variant_2_TempMeasure;hierarchy_depth_0;num_lines_2;num_inputs_0;num_outputs_2;ul_175_393;lr_430_522;rul_380_-28;rlr_310_38
./raqun/family_3_variant_2_TempMeasure.slx,738561.4871547693619504571,Mux3,name_Mux3;type_Mux;parent_name_family_3_variant_2_TempMeasure;hierarchy_depth_0;num_lines_4;num_inputs_3;num_outputs_1;ul_870_383;lr_875_447;rul_-70_0;rlr_-70_0
./raqun/family_3_variant_2_TempMeasure.slx,738561.3475346306804567575,Sum4,name_Sum4;type_Sum;parent_name_family_3_variant_2_TempMeasure;hierarchy_depth_0;num_lines_3;num_inputs_2;num_outputs_1;ul_910_500;lr_930_520;rul_-110_-5;rlr_-95_5
./raqun/family_3_variant_2_TempMeasure.slx,738560.7456741443602368236,Temp,name_Temp;type_Scope;parent_name_family_3_variant_2_TempMeasure;hierarchy_depth_0;num_lines_1;num_inputs_1;num_outputs_0;ul_1115_468;lr_1165_552;rul_-140_22;rlr_-135_-22
