./raqun/family_26_variant_1_sensor_msgs.slx,738561.1908019079128280282,PublishJointState,name_PublishJointState;type_S-Function;parent_name_family_26_variant_1_sensor_msgs;hierarchy_depth_0;num_lines_3;num_inputs_3;num_outputs_0;ul_345_310;lr_620_460;rul_0_0;rlr_0_0
./raqun/family_26_variant_1_sensor_msgs.slx,738561.3812561912927776575,PublishJoystick,name_PublishJoystick;type_S-Function;parent_name_family_26_variant_1_sensor_msgs;hierarchy_depth_0;num_lines_2;num_inputs_2;num_outputs_0;ul_535_145;lr_655_245;rul_0_0;rlr_0_0
./raqun/family_26_variant_1_sensor_msgs.slx,738561.1381041541462764144,SubscribeImage,name_SubscribeImage;type_S-Function;parent_name_family_26_variant_1_sensor_msgs;hierarchy_depth_0;num_lines_0;num_inputs_0;num_outputs_3;ul_680_505;lr_955_655;rul_0_0;rlr_0_0
./raqun/family_26_variant_1_sensor_msgs.slx,738561.6377737062284722924,SubscribeJointState,name_SubscribeJointState;type_S-Function;parent_name_family_26_variant_1_sensor_msgs;hierarchy_depth_0;num_lines_0;num_inputs_0;num_outputs_4;ul_680_313;lr_955_462;rul_0_0;rlr_0_0
./raqun/family_26_variant_1_sensor_msgs.slx,738561.5348510316107422113,SubscribeJoystick,name_SubscribeJoystick;type_S-Function;parent_name_family_26_variant_1_sensor_msgs;hierarchy_depth_0;num_lines_0;num_inputs_0;num_outputs_3;ul_745_129;lr_930_261;rul_0_0;rlr_0_0
./raqun/family_26_variant_2_sensor_msgs.slx,738560.9196828821441158652,PublishJointState,name_PublishJointState;type_S-Function;parent_name_family_26_variant_2_sensor_msgs;hierarchy_depth_0;num_lines_3;num_inputs_3;num_outputs_0;ul_345_310;lr_620_460;rul_0_0;rlr_0_0
./raqun/family_26_variant_2_sensor_msgs.slx,738561.5257956489222124219,PublishJoystick,name_PublishJoystick;type_S-Function;parent_name_family_26_variant_2_sensor_msgs;hierarchy_depth_0;num_lines_2;num_inputs_2;num_outputs_0;ul_535_145;lr_655_245;rul_0_0;rlr_0_0
./raqun/family_26_variant_2_sensor_msgs.slx,738561.4143544922117143869,S-Function,name_S-Function;type_S-Function;parent_name_family_26_variant_2_sensor_msgs;hierarchy_depth_0;num_lines_1;num_inputs_1;num_outputs_0;ul_465_727;lr_620_813;rul_0_0;rlr_0_0
./raqun/family_26_variant_2_sensor_msgs.slx,738561.0426909620873630047,SubscribeImage,name_SubscribeImage;type_S-Function;parent_name_family_26_variant_2_sensor_msgs;hierarchy_depth_0;num_lines_0;num_inputs_0;num_outputs_3;ul_680_505;lr_955_655;rul_0_0;rlr_0_0
./raqun/family_26_variant_2_sensor_msgs.slx,738561.3615134544670581818,SubscribeJointState,name_SubscribeJointState;type_S-Function;parent_name_family_26_variant_2_sensor_msgs;hierarchy_depth_0;num_lines_0;num_inputs_0;num_outputs_4;ul_680_313;lr_955_462;rul_0_0;rlr_0_0
./raqun/family_26_variant_2_sensor_msgs.slx,738561.5140079975826665759,SubscribeJoystick,name_SubscribeJoystick;type_S-Function;parent_name_family_26_variant_2_sensor_msgs;hierarchy_depth_0;num_lines_0;num_inputs_0;num_outputs_3;ul_745_129;lr_930_261;rul_0_0;rlr_0_0
