./raqun/family_18_variant_1_example_SQProblem.mdl,738561.133573080413043499,FromWorkspace1,name_FromWorkspace1;type_FromWorkspace;parent_name_family_18_variant_1_example_SQProblem;hierarchy_depth_0;num_lines_1;num_inputs_0;num_outputs_1;ul_85_53;lr_150_77;rul_515_173;rlr_645_187
./raqun/family_18_variant_1_example_SQProblem.mdl,738561.5281758886994794011,FromWorkspace2,name_FromWorkspace2;type_FromWorkspace;parent_name_family_18_variant_1_example_SQProblem;hierarchy_depth_0;num_lines_1;num_inputs_0;num_outputs_1;ul_85_113;lr_150_137;rul_515_113;rlr_645_127
./raqun/family_18_variant_1_example_SQProblem.mdl,738560.9902164476225152612,FromWorkspace3,name_FromWorkspace3;type_FromWorkspace;parent_name_family_18_variant_1_example_SQProblem;hierarchy_depth_0;num_lines_1;num_inputs_0;num_outputs_1;ul_85_173;lr_150_197;rul_515_53;rlr_645_67
./raqun/family_18_variant_1_example_SQProblem.mdl,738561.5010859563481062651,FromWorkspace4,name_FromWorkspace4;type_FromWorkspace;parent_name_family_18_variant_1_example_SQProblem;hierarchy_depth_0;num_lines_1;num_inputs_0;num_outputs_1;ul_85_233;lr_150_257;rul_515_-7;rlr_645_7
./raqun/family_18_variant_1_example_SQProblem.mdl,738561.5509802221786230803,FromWorkspace5,name_FromWorkspace5;type_FromWorkspace;parent_name_family_18_variant_1_example_SQProblem;hierarchy_depth_0;num_lines_1;num_inputs_0;num_outputs_1;ul_85_293;lr_150_317;rul_515_-67;rlr_645_-53
./raqun/family_18_variant_1_example_SQProblem.mdl,738560.7942749211797490716,FromWorkspace6,name_FromWorkspace6;type_FromWorkspace;parent_name_family_18_variant_1_example_SQProblem;hierarchy_depth_0;num_lines_1;num_inputs_0;num_outputs_1;ul_85_353;lr_150_377;rul_515_-127;rlr_645_-113
./raqun/family_18_variant_1_example_SQProblem.mdl,738561.3909777563530951738,FromWorkspace7,name_FromWorkspace7;type_FromWorkspace;parent_name_family_18_variant_1_example_SQProblem;hierarchy_depth_0;num_lines_1;num_inputs_0;num_outputs_1;ul_85_418;lr_150_442;rul_515_-192;rlr_645_-178
./raqun/family_18_variant_1_example_SQProblem.mdl,738561.4599490257678553462,fvalxexitflagiter,name_fvalxexitflagiter;type_Scope;parent_name_family_18_variant_1_example_SQProblem;hierarchy_depth_0;num_lines_4;num_inputs_4;num_outputs_0;ul_935_229;lr_965_261;rul_-335_-3;rlr_-170_3
./raqun/family_18_variant_1_example_SQProblem.mdl,738561.4834427706664428115,qpOASES,name_qpOASES;type_S-Function;parent_name_family_18_variant_1_example_SQProblem;hierarchy_depth_0;num_lines_11;num_inputs_7;num_outputs_4;ul_600_226;lr_795_264;rul_-515_-173;rlr_-645_-187
./raqun/family_18_variant_2_example_SQProblem.mdl,738560.9582298225723206997,A,name_A;type_FromWorkspace;parent_name_family_18_variant_2_example_SQProblem;hierarchy_depth_0;num_lines_1;num_inputs_0;num_outputs_1;ul_100_198;lr_165_222;rul_490_26;rlr_625_74
./raqun/family_18_variant_2_example_SQProblem.mdl,738561.2530448209727182984,H,name_H;type_FromWorkspace;parent_name_family_18_variant_2_example_SQProblem;hierarchy_depth_0;num_lines_1;num_inputs_0;num_outputs_1;ul_100_98;lr_165_122;rul_490_126;rlr_625_174
./raqun/family_18_variant_2_example_SQProblem.mdl,738561.2392727963160723448,g,name_g;type_FromWorkspace;parent_name_family_18_variant_2_example_SQProblem;hierarchy_depth_0;num_lines_1;num_inputs_0;num_outputs_1;ul_100_148;lr_165_172;rul_490_76;rlr_625_124
./raqun/family_18_variant_2_example_SQProblem.mdl,738561.2873243860667571425,lb,name_lb;type_FromWorkspace;parent_name_family_18_variant_2_example_SQProblem;hierarchy_depth_0;num_lines_1;num_inputs_0;num_outputs_1;ul_100_248;lr_165_272;rul_490_-24;rlr_625_24
./raqun/family_18_variant_2_example_SQProblem.mdl,738560.7437738421140238643,lbA,name_lbA;type_FromWorkspace;parent_name_family_18_variant_2_example_SQProblem;hierarchy_depth_0;num_lines_1;num_inputs_0;num_outputs_1;ul_100_348;lr_165_372;rul_490_-124;rlr_625_-76
./raqun/family_18_variant_2_example_SQProblem.mdl,738560.8559478239621967077,qpOASES,name_qpOASES;type_S-Function;parent_name_family_18_variant_2_example_SQProblem;hierarchy_depth_0;num_lines_11;num_inputs_7;num_outputs_4;ul_590_224;lr_790_296;rul_-490_-126;rlr_-625_-174
./raqun/family_18_variant_2_example_SQProblem.mdl,738561.5404388649621978402,ub,name_ub;type_FromWorkspace;parent_name_family_18_variant_2_example_SQProblem;hierarchy_depth_0;num_lines_1;num_inputs_0;num_outputs_1;ul_100_298;lr_165_322;rul_490_-74;rlr_625_-26
./raqun/family_18_variant_2_example_SQProblem.mdl,738561.649932977044954896,ubA,name_ubA;type_FromWorkspace;parent_name_family_18_variant_2_example_SQProblem;hierarchy_depth_0;num_lines_1;num_inputs_0;num_outputs_1;ul_100_398;lr_165_422;rul_490_-174;rlr_625_-126
./raqun/family_18_variant_2_example_SQProblem.mdl,738561.2654143981635570526,xfvalexitflagiter,name_xfvalexitflagiter;type_Scope;parent_name_family_18_variant_2_example_SQProblem;hierarchy_depth_0;num_lines_4;num_inputs_4;num_outputs_0;ul_950_223;lr_1005_297;rul_-360_1;rlr_-215_-1
./raqun/family_18_variant_3_example_SQProblem.mdl,738560.8010221535805612803,A,name_A;type_FromWorkspace;parent_name_family_18_variant_3_example_SQProblem;hierarchy_depth_0;num_lines_1;num_inputs_0;num_outputs_1;ul_100_198;lr_165_222;rul_490_26;rlr_625_74
./raqun/family_18_variant_3_example_SQProblem.mdl,738560.7772239213809370995,H,name_H;type_FromWorkspace;parent_name_family_18_variant_3_example_SQProblem;hierarchy_depth_0;num_lines_1;num_inputs_0;num_outputs_1;ul_100_98;lr_165_122;rul_490_126;rlr_625_174
./raqun/family_18_variant_3_example_SQProblem.mdl,738561.0059131472371518612,g,name_g;type_FromWorkspace;parent_name_family_18_variant_3_example_SQProblem;hierarchy_depth_0;num_lines_1;num_inputs_0;num_outputs_1;ul_100_148;lr_165_172;rul_490_76;rlr_625_124
./raqun/family_18_variant_3_example_SQProblem.mdl,738561.4016391191398724914,lb,name_lb;type_FromWorkspace;parent_name_family_18_variant_3_example_SQProblem;hierarchy_depth_0;num_lines_1;num_inputs_0;num_outputs_1;ul_100_248;lr_165_272;rul_490_-24;rlr_625_24
./raqun/family_18_variant_3_example_SQProblem.mdl,738560.7363132808823138475,lbA,name_lbA;type_FromWorkspace;parent_name_family_18_variant_3_example_SQProblem;hierarchy_depth_0;num_lines_1;num_inputs_0;num_outputs_1;ul_100_348;lr_165_372;rul_490_-124;rlr_625_-76
./raqun/family_18_variant_3_example_SQProblem.mdl,738561.6223207885632291436,qpOASES,name_qpOASES;type_S-Function;parent_name_family_18_variant_3_example_SQProblem;hierarchy_depth_0;num_lines_11;num_inputs_7;num_outputs_4;ul_590_224;lr_790_296;rul_-490_-126;rlr_-625_-174
./raqun/family_18_variant_3_example_SQProblem.mdl,738561.2956386177102103829,ub,name_ub;type_FromWorkspace;parent_name_family_18_variant_3_example_SQProblem;hierarchy_depth_0;num_lines_1;num_inputs_0;num_outputs_1;ul_100_298;lr_165_322;rul_490_-74;rlr_625_-26
./raqun/family_18_variant_3_example_SQProblem.mdl,738561.3504357289057224989,ubA,name_ubA;type_FromWorkspace;parent_name_family_18_variant_3_example_SQProblem;hierarchy_depth_0;num_lines_1;num_inputs_0;num_outputs_1;ul_100_398;lr_165_422;rul_490_-174;rlr_625_-126
./raqun/family_18_variant_3_example_SQProblem.mdl,738560.728338338783942163,xfvalexitflagiter,name_xfvalexitflagiter;type_Scope;parent_name_family_18_variant_3_example_SQProblem;hierarchy_depth_0;num_lines_4;num_inputs_4;num_outputs_0;ul_950_223;lr_1005_297;rul_-360_1;rlr_-215_-1
./raqun/family_18_variant_4_example_SQProblem.mdl,738561.3188501388067379594,FromWorkspace1,name_FromWorkspace1;type_FromWorkspace;parent_name_family_18_variant_4_example_SQProblem;hierarchy_depth_0;num_lines_1;num_inputs_0;num_outputs_1;ul_85_53;lr_150_77;rul_375_173;rlr_505_187
./raqun/family_18_variant_4_example_SQProblem.mdl,738560.9823362581664696336,FromWorkspace2,name_FromWorkspace2;type_FromWorkspace;parent_name_family_18_variant_4_example_SQProblem;hierarchy_depth_0;num_lines_1;num_inputs_0;num_outputs_1;ul_85_113;lr_150_137;rul_375_113;rlr_505_127
./raqun/family_18_variant_4_example_SQProblem.mdl,738561.6358435415895655751,FromWorkspace3,name_FromWorkspace3;type_FromWorkspace;parent_name_family_18_variant_4_example_SQProblem;hierarchy_depth_0;num_lines_1;num_inputs_0;num_outputs_1;ul_85_173;lr_150_197;rul_375_53;rlr_505_67
./raqun/family_18_variant_4_example_SQProblem.mdl,738561.6858691140078008175,FromWorkspace4,name_FromWorkspace4;type_FromWorkspace;parent_name_family_18_variant_4_example_SQProblem;hierarchy_depth_0;num_lines_1;num_inputs_0;num_outputs_1;ul_85_233;lr_150_257;rul_375_-7;rlr_505_7
./raqun/family_18_variant_4_example_SQProblem.mdl,738561.446756387478671968,FromWorkspace5,name_FromWorkspace5;type_FromWorkspace;parent_name_family_18_variant_4_example_SQProblem;hierarchy_depth_0;num_lines_1;num_inputs_0;num_outputs_1;ul_85_293;lr_150_317;rul_375_-67;rlr_505_-53
./raqun/family_18_variant_4_example_SQProblem.mdl,738560.7557983443839475513,FromWorkspace6,name_FromWorkspace6;type_FromWorkspace;parent_name_family_18_variant_4_example_SQProblem;hierarchy_depth_0;num_lines_1;num_inputs_0;num_outputs_1;ul_85_353;lr_150_377;rul_375_-127;rlr_505_-113
./raqun/family_18_variant_4_example_SQProblem.mdl,738561.2435100206639617682,FromWorkspace7,name_FromWorkspace7;type_FromWorkspace;parent_name_family_18_variant_4_example_SQProblem;hierarchy_depth_0;num_lines_1;num_inputs_0;num_outputs_1;ul_85_418;lr_150_442;rul_375_-192;rlr_505_-178
./raqun/family_18_variant_4_example_SQProblem.mdl,738561.0099313246319070458,fvalxexitflagiter,name_fvalxexitflagiter;type_Scope;parent_name_family_18_variant_4_example_SQProblem;hierarchy_depth_0;num_lines_4;num_inputs_4;num_outputs_0;ul_780_229;lr_810_261;rul_-320_-3;rlr_-155_3
./raqun/family_18_variant_4_example_SQProblem.mdl,738561.1132255190750584006,qpOASES,name_qpOASES;type_S-Function;parent_name_family_18_variant_4_example_SQProblem;hierarchy_depth_0;num_lines_11;num_inputs_7;num_outputs_4;ul_460_226;lr_655_264;rul_-375_-173;rlr_-505_-187
