./raqun/family_17_variant_1_example_QProblemB.mdl,738561.5258608738658949733,FromWorkspace1,name_FromWorkspace1;type_FromWorkspace;parent_name_family_17_variant_1_example_QProblemB;hierarchy_depth_0;num_lines_1;num_inputs_0;num_outputs_1;ul_85_93;lr_150_117;rul_425_88;rlr_555_102
./raqun/family_17_variant_1_example_QProblemB.mdl,738561.0856366821099072695,FromWorkspace2,name_FromWorkspace2;type_FromWorkspace;parent_name_family_17_variant_1_example_QProblemB;hierarchy_depth_0;num_lines_1;num_inputs_0;num_outputs_1;ul_85_158;lr_150_182;rul_425_23;rlr_555_37
./raqun/family_17_variant_1_example_QProblemB.mdl,738560.9948594267480075359,FromWorkspace3,name_FromWorkspace3;type_FromWorkspace;parent_name_family_17_variant_1_example_QProblemB;hierarchy_depth_0;num_lines_1;num_inputs_0;num_outputs_1;ul_85_218;lr_150_242;rul_425_-37;rlr_555_-23
./raqun/family_17_variant_1_example_QProblemB.mdl,738561.6523152162553742528,FromWorkspace4,name_FromWorkspace4;type_FromWorkspace;parent_name_family_17_variant_1_example_QProblemB;hierarchy_depth_0;num_lines_1;num_inputs_0;num_outputs_1;ul_85_283;lr_150_307;rul_425_-102;rlr_555_-88
./raqun/family_17_variant_1_example_QProblemB.mdl,738561.3575452803634107113,fvalxexitflagiter,name_fvalxexitflagiter;type_Scope;parent_name_family_17_variant_1_example_QProblemB;hierarchy_depth_0;num_lines_4;num_inputs_4;num_outputs_0;ul_840_184;lr_870_216;rul_-330_-3;rlr_-165_3
./raqun/family_17_variant_1_example_QProblemB.mdl,738561.0398624305380508304,qpOASES,name_qpOASES;type_S-Function;parent_name_family_17_variant_1_example_QProblemB;hierarchy_depth_0;num_lines_8;num_inputs_4;num_outputs_4;ul_510_181;lr_705_219;rul_-425_-88;rlr_-555_-102
./raqun/family_17_variant_2_example_QProblemB.mdl,738561.3826847398886457086,g,name_g;type_FromWorkspace;parent_name_family_17_variant_2_example_QProblemB;hierarchy_depth_0;num_lines_1;num_inputs_0;num_outputs_1;ul_170_153;lr_235_177;rul_335_27;rlr_465_68
./raqun/family_17_variant_2_example_QProblemB.mdl,738561.4739437844837084413,lb,name_lb;type_FromWorkspace;parent_name_family_17_variant_2_example_QProblemB;hierarchy_depth_0;num_lines_1;num_inputs_0;num_outputs_1;ul_170_203;lr_235_227;rul_335_-23;rlr_465_18
./raqun/family_17_variant_2_example_QProblemB.mdl,738561.5615959065034985542,qpOASES,name_qpOASES;type_S-Function;parent_name_family_17_variant_2_example_QProblemB;hierarchy_depth_0;num_lines_7;num_inputs_3;num_outputs_4;ul_505_180;lr_700_245;rul_-335_-27;rlr_-465_-68
./raqun/family_17_variant_2_example_QProblemB.mdl,738560.9729320353362709284,ub,name_ub;type_FromWorkspace;parent_name_family_17_variant_2_example_QProblemB;hierarchy_depth_0;num_lines_1;num_inputs_0;num_outputs_1;ul_170_253;lr_235_277;rul_335_-73;rlr_465_-32
./raqun/family_17_variant_2_example_QProblemB.mdl,738561.623803840484470129,xfvalexitflagiter,name_xfvalexitflagiter;type_Scope;parent_name_family_17_variant_2_example_QProblemB;hierarchy_depth_0;num_lines_4;num_inputs_4;num_outputs_0;ul_855_185;lr_905_240;rul_-350_-5;rlr_-205_5
./raqun/family_17_variant_3_example_QProblemB.mdl,738561.1170251262374222279,g,name_g;type_FromWorkspace;parent_name_family_17_variant_3_example_QProblemB;hierarchy_depth_0;num_lines_1;num_inputs_0;num_outputs_1;ul_170_153;lr_235_177;rul_335_27;rlr_465_68
./raqun/family_17_variant_3_example_QProblemB.mdl,738561.174818927189335227,lb,name_lb;type_FromWorkspace;parent_name_family_17_variant_3_example_QProblemB;hierarchy_depth_0;num_lines_1;num_inputs_0;num_outputs_1;ul_170_203;lr_235_227;rul_335_-23;rlr_465_18
./raqun/family_17_variant_3_example_QProblemB.mdl,738561.6365941890981048346,qpOASES,name_qpOASES;type_S-Function;parent_name_family_17_variant_3_example_QProblemB;hierarchy_depth_0;num_lines_7;num_inputs_3;num_outputs_4;ul_505_180;lr_700_245;rul_-335_-27;rlr_-465_-68
./raqun/family_17_variant_3_example_QProblemB.mdl,738561.5158514569047838449,ub,name_ub;type_FromWorkspace;parent_name_family_17_variant_3_example_QProblemB;hierarchy_depth_0;num_lines_1;num_inputs_0;num_outputs_1;ul_170_253;lr_235_277;rul_335_-73;rlr_465_-32
./raqun/family_17_variant_3_example_QProblemB.mdl,738561.4329263092949986458,xfvalexitflagiter,name_xfvalexitflagiter;type_Scope;parent_name_family_17_variant_3_example_QProblemB;hierarchy_depth_0;num_lines_4;num_inputs_4;num_outputs_0;ul_855_185;lr_905_240;rul_-350_-5;rlr_-205_5
./raqun/family_17_variant_4_example_QProblemB.mdl,738561.5055392985232174397,FromWorkspace1,name_FromWorkspace1;type_FromWorkspace;parent_name_family_17_variant_4_example_QProblemB;hierarchy_depth_0;num_lines_1;num_inputs_0;num_outputs_1;ul_85_58;lr_150_82;rul_375_123;rlr_505_137
./raqun/family_17_variant_4_example_QProblemB.mdl,738560.9173963764915242791,FromWorkspace2,name_FromWorkspace2;type_FromWorkspace;parent_name_family_17_variant_4_example_QProblemB;hierarchy_depth_0;num_lines_1;num_inputs_0;num_outputs_1;ul_85_138;lr_150_162;rul_375_43;rlr_505_57
./raqun/family_17_variant_4_example_QProblemB.mdl,738561.6767780978698283434,FromWorkspace3,name_FromWorkspace3;type_FromWorkspace;parent_name_family_17_variant_4_example_QProblemB;hierarchy_depth_0;num_lines_1;num_inputs_0;num_outputs_1;ul_85_228;lr_150_252;rul_375_-47;rlr_505_-33
./raqun/family_17_variant_4_example_QProblemB.mdl,738560.834110881551168859,FromWorkspace4,name_FromWorkspace4;type_FromWorkspace;parent_name_family_17_variant_4_example_QProblemB;hierarchy_depth_0;num_lines_1;num_inputs_0;num_outputs_1;ul_85_298;lr_150_322;rul_375_-117;rlr_505_-103
./raqun/family_17_variant_4_example_QProblemB.mdl,738561.6526296139927580953,fvalxexitflagiter,name_fvalxexitflagiter;type_Scope;parent_name_family_17_variant_4_example_QProblemB;hierarchy_depth_0;num_lines_4;num_inputs_4;num_outputs_0;ul_780_184;lr_810_216;rul_-320_-3;rlr_-155_3
./raqun/family_17_variant_4_example_QProblemB.mdl,738561.5476536082569509745,qpOASES,name_qpOASES;type_S-Function;parent_name_family_17_variant_4_example_QProblemB;hierarchy_depth_0;num_lines_8;num_inputs_4;num_outputs_4;ul_460_181;lr_655_219;rul_-375_-123;rlr_-505_-137
