./raqun/family_11_variant_1_sim_model.mdl,738561.3223918172297999263,Demux,name_Demux;type_Demux;parent_name_family_11_variant_1_sim_model;hierarchy_depth_0;num_lines_4;num_inputs_1;num_outputs_3;ul_335_291;lr_340_469;rul_-185_77;rlr_-125_-77
./raqun/family_11_variant_1_sim_model.mdl,738561.5521243258845061064,ETERM,name_ETERM;type_Scope;parent_name_family_11_variant_1_sim_model;hierarchy_depth_0;num_lines_1;num_inputs_1;num_outputs_0;ul_650_293;lr_680_327;rul_-40_-2;rlr_-65_2
./raqun/family_11_variant_1_sim_model.mdl,738561.5716054996009916067,FMUme,name_FMUme;type_Reference;parent_name_family_11_variant_1_sim_model;hierarchy_depth_0;num_lines_6;num_inputs_0;num_outputs_3;ul_100_94;lr_265_236;rul_510_197;rlr_350_93
./raqun/family_11_variant_1_sim_model.mdl,738561.251784962834790349,FromWorkspace,name_FromWorkspace;type_FromWorkspace;parent_name_family_11_variant_1_sim_model;hierarchy_depth_0;num_lines_1;num_inputs_0;num_outputs_1;ul_150_368;lr_215_392;rul_185_-77;rlr_125_77
./raqun/family_11_variant_1_sim_model.mdl,738561.4479842681903392076,Mux,name_Mux;type_Mux;parent_name_family_11_variant_1_sim_model;hierarchy_depth_0;num_lines_3;num_inputs_2;num_outputs_1;ul_610_291;lr_615_329;rul_-510_-197;rlr_-350_-93
./raqun/family_11_variant_1_sim_model.mdl,738561.0984483801294118166,Mux1,name_Mux1;type_Mux;parent_name_family_11_variant_1_sim_model;hierarchy_depth_0;num_lines_3;num_inputs_2;num_outputs_1;ul_610_351;lr_615_389;rul_-510_-257;rlr_-350_-153
./raqun/family_11_variant_1_sim_model.mdl,738561.3577479592058807611,Mux2,name_Mux2;type_Mux;parent_name_family_11_variant_1_sim_model;hierarchy_depth_0;num_lines_3;num_inputs_2;num_outputs_1;ul_610_411;lr_615_449;rul_-510_-317;rlr_-350_-213
./raqun/family_11_variant_1_sim_model.mdl,738561.5506670948816463351,Mux3,name_Mux3;type_Mux;parent_name_family_11_variant_1_sim_model;hierarchy_depth_0;num_lines_4;num_inputs_3;num_outputs_1;ul_610_97;lr_615_233;rul_-510_-3;rlr_-350_3
./raqun/family_11_variant_1_sim_model.mdl,738560.737249131896533072,P,name_P;type_Scope;parent_name_family_11_variant_1_sim_model;hierarchy_depth_0;num_lines_1;num_inputs_1;num_outputs_0;ul_650_414;lr_680_446;rul_-40_-3;rlr_-65_3
./raqun/family_11_variant_1_sim_model.mdl,738561.3922403460601344705,Q,name_Q;type_Scope;parent_name_family_11_variant_1_sim_model;hierarchy_depth_0;num_lines_1;num_inputs_1;num_outputs_0;ul_650_354;lr_680_386;rul_-40_-3;rlr_-65_3
./raqun/family_11_variant_1_sim_model.mdl,738560.7278998878318816423,ToWorkspace,name_ToWorkspace;type_ToWorkspace;parent_name_family_11_variant_1_sim_model;hierarchy_depth_0;num_lines_1;num_inputs_1;num_outputs_0;ul_635_150;lr_695_180;rul_-25_-53;rlr_-80_53
./raqun/family_11_variant_2_sim_model.mdl,738560.8762792862253263593,Demux,name_Demux;type_Demux;parent_name_family_11_variant_2_sim_model;hierarchy_depth_0;num_lines_4;num_inputs_1;num_outputs_3;ul_335_291;lr_340_469;rul_-185_77;rlr_-125_-77
./raqun/family_11_variant_2_sim_model.mdl,738560.8277180787408724427,ETERM,name_ETERM;type_Scope;parent_name_family_11_variant_2_sim_model;hierarchy_depth_0;num_lines_1;num_inputs_1;num_outputs_0;ul_650_293;lr_680_327;rul_-40_-2;rlr_-65_2
./raqun/family_11_variant_2_sim_model.mdl,738561.0958696133457124233,FMUme,name_FMUme;type_Reference;parent_name_family_11_variant_2_sim_model;hierarchy_depth_0;num_lines_6;num_inputs_0;num_outputs_3;ul_100_94;lr_265_236;rul_510_197;rlr_350_93
./raqun/family_11_variant_2_sim_model.mdl,738560.7945106757106259465,FromWorkspace,name_FromWorkspace;type_FromWorkspace;parent_name_family_11_variant_2_sim_model;hierarchy_depth_0;num_lines_1;num_inputs_0;num_outputs_1;ul_150_368;lr_215_392;rul_185_-77;rlr_125_77
./raqun/family_11_variant_2_sim_model.mdl,738561.5456936907721683383,Mux,name_Mux;type_Mux;parent_name_family_11_variant_2_sim_model;hierarchy_depth_0;num_lines_3;num_inputs_2;num_outputs_1;ul_610_291;lr_615_329;rul_-510_-197;rlr_-350_-93
./raqun/family_11_variant_2_sim_model.mdl,738561.633892338490113616,Mux1,name_Mux1;type_Mux;parent_name_family_11_variant_2_sim_model;hierarchy_depth_0;num_lines_3;num_inputs_2;num_outputs_1;ul_610_351;lr_615_389;rul_-510_-257;rlr_-350_-153
./raqun/family_11_variant_2_sim_model.mdl,738561.2900840910151600838,Mux2,name_Mux2;type_Mux;parent_name_family_11_variant_2_sim_model;hierarchy_depth_0;num_lines_3;num_inputs_2;num_outputs_1;ul_610_411;lr_615_449;rul_-510_-317;rlr_-350_-213
./raqun/family_11_variant_2_sim_model.mdl,738561.3269468900980427861,Mux3,name_Mux3;type_Mux;parent_name_family_11_variant_2_sim_model;hierarchy_depth_0;num_lines_4;num_inputs_3;num_outputs_1;ul_610_97;lr_615_233;rul_-510_-3;rlr_-350_3
./raqun/family_11_variant_2_sim_model.mdl,738561.3985399075318127871,P,name_P;type_Scope;parent_name_family_11_variant_2_sim_model;hierarchy_depth_0;num_lines_1;num_inputs_1;num_outputs_0;ul_650_414;lr_680_446;rul_-40_-3;rlr_-65_3
./raqun/family_11_variant_2_sim_model.mdl,738560.909547266666777432,Q,name_Q;type_Scope;parent_name_family_11_variant_2_sim_model;hierarchy_depth_0;num_lines_1;num_inputs_1;num_outputs_0;ul_650_354;lr_680_386;rul_-40_-3;rlr_-65_3
./raqun/family_11_variant_2_sim_model.mdl,738560.8711435273289680481,ToWorkspace,name_ToWorkspace;type_ToWorkspace;parent_name_family_11_variant_2_sim_model;hierarchy_depth_0;num_lines_1;num_inputs_1;num_outputs_0;ul_635_150;lr_695_180;rul_-25_-53;rlr_-80_53
