./raqun/family_8_variant_1_arduino_io_lib.mdl,738560.9724465172039344907,ArduinoAnalogRead,name_ArduinoAnalogRead;type_M-S-Function;parent_name_family_8_variant_1_arduino_io_lib;hierarchy_depth_0;num_lines_0;num_inputs_0;num_outputs_1;ul_235_146;lr_335_204;rul_0_0;rlr_0_0
./raqun/family_8_variant_1_arduino_io_lib.mdl,738560.8166426658863201737,ArduinoAnalogWrite,name_ArduinoAnalogWrite;type_M-S-Function;parent_name_family_8_variant_1_arduino_io_lib;hierarchy_depth_0;num_lines_1;num_inputs_1;num_outputs_0;ul_515_146;lr_615_204;rul_0_0;rlr_0_0
./raqun/family_8_variant_1_arduino_io_lib.mdl,738561.6938596388790756464,ArduinoDigitalRead,name_ArduinoDigitalRead;type_M-S-Function;parent_name_family_8_variant_1_arduino_io_lib;hierarchy_depth_0;num_lines_0;num_inputs_0;num_outputs_1;ul_105_146;lr_205_204;rul_0_0;rlr_0_0
./raqun/family_8_variant_1_arduino_io_lib.mdl,738561.6834740284830331802,ArduinoDigitalWrite,name_ArduinoDigitalWrite;type_M-S-Function;parent_name_family_8_variant_1_arduino_io_lib;hierarchy_depth_0;num_lines_1;num_inputs_1;num_outputs_0;ul_385_146;lr_485_204;rul_0_0;rlr_0_0
./raqun/family_8_variant_1_arduino_io_lib.mdl,738560.7827283235965296626,ArduinoIOSetup,name_ArduinoIOSetup;type_M-S-Function;parent_name_family_8_variant_1_arduino_io_lib;hierarchy_depth_0;num_lines_0;num_inputs_0;num_outputs_0;ul_105_54;lr_207_111;rul_0_0;rlr_0_0
./raqun/family_8_variant_1_arduino_io_lib.mdl,738561.4514868539990857244,DCMotor,name_DCMotor;type_M-S-Function;parent_name_family_8_variant_1_arduino_io_lib;hierarchy_depth_0;num_lines_2;num_inputs_2;num_outputs_0;ul_385_441;lr_485_499;rul_0_0;rlr_0_0
./raqun/family_8_variant_1_arduino_io_lib.mdl,738561.6485252636484801769,EncoderRead,name_EncoderRead;type_M-S-Function;parent_name_family_8_variant_1_arduino_io_lib;hierarchy_depth_0;num_lines_0;num_inputs_0;num_outputs_1;ul_105_336;lr_205_394;rul_0_0;rlr_0_0
./raqun/family_8_variant_1_arduino_io_lib.mdl,738561.4684727212879806757,EncoderReset,name_EncoderReset;type_M-S-Function;parent_name_family_8_variant_1_arduino_io_lib;hierarchy_depth_0;num_lines_1;num_inputs_1;num_outputs_0;ul_385_336;lr_485_394;rul_0_0;rlr_0_0
./raqun/family_8_variant_1_arduino_io_lib.mdl,738561.1299150508129969239,Real-TimePacer,name_Real-TimePacer;type_M-S-Function;parent_name_family_8_variant_1_arduino_io_lib;hierarchy_depth_0;num_lines_0;num_inputs_0;num_outputs_0;ul_515_54;lr_617_111;rul_0_0;rlr_0_0
./raqun/family_8_variant_1_arduino_io_lib.mdl,738561.4428242645226418972,Runcommandfile1,name_Runcommandfile1;type_SubSystem;parent_name_family_8_variant_1_arduino_io_lib;hierarchy_depth_0;num_lines_0;num_inputs_0;num_outputs_0;ul_145_665;lr_240_702;rul_0_0;rlr_0_0
./raqun/family_8_variant_1_arduino_io_lib.mdl,738560.9980002001393586397,Runcommandfile2,name_Runcommandfile2;type_SubSystem;parent_name_family_8_variant_1_arduino_io_lib;hierarchy_depth_0;num_lines_0;num_inputs_0;num_outputs_0;ul_145_615;lr_240_652;rul_0_0;rlr_0_0
./raqun/family_8_variant_1_arduino_io_lib.mdl,738561.1228439831174910069,Runcommandfile3,name_Runcommandfile3;type_SubSystem;parent_name_family_8_variant_1_arduino_io_lib;hierarchy_depth_0;num_lines_0;num_inputs_0;num_outputs_0;ul_270_615;lr_365_652;rul_0_0;rlr_0_0
./raqun/family_8_variant_1_arduino_io_lib.mdl,738561.4035291799809783697,Runcommandfile4,name_Runcommandfile4;type_SubSystem;parent_name_family_8_variant_1_arduino_io_lib;hierarchy_depth_0;num_lines_0;num_inputs_0;num_outputs_0;ul_520_615;lr_615_652;rul_0_0;rlr_0_0
./raqun/family_8_variant_1_arduino_io_lib.mdl,738561.6993455428164452314,Runcommandfile5,name_Runcommandfile5;type_SubSystem;parent_name_family_8_variant_1_arduino_io_lib;hierarchy_depth_0;num_lines_0;num_inputs_0;num_outputs_0;ul_520_665;lr_615_702;rul_0_0;rlr_0_0
./raqun/family_8_variant_1_arduino_io_lib.mdl,738561.1171533678425475955,Runcommandfile6,name_Runcommandfile6;type_SubSystem;parent_name_family_8_variant_1_arduino_io_lib;hierarchy_depth_0;num_lines_0;num_inputs_0;num_outputs_0;ul_20_615;lr_115_652;rul_0_0;rlr_0_0
./raqun/family_8_variant_1_arduino_io_lib.mdl,738561.0825333154061809182,Runcommandfile7,name_Runcommandfile7;type_SubSystem;parent_name_family_8_variant_1_arduino_io_lib;hierarchy_depth_0;num_lines_0;num_inputs_0;num_outputs_0;ul_395_615;lr_490_652;rul_0_0;rlr_0_0
./raqun/family_8_variant_1_arduino_io_lib.mdl,738561.0127524621784687042,ServoRead,name_ServoRead;type_M-S-Function;parent_name_family_8_variant_1_arduino_io_lib;hierarchy_depth_0;num_lines_0;num_inputs_0;num_outputs_1;ul_105_241;lr_205_299;rul_0_0;rlr_0_0
./raqun/family_8_variant_1_arduino_io_lib.mdl,738560.8390966773731634021,ServoWrite,name_ServoWrite;type_M-S-Function;parent_name_family_8_variant_1_arduino_io_lib;hierarchy_depth_0;num_lines_1;num_inputs_1;num_outputs_0;ul_385_241;lr_485_299;rul_0_0;rlr_0_0
./raqun/family_8_variant_1_arduino_io_lib.mdl,738561.329587384476326406,StepperMotor,name_StepperMotor;type_M-S-Function;parent_name_family_8_variant_1_arduino_io_lib;hierarchy_depth_0;num_lines_3;num_inputs_3;num_outputs_0;ul_515_441;lr_615_499;rul_0_0;rlr_0_0
./raqun/family_8_variant_2_arduino_io_lib.mdl,738561.6962663769954815507,ArduinoAnalogRead,name_ArduinoAnalogRead;type_M-S-Function;parent_name_family_8_variant_2_arduino_io_lib;hierarchy_depth_0;num_lines_0;num_inputs_0;num_outputs_1;ul_235_141;lr_335_199;rul_0_0;rlr_0_0
./raqun/family_8_variant_2_arduino_io_lib.mdl,738561.1766361116897314787,ArduinoAnalogWrite,name_ArduinoAnalogWrite;type_M-S-Function;parent_name_family_8_variant_2_arduino_io_lib;hierarchy_depth_0;num_lines_1;num_inputs_1;num_outputs_0;ul_515_141;lr_615_199;rul_0_0;rlr_0_0
./raqun/family_8_variant_2_arduino_io_lib.mdl,738561.5105950229335576296,ArduinoDigitalRead,name_ArduinoDigitalRead;type_M-S-Function;parent_name_family_8_variant_2_arduino_io_lib;hierarchy_depth_0;num_lines_0;num_inputs_0;num_outputs_1;ul_105_141;lr_205_199;rul_0_0;rlr_0_0
./raqun/family_8_variant_2_arduino_io_lib.mdl,738561.3919037685263901949,ArduinoDigitalWrite,name_ArduinoDigitalWrite;type_M-S-Function;parent_name_family_8_variant_2_arduino_io_lib;hierarchy_depth_0;num_lines_1;num_inputs_1;num_outputs_0;ul_385_141;lr_485_199;rul_0_0;rlr_0_0
./raqun/family_8_variant_2_arduino_io_lib.mdl,738561.0932720511918887496,ArduinoIOSetup,name_ArduinoIOSetup;type_M-S-Function;parent_name_family_8_variant_2_arduino_io_lib;hierarchy_depth_0;num_lines_0;num_inputs_0;num_outputs_0;ul_105_49;lr_207_106;rul_0_0;rlr_0_0
./raqun/family_8_variant_2_arduino_io_lib.mdl,738560.9790844618109986186,DCMotor,name_DCMotor;type_M-S-Function;parent_name_family_8_variant_2_arduino_io_lib;hierarchy_depth_0;num_lines_2;num_inputs_2;num_outputs_0;ul_385_426;lr_485_484;rul_0_0;rlr_0_0
./raqun/family_8_variant_2_arduino_io_lib.mdl,738561.2178140487521886826,EncoderRead,name_EncoderRead;type_M-S-Function;parent_name_family_8_variant_2_arduino_io_lib;hierarchy_depth_0;num_lines_0;num_inputs_0;num_outputs_1;ul_105_326;lr_205_384;rul_0_0;rlr_0_0
./raqun/family_8_variant_2_arduino_io_lib.mdl,738561.5512682012049481273,EncoderReset,name_EncoderReset;type_M-S-Function;parent_name_family_8_variant_2_arduino_io_lib;hierarchy_depth_0;num_lines_1;num_inputs_1;num_outputs_0;ul_385_326;lr_485_384;rul_0_0;rlr_0_0
./raqun/family_8_variant_2_arduino_io_lib.mdl,738560.9855082716094329953,Real-TimePacer,name_Real-TimePacer;type_M-S-Function;parent_name_family_8_variant_2_arduino_io_lib;hierarchy_depth_0;num_lines_0;num_inputs_0;num_outputs_0;ul_515_49;lr_617_106;rul_0_0;rlr_0_0
./raqun/family_8_variant_2_arduino_io_lib.mdl,738561.6271472836378961802,Runcommandfile1,name_Runcommandfile1;type_SubSystem;parent_name_family_8_variant_2_arduino_io_lib;hierarchy_depth_0;num_lines_0;num_inputs_0;num_outputs_0;ul_690_145;lr_785_182;rul_0_0;rlr_0_0
./raqun/family_8_variant_2_arduino_io_lib.mdl,738561.0077673648484051228,Runcommandfile2,name_Runcommandfile2;type_SubSystem;parent_name_family_8_variant_2_arduino_io_lib;hierarchy_depth_0;num_lines_0;num_inputs_0;num_outputs_0;ul_690_95;lr_785_132;rul_0_0;rlr_0_0
./raqun/family_8_variant_2_arduino_io_lib.mdl,738560.8209087378345429897,Runcommandfile3,name_Runcommandfile3;type_SubSystem;parent_name_family_8_variant_2_arduino_io_lib;hierarchy_depth_0;num_lines_0;num_inputs_0;num_outputs_0;ul_690_235;lr_785_272;rul_0_0;rlr_0_0
./raqun/family_8_variant_2_arduino_io_lib.mdl,738561.3332398885395377874,Runcommandfile4,name_Runcommandfile4;type_SubSystem;parent_name_family_8_variant_2_arduino_io_lib;hierarchy_depth_0;num_lines_0;num_inputs_0;num_outputs_0;ul_690_425;lr_785_462;rul_0_0;rlr_0_0
./raqun/family_8_variant_2_arduino_io_lib.mdl,738561.5229198439046740532,Runcommandfile5,name_Runcommandfile5;type_SubSystem;parent_name_family_8_variant_2_arduino_io_lib;hierarchy_depth_0;num_lines_0;num_inputs_0;num_outputs_0;ul_690_475;lr_785_512;rul_0_0;rlr_0_0
./raqun/family_8_variant_2_arduino_io_lib.mdl,738560.8790762295247986913,Runcommandfile6,name_Runcommandfile6;type_SubSystem;parent_name_family_8_variant_2_arduino_io_lib;hierarchy_depth_0;num_lines_0;num_inputs_0;num_outputs_0;ul_690_45;lr_785_82;rul_0_0;rlr_0_0
./raqun/family_8_variant_2_arduino_io_lib.mdl,738561.2416008944856002927,Runcommandfile7,name_Runcommandfile7;type_SubSystem;parent_name_family_8_variant_2_arduino_io_lib;hierarchy_depth_0;num_lines_0;num_inputs_0;num_outputs_0;ul_690_325;lr_785_362;rul_0_0;rlr_0_0
./raqun/family_8_variant_2_arduino_io_lib.mdl,738560.7301007218193262815,ServoRead,name_ServoRead;type_M-S-Function;parent_name_family_8_variant_2_arduino_io_lib;hierarchy_depth_0;num_lines_0;num_inputs_0;num_outputs_1;ul_105_236;lr_205_294;rul_0_0;rlr_0_0
./raqun/family_8_variant_2_arduino_io_lib.mdl,738561.6298753421287983656,ServoWrite,name_ServoWrite;type_M-S-Function;parent_name_family_8_variant_2_arduino_io_lib;hierarchy_depth_0;num_lines_1;num_inputs_1;num_outputs_0;ul_385_236;lr_485_294;rul_0_0;rlr_0_0
./raqun/family_8_variant_2_arduino_io_lib.mdl,738561.16601711162365973,StepperMotor,name_StepperMotor;type_M-S-Function;parent_name_family_8_variant_2_arduino_io_lib;hierarchy_depth_0;num_lines_3;num_inputs_3;num_outputs_0;ul_515_426;lr_615_484;rul_0_0;rlr_0_0
