./raqun/family_29_variant_1_sl_rrmc2.mdl,738561.3922420402523130178,Circle,name_Circle;type_SubSystem;parent_name_family_29_variant_1_sl_rrmc2;hierarchy_depth_0;num_lines_1;num_inputs_0;num_outputs_1;ul_35_224;lr_65_286;rul_60_12;rlr_35_-12
./raqun/family_29_variant_1_sl_rrmc2.mdl,738561.4511704824399203062,Clock,name_Clock;type_Clock;parent_name_Circle;hierarchy_depth_1;num_lines_1;num_inputs_0;num_outputs_1;ul_25_35;lr_45_55;rul_45_-5;rlr_50_5
./raqun/family_29_variant_1_sl_rrmc2.mdl,738560.8943133710417896509,Mux,name_Mux;type_Mux;parent_name_Circle;hierarchy_depth_1;num_lines_3;num_inputs_2;num_outputs_1;ul_230_19;lr_235_126;rul_-75_11;rlr_-50_-66
./raqun/family_29_variant_1_sl_rrmc2.mdl,738560.9463541926816105843,Product1,name_Product1;type_Product;parent_name_Circle;hierarchy_depth_1;num_lines_3;num_inputs_2;num_outputs_1;ul_280_62;lr_310_93;rul_-50_-43;rlr_-75_33
./raqun/family_29_variant_1_sl_rrmc2.mdl,738561.0616707520093768835,TrigonometricFunction1,name_TrigonometricFunction1;type_Trigonometry;parent_name_Circle;hierarchy_depth_1;num_lines_2;num_inputs_1;num_outputs_1;ul_155_30;lr_185_60;rul_-85_0;rlr_-90_0
./raqun/family_29_variant_1_sl_rrmc2.mdl,738561.4128817112650722265,TrigonometricFunction3,name_TrigonometricFunction3;type_Trigonometry;parent_name_Circle;hierarchy_depth_1;num_lines_2;num_inputs_1;num_outputs_1;ul_155_80;lr_185_110;rul_-85_-50;rlr_-90_-50
./raqun/family_29_variant_1_sl_rrmc2.mdl,738561.4984745546244084835,freq,name_freq;type_Gain;parent_name_Circle;hierarchy_depth_1;num_lines_3;num_inputs_1;num_outputs_1;ul_70_30;lr_95_60;rul_-45_5;rlr_-50_-5
./raqun/family_29_variant_1_sl_rrmc2.mdl,738561.3294851917307823896,radius,name_radius;type_Constant;parent_name_Circle;hierarchy_depth_1;num_lines_1;num_inputs_0;num_outputs_1;ul_170_150;lr_200_180;rul_110_-88;rlr_110_-87
./raqun/family_29_variant_1_sl_rrmc2.mdl,738561.3963449406437575817,xy,name_xy;type_Outport;parent_name_Circle;hierarchy_depth_1;num_lines_1;num_inputs_1;num_outputs_0;ul_335_73;lr_365_87;rul_-55_-11;rlr_-55_6
./raqun/family_29_variant_1_sl_rrmc2.mdl,738561.3239106357796117663,Constant,name_Constant;type_Constant;parent_name_family_29_variant_1_sl_rrmc2;hierarchy_depth_0;num_lines_1;num_inputs_0;num_outputs_1;ul_70_305;lr_100_335;rul_60_-67;rlr_80_-43
./raqun/family_29_variant_1_sl_rrmc2.mdl,738560.9336814408889040351,Demux,name_Demux;type_Demux;parent_name_family_29_variant_1_sl_rrmc2;hierarchy_depth_0;num_lines_3;num_inputs_1;num_outputs_2;ul_95_236;lr_100_274;rul_-60_-12;rlr_-35_12
./raqun/family_29_variant_1_sl_rrmc2.mdl,738561.3436783838551491499,Gain,name_Gain;type_Gain;parent_name_family_29_variant_1_sl_rrmc2;hierarchy_depth_0;num_lines_2;num_inputs_1;num_outputs_1;ul_460_69;lr_500_101;rul_-60_-14;rlr_-65_14
./raqun/family_29_variant_1_sl_rrmc2.mdl,738560.857925994205288589,Product,name_Product;type_Product;parent_name_family_29_variant_1_sl_rrmc2;hierarchy_depth_0;num_lines_3;num_inputs_2;num_outputs_1;ul_400_55;lr_435_115;rul_-125_-1;rlr_-105_-29
./raqun/family_29_variant_1_sl_rrmc2.mdl,738561.0418494906043633819,Product1,name_Product1;type_Product;parent_name_family_29_variant_1_sl_rrmc2;hierarchy_depth_0;num_lines_3;num_inputs_2;num_outputs_1;ul_215_220;lr_250_280;rul_-75_-50;rlr_-80_-80
./raqun/family_29_variant_1_sl_rrmc2.mdl,738560.9308124855160713196,T2xyz,name_T2xyz;type_Reference;parent_name_family_29_variant_1_sl_rrmc2;hierarchy_depth_0;num_lines_3;num_inputs_1;num_outputs_3;ul_450_177;lr_500_233;rul_30_90;rlr_30_90
./raqun/family_29_variant_1_sl_rrmc2.mdl,738561.3382023433223366737,ToWorkspace,name_ToWorkspace;type_ToWorkspace;parent_name_family_29_variant_1_sl_rrmc2;hierarchy_depth_0;num_lines_1;num_inputs_1;num_outputs_0;ul_350_315;lr_410_345;rul_130_-48;rlr_120_-22
./raqun/family_29_variant_1_sl_rrmc2.mdl,738561.0921567355981096625,ToWorkspace1,name_ToWorkspace1;type_ToWorkspace;parent_name_family_29_variant_1_sl_rrmc2;hierarchy_depth_0;num_lines_1;num_inputs_1;num_outputs_0;ul_385_135;lr_445_165;rul_-85_72;rlr_-95_98
./raqun/family_29_variant_1_sl_rrmc2.mdl,738561.5508178975433111191,ToWorkspace2,name_ToWorkspace2;type_ToWorkspace;parent_name_family_29_variant_1_sl_rrmc2;hierarchy_depth_0;num_lines_1;num_inputs_1;num_outputs_0;ul_625_68;lr_655_102;rul_-100_-3;rlr_-95_3
./raqun/family_29_variant_1_sl_rrmc2.mdl,738561.31462575972545892,XYGraph,name_XYGraph;type_Record;parent_name_family_29_variant_1_sl_rrmc2;hierarchy_depth_0;num_lines_2;num_inputs_2;num_outputs_0;ul_535_176;lr_565_214;rul_-85_1;rlr_-65_19
./raqun/family_29_variant_1_sl_rrmc2.mdl,738561.5796878424007445574,circlecentre,name_circlecentre;type_Constant;parent_name_family_29_variant_1_sl_rrmc2;hierarchy_depth_0;num_lines_1;num_inputs_0;num_outputs_1;ul_140_170;lr_170_200;rul_75_50;rlr_80_80
./raqun/family_29_variant_1_sl_rrmc2.mdl,738561.6904271324165165424,fkine,name_fkine;type_Reference;parent_name_family_29_variant_1_sl_rrmc2;hierarchy_depth_0;num_lines_4;num_inputs_1;num_outputs_1;ul_480_267;lr_530_323;rul_45_-202;rlr_30_-218
./raqun/family_29_variant_1_sl_rrmc2.mdl,738561.5329640045529231429,inv,name_inv;type_MATLABFcn;parent_name_family_29_variant_1_sl_rrmc2;hierarchy_depth_0;num_lines_2;num_inputs_1;num_outputs_1;ul_275_54;lr_330_86;rul_-105_-19;rlr_-95_19
./raqun/family_29_variant_1_sl_rrmc2.mdl,738560.8052556713810190558,jacob0,name_jacob0;type_Reference;parent_name_family_29_variant_1_sl_rrmc2;hierarchy_depth_0;num_lines_2;num_inputs_1;num_outputs_1;ul_170_35;lr_235_105;rul_355_30;rlr_325_0
./raqun/family_29_variant_1_sl_rrmc2.mdl,738560.8905603684252128005,jointservo,name_jointservo;type_DiscreteIntegrator;parent_name_family_29_variant_1_sl_rrmc2;hierarchy_depth_0;num_lines_4;num_inputs_1;num_outputs_1;ul_525_65;lr_560_105;rul_-65_4;rlr_-60_-4
./raqun/family_29_variant_1_sl_rrmc2.mdl,738560.7284156040986999869,tr2diff,name_tr2diff;type_Reference;parent_name_family_29_variant_1_sl_rrmc2;hierarchy_depth_0;num_lines_4;num_inputs_2;num_outputs_1;ul_300_207;lr_350_263;rul_180_60;rlr_180_60
./raqun/family_29_variant_1_sl_rrmc2.mdl,738561.5903643093770369887,xyz2T,name_xyz2T;type_Reference;parent_name_family_29_variant_1_sl_rrmc2;hierarchy_depth_0;num_lines_4;num_inputs_3;num_outputs_1;ul_130_238;lr_180_292;rul_-35_-2;rlr_-80_-18
./raqun/family_29_variant_2_sl_rrmc2.mdl,738561.5015332145849242806,Circle,name_Circle;type_SubSystem;parent_name_family_29_variant_2_sl_rrmc2;hierarchy_depth_0;num_lines_1;num_inputs_0;num_outputs_1;ul_35_224;lr_65_286;rul_60_12;rlr_35_-12
./raqun/family_29_variant_2_sl_rrmc2.mdl,738560.888337272685021162,Clock,name_Clock;type_Clock;parent_name_Circle;hierarchy_depth_1;num_lines_1;num_inputs_0;num_outputs_1;ul_25_35;lr_45_55;rul_45_-5;rlr_50_5
./raqun/family_29_variant_2_sl_rrmc2.mdl,738561.2707905852003023028,Mux,name_Mux;type_Mux;parent_name_Circle;hierarchy_depth_1;num_lines_3;num_inputs_2;num_outputs_1;ul_230_19;lr_235_126;rul_-75_11;rlr_-50_-66
./raqun/family_29_variant_2_sl_rrmc2.mdl,738561.4669121993938460946,Product1,name_Product1;type_Product;parent_name_Circle;hierarchy_depth_1;num_lines_3;num_inputs_2;num_outputs_1;ul_280_62;lr_310_93;rul_-50_-43;rlr_-75_33
./raqun/family_29_variant_2_sl_rrmc2.mdl,738561.2557960835983976722,TrigonometricFunction1,name_TrigonometricFunction1;type_Trigonometry;parent_name_Circle;hierarchy_depth_1;num_lines_2;num_inputs_1;num_outputs_1;ul_155_30;lr_185_60;rul_-85_0;rlr_-90_0
./raqun/family_29_variant_2_sl_rrmc2.mdl,738561.1208614243660122156,TrigonometricFunction3,name_TrigonometricFunction3;type_Trigonometry;parent_name_Circle;hierarchy_depth_1;num_lines_2;num_inputs_1;num_outputs_1;ul_155_80;lr_185_110;rul_-85_-50;rlr_-90_-50
./raqun/family_29_variant_2_sl_rrmc2.mdl,738561.4454188019735738635,freq,name_freq;type_Gain;parent_name_Circle;hierarchy_depth_1;num_lines_3;num_inputs_1;num_outputs_1;ul_70_30;lr_95_60;rul_-45_5;rlr_-50_-5
./raqun/family_29_variant_2_sl_rrmc2.mdl,738560.805673605646006763,radius,name_radius;type_Constant;parent_name_Circle;hierarchy_depth_1;num_lines_1;num_inputs_0;num_outputs_1;ul_170_150;lr_200_180;rul_110_-88;rlr_110_-87
./raqun/family_29_variant_2_sl_rrmc2.mdl,738560.7866703590843826532,xy,name_xy;type_Outport;parent_name_Circle;hierarchy_depth_1;num_lines_1;num_inputs_1;num_outputs_0;ul_335_73;lr_365_87;rul_-55_-11;rlr_-55_6
./raqun/family_29_variant_2_sl_rrmc2.mdl,738561.1826284457929432392,Constant,name_Constant;type_Constant;parent_name_family_29_variant_2_sl_rrmc2;hierarchy_depth_0;num_lines_1;num_inputs_0;num_outputs_1;ul_70_305;lr_100_335;rul_60_-67;rlr_80_-43
./raqun/family_29_variant_2_sl_rrmc2.mdl,738561.0561649150913581252,Demux,name_Demux;type_Demux;parent_name_family_29_variant_2_sl_rrmc2;hierarchy_depth_0;num_lines_3;num_inputs_1;num_outputs_2;ul_95_236;lr_100_274;rul_-60_-12;rlr_-35_12
./raqun/family_29_variant_2_sl_rrmc2.mdl,738560.9938326338306069374,Gain,name_Gain;type_Gain;parent_name_family_29_variant_2_sl_rrmc2;hierarchy_depth_0;num_lines_2;num_inputs_1;num_outputs_1;ul_460_69;lr_500_101;rul_-60_-14;rlr_-65_14
./raqun/family_29_variant_2_sl_rrmc2.mdl,738561.5716126030310988426,Product,name_Product;type_Product;parent_name_family_29_variant_2_sl_rrmc2;hierarchy_depth_0;num_lines_3;num_inputs_2;num_outputs_1;ul_400_55;lr_435_115;rul_-125_-1;rlr_-105_-29
./raqun/family_29_variant_2_sl_rrmc2.mdl,738560.9579564203741028905,Product1,name_Product1;type_Product;parent_name_family_29_variant_2_sl_rrmc2;hierarchy_depth_0;num_lines_3;num_inputs_2;num_outputs_1;ul_215_220;lr_250_280;rul_-75_-50;rlr_-80_-80
./raqun/family_29_variant_2_sl_rrmc2.mdl,738561.5627868101000785828,T2xyz,name_T2xyz;type_Reference;parent_name_family_29_variant_2_sl_rrmc2;hierarchy_depth_0;num_lines_3;num_inputs_1;num_outputs_3;ul_450_177;lr_500_233;rul_30_90;rlr_30_90
./raqun/family_29_variant_2_sl_rrmc2.mdl,738561.5803341130958870053,ToWorkspace,name_ToWorkspace;type_ToWorkspace;parent_name_family_29_variant_2_sl_rrmc2;hierarchy_depth_0;num_lines_1;num_inputs_1;num_outputs_0;ul_350_315;lr_410_345;rul_130_-48;rlr_120_-22
./raqun/family_29_variant_2_sl_rrmc2.mdl,738560.9027758403681218624,ToWorkspace1,name_ToWorkspace1;type_ToWorkspace;parent_name_family_29_variant_2_sl_rrmc2;hierarchy_depth_0;num_lines_1;num_inputs_1;num_outputs_0;ul_385_135;lr_445_165;rul_-85_72;rlr_-95_98
./raqun/family_29_variant_2_sl_rrmc2.mdl,738561.361503291642293334,ToWorkspace2,name_ToWorkspace2;type_ToWorkspace;parent_name_family_29_variant_2_sl_rrmc2;hierarchy_depth_0;num_lines_1;num_inputs_1;num_outputs_0;ul_625_68;lr_655_102;rul_-100_-3;rlr_-95_3
./raqun/family_29_variant_2_sl_rrmc2.mdl,738560.9041128588141873479,XYGraph,name_XYGraph;type_Record;parent_name_family_29_variant_2_sl_rrmc2;hierarchy_depth_0;num_lines_2;num_inputs_2;num_outputs_0;ul_535_176;lr_565_214;rul_-85_1;rlr_-65_19
./raqun/family_29_variant_2_sl_rrmc2.mdl,738560.9602866758359596133,circlecentre,name_circlecentre;type_Constant;parent_name_family_29_variant_2_sl_rrmc2;hierarchy_depth_0;num_lines_1;num_inputs_0;num_outputs_1;ul_140_170;lr_170_200;rul_75_50;rlr_80_80
./raqun/family_29_variant_2_sl_rrmc2.mdl,738561.457841940107755363,fkine,name_fkine;type_Reference;parent_name_family_29_variant_2_sl_rrmc2;hierarchy_depth_0;num_lines_4;num_inputs_1;num_outputs_1;ul_480_267;lr_530_323;rul_45_-202;rlr_30_-218
./raqun/family_29_variant_2_sl_rrmc2.mdl,738561.211104321526363492,inv,name_inv;type_MATLABFcn;parent_name_family_29_variant_2_sl_rrmc2;hierarchy_depth_0;num_lines_2;num_inputs_1;num_outputs_1;ul_275_54;lr_330_86;rul_-105_-19;rlr_-95_19
./raqun/family_29_variant_2_sl_rrmc2.mdl,738561.1492781989509239793,jacob0,name_jacob0;type_Reference;parent_name_family_29_variant_2_sl_rrmc2;hierarchy_depth_0;num_lines_2;num_inputs_1;num_outputs_1;ul_170_35;lr_235_105;rul_355_30;rlr_325_0
./raqun/family_29_variant_2_sl_rrmc2.mdl,738561.7075405936921015382,jointservo,name_jointservo;type_DiscreteIntegrator;parent_name_family_29_variant_2_sl_rrmc2;hierarchy_depth_0;num_lines_4;num_inputs_1;num_outputs_1;ul_525_65;lr_560_105;rul_-65_4;rlr_-60_-4
./raqun/family_29_variant_2_sl_rrmc2.mdl,738560.7561435867100954056,tr2diff,name_tr2diff;type_Reference;parent_name_family_29_variant_2_sl_rrmc2;hierarchy_depth_0;num_lines_4;num_inputs_2;num_outputs_1;ul_300_207;lr_350_263;rul_180_60;rlr_180_60
./raqun/family_29_variant_2_sl_rrmc2.mdl,738561.5698769100708886981,xyz2T,name_xyz2T;type_Reference;parent_name_family_29_variant_2_sl_rrmc2;hierarchy_depth_0;num_lines_4;num_inputs_3;num_outputs_1;ul_130_238;lr_180_292;rul_-35_-2;rlr_-80_-18
