./raqun/family_28_variant_1_sl_rrmc.mdl,738560.8333634798182174563,Jointservo,name_Jointservo;type_DiscreteIntegrator;parent_name_family_28_variant_1_sl_rrmc;hierarchy_depth_0;num_lines_4;num_inputs_1;num_outputs_1;ul_435_70;lr_470_110;rul_-90_-9;rlr_-80_9
./raqun/family_28_variant_1_sl_rrmc.mdl,738561.4180966923013329506,Product,name_Product;type_Product;parent_name_family_28_variant_1_sl_rrmc;hierarchy_depth_0;num_lines_3;num_inputs_2;num_outputs_1;ul_345_61;lr_390_119;rul_-130_-1;rlr_-115_-29
./raqun/family_28_variant_1_sl_rrmc.mdl,738561.5845549373188987374,converttorowvector,name_converttorowvector;type_Reshape;parent_name_family_28_variant_1_sl_rrmc;hierarchy_depth_0;num_lines_2;num_inputs_1;num_outputs_1;ul_570_148;lr_610_172;rul_-135_-78;rlr_-140_-62
./raqun/family_28_variant_1_sl_rrmc.mdl,738560.8217657322529703379,desiredCartesianvelocity,name_desiredCartesianvelocity;type_Constant;parent_name_family_28_variant_1_sl_rrmc;hierarchy_depth_0;num_lines_1;num_inputs_0;num_outputs_1;ul_150_142;lr_265_178;rul_195_-81;rlr_125_-59
./raqun/family_28_variant_1_sl_rrmc.mdl,738561.1473526025656610727,inv,name_inv;type_MATLABFcn;parent_name_family_28_variant_1_sl_rrmc;hierarchy_depth_0;num_lines_2;num_inputs_1;num_outputs_1;ul_215_60;lr_275_90;rul_-120_-20;rlr_-115_20
./raqun/family_28_variant_1_sl_rrmc.mdl,738561.2133568112039938569,jacob0,name_jacob0;type_Reference;parent_name_family_28_variant_1_sl_rrmc;hierarchy_depth_0;num_lines_2;num_inputs_1;num_outputs_1;ul_95_40;lr_160_110;rul_340_30;rlr_310_0
./raqun/family_28_variant_1_sl_rrmc.mdl,738561.0036538304993882775,plot,name_plot;type_Reference;parent_name_family_28_variant_1_sl_rrmc;hierarchy_depth_0;num_lines_1;num_inputs_1;num_outputs_0;ul_580_62;lr_660_118;rul_-145_8;rlr_-190_-8
./raqun/family_28_variant_1_sl_rrmc.mdl,738561.7016016681445762515,q,name_q;type_Outport;parent_name_family_28_variant_1_sl_rrmc;hierarchy_depth_0;num_lines_1;num_inputs_1;num_outputs_0;ul_630_153;lr_660_167;rul_-60_-5;rlr_-50_5
./raqun/family_28_variant_2_sl_rrmc.mdl,738561.2537035798886790872,Jointservo,name_Jointservo;type_DiscreteIntegrator;parent_name_family_28_variant_2_sl_rrmc;hierarchy_depth_0;num_lines_4;num_inputs_1;num_outputs_1;ul_435_70;lr_470_110;rul_-90_-9;rlr_-80_9
./raqun/family_28_variant_2_sl_rrmc.mdl,738560.9561391276074573398,Product,name_Product;type_Product;parent_name_family_28_variant_2_sl_rrmc;hierarchy_depth_0;num_lines_3;num_inputs_2;num_outputs_1;ul_345_61;lr_390_119;rul_-130_-1;rlr_-115_-29
./raqun/family_28_variant_2_sl_rrmc.mdl,738560.8597962857456877828,converttorowvector,name_converttorowvector;type_Reshape;parent_name_family_28_variant_2_sl_rrmc;hierarchy_depth_0;num_lines_2;num_inputs_1;num_outputs_1;ul_570_148;lr_610_172;rul_-135_-78;rlr_-140_-62
./raqun/family_28_variant_2_sl_rrmc.mdl,738561.1044797621434554458,desiredCartesianvelocity,name_desiredCartesianvelocity;type_Constant;parent_name_family_28_variant_2_sl_rrmc;hierarchy_depth_0;num_lines_1;num_inputs_0;num_outputs_1;ul_150_142;lr_265_178;rul_195_-81;rlr_125_-59
./raqun/family_28_variant_2_sl_rrmc.mdl,738560.7612066848669201136,inv,name_inv;type_MATLABFcn;parent_name_family_28_variant_2_sl_rrmc;hierarchy_depth_0;num_lines_2;num_inputs_1;num_outputs_1;ul_215_60;lr_275_90;rul_-120_-20;rlr_-115_20
./raqun/family_28_variant_2_sl_rrmc.mdl,738561.6368274037959054112,jacob0,name_jacob0;type_Reference;parent_name_family_28_variant_2_sl_rrmc;hierarchy_depth_0;num_lines_2;num_inputs_1;num_outputs_1;ul_95_40;lr_160_110;rul_340_30;rlr_310_0
./raqun/family_28_variant_2_sl_rrmc.mdl,738561.4682839756133034825,plot,name_plot;type_Reference;parent_name_family_28_variant_2_sl_rrmc;hierarchy_depth_0;num_lines_1;num_inputs_1;num_outputs_0;ul_580_62;lr_660_118;rul_-145_8;rlr_-190_-8
./raqun/family_28_variant_2_sl_rrmc.mdl,738561.1503792484290897846,q,name_q;type_Outport;parent_name_family_28_variant_2_sl_rrmc;hierarchy_depth_0;num_lines_1;num_inputs_1;num_outputs_0;ul_630_153;lr_660_167;rul_-60_-5;rlr_-50_5
