./raqun/family_9_variant_1_sim_model.mdl,738560.8435029588872566819,FMUme,name_FMUme;type_Reference;parent_name_family_9_variant_1_sim_model;hierarchy_depth_0;num_lines_2;num_inputs_0;num_outputs_1;ul_-185_-96;lr_-20_46;rul_350_282;rlr_190_178
./raqun/family_9_variant_1_sim_model.mdl,738561.5452281945617869496,FromWorkspace,name_FromWorkspace;type_FromWorkspace;parent_name_family_9_variant_1_sim_model;hierarchy_depth_0;num_lines_1;num_inputs_0;num_outputs_1;ul_-135_203;lr_-70_227;rul_300_-17;rlr_240_-3
./raqun/family_9_variant_1_sim_model.mdl,738560.8197379400953650475,Mux,name_Mux;type_Mux;parent_name_family_9_variant_1_sim_model;hierarchy_depth_0;num_lines_3;num_inputs_2;num_outputs_1;ul_165_186;lr_170_224;rul_-350_-282;rlr_-190_-178
./raqun/family_9_variant_1_sim_model.mdl,738561.2246153561864048243,Scope,name_Scope;type_Scope;parent_name_family_9_variant_1_sim_model;hierarchy_depth_0;num_lines_1;num_inputs_1;num_outputs_0;ul_190_189;lr_220_221;rul_-25_-3;rlr_-50_3
./raqun/family_9_variant_1_sim_model.mdl,738561.4672774981008842587,ToWorkspace,name_ToWorkspace;type_ToWorkspace;parent_name_family_9_variant_1_sim_model;hierarchy_depth_0;num_lines_1;num_inputs_1;num_outputs_0;ul_175_-40;lr_235_-10;rul_-360_-56;rlr_-255_56
./raqun/family_9_variant_2_sim_model.mdl,738561.5202462277375161648,FMUme,name_FMUme;type_Reference;parent_name_family_9_variant_2_sim_model;hierarchy_depth_0;num_lines_2;num_inputs_0;num_outputs_1;ul_160_114;lr_325_256;rul_350_282;rlr_190_178
./raqun/family_9_variant_2_sim_model.mdl,738561.2922218117164447904,FromWorkspace,name_FromWorkspace;type_FromWorkspace;parent_name_family_9_variant_2_sim_model;hierarchy_depth_0;num_lines_1;num_inputs_0;num_outputs_1;ul_210_413;lr_275_437;rul_300_-17;rlr_240_-3
./raqun/family_9_variant_2_sim_model.mdl,738561.5474137122510001063,Mux,name_Mux;type_Mux;parent_name_family_9_variant_2_sim_model;hierarchy_depth_0;num_lines_3;num_inputs_2;num_outputs_1;ul_510_396;lr_515_434;rul_-350_-282;rlr_-190_-178
./raqun/family_9_variant_2_sim_model.mdl,738561.534512455458752811,Scope,name_Scope;type_Scope;parent_name_family_9_variant_2_sim_model;hierarchy_depth_0;num_lines_1;num_inputs_1;num_outputs_0;ul_535_399;lr_565_431;rul_-25_-3;rlr_-50_3
./raqun/family_9_variant_2_sim_model.mdl,738561.2960142655065283179,ToWorkspace,name_ToWorkspace;type_ToWorkspace;parent_name_family_9_variant_2_sim_model;hierarchy_depth_0;num_lines_1;num_inputs_1;num_outputs_0;ul_520_170;lr_580_200;rul_-360_-56;rlr_-255_56
