./raqun/family_19_variant_1_robot_drivers.slx,738561.029990374343469739,Arduino_DUE,name_Arduino_DUE;type_SubSystem;parent_name_family_19_variant_1_robot_drivers;hierarchy_depth_0;num_lines_0;num_inputs_0;num_outputs_0;ul_45_44;lr_205_176;rul_0_0;rlr_0_0
./raqun/family_19_variant_1_robot_drivers.slx,738561.6452437005937099457,DigitalInput,name_DigitalInput;type_S-Function;parent_name_Arduino_DUE;hierarchy_depth_1;num_lines_0;num_inputs_0;num_outputs_1;ul_95_170;lr_235_230;rul_0_0;rlr_0_0
./raqun/family_19_variant_1_robot_drivers.slx,738560.7701796219917014241,Encoder,name_Encoder;type_SubSystem;parent_name_Arduino_DUE;hierarchy_depth_1;num_lines_0;num_inputs_0;num_outputs_1;ul_100_275;lr_245_335;rul_0_0;rlr_0_0
./raqun/family_19_variant_1_robot_drivers.slx,738560.7744508147006854415,Encoder,name_Encoder;type_S-Function;parent_name_Encoder;hierarchy_depth_2;num_lines_1;num_inputs_0;num_outputs_1;ul_20_20;lr_160_80;rul_175_15;rlr_70_-15
./raqun/family_19_variant_1_robot_drivers.slx,738561.6220914400182664394,Zero-OrderHold,name_Zero-OrderHold;type_ZeroOrderHold;parent_name_Encoder;hierarchy_depth_2;num_lines_2;num_inputs_1;num_outputs_1;ul_195_35;lr_230_65;rul_-175_-15;rlr_-70_15
./raqun/family_19_variant_1_robot_drivers.slx,738560.7767487032106146216,Out1,name_Out1;type_Outport;parent_name_Encoder;hierarchy_depth_2;num_lines_1;num_inputs_1;num_outputs_0;ul_250_43;lr_280_57;rul_-55_-8;rlr_-50_8
./raqun/family_19_variant_1_robot_drivers.slx,738561.5424600025871768594,PWM,name_PWM;type_S-Function;parent_name_Arduino_DUE;hierarchy_depth_1;num_lines_1;num_inputs_1;num_outputs_0;ul_95_65;lr_235_125;rul_0_0;rlr_0_0
./raqun/family_19_variant_1_robot_drivers.slx,738561.7081099331844598055,arduino_I2CRead,name_arduino_I2CRead;type_S-Function;parent_name_Arduino_DUE;hierarchy_depth_1;num_lines_0;num_inputs_0;num_outputs_1;ul_115_377;lr_235_443;rul_0_0;rlr_0_0
./raqun/family_19_variant_1_robot_drivers.slx,738561.619468670105561614,Raspberry_PI,name_Raspberry_PI;type_SubSystem;parent_name_family_19_variant_1_robot_drivers;hierarchy_depth_0;num_lines_0;num_inputs_0;num_outputs_0;ul_295_44;lr_455_176;rul_0_0;rlr_0_0
./raqun/family_19_variant_1_robot_drivers.slx,738560.9157346166903153062,I2C_send,name_I2C_send;type_S-Function;parent_name_Raspberry_PI;hierarchy_depth_1;num_lines_1;num_inputs_1;num_outputs_0;ul_80_202;lr_225_258;rul_0_0;rlr_0_0
./raqun/family_19_variant_1_robot_drivers.slx,738561.4350618615280836821,UpdateCalibrationMatrixFile,name_UpdateCalibrationMatrixFile;type_SubSystem;parent_name_Raspberry_PI;hierarchy_depth_1;num_lines_1;num_inputs_1;num_outputs_0;ul_360_95;lr_485_155;rul_0_0;rlr_0_0
./raqun/family_19_variant_1_robot_drivers.slx,738560.9310929252533242106,calibration_matrix,name_calibration_matrix;type_Inport;parent_name_UpdateCalibrationMatrixFile;hierarchy_depth_2;num_lines_1;num_inputs_0;num_outputs_1;ul_145_58;lr_175_72;rul_80_-5;rlr_80_5
./raqun/family_19_variant_1_robot_drivers.slx,738561.3650958313373848796,Reshape,name_Reshape;type_Reshape;parent_name_UpdateCalibrationMatrixFile;hierarchy_depth_2;num_lines_2;num_inputs_1;num_outputs_1;ul_225_53;lr_255_77;rul_-80_5;rlr_-80_-5
./raqun/family_19_variant_1_robot_drivers.slx,738560.8135089005809277296,WriteCalibration,name_WriteCalibration;type_S-Function;parent_name_UpdateCalibrationMatrixFile;hierarchy_depth_2;num_lines_1;num_inputs_1;num_outputs_0;ul_290_20;lr_390_110;rul_-65_33;rlr_-135_-33
./raqun/family_19_variant_1_robot_drivers.slx,738561.3270955014741048217,UpdateCalibrationMatrixVar,name_UpdateCalibrationMatrixVar;type_SubSystem;parent_name_Raspberry_PI;hierarchy_depth_1;num_lines_0;num_inputs_0;num_outputs_1;ul_105_77;lr_225_133;rul_0_0;rlr_0_0
./raqun/family_19_variant_1_robot_drivers.slx,738561.4907065548468381166,ReadCalibration,name_ReadCalibration;type_S-Function;parent_name_UpdateCalibrationMatrixVar;hierarchy_depth_2;num_lines_1;num_inputs_0;num_outputs_1;ul_20_20;lr_120_110;rul_150_33;rlr_80_-33
./raqun/family_19_variant_1_robot_drivers.slx,738560.9247025515651330352,Reshape1,name_Reshape1;type_Reshape;parent_name_UpdateCalibrationMatrixVar;hierarchy_depth_2;num_lines_2;num_inputs_1;num_outputs_1;ul_170_53;lr_200_77;rul_-150_-33;rlr_-80_33
./raqun/family_19_variant_1_robot_drivers.slx,738561.565122700878418982,matrix,name_matrix;type_Outport;parent_name_UpdateCalibrationMatrixVar;hierarchy_depth_2;num_lines_1;num_inputs_1;num_outputs_0;ul_265_58;lr_295_72;rul_-95_-5;rlr_-95_5
./raqun/family_19_variant_2_robot_drivers.slx,738560.800885822856798768,Arduino_DUE,name_Arduino_DUE;type_SubSystem;parent_name_family_19_variant_2_robot_drivers;hierarchy_depth_0;num_lines_0;num_inputs_0;num_outputs_0;ul_45_44;lr_205_176;rul_0_0;rlr_0_0
./raqun/family_19_variant_2_robot_drivers.slx,738560.8778352778172120452,DigitalInput,name_DigitalInput;type_S-Function;parent_name_Arduino_DUE;hierarchy_depth_1;num_lines_0;num_inputs_0;num_outputs_1;ul_95_170;lr_235_230;rul_0_0;rlr_0_0
./raqun/family_19_variant_2_robot_drivers.slx,738561.2070432030595839024,Encoder,name_Encoder;type_SubSystem;parent_name_Arduino_DUE;hierarchy_depth_1;num_lines_0;num_inputs_0;num_outputs_1;ul_100_275;lr_245_335;rul_0_0;rlr_0_0
./raqun/family_19_variant_2_robot_drivers.slx,738561.6688574753934517503,Encoder,name_Encoder;type_S-Function;parent_name_Encoder;hierarchy_depth_2;num_lines_1;num_inputs_0;num_outputs_1;ul_20_20;lr_160_80;rul_175_15;rlr_70_-15
./raqun/family_19_variant_2_robot_drivers.slx,738560.8698895901907235384,Zero-OrderHold,name_Zero-OrderHold;type_ZeroOrderHold;parent_name_Encoder;hierarchy_depth_2;num_lines_2;num_inputs_1;num_outputs_1;ul_195_35;lr_230_65;rul_-175_-15;rlr_-70_15
./raqun/family_19_variant_2_robot_drivers.slx,738561.519760610070079565,Out1,name_Out1;type_Outport;parent_name_Encoder;hierarchy_depth_2;num_lines_1;num_inputs_1;num_outputs_0;ul_250_43;lr_280_57;rul_-55_-8;rlr_-50_8
./raqun/family_19_variant_2_robot_drivers.slx,738561.2027816337067633867,PWM,name_PWM;type_S-Function;parent_name_Arduino_DUE;hierarchy_depth_1;num_lines_1;num_inputs_1;num_outputs_0;ul_95_65;lr_235_125;rul_0_0;rlr_0_0
./raqun/family_19_variant_2_robot_drivers.slx,738561.5231304885819554329,arduino_I2CRead,name_arduino_I2CRead;type_S-Function;parent_name_Arduino_DUE;hierarchy_depth_1;num_lines_0;num_inputs_0;num_outputs_1;ul_115_377;lr_235_443;rul_0_0;rlr_0_0
./raqun/family_19_variant_2_robot_drivers.slx,738560.8541031423956155777,Raspberry_PI,name_Raspberry_PI;type_SubSystem;parent_name_family_19_variant_2_robot_drivers;hierarchy_depth_0;num_lines_0;num_inputs_0;num_outputs_0;ul_295_44;lr_455_176;rul_0_0;rlr_0_0
./raqun/family_19_variant_2_robot_drivers.slx,738561.0961732552386820316,I2C_send,name_I2C_send;type_S-Function;parent_name_Raspberry_PI;hierarchy_depth_1;num_lines_1;num_inputs_1;num_outputs_0;ul_80_202;lr_225_258;rul_0_0;rlr_0_0
./raqun/family_19_variant_2_robot_drivers.slx,738560.8077749604126438498,UpdateCalibrationMatrixFile,name_UpdateCalibrationMatrixFile;type_SubSystem;parent_name_Raspberry_PI;hierarchy_depth_1;num_lines_1;num_inputs_1;num_outputs_0;ul_360_95;lr_485_155;rul_0_0;rlr_0_0
./raqun/family_19_variant_2_robot_drivers.slx,738561.278970596962608397,calibration_matrix,name_calibration_matrix;type_Inport;parent_name_UpdateCalibrationMatrixFile;hierarchy_depth_2;num_lines_1;num_inputs_0;num_outputs_1;ul_145_58;lr_175_72;rul_80_-5;rlr_80_5
./raqun/family_19_variant_2_robot_drivers.slx,738561.0362568215932697058,Reshape,name_Reshape;type_Reshape;parent_name_UpdateCalibrationMatrixFile;hierarchy_depth_2;num_lines_2;num_inputs_1;num_outputs_1;ul_225_53;lr_255_77;rul_-80_5;rlr_-80_-5
./raqun/family_19_variant_2_robot_drivers.slx,738561.1150927398120984435,WriteCalibration,name_WriteCalibration;type_S-Function;parent_name_UpdateCalibrationMatrixFile;hierarchy_depth_2;num_lines_1;num_inputs_1;num_outputs_0;ul_290_20;lr_390_110;rul_-65_33;rlr_-135_-33
./raqun/family_19_variant_2_robot_drivers.slx,738561.0911264849128201604,UpdateCalibrationMatrixVar,name_UpdateCalibrationMatrixVar;type_SubSystem;parent_name_Raspberry_PI;hierarchy_depth_1;num_lines_0;num_inputs_0;num_outputs_1;ul_105_77;lr_225_133;rul_0_0;rlr_0_0
./raqun/family_19_variant_2_robot_drivers.slx,738561.3992200859356671572,ReadCalibration,name_ReadCalibration;type_S-Function;parent_name_UpdateCalibrationMatrixVar;hierarchy_depth_2;num_lines_1;num_inputs_0;num_outputs_1;ul_20_20;lr_120_110;rul_150_33;rlr_80_-33
./raqun/family_19_variant_2_robot_drivers.slx,738561.4367271690862253308,Reshape1,name_Reshape1;type_Reshape;parent_name_UpdateCalibrationMatrixVar;hierarchy_depth_2;num_lines_2;num_inputs_1;num_outputs_1;ul_170_53;lr_200_77;rul_-150_-33;rlr_-80_33
./raqun/family_19_variant_2_robot_drivers.slx,738561.3356697115814313293,matrix,name_matrix;type_Outport;parent_name_UpdateCalibrationMatrixVar;hierarchy_depth_2;num_lines_1;num_inputs_1;num_outputs_0;ul_265_58;lr_295_72;rul_-95_-5;rlr_-95_5
