./raqun/family_6_variant_1_AR_Drone_2_Library.slx,738560.9520470758434385061,Actuators,name_Actuators;type_SubSystem;parent_name_family_6_variant_1_AR_Drone_2_Library;hierarchy_depth_0;num_lines_0;num_inputs_0;num_outputs_0;ul_470_214;lr_640_381;rul_0_0;rlr_0_0
./raqun/family_6_variant_1_AR_Drone_2_Library.slx,738561.1101044935639947653,Networking,name_Networking;type_SubSystem;parent_name_family_6_variant_1_AR_Drone_2_Library;hierarchy_depth_0;num_lines_0;num_inputs_0;num_outputs_0;ul_705_419;lr_875_586;rul_0_0;rlr_0_0
./raqun/family_6_variant_1_AR_Drone_2_Library.slx,738561.5929452669806778431,Positioning,name_Positioning;type_SubSystem;parent_name_family_6_variant_1_AR_Drone_2_Library;hierarchy_depth_0;num_lines_0;num_inputs_0;num_outputs_0;ul_470_419;lr_640_586;rul_0_0;rlr_0_0
./raqun/family_6_variant_1_AR_Drone_2_Library.slx,738560.9839774072170257568,Sensors,name_Sensors;type_SubSystem;parent_name_family_6_variant_1_AR_Drone_2_Library;hierarchy_depth_0;num_lines_0;num_inputs_0;num_outputs_0;ul_210_214;lr_380_381;rul_0_0;rlr_0_0
./raqun/family_6_variant_1_AR_Drone_2_Library.slx,738560.9969585448270663619,Video,name_Video;type_SubSystem;parent_name_family_6_variant_1_AR_Drone_2_Library;hierarchy_depth_0;num_lines_0;num_inputs_0;num_outputs_0;ul_210_419;lr_380_586;rul_0_0;rlr_0_0
./raqun/family_6_variant_1_AR_Drone_2_Library.slx,738561.6178907681023702025,VideoProcessing,name_VideoProcessing;type_SubSystem;parent_name_family_6_variant_1_AR_Drone_2_Library;hierarchy_depth_0;num_lines_0;num_inputs_0;num_outputs_0;ul_705_214;lr_875_381;rul_0_0;rlr_0_0
./raqun/family_6_variant_2_AR_Drone_2_Library.slx,738560.8166173355421051383,BatteryVoltageMeasurement,name_BatteryVoltageMeasurement;type_S-Function;parent_name_family_6_variant_2_AR_Drone_2_Library;hierarchy_depth_0;num_lines_0;num_inputs_0;num_outputs_1;ul_245_517;lr_455_593;rul_0_0;rlr_0_0
./raqun/family_6_variant_2_AR_Drone_2_Library.slx,738561.2165273954160511494,InertialMeasurement,name_InertialMeasurement;type_SubSystem;parent_name_family_6_variant_2_AR_Drone_2_Library;hierarchy_depth_0;num_lines_0;num_inputs_0;num_outputs_2;ul_535_113;lr_790_242;rul_0_0;rlr_0_0
./raqun/family_6_variant_2_AR_Drone_2_Library.slx,738561.1098856679163873196,IMURead,name_IMURead;type_S-Function;parent_name_InertialMeasurement;hierarchy_depth_1;num_lines_2;num_inputs_0;num_outputs_2;ul_20_23;lr_190_512;rul_300_115;rlr_160_-360
./raqun/family_6_variant_2_AR_Drone_2_Library.slx,738560.8645248482935130596,IMUDataBus,name_IMUDataBus;type_Outport;parent_name_InertialMeasurement;hierarchy_depth_1;num_lines_1;num_inputs_1;num_outputs_0;ul_320_138;lr_350_152;rul_-300_-115;rlr_-160_360
./raqun/family_6_variant_2_AR_Drone_2_Library.slx,738561.2318769140401855111,IMUChecksumFlag,name_IMUChecksumFlag;type_Outport;parent_name_InertialMeasurement;hierarchy_depth_1;num_lines_1;num_inputs_1;num_outputs_0;ul_320_383;lr_350_397;rul_-300_-360;rlr_-160_115
./raqun/family_6_variant_2_AR_Drone_2_Library.slx,738560.8781463305931538343,Init_Actuator,name_Init_Actuator;type_S-Function;parent_name_family_6_variant_2_AR_Drone_2_Library;hierarchy_depth_0;num_lines_0;num_inputs_0;num_outputs_0;ul_245_345;lr_461_435;rul_0_0;rlr_0_0
./raqun/family_6_variant_2_AR_Drone_2_Library.slx,738561.2100209568161517382,LED,name_LED;type_SubSystem;parent_name_family_6_variant_2_AR_Drone_2_Library;hierarchy_depth_0;num_lines_4;num_inputs_4;num_outputs_0;ul_265_141;lr_445_244;rul_0_0;rlr_0_0
./raqun/family_6_variant_2_AR_Drone_2_Library.slx,738560.7142863482004031539,LED1,name_LED1;type_Inport;parent_name_LED;hierarchy_depth_1;num_lines_1;num_inputs_0;num_outputs_1;ul_20_33;lr_50_47;rul_120_-10;rlr_165_10
./raqun/family_6_variant_2_AR_Drone_2_Library.slx,738561.297628221451304853,LED2,name_LED2;type_Inport;parent_name_LED;hierarchy_depth_1;num_lines_1;num_inputs_0;num_outputs_1;ul_20_93;lr_50_107;rul_120_-10;rlr_165_10
./raqun/family_6_variant_2_AR_Drone_2_Library.slx,738561.1702192201046273112,LED3,name_LED3;type_Inport;parent_name_LED;hierarchy_depth_1;num_lines_1;num_inputs_0;num_outputs_1;ul_20_143;lr_50_157;rul_120_-10;rlr_165_10
./raqun/family_6_variant_2_AR_Drone_2_Library.slx,738561.5645922829862684011,LED4,name_LED4;type_Inport;parent_name_LED;hierarchy_depth_1;num_lines_1;num_inputs_0;num_outputs_1;ul_20_198;lr_50_212;rul_120_-10;rlr_165_10
./raqun/family_6_variant_2_AR_Drone_2_Library.slx,738561.6194334061583504081,ARDrone_LED,name_ARDrone_LED;type_S-Function;parent_name_LED;hierarchy_depth_1;num_lines_1;num_inputs_1;num_outputs_0;ul_455_85;lr_565_115;rul_-120_-34;rlr_-225_64
./raqun/family_6_variant_2_AR_Drone_2_Library.slx,738560.8450625527184456587,DataTypeConversion,name_DataTypeConversion;type_DataTypeConversion;parent_name_LED;hierarchy_depth_1;num_lines_2;num_inputs_1;num_outputs_1;ul_140_23;lr_215_57;rul_-120_10;rlr_-165_-10
./raqun/family_6_variant_2_AR_Drone_2_Library.slx,738561.6246918294345960021,DataTypeConversion1,name_DataTypeConversion1;type_DataTypeConversion;parent_name_LED;hierarchy_depth_1;num_lines_2;num_inputs_1;num_outputs_1;ul_140_83;lr_215_117;rul_-120_10;rlr_-165_-10
./raqun/family_6_variant_2_AR_Drone_2_Library.slx,738561.1545283379964530468,DataTypeConversion2,name_DataTypeConversion2;type_DataTypeConversion;parent_name_LED;hierarchy_depth_1;num_lines_2;num_inputs_1;num_outputs_1;ul_140_133;lr_215_167;rul_-120_10;rlr_-165_-10
./raqun/family_6_variant_2_AR_Drone_2_Library.slx,738560.8326850971207022667,DataTypeConversion3,name_DataTypeConversion3;type_DataTypeConversion;parent_name_LED;hierarchy_depth_1;num_lines_2;num_inputs_1;num_outputs_1;ul_140_188;lr_215_222;rul_-120_10;rlr_-165_-10
./raqun/family_6_variant_2_AR_Drone_2_Library.slx,738561.245049093384295702,Mux,name_Mux;type_Mux;parent_name_LED;hierarchy_depth_1;num_lines_5;num_inputs_4;num_outputs_1;ul_335_51;lr_340_179;rul_-195_-28;rlr_-125_-122
./raqun/family_6_variant_2_AR_Drone_2_Library.slx,738561.0346676065819337964,Motor,name_Motor;type_SubSystem;parent_name_family_6_variant_2_AR_Drone_2_Library;hierarchy_depth_0;num_lines_4;num_inputs_4;num_outputs_1;ul_525_303;lr_850_457;rul_0_0;rlr_0_0
./raqun/family_6_variant_2_AR_Drone_2_Library.slx,738560.9352204425958916545,PWM1,name_PWM1;type_Inport;parent_name_Motor;hierarchy_depth_1;num_lines_1;num_inputs_0;num_outputs_1;ul_20_53;lr_50_67;rul_230_-15;rlr_205_120
./raqun/family_6_variant_2_AR_Drone_2_Library.slx,738561.4166773119941353798,PWM2,name_PWM2;type_Inport;parent_name_Motor;hierarchy_depth_1;num_lines_1;num_inputs_0;num_outputs_1;ul_20_88;lr_50_102;rul_230_-50;rlr_205_85
./raqun/family_6_variant_2_AR_Drone_2_Library.slx,738560.9314881631871685386,PWM3,name_PWM3;type_Inport;parent_name_Motor;hierarchy_depth_1;num_lines_1;num_inputs_0;num_outputs_1;ul_20_123;lr_50_137;rul_230_-85;rlr_205_50
./raqun/family_6_variant_2_AR_Drone_2_Library.slx,738561.3847351575968787074,PWM4,name_PWM4;type_Inport;parent_name_Motor;hierarchy_depth_1;num_lines_1;num_inputs_0;num_outputs_1;ul_20_158;lr_50_172;rul_230_-120;rlr_205_15
./raqun/family_6_variant_2_AR_Drone_2_Library.slx,738561.5969373174011707306,ARDrone_Motor,name_ARDrone_Motor;type_S-Function;parent_name_Motor;hierarchy_depth_1;num_lines_2;num_inputs_1;num_outputs_1;ul_1865_145;lr_2050_175;rul_-140_-2;rlr_-250_2
./raqun/family_6_variant_2_AR_Drone_2_Library.slx,738560.848031708737835288,BitwiseOperator,name_BitwiseOperator;type_S-Function;parent_name_Motor;hierarchy_depth_1;num_lines_2;num_inputs_1;num_outputs_1;ul_865_96;lr_905_134;rul_-110_2;rlr_-75_-2
./raqun/family_6_variant_2_AR_Drone_2_Library.slx,738561.1340513706672936678,BitwiseOperator1,name_BitwiseOperator1;type_S-Function;parent_name_Motor;hierarchy_depth_1;num_lines_2;num_inputs_1;num_outputs_1;ul_1365_21;lr_1405_59;rul_-220_-1;rlr_-180_1
./raqun/family_6_variant_2_AR_Drone_2_Library.slx,738561.2260727391112595797,BitwiseOperator2,name_BitwiseOperator2;type_S-Function;parent_name_Motor;hierarchy_depth_1;num_lines_3;num_inputs_2;num_outputs_1;ul_1365_91;lr_1405_129;rul_-220_-26;rlr_-180_-24
./raqun/family_6_variant_2_AR_Drone_2_Library.slx,738561.3789361007511615753,BitwiseOperator3,name_BitwiseOperator3;type_S-Function;parent_name_Motor;hierarchy_depth_1;num_lines_3;num_inputs_2;num_outputs_1;ul_1365_166;lr_1405_204;rul_-220_-11;rlr_-180_-9
./raqun/family_6_variant_2_AR_Drone_2_Library.slx,738561.0941489666001871228,BitwiseOperator4,name_BitwiseOperator4;type_S-Function;parent_name_Motor;hierarchy_depth_1;num_lines_3;num_inputs_2;num_outputs_1;ul_1365_266;lr_1405_304;rul_-220_-21;rlr_-180_-19
./raqun/family_6_variant_2_AR_Drone_2_Library.slx,738561.0453537867870181799,DataTypeConversion,name_DataTypeConversion;type_DataTypeConversion;parent_name_Motor;hierarchy_depth_1;num_lines_2;num_inputs_1;num_outputs_1;ul_755_98;lr_830_132;rul_-155_-18;rlr_-100_18
./raqun/family_6_variant_2_AR_Drone_2_Library.slx,738560.8984421925852075219,DataTypeConversion3,name_DataTypeConversion3;type_DataTypeConversion;parent_name_Motor;hierarchy_depth_1;num_lines_2;num_inputs_1;num_outputs_1;ul_1725_143;lr_1800_177;rul_-80_-83;rlr_-150_83
./raqun/family_6_variant_2_AR_Drone_2_Library.slx,738561.1978804219979792833,Demux,name_Demux;type_Demux;parent_name_Motor;hierarchy_depth_1;num_lines_9;num_inputs_1;num_outputs_4;ul_980_40;lr_985_185;rul_-115_56;rlr_-80_-51
./raqun/family_6_variant_2_AR_Drone_2_Library.slx,738561.7056774867232888937,Gain,name_Gain;type_Gain;parent_name_Motor;hierarchy_depth_1;num_lines_2;num_inputs_1;num_outputs_1;ul_600_80;lr_730_150;rul_-180_20;rlr_-280_-20
./raqun/family_6_variant_2_AR_Drone_2_Library.slx,738561.2087806410854682326,Mux1,name_Mux1;type_Mux;parent_name_Motor;hierarchy_depth_1;num_lines_6;num_inputs_5;num_outputs_1;ul_1645_60;lr_1650_260;rul_-280_-39;rlr_-245_-201
./raqun/family_6_variant_2_AR_Drone_2_Library.slx,738560.7497096929000690579,Mux2,name_Mux2;type_Mux;parent_name_Motor;hierarchy_depth_1;num_lines_5;num_inputs_4;num_outputs_1;ul_250_38;lr_255_187;rul_-230_15;rlr_-205_-120
./raqun/family_6_variant_2_AR_Drone_2_Library.slx,738561.3465676945634186268,Saturation,name_Saturation;type_Saturate;parent_name_Motor;hierarchy_depth_1;num_lines_2;num_inputs_1;num_outputs_1;ul_420_100;lr_450_130;rul_-170_-62;rlr_-195_57
./raqun/family_6_variant_2_AR_Drone_2_Library.slx,738561.381888285162858665,ShiftArithmetic,name_ShiftArithmetic;type_ArithShift;parent_name_Motor;hierarchy_depth_1;num_lines_2;num_inputs_1;num_outputs_1;ul_1145_20;lr_1225_60;rul_-165_20;rlr_-240_125
./raqun/family_6_variant_2_AR_Drone_2_Library.slx,738560.9763035826617851853,ShiftArithmetic1,name_ShiftArithmetic1;type_ArithShift;parent_name_Motor;hierarchy_depth_1;num_lines_2;num_inputs_1;num_outputs_1;ul_1145_65;lr_1225_105;rul_-165_-25;rlr_-240_80
./raqun/family_6_variant_2_AR_Drone_2_Library.slx,738561.299549872986972332,ShiftArithmetic2,name_ShiftArithmetic2;type_ArithShift;parent_name_Motor;hierarchy_depth_1;num_lines_2;num_inputs_1;num_outputs_1;ul_1145_110;lr_1225_150;rul_-165_-70;rlr_-240_35
./raqun/family_6_variant_2_AR_Drone_2_Library.slx,738560.7468066890724003315,ShiftArithmetic3,name_ShiftArithmetic3;type_ArithShift;parent_name_Motor;hierarchy_depth_1;num_lines_2;num_inputs_1;num_outputs_1;ul_1145_155;lr_1225_195;rul_-165_-115;rlr_-240_-10
./raqun/family_6_variant_2_AR_Drone_2_Library.slx,738561.6578533644787967205,ShiftArithmetic4,name_ShiftArithmetic4;type_ArithShift;parent_name_Motor;hierarchy_depth_1;num_lines_2;num_inputs_1;num_outputs_1;ul_1145_200;lr_1225_240;rul_-165_-160;rlr_-240_-55
./raqun/family_6_variant_2_AR_Drone_2_Library.slx,738560.9883289508288726211,ShiftArithmetic5,name_ShiftArithmetic5;type_ArithShift;parent_name_Motor;hierarchy_depth_1;num_lines_2;num_inputs_1;num_outputs_1;ul_1145_245;lr_1225_285;rul_-165_-205;rlr_-240_-100
./raqun/family_6_variant_2_AR_Drone_2_Library.slx,738561.0383147445973008871,ShiftArithmetic6,name_ShiftArithmetic6;type_ArithShift;parent_name_Motor;hierarchy_depth_1;num_lines_2;num_inputs_1;num_outputs_1;ul_1145_290;lr_1225_330;rul_-165_-250;rlr_-240_-145
./raqun/family_6_variant_2_AR_Drone_2_Library.slx,738561.5735437906114384532,ShiftArithmetic7,name_ShiftArithmetic7;type_ArithShift;parent_name_Motor;hierarchy_depth_1;num_lines_2;num_inputs_1;num_outputs_1;ul_1145_335;lr_1225_375;rul_-165_-295;rlr_-240_-190
./raqun/family_6_variant_2_AR_Drone_2_Library.slx,738560.7302362939808517694,GPIO_Pin,name_GPIO_Pin;type_Outport;parent_name_Motor;hierarchy_depth_1;num_lines_1;num_inputs_1;num_outputs_0;ul_2080_153;lr_2110_167;rul_-215_-8;rlr_-60_8
./raqun/family_6_variant_2_AR_Drone_2_Library.slx,738561.6072950303787365556,Navigation,name_Navigation;type_Reference;parent_name_family_6_variant_2_AR_Drone_2_Library;hierarchy_depth_0;num_lines_3;num_inputs_3;num_outputs_2;ul_255_645;lr_465_945;rul_0_0;rlr_0_0
./raqun/family_6_variant_2_AR_Drone_2_Library.slx,738561.261215865146368742,NavigationSubsystem,name_NavigationSubsystem;type_Reference;parent_name_family_6_variant_2_AR_Drone_2_Library;hierarchy_depth_0;num_lines_2;num_inputs_2;num_outputs_9;ul_565_533;lr_730_817;rul_0_0;rlr_0_0
