{"runID":1,"method":"RaQuN-Jaccard-75","dataset":"hospitals","runtime":0.011,"numberOfModels":8,"numberOfElements":221,"numberOfTuples":195,"sizeOfLargestModel":38,"k":0,"tp":0,"fp":31,"fn":0,"precision":0.0,"recall":0.0,"fMeasure":0.0,"weight":1.448122970779221,"numberOfNWayComparisonsTheoreticallyNeeded":21211,"numberOfComparisonsActuallyDone":935,"mergeSizeFactor":5.131578947368421,"averageMatchedElementFit":0.8396413110698827,"matchedElementFitPerTuple":[1.0,0.8,0.8,0.75,0.8571428571428571,0.75,0.75,1.0,0.9,0.8181818181818182,0.75,0.8,0.8571428571428571,1.0,0.75,1.0,0.75,0.8,0.75,1.0,0.75]}
{"runID":1,"method":"RaQuN-Jaccard-75","dataset":"hospitals","runtime":0.011,"numberOfModels":8,"numberOfElements":221,"numberOfTuples":195,"sizeOfLargestModel":38,"k":0,"tp":0,"fp":31,"fn":0,"precision":0.0,"recall":0.0,"fMeasure":0.0,"weight":1.4481229707792211,"numberOfNWayComparisonsTheoreticallyNeeded":21211,"numberOfComparisonsActuallyDone":932,"mergeSizeFactor":5.131578947368421,"averageMatchedElementFit":0.8396413110698825,"matchedElementFitPerTuple":[0.75,0.8,0.9,0.75,1.0,0.8,0.8181818181818182,0.8571428571428571,0.75,0.75,1.0,1.0,0.75,0.75,0.8571428571428571,0.75,0.75,1.0,0.8,1.0,0.8]}
{"runID":1,"method":"RaQuN-Jaccard-75","dataset":"hospitals","runtime":0.011,"numberOfModels":8,"numberOfElements":221,"numberOfTuples":195,"sizeOfLargestModel":38,"k":0,"tp":0,"fp":31,"fn":0,"precision":0.0,"recall":0.0,"fMeasure":0.0,"weight":1.448122970779221,"numberOfNWayComparisonsTheoreticallyNeeded":21211,"numberOfComparisonsActuallyDone":934,"mergeSizeFactor":5.131578947368421,"averageMatchedElementFit":0.8396413110698827,"matchedElementFitPerTuple":[1.0,1.0,0.75,0.75,0.8571428571428571,0.75,1.0,1.0,0.8571428571428571,0.75,0.8,0.8,0.8,0.9,1.0,0.8181818181818182,0.8,0.75,0.75,0.75,0.75]}
{"runID":1,"method":"RaQuN-Jaccard-75","dataset":"hospitals","runtime":0.013,"numberOfModels":8,"numberOfElements":221,"numberOfTuples":195,"sizeOfLargestModel":38,"k":0,"tp":0,"fp":31,"fn":0,"precision":0.0,"recall":0.0,"fMeasure":0.0,"weight":1.448122970779221,"numberOfNWayComparisonsTheoreticallyNeeded":21211,"numberOfComparisonsActuallyDone":932,"mergeSizeFactor":5.131578947368421,"averageMatchedElementFit":0.8396413110698825,"matchedElementFitPerTuple":[0.8571428571428571,0.75,0.9,0.8,0.8,0.75,0.75,0.75,1.0,0.8,1.0,1.0,0.8181818181818182,0.8,0.75,0.75,1.0,0.75,1.0,0.8571428571428571,0.75]}
{"runID":1,"method":"RaQuN-Jaccard-75","dataset":"hospitals","runtime":0.011,"numberOfModels":8,"numberOfElements":221,"numberOfTuples":195,"sizeOfLargestModel":38,"k":0,"tp":0,"fp":31,"fn":0,"precision":0.0,"recall":0.0,"fMeasure":0.0,"weight":1.448122970779221,"numberOfNWayComparisonsTheoreticallyNeeded":21211,"numberOfComparisonsActuallyDone":932,"mergeSizeFactor":5.131578947368421,"averageMatchedElementFit":0.8396413110698825,"matchedElementFitPerTuple":[0.75,0.8,0.8181818181818182,1.0,0.75,0.75,1.0,0.8571428571428571,1.0,0.75,0.8,1.0,0.75,0.8571428571428571,0.8,0.75,1.0,0.75,0.75,0.9,0.8]}
{"runID":1,"method":"RaQuN-Jaccard-75","dataset":"hospitals","runtime":0.011,"numberOfModels":8,"numberOfElements":221,"numberOfTuples":195,"sizeOfLargestModel":38,"k":0,"tp":0,"fp":31,"fn":0,"precision":0.0,"recall":0.0,"fMeasure":0.0,"weight":1.448122970779221,"numberOfNWayComparisonsTheoreticallyNeeded":21211,"numberOfComparisonsActuallyDone":932,"mergeSizeFactor":5.131578947368421,"averageMatchedElementFit":0.8396413110698825,"matchedElementFitPerTuple":[0.8,1.0,0.8,0.8571428571428571,0.75,0.75,0.8181818181818182,0.8571428571428571,1.0,0.8,1.0,1.0,0.75,0.75,0.8,0.75,0.75,1.0,0.9,0.75,0.75]}
{"runID":1,"method":"RaQuN-Jaccard-75","dataset":"hospitals","runtime":0.011,"numberOfModels":8,"numberOfElements":221,"numberOfTuples":195,"sizeOfLargestModel":38,"k":0,"tp":0,"fp":31,"fn":0,"precision":0.0,"recall":0.0,"fMeasure":0.0,"weight":1.448122970779221,"numberOfNWayComparisonsTheoreticallyNeeded":21211,"numberOfComparisonsActuallyDone":932,"mergeSizeFactor":5.131578947368421,"averageMatchedElementFit":0.8396413110698824,"matchedElementFitPerTuple":[0.8,0.8571428571428571,0.75,0.75,1.0,0.75,0.8,0.75,0.8,0.75,0.9,1.0,0.8571428571428571,0.75,1.0,1.0,0.75,0.75,1.0,0.8181818181818182,0.8]}
{"runID":1,"method":"RaQuN-Jaccard-75","dataset":"hospitals","runtime":0.011,"numberOfModels":8,"numberOfElements":221,"numberOfTuples":195,"sizeOfLargestModel":38,"k":0,"tp":0,"fp":31,"fn":0,"precision":0.0,"recall":0.0,"fMeasure":0.0,"weight":1.448122970779221,"numberOfNWayComparisonsTheoreticallyNeeded":21211,"numberOfComparisonsActuallyDone":935,"mergeSizeFactor":5.131578947368421,"averageMatchedElementFit":0.8396413110698825,"matchedElementFitPerTuple":[1.0,0.75,0.8,0.75,0.75,0.8181818181818182,0.8571428571428571,0.8,1.0,0.8571428571428571,0.75,0.9,0.8,0.75,1.0,0.75,0.75,1.0,1.0,0.8,0.75]}
{"runID":1,"method":"RaQuN-Jaccard-75","dataset":"hospitals","runtime":0.011,"numberOfModels":8,"numberOfElements":221,"numberOfTuples":195,"sizeOfLargestModel":38,"k":0,"tp":0,"fp":31,"fn":0,"precision":0.0,"recall":0.0,"fMeasure":0.0,"weight":1.448122970779221,"numberOfNWayComparisonsTheoreticallyNeeded":21211,"numberOfComparisonsActuallyDone":932,"mergeSizeFactor":5.131578947368421,"averageMatchedElementFit":0.8396413110698825,"matchedElementFitPerTuple":[1.0,0.8571428571428571,0.75,0.75,0.75,1.0,0.9,0.8,0.8571428571428571,0.75,0.8181818181818182,0.8,1.0,0.8,0.75,0.75,1.0,1.0,0.8,0.75,0.75]}
{"runID":1,"method":"RaQuN-Jaccard-75","dataset":"hospitals","runtime":0.011,"numberOfModels":8,"numberOfElements":221,"numberOfTuples":195,"sizeOfLargestModel":38,"k":0,"tp":0,"fp":31,"fn":0,"precision":0.0,"recall":0.0,"fMeasure":0.0,"weight":1.448122970779221,"numberOfNWayComparisonsTheoreticallyNeeded":21211,"numberOfComparisonsActuallyDone":934,"mergeSizeFactor":5.131578947368421,"averageMatchedElementFit":0.8396413110698825,"matchedElementFitPerTuple":[0.75,0.75,0.75,0.75,0.8,0.8571428571428571,0.8,0.8,1.0,1.0,1.0,0.75,0.8181818181818182,0.75,1.0,0.75,0.8,0.8571428571428571,0.9,0.75,1.0]}
{"runID":1,"method":"RaQuN-Jaccard-75","dataset":"hospitals","runtime":0.011,"numberOfModels":8,"numberOfElements":221,"numberOfTuples":195,"sizeOfLargestModel":38,"k":0,"tp":0,"fp":31,"fn":0,"precision":0.0,"recall":0.0,"fMeasure":0.0,"weight":1.448122970779221,"numberOfNWayComparisonsTheoreticallyNeeded":21211,"numberOfComparisonsActuallyDone":932,"mergeSizeFactor":5.131578947368421,"averageMatchedElementFit":0.8396413110698825,"matchedElementFitPerTuple":[1.0,1.0,0.8,0.75,0.8,0.8,0.8571428571428571,1.0,0.75,0.8,0.8571428571428571,0.75,0.75,1.0,0.8181818181818182,0.75,1.0,0.9,0.75,0.75,0.75]}
{"runID":1,"method":"RaQuN-Jaccard-75","dataset":"hospitals","runtime":0.011,"numberOfModels":8,"numberOfElements":221,"numberOfTuples":195,"sizeOfLargestModel":38,"k":0,"tp":0,"fp":31,"fn":0,"precision":0.0,"recall":0.0,"fMeasure":0.0,"weight":1.4481229707792211,"numberOfNWayComparisonsTheoreticallyNeeded":21211,"numberOfComparisonsActuallyDone":934,"mergeSizeFactor":5.131578947368421,"averageMatchedElementFit":0.8396413110698825,"matchedElementFitPerTuple":[1.0,1.0,0.9,1.0,0.75,0.8571428571428571,0.75,0.8181818181818182,0.75,0.8,0.75,0.8,0.8,1.0,0.75,1.0,0.75,0.75,0.8,0.75,0.8571428571428571]}
{"runID":1,"method":"RaQuN-Jaccard-75","dataset":"hospitals","runtime":0.011,"numberOfModels":8,"numberOfElements":221,"numberOfTuples":195,"sizeOfLargestModel":38,"k":0,"tp":0,"fp":31,"fn":0,"precision":0.0,"recall":0.0,"fMeasure":0.0,"weight":1.448122970779221,"numberOfNWayComparisonsTheoreticallyNeeded":21211,"numberOfComparisonsActuallyDone":932,"mergeSizeFactor":5.131578947368421,"averageMatchedElementFit":0.8396413110698825,"matchedElementFitPerTuple":[1.0,0.75,0.75,0.8,0.9,1.0,0.8,0.8571428571428571,0.8571428571428571,0.75,0.75,1.0,0.8,1.0,0.8181818181818182,0.75,1.0,0.8,0.75,0.75,0.75]}
{"runID":1,"method":"RaQuN-Jaccard-75","dataset":"hospitals","runtime":0.011,"numberOfModels":8,"numberOfElements":221,"numberOfTuples":195,"sizeOfLargestModel":38,"k":0,"tp":0,"fp":31,"fn":0,"precision":0.0,"recall":0.0,"fMeasure":0.0,"weight":1.4481229707792207,"numberOfNWayComparisonsTheoreticallyNeeded":21211,"numberOfComparisonsActuallyDone":932,"mergeSizeFactor":5.131578947368421,"averageMatchedElementFit":0.8396413110698825,"matchedElementFitPerTuple":[1.0,0.75,1.0,0.8,0.8,0.8571428571428571,0.75,1.0,0.75,0.9,1.0,0.75,0.8571428571428571,0.75,0.8181818181818182,0.75,0.8,0.8,0.75,0.75,1.0]}
{"runID":1,"method":"RaQuN-Jaccard-75","dataset":"hospitals","runtime":0.011,"numberOfModels":8,"numberOfElements":221,"numberOfTuples":195,"sizeOfLargestModel":38,"k":0,"tp":0,"fp":31,"fn":0,"precision":0.0,"recall":0.0,"fMeasure":0.0,"weight":1.448122970779221,"numberOfNWayComparisonsTheoreticallyNeeded":21211,"numberOfComparisonsActuallyDone":932,"mergeSizeFactor":5.131578947368421,"averageMatchedElementFit":0.8396413110698825,"matchedElementFitPerTuple":[0.75,1.0,0.75,0.75,0.8571428571428571,0.75,0.75,0.8181818181818182,1.0,0.8,0.8571428571428571,0.8,0.75,0.8,1.0,0.9,0.75,0.75,1.0,0.8,1.0]}
{"runID":1,"method":"RaQuN-Jaccard-75","dataset":"hospitals","runtime":0.011,"numberOfModels":8,"numberOfElements":221,"numberOfTuples":195,"sizeOfLargestModel":38,"k":0,"tp":0,"fp":31,"fn":0,"precision":0.0,"recall":0.0,"fMeasure":0.0,"weight":1.448122970779221,"numberOfNWayComparisonsTheoreticallyNeeded":21211,"numberOfComparisonsActuallyDone":935,"mergeSizeFactor":5.131578947368421,"averageMatchedElementFit":0.8396413110698825,"matchedElementFitPerTuple":[1.0,1.0,0.9,0.8181818181818182,0.75,0.8,0.75,0.8,0.8571428571428571,0.75,0.75,1.0,1.0,0.8,0.75,0.75,0.75,1.0,0.8571428571428571,0.8,0.75]}
{"runID":1,"method":"RaQuN-Jaccard-75","dataset":"hospitals","runtime":0.011,"numberOfModels":8,"numberOfElements":221,"numberOfTuples":195,"sizeOfLargestModel":38,"k":0,"tp":0,"fp":31,"fn":0,"precision":0.0,"recall":0.0,"fMeasure":0.0,"weight":1.4481229707792211,"numberOfNWayComparisonsTheoreticallyNeeded":21211,"numberOfComparisonsActuallyDone":932,"mergeSizeFactor":5.131578947368421,"averageMatchedElementFit":0.8396413110698825,"matchedElementFitPerTuple":[1.0,0.75,0.75,0.8,0.75,0.8571428571428571,0.9,1.0,0.75,0.8,1.0,1.0,0.8181818181818182,0.75,0.75,0.8571428571428571,0.8,0.75,1.0,0.8,0.75]}
{"runID":1,"method":"RaQuN-Jaccard-75","dataset":"hospitals","runtime":0.011,"numberOfModels":8,"numberOfElements":221,"numberOfTuples":195,"sizeOfLargestModel":38,"k":0,"tp":0,"fp":31,"fn":0,"precision":0.0,"recall":0.0,"fMeasure":0.0,"weight":1.448122970779221,"numberOfNWayComparisonsTheoreticallyNeeded":21211,"numberOfComparisonsActuallyDone":935,"mergeSizeFactor":5.131578947368421,"averageMatchedElementFit":0.8396413110698825,"matchedElementFitPerTuple":[0.75,0.8571428571428571,0.75,0.8,0.8,0.8,0.75,0.75,1.0,1.0,1.0,1.0,0.8181818181818182,0.9,0.75,0.8571428571428571,1.0,0.8,0.75,0.75,0.75]}
{"runID":1,"method":"RaQuN-Jaccard-75","dataset":"hospitals","runtime":0.011,"numberOfModels":8,"numberOfElements":221,"numberOfTuples":195,"sizeOfLargestModel":38,"k":0,"tp":0,"fp":31,"fn":0,"precision":0.0,"recall":0.0,"fMeasure":0.0,"weight":1.448122970779221,"numberOfNWayComparisonsTheoreticallyNeeded":21211,"numberOfComparisonsActuallyDone":932,"mergeSizeFactor":5.131578947368421,"averageMatchedElementFit":0.8396413110698827,"matchedElementFitPerTuple":[0.75,0.75,0.8571428571428571,0.8,0.9,0.8,0.75,0.8,0.75,1.0,0.75,1.0,0.8571428571428571,0.8181818181818182,0.75,1.0,1.0,0.8,0.75,1.0,0.75]}
{"runID":1,"method":"RaQuN-Jaccard-75","dataset":"hospitals","runtime":0.011,"numberOfModels":8,"numberOfElements":221,"numberOfTuples":195,"sizeOfLargestModel":38,"k":0,"tp":0,"fp":31,"fn":0,"precision":0.0,"recall":0.0,"fMeasure":0.0,"weight":1.4481229707792207,"numberOfNWayComparisonsTheoreticallyNeeded":21211,"numberOfComparisonsActuallyDone":934,"mergeSizeFactor":5.131578947368421,"averageMatchedElementFit":0.8396413110698825,"matchedElementFitPerTuple":[0.8,1.0,0.8,0.8571428571428571,1.0,1.0,0.75,0.8,1.0,0.75,0.75,0.8,0.75,0.9,0.75,0.8181818181818182,1.0,0.8571428571428571,0.75,0.75,0.75]}
{"runID":1,"method":"RaQuN-Jaccard-75","dataset":"hospitals","runtime":0.011,"numberOfModels":8,"numberOfElements":221,"numberOfTuples":195,"sizeOfLargestModel":38,"k":0,"tp":0,"fp":31,"fn":0,"precision":0.0,"recall":0.0,"fMeasure":0.0,"weight":1.448122970779221,"numberOfNWayComparisonsTheoreticallyNeeded":21211,"numberOfComparisonsActuallyDone":935,"mergeSizeFactor":5.131578947368421,"averageMatchedElementFit":0.8396413110698827,"matchedElementFitPerTuple":[0.8571428571428571,0.8,0.75,0.8,0.75,1.0,0.8181818181818182,1.0,0.9,0.75,0.75,0.75,1.0,0.75,1.0,0.8571428571428571,0.8,0.8,0.75,0.75,1.0]}
{"runID":1,"method":"RaQuN-Jaccard-75","dataset":"hospitals","runtime":0.011,"numberOfModels":8,"numberOfElements":221,"numberOfTuples":195,"sizeOfLargestModel":38,"k":0,"tp":0,"fp":31,"fn":0,"precision":0.0,"recall":0.0,"fMeasure":0.0,"weight":1.448122970779221,"numberOfNWayComparisonsTheoreticallyNeeded":21211,"numberOfComparisonsActuallyDone":935,"mergeSizeFactor":5.131578947368421,"averageMatchedElementFit":0.8396413110698825,"matchedElementFitPerTuple":[0.8,0.75,1.0,0.8,1.0,0.9,0.8,1.0,0.75,1.0,0.75,0.75,0.75,0.8,0.75,0.8571428571428571,1.0,0.75,0.75,0.8181818181818182,0.8571428571428571]}
{"runID":1,"method":"RaQuN-Jaccard-75","dataset":"hospitals","runtime":0.011,"numberOfModels":8,"numberOfElements":221,"numberOfTuples":195,"sizeOfLargestModel":38,"k":0,"tp":0,"fp":31,"fn":0,"precision":0.0,"recall":0.0,"fMeasure":0.0,"weight":1.448122970779221,"numberOfNWayComparisonsTheoreticallyNeeded":21211,"numberOfComparisonsActuallyDone":932,"mergeSizeFactor":5.131578947368421,"averageMatchedElementFit":0.8396413110698825,"matchedElementFitPerTuple":[0.8,0.75,0.75,1.0,0.75,0.8181818181818182,0.8,0.75,1.0,0.75,0.8571428571428571,0.75,0.75,0.75,1.0,0.9,0.8,1.0,1.0,0.8,0.8571428571428571]}
{"runID":1,"method":"RaQuN-Jaccard-75","dataset":"hospitals","runtime":0.011,"numberOfModels":8,"numberOfElements":221,"numberOfTuples":195,"sizeOfLargestModel":38,"k":0,"tp":0,"fp":31,"fn":0,"precision":0.0,"recall":0.0,"fMeasure":0.0,"weight":1.448122970779221,"numberOfNWayComparisonsTheoreticallyNeeded":21211,"numberOfComparisonsActuallyDone":932,"mergeSizeFactor":5.131578947368421,"averageMatchedElementFit":0.8396413110698825,"matchedElementFitPerTuple":[0.8,0.8181818181818182,1.0,1.0,0.75,1.0,0.8571428571428571,1.0,0.8571428571428571,0.75,0.75,0.75,1.0,0.8,0.75,0.9,0.75,0.75,0.8,0.8,0.75]}
{"runID":1,"method":"RaQuN-Jaccard-75","dataset":"hospitals","runtime":0.011,"numberOfModels":8,"numberOfElements":221,"numberOfTuples":195,"sizeOfLargestModel":38,"k":0,"tp":0,"fp":31,"fn":0,"precision":0.0,"recall":0.0,"fMeasure":0.0,"weight":1.4481229707792207,"numberOfNWayComparisonsTheoreticallyNeeded":21211,"numberOfComparisonsActuallyDone":934,"mergeSizeFactor":5.131578947368421,"averageMatchedElementFit":0.8396413110698827,"matchedElementFitPerTuple":[0.75,0.8,1.0,1.0,0.75,0.8,0.75,1.0,0.9,0.8,0.75,0.8571428571428571,0.8,0.75,1.0,0.8181818181818182,0.8571428571428571,0.75,1.0,0.75,0.75]}
{"runID":1,"method":"RaQuN-Jaccard-75","dataset":"hospitals","runtime":0.011,"numberOfModels":8,"numberOfElements":221,"numberOfTuples":195,"sizeOfLargestModel":38,"k":0,"tp":0,"fp":31,"fn":0,"precision":0.0,"recall":0.0,"fMeasure":0.0,"weight":1.448122970779221,"numberOfNWayComparisonsTheoreticallyNeeded":21211,"numberOfComparisonsActuallyDone":932,"mergeSizeFactor":5.131578947368421,"averageMatchedElementFit":0.8396413110698827,"matchedElementFitPerTuple":[0.75,0.8,0.75,0.9,0.8571428571428571,0.75,0.75,0.8571428571428571,1.0,0.75,1.0,0.8,0.8,0.8,1.0,1.0,0.8181818181818182,0.75,0.75,0.75,1.0]}
{"runID":1,"method":"RaQuN-Jaccard-75","dataset":"hospitals","runtime":0.011,"numberOfModels":8,"numberOfElements":221,"numberOfTuples":195,"sizeOfLargestModel":38,"k":0,"tp":0,"fp":31,"fn":0,"precision":0.0,"recall":0.0,"fMeasure":0.0,"weight":1.448122970779221,"numberOfNWayComparisonsTheoreticallyNeeded":21211,"numberOfComparisonsActuallyDone":932,"mergeSizeFactor":5.131578947368421,"averageMatchedElementFit":0.8396413110698825,"matchedElementFitPerTuple":[1.0,0.9,0.75,0.75,1.0,1.0,0.8571428571428571,0.8571428571428571,0.75,0.75,0.8,0.75,0.8,0.75,1.0,0.75,0.75,0.8181818181818182,0.8,0.8,1.0]}
{"runID":1,"method":"RaQuN-Jaccard-75","dataset":"hospitals","runtime":0.011,"numberOfModels":8,"numberOfElements":221,"numberOfTuples":195,"sizeOfLargestModel":38,"k":0,"tp":0,"fp":31,"fn":0,"precision":0.0,"recall":0.0,"fMeasure":0.0,"weight":1.448122970779221,"numberOfNWayComparisonsTheoreticallyNeeded":21211,"numberOfComparisonsActuallyDone":934,"mergeSizeFactor":5.131578947368421,"averageMatchedElementFit":0.8396413110698827,"matchedElementFitPerTuple":[1.0,0.8571428571428571,1.0,0.8181818181818182,0.8,0.75,0.9,0.75,0.8571428571428571,0.8,0.75,0.75,0.75,1.0,0.75,0.75,0.8,1.0,0.8,1.0,0.75]}
{"runID":1,"method":"RaQuN-Jaccard-75","dataset":"hospitals","runtime":0.011,"numberOfModels":8,"numberOfElements":221,"numberOfTuples":195,"sizeOfLargestModel":38,"k":0,"tp":0,"fp":31,"fn":0,"precision":0.0,"recall":0.0,"fMeasure":0.0,"weight":1.4481229707792207,"numberOfNWayComparisonsTheoreticallyNeeded":21211,"numberOfComparisonsActuallyDone":932,"mergeSizeFactor":5.131578947368421,"averageMatchedElementFit":0.8396413110698825,"matchedElementFitPerTuple":[0.75,0.8,0.8571428571428571,1.0,0.75,0.75,1.0,1.0,0.8,0.75,0.75,0.8,0.8,0.75,0.8571428571428571,1.0,0.9,0.75,1.0,0.8181818181818182,0.75]}
{"runID":1,"method":"RaQuN-Jaccard-75","dataset":"hospitals","runtime":0.011,"numberOfModels":8,"numberOfElements":221,"numberOfTuples":195,"sizeOfLargestModel":38,"k":0,"tp":0,"fp":31,"fn":0,"precision":0.0,"recall":0.0,"fMeasure":0.0,"weight":1.448122970779221,"numberOfNWayComparisonsTheoreticallyNeeded":21211,"numberOfComparisonsActuallyDone":932,"mergeSizeFactor":5.131578947368421,"averageMatchedElementFit":0.8396413110698827,"matchedElementFitPerTuple":[0.8,0.75,0.8,0.75,0.75,1.0,0.8181818181818182,0.75,1.0,1.0,0.8,0.75,0.8571428571428571,1.0,0.9,1.0,0.8571428571428571,0.8,0.75,0.75,0.75]}
