{"runID":1,"method":"RaQuN-Jaccard-75","dataset":"example","runtime":0.0,"numberOfModels":3,"numberOfElements":8,"numberOfTuples":8,"sizeOfLargestModel":3,"k":0,"tp":0,"fp":0,"fn":4,"precision":0.0,"recall":0.0,"fMeasure":0.0,"weight":0.0,"numberOfNWayComparisonsTheoreticallyNeeded":21,"numberOfComparisonsActuallyDone":7,"mergeSizeFactor":2.6666666666666665,"averageMatchedElementFit":0.0,"matchedElementFitPerTuple":[]}
{"runID":1,"method":"RaQuN-Jaccard-75","dataset":"example","runtime":0.0,"numberOfModels":3,"numberOfElements":8,"numberOfTuples":8,"sizeOfLargestModel":3,"k":0,"tp":0,"fp":0,"fn":4,"precision":0.0,"recall":0.0,"fMeasure":0.0,"weight":0.0,"numberOfNWayComparisonsTheoreticallyNeeded":21,"numberOfComparisonsActuallyDone":7,"mergeSizeFactor":2.6666666666666665,"averageMatchedElementFit":0.0,"matchedElementFitPerTuple":[]}
{"runID":1,"method":"RaQuN-Jaccard-75","dataset":"example","runtime":0.0,"numberOfModels":3,"numberOfElements":8,"numberOfTuples":8,"sizeOfLargestModel":3,"k":0,"tp":0,"fp":0,"fn":4,"precision":0.0,"recall":0.0,"fMeasure":0.0,"weight":0.0,"numberOfNWayComparisonsTheoreticallyNeeded":21,"numberOfComparisonsActuallyDone":8,"mergeSizeFactor":2.6666666666666665,"averageMatchedElementFit":0.0,"matchedElementFitPerTuple":[]}
{"runID":1,"method":"RaQuN-Jaccard-75","dataset":"example","runtime":0.0,"numberOfModels":3,"numberOfElements":8,"numberOfTuples":8,"sizeOfLargestModel":3,"k":0,"tp":0,"fp":0,"fn":4,"precision":0.0,"recall":0.0,"fMeasure":0.0,"weight":0.0,"numberOfNWayComparisonsTheoreticallyNeeded":21,"numberOfComparisonsActuallyDone":8,"mergeSizeFactor":2.6666666666666665,"averageMatchedElementFit":0.0,"matchedElementFitPerTuple":[]}
{"runID":1,"method":"RaQuN-Jaccard-75","dataset":"example","runtime":0.0,"numberOfModels":3,"numberOfElements":8,"numberOfTuples":8,"sizeOfLargestModel":3,"k":0,"tp":0,"fp":0,"fn":4,"precision":0.0,"recall":0.0,"fMeasure":0.0,"weight":0.0,"numberOfNWayComparisonsTheoreticallyNeeded":21,"numberOfComparisonsActuallyDone":7,"mergeSizeFactor":2.6666666666666665,"averageMatchedElementFit":0.0,"matchedElementFitPerTuple":[]}
{"runID":1,"method":"RaQuN-Jaccard-75","dataset":"example","runtime":0.0,"numberOfModels":3,"numberOfElements":8,"numberOfTuples":8,"sizeOfLargestModel":3,"k":0,"tp":0,"fp":0,"fn":4,"precision":0.0,"recall":0.0,"fMeasure":0.0,"weight":0.0,"numberOfNWayComparisonsTheoreticallyNeeded":21,"numberOfComparisonsActuallyDone":8,"mergeSizeFactor":2.6666666666666665,"averageMatchedElementFit":0.0,"matchedElementFitPerTuple":[]}
{"runID":1,"method":"RaQuN-Jaccard-75","dataset":"example","runtime":0.0,"numberOfModels":3,"numberOfElements":8,"numberOfTuples":8,"sizeOfLargestModel":3,"k":0,"tp":0,"fp":0,"fn":4,"precision":0.0,"recall":0.0,"fMeasure":0.0,"weight":0.0,"numberOfNWayComparisonsTheoreticallyNeeded":21,"numberOfComparisonsActuallyDone":8,"mergeSizeFactor":2.6666666666666665,"averageMatchedElementFit":0.0,"matchedElementFitPerTuple":[]}
{"runID":1,"method":"RaQuN-Jaccard-75","dataset":"example","runtime":0.0,"numberOfModels":3,"numberOfElements":8,"numberOfTuples":8,"sizeOfLargestModel":3,"k":0,"tp":0,"fp":0,"fn":4,"precision":0.0,"recall":0.0,"fMeasure":0.0,"weight":0.0,"numberOfNWayComparisonsTheoreticallyNeeded":21,"numberOfComparisonsActuallyDone":8,"mergeSizeFactor":2.6666666666666665,"averageMatchedElementFit":0.0,"matchedElementFitPerTuple":[]}
{"runID":1,"method":"RaQuN-Jaccard-75","dataset":"example","runtime":0.0,"numberOfModels":3,"numberOfElements":8,"numberOfTuples":8,"sizeOfLargestModel":3,"k":0,"tp":0,"fp":0,"fn":4,"precision":0.0,"recall":0.0,"fMeasure":0.0,"weight":0.0,"numberOfNWayComparisonsTheoreticallyNeeded":21,"numberOfComparisonsActuallyDone":7,"mergeSizeFactor":2.6666666666666665,"averageMatchedElementFit":0.0,"matchedElementFitPerTuple":[]}
{"runID":1,"method":"RaQuN-Jaccard-75","dataset":"example","runtime":0.0,"numberOfModels":3,"numberOfElements":8,"numberOfTuples":8,"sizeOfLargestModel":3,"k":0,"tp":0,"fp":0,"fn":4,"precision":0.0,"recall":0.0,"fMeasure":0.0,"weight":0.0,"numberOfNWayComparisonsTheoreticallyNeeded":21,"numberOfComparisonsActuallyDone":7,"mergeSizeFactor":2.6666666666666665,"averageMatchedElementFit":0.0,"matchedElementFitPerTuple":[]}
{"runID":1,"method":"RaQuN-Jaccard-75","dataset":"example","runtime":0.0,"numberOfModels":3,"numberOfElements":8,"numberOfTuples":8,"sizeOfLargestModel":3,"k":0,"tp":0,"fp":0,"fn":4,"precision":0.0,"recall":0.0,"fMeasure":0.0,"weight":0.0,"numberOfNWayComparisonsTheoreticallyNeeded":21,"numberOfComparisonsActuallyDone":7,"mergeSizeFactor":2.6666666666666665,"averageMatchedElementFit":0.0,"matchedElementFitPerTuple":[]}
{"runID":1,"method":"RaQuN-Jaccard-75","dataset":"example","runtime":0.0,"numberOfModels":3,"numberOfElements":8,"numberOfTuples":8,"sizeOfLargestModel":3,"k":0,"tp":0,"fp":0,"fn":4,"precision":0.0,"recall":0.0,"fMeasure":0.0,"weight":0.0,"numberOfNWayComparisonsTheoreticallyNeeded":21,"numberOfComparisonsActuallyDone":7,"mergeSizeFactor":2.6666666666666665,"averageMatchedElementFit":0.0,"matchedElementFitPerTuple":[]}
{"runID":1,"method":"RaQuN-Jaccard-75","dataset":"example","runtime":0.0,"numberOfModels":3,"numberOfElements":8,"numberOfTuples":8,"sizeOfLargestModel":3,"k":0,"tp":0,"fp":0,"fn":4,"precision":0.0,"recall":0.0,"fMeasure":0.0,"weight":0.0,"numberOfNWayComparisonsTheoreticallyNeeded":21,"numberOfComparisonsActuallyDone":8,"mergeSizeFactor":2.6666666666666665,"averageMatchedElementFit":0.0,"matchedElementFitPerTuple":[]}
{"runID":1,"method":"RaQuN-Jaccard-75","dataset":"example","runtime":0.0,"numberOfModels":3,"numberOfElements":8,"numberOfTuples":8,"sizeOfLargestModel":3,"k":0,"tp":0,"fp":0,"fn":4,"precision":0.0,"recall":0.0,"fMeasure":0.0,"weight":0.0,"numberOfNWayComparisonsTheoreticallyNeeded":21,"numberOfComparisonsActuallyDone":8,"mergeSizeFactor":2.6666666666666665,"averageMatchedElementFit":0.0,"matchedElementFitPerTuple":[]}
{"runID":1,"method":"RaQuN-Jaccard-75","dataset":"example","runtime":0.0,"numberOfModels":3,"numberOfElements":8,"numberOfTuples":8,"sizeOfLargestModel":3,"k":0,"tp":0,"fp":0,"fn":4,"precision":0.0,"recall":0.0,"fMeasure":0.0,"weight":0.0,"numberOfNWayComparisonsTheoreticallyNeeded":21,"numberOfComparisonsActuallyDone":7,"mergeSizeFactor":2.6666666666666665,"averageMatchedElementFit":0.0,"matchedElementFitPerTuple":[]}
{"runID":1,"method":"RaQuN-Jaccard-75","dataset":"example","runtime":0.0,"numberOfModels":3,"numberOfElements":8,"numberOfTuples":8,"sizeOfLargestModel":3,"k":0,"tp":0,"fp":0,"fn":4,"precision":0.0,"recall":0.0,"fMeasure":0.0,"weight":0.0,"numberOfNWayComparisonsTheoreticallyNeeded":21,"numberOfComparisonsActuallyDone":8,"mergeSizeFactor":2.6666666666666665,"averageMatchedElementFit":0.0,"matchedElementFitPerTuple":[]}
{"runID":1,"method":"RaQuN-Jaccard-75","dataset":"example","runtime":0.0,"numberOfModels":3,"numberOfElements":8,"numberOfTuples":8,"sizeOfLargestModel":3,"k":0,"tp":0,"fp":0,"fn":4,"precision":0.0,"recall":0.0,"fMeasure":0.0,"weight":0.0,"numberOfNWayComparisonsTheoreticallyNeeded":21,"numberOfComparisonsActuallyDone":7,"mergeSizeFactor":2.6666666666666665,"averageMatchedElementFit":0.0,"matchedElementFitPerTuple":[]}
{"runID":1,"method":"RaQuN-Jaccard-75","dataset":"example","runtime":0.0,"numberOfModels":3,"numberOfElements":8,"numberOfTuples":8,"sizeOfLargestModel":3,"k":0,"tp":0,"fp":0,"fn":4,"precision":0.0,"recall":0.0,"fMeasure":0.0,"weight":0.0,"numberOfNWayComparisonsTheoreticallyNeeded":21,"numberOfComparisonsActuallyDone":8,"mergeSizeFactor":2.6666666666666665,"averageMatchedElementFit":0.0,"matchedElementFitPerTuple":[]}
{"runID":1,"method":"RaQuN-Jaccard-75","dataset":"example","runtime":0.0,"numberOfModels":3,"numberOfElements":8,"numberOfTuples":8,"sizeOfLargestModel":3,"k":0,"tp":0,"fp":0,"fn":4,"precision":0.0,"recall":0.0,"fMeasure":0.0,"weight":0.0,"numberOfNWayComparisonsTheoreticallyNeeded":21,"numberOfComparisonsActuallyDone":7,"mergeSizeFactor":2.6666666666666665,"averageMatchedElementFit":0.0,"matchedElementFitPerTuple":[]}
{"runID":1,"method":"RaQuN-Jaccard-75","dataset":"example","runtime":0.0,"numberOfModels":3,"numberOfElements":8,"numberOfTuples":8,"sizeOfLargestModel":3,"k":0,"tp":0,"fp":0,"fn":4,"precision":0.0,"recall":0.0,"fMeasure":0.0,"weight":0.0,"numberOfNWayComparisonsTheoreticallyNeeded":21,"numberOfComparisonsActuallyDone":7,"mergeSizeFactor":2.6666666666666665,"averageMatchedElementFit":0.0,"matchedElementFitPerTuple":[]}
{"runID":1,"method":"RaQuN-Jaccard-75","dataset":"example","runtime":0.0,"numberOfModels":3,"numberOfElements":8,"numberOfTuples":8,"sizeOfLargestModel":3,"k":0,"tp":0,"fp":0,"fn":4,"precision":0.0,"recall":0.0,"fMeasure":0.0,"weight":0.0,"numberOfNWayComparisonsTheoreticallyNeeded":21,"numberOfComparisonsActuallyDone":7,"mergeSizeFactor":2.6666666666666665,"averageMatchedElementFit":0.0,"matchedElementFitPerTuple":[]}
{"runID":1,"method":"RaQuN-Jaccard-75","dataset":"example","runtime":0.0,"numberOfModels":3,"numberOfElements":8,"numberOfTuples":8,"sizeOfLargestModel":3,"k":0,"tp":0,"fp":0,"fn":4,"precision":0.0,"recall":0.0,"fMeasure":0.0,"weight":0.0,"numberOfNWayComparisonsTheoreticallyNeeded":21,"numberOfComparisonsActuallyDone":7,"mergeSizeFactor":2.6666666666666665,"averageMatchedElementFit":0.0,"matchedElementFitPerTuple":[]}
{"runID":1,"method":"RaQuN-Jaccard-75","dataset":"example","runtime":0.0,"numberOfModels":3,"numberOfElements":8,"numberOfTuples":8,"sizeOfLargestModel":3,"k":0,"tp":0,"fp":0,"fn":4,"precision":0.0,"recall":0.0,"fMeasure":0.0,"weight":0.0,"numberOfNWayComparisonsTheoreticallyNeeded":21,"numberOfComparisonsActuallyDone":8,"mergeSizeFactor":2.6666666666666665,"averageMatchedElementFit":0.0,"matchedElementFitPerTuple":[]}
{"runID":1,"method":"RaQuN-Jaccard-75","dataset":"example","runtime":0.0,"numberOfModels":3,"numberOfElements":8,"numberOfTuples":8,"sizeOfLargestModel":3,"k":0,"tp":0,"fp":0,"fn":4,"precision":0.0,"recall":0.0,"fMeasure":0.0,"weight":0.0,"numberOfNWayComparisonsTheoreticallyNeeded":21,"numberOfComparisonsActuallyDone":7,"mergeSizeFactor":2.6666666666666665,"averageMatchedElementFit":0.0,"matchedElementFitPerTuple":[]}
{"runID":1,"method":"RaQuN-Jaccard-75","dataset":"example","runtime":0.0,"numberOfModels":3,"numberOfElements":8,"numberOfTuples":8,"sizeOfLargestModel":3,"k":0,"tp":0,"fp":0,"fn":4,"precision":0.0,"recall":0.0,"fMeasure":0.0,"weight":0.0,"numberOfNWayComparisonsTheoreticallyNeeded":21,"numberOfComparisonsActuallyDone":7,"mergeSizeFactor":2.6666666666666665,"averageMatchedElementFit":0.0,"matchedElementFitPerTuple":[]}
{"runID":1,"method":"RaQuN-Jaccard-75","dataset":"example","runtime":0.0,"numberOfModels":3,"numberOfElements":8,"numberOfTuples":8,"sizeOfLargestModel":3,"k":0,"tp":0,"fp":0,"fn":4,"precision":0.0,"recall":0.0,"fMeasure":0.0,"weight":0.0,"numberOfNWayComparisonsTheoreticallyNeeded":21,"numberOfComparisonsActuallyDone":7,"mergeSizeFactor":2.6666666666666665,"averageMatchedElementFit":0.0,"matchedElementFitPerTuple":[]}
{"runID":1,"method":"RaQuN-Jaccard-75","dataset":"example","runtime":0.0,"numberOfModels":3,"numberOfElements":8,"numberOfTuples":8,"sizeOfLargestModel":3,"k":0,"tp":0,"fp":0,"fn":4,"precision":0.0,"recall":0.0,"fMeasure":0.0,"weight":0.0,"numberOfNWayComparisonsTheoreticallyNeeded":21,"numberOfComparisonsActuallyDone":7,"mergeSizeFactor":2.6666666666666665,"averageMatchedElementFit":0.0,"matchedElementFitPerTuple":[]}
{"runID":1,"method":"RaQuN-Jaccard-75","dataset":"example","runtime":0.0,"numberOfModels":3,"numberOfElements":8,"numberOfTuples":8,"sizeOfLargestModel":3,"k":0,"tp":0,"fp":0,"fn":4,"precision":0.0,"recall":0.0,"fMeasure":0.0,"weight":0.0,"numberOfNWayComparisonsTheoreticallyNeeded":21,"numberOfComparisonsActuallyDone":7,"mergeSizeFactor":2.6666666666666665,"averageMatchedElementFit":0.0,"matchedElementFitPerTuple":[]}
{"runID":1,"method":"RaQuN-Jaccard-75","dataset":"example","runtime":0.0,"numberOfModels":3,"numberOfElements":8,"numberOfTuples":8,"sizeOfLargestModel":3,"k":0,"tp":0,"fp":0,"fn":4,"precision":0.0,"recall":0.0,"fMeasure":0.0,"weight":0.0,"numberOfNWayComparisonsTheoreticallyNeeded":21,"numberOfComparisonsActuallyDone":7,"mergeSizeFactor":2.6666666666666665,"averageMatchedElementFit":0.0,"matchedElementFitPerTuple":[]}
{"runID":1,"method":"RaQuN-Jaccard-75","dataset":"example","runtime":0.0,"numberOfModels":3,"numberOfElements":8,"numberOfTuples":8,"sizeOfLargestModel":3,"k":0,"tp":0,"fp":0,"fn":4,"precision":0.0,"recall":0.0,"fMeasure":0.0,"weight":0.0,"numberOfNWayComparisonsTheoreticallyNeeded":21,"numberOfComparisonsActuallyDone":7,"mergeSizeFactor":2.6666666666666665,"averageMatchedElementFit":0.0,"matchedElementFitPerTuple":[]}
