{"runID":1,"method":"RaQuN-Jaccard-75","dataset":"warehouses","runtime":0.042,"numberOfModels":16,"numberOfElements":388,"numberOfTuples":354,"sizeOfLargestModel":44,"k":0,"tp":0,"fp":42,"fn":0,"precision":0.0,"recall":0.0,"fMeasure":0.0,"weight":0.5289062499999999,"numberOfNWayComparisonsTheoreticallyNeeded":70037,"numberOfComparisonsActuallyDone":4041,"mergeSizeFactor":8.045454545454545,"averageMatchedElementFit":0.9373456790123457,"matchedElementFitPerTuple":[0.875,0.75,1.0,1.0,0.8333333333333334,1.0,1.0,0.8,1.0,1.0,1.0,1.0,1.0,0.75,1.0,1.0,1.0,1.0,0.75,0.75,1.0,1.0,1.0,1.0,1.0,0.8,1.0]}
{"runID":1,"method":"RaQuN-Jaccard-75","dataset":"warehouses","runtime":0.042,"numberOfModels":16,"numberOfElements":388,"numberOfTuples":354,"sizeOfLargestModel":44,"k":0,"tp":0,"fp":42,"fn":0,"precision":0.0,"recall":0.0,"fMeasure":0.0,"weight":0.52890625,"numberOfNWayComparisonsTheoreticallyNeeded":70037,"numberOfComparisonsActuallyDone":4041,"mergeSizeFactor":8.045454545454545,"averageMatchedElementFit":0.9373456790123457,"matchedElementFitPerTuple":[1.0,1.0,1.0,0.8333333333333334,1.0,0.75,1.0,1.0,1.0,1.0,1.0,1.0,1.0,0.875,1.0,0.8,1.0,1.0,0.8,0.75,1.0,1.0,0.75,0.75,1.0,1.0,1.0]}
{"runID":1,"method":"RaQuN-Jaccard-75","dataset":"warehouses","runtime":0.042,"numberOfModels":16,"numberOfElements":388,"numberOfTuples":354,"sizeOfLargestModel":44,"k":0,"tp":0,"fp":42,"fn":0,"precision":0.0,"recall":0.0,"fMeasure":0.0,"weight":0.52890625,"numberOfNWayComparisonsTheoreticallyNeeded":70037,"numberOfComparisonsActuallyDone":4041,"mergeSizeFactor":8.045454545454545,"averageMatchedElementFit":0.9373456790123458,"matchedElementFitPerTuple":[1.0,1.0,1.0,0.8333333333333334,1.0,1.0,0.875,1.0,1.0,0.75,0.75,1.0,1.0,0.8,0.8,1.0,0.75,1.0,1.0,1.0,1.0,0.75,1.0,1.0,1.0,1.0,1.0]}
{"runID":1,"method":"RaQuN-Jaccard-75","dataset":"warehouses","runtime":0.042,"numberOfModels":16,"numberOfElements":388,"numberOfTuples":354,"sizeOfLargestModel":44,"k":0,"tp":0,"fp":42,"fn":0,"precision":0.0,"recall":0.0,"fMeasure":0.0,"weight":0.52890625,"numberOfNWayComparisonsTheoreticallyNeeded":70037,"numberOfComparisonsActuallyDone":4041,"mergeSizeFactor":8.045454545454545,"averageMatchedElementFit":0.9373456790123457,"matchedElementFitPerTuple":[1.0,1.0,1.0,1.0,1.0,1.0,0.8333333333333334,1.0,0.75,1.0,1.0,1.0,0.8,1.0,0.75,1.0,0.75,1.0,1.0,0.875,1.0,0.75,1.0,1.0,1.0,0.8,1.0]}
{"runID":1,"method":"RaQuN-Jaccard-75","dataset":"warehouses","runtime":0.044,"numberOfModels":16,"numberOfElements":388,"numberOfTuples":354,"sizeOfLargestModel":44,"k":0,"tp":0,"fp":42,"fn":0,"precision":0.0,"recall":0.0,"fMeasure":0.0,"weight":0.52890625,"numberOfNWayComparisonsTheoreticallyNeeded":70037,"numberOfComparisonsActuallyDone":4041,"mergeSizeFactor":8.045454545454545,"averageMatchedElementFit":0.9373456790123457,"matchedElementFitPerTuple":[1.0,1.0,1.0,1.0,0.8,0.75,0.8333333333333334,1.0,1.0,1.0,0.875,1.0,0.75,1.0,0.75,0.75,1.0,1.0,1.0,1.0,0.8,1.0,1.0,1.0,1.0,1.0,1.0]}
{"runID":1,"method":"RaQuN-Jaccard-75","dataset":"warehouses","runtime":0.045,"numberOfModels":16,"numberOfElements":388,"numberOfTuples":354,"sizeOfLargestModel":44,"k":0,"tp":0,"fp":42,"fn":0,"precision":0.0,"recall":0.0,"fMeasure":0.0,"weight":0.5289062499999999,"numberOfNWayComparisonsTheoreticallyNeeded":70037,"numberOfComparisonsActuallyDone":4041,"mergeSizeFactor":8.045454545454545,"averageMatchedElementFit":0.9373456790123457,"matchedElementFitPerTuple":[0.75,1.0,0.75,1.0,1.0,0.875,1.0,1.0,1.0,0.75,1.0,1.0,1.0,1.0,1.0,1.0,0.8,1.0,1.0,1.0,1.0,0.75,0.8,0.8333333333333334,1.0,1.0,1.0]}
{"runID":1,"method":"RaQuN-Jaccard-75","dataset":"warehouses","runtime":0.042,"numberOfModels":16,"numberOfElements":388,"numberOfTuples":354,"sizeOfLargestModel":44,"k":0,"tp":0,"fp":42,"fn":0,"precision":0.0,"recall":0.0,"fMeasure":0.0,"weight":0.52890625,"numberOfNWayComparisonsTheoreticallyNeeded":70037,"numberOfComparisonsActuallyDone":4041,"mergeSizeFactor":8.045454545454545,"averageMatchedElementFit":0.9373456790123457,"matchedElementFitPerTuple":[0.8,1.0,0.75,1.0,0.75,1.0,1.0,0.875,1.0,1.0,1.0,1.0,0.8333333333333334,1.0,1.0,1.0,1.0,1.0,1.0,1.0,0.75,1.0,1.0,0.75,0.8,1.0,1.0]}
{"runID":1,"method":"RaQuN-Jaccard-75","dataset":"warehouses","runtime":0.042,"numberOfModels":16,"numberOfElements":388,"numberOfTuples":354,"sizeOfLargestModel":44,"k":0,"tp":0,"fp":42,"fn":0,"precision":0.0,"recall":0.0,"fMeasure":0.0,"weight":0.52890625,"numberOfNWayComparisonsTheoreticallyNeeded":70037,"numberOfComparisonsActuallyDone":4041,"mergeSizeFactor":8.045454545454545,"averageMatchedElementFit":0.9373456790123457,"matchedElementFitPerTuple":[0.75,1.0,1.0,1.0,1.0,0.8333333333333334,0.75,1.0,0.75,0.75,1.0,1.0,1.0,1.0,1.0,1.0,0.8,1.0,1.0,1.0,1.0,1.0,1.0,0.875,1.0,0.8,1.0]}
{"runID":1,"method":"RaQuN-Jaccard-75","dataset":"warehouses","runtime":0.042,"numberOfModels":16,"numberOfElements":388,"numberOfTuples":354,"sizeOfLargestModel":44,"k":0,"tp":0,"fp":42,"fn":0,"precision":0.0,"recall":0.0,"fMeasure":0.0,"weight":0.52890625,"numberOfNWayComparisonsTheoreticallyNeeded":70037,"numberOfComparisonsActuallyDone":4041,"mergeSizeFactor":8.045454545454545,"averageMatchedElementFit":0.9373456790123457,"matchedElementFitPerTuple":[1.0,1.0,1.0,1.0,1.0,0.8,1.0,1.0,1.0,0.75,1.0,0.75,1.0,1.0,0.75,1.0,1.0,1.0,1.0,0.8,1.0,1.0,0.75,1.0,1.0,0.875,0.8333333333333334]}
{"runID":1,"method":"RaQuN-Jaccard-75","dataset":"warehouses","runtime":0.042,"numberOfModels":16,"numberOfElements":388,"numberOfTuples":354,"sizeOfLargestModel":44,"k":0,"tp":0,"fp":42,"fn":0,"precision":0.0,"recall":0.0,"fMeasure":0.0,"weight":0.52890625,"numberOfNWayComparisonsTheoreticallyNeeded":70037,"numberOfComparisonsActuallyDone":4041,"mergeSizeFactor":8.045454545454545,"averageMatchedElementFit":0.9373456790123457,"matchedElementFitPerTuple":[0.875,1.0,1.0,0.8,1.0,1.0,1.0,1.0,1.0,1.0,1.0,1.0,0.8,1.0,1.0,1.0,1.0,0.8333333333333334,1.0,1.0,0.75,0.75,1.0,0.75,1.0,0.75,1.0]}
{"runID":1,"method":"RaQuN-Jaccard-75","dataset":"warehouses","runtime":0.043,"numberOfModels":16,"numberOfElements":388,"numberOfTuples":354,"sizeOfLargestModel":44,"k":0,"tp":0,"fp":42,"fn":0,"precision":0.0,"recall":0.0,"fMeasure":0.0,"weight":0.52890625,"numberOfNWayComparisonsTheoreticallyNeeded":70037,"numberOfComparisonsActuallyDone":4041,"mergeSizeFactor":8.045454545454545,"averageMatchedElementFit":0.9373456790123457,"matchedElementFitPerTuple":[1.0,1.0,1.0,1.0,1.0,1.0,0.8,0.75,1.0,1.0,1.0,1.0,0.75,0.875,0.75,1.0,0.75,1.0,1.0,0.8,1.0,1.0,1.0,0.8333333333333334,1.0,1.0,1.0]}
{"runID":1,"method":"RaQuN-Jaccard-75","dataset":"warehouses","runtime":0.042,"numberOfModels":16,"numberOfElements":388,"numberOfTuples":354,"sizeOfLargestModel":44,"k":0,"tp":0,"fp":42,"fn":0,"precision":0.0,"recall":0.0,"fMeasure":0.0,"weight":0.52890625,"numberOfNWayComparisonsTheoreticallyNeeded":70037,"numberOfComparisonsActuallyDone":4041,"mergeSizeFactor":8.045454545454545,"averageMatchedElementFit":0.9373456790123457,"matchedElementFitPerTuple":[1.0,1.0,0.875,0.75,0.75,1.0,1.0,0.8,1.0,1.0,0.75,1.0,1.0,0.8,1.0,1.0,1.0,1.0,0.8333333333333334,1.0,1.0,1.0,1.0,0.75,1.0,1.0,1.0]}
{"runID":1,"method":"RaQuN-Jaccard-75","dataset":"warehouses","runtime":0.041,"numberOfModels":16,"numberOfElements":388,"numberOfTuples":354,"sizeOfLargestModel":44,"k":0,"tp":0,"fp":42,"fn":0,"precision":0.0,"recall":0.0,"fMeasure":0.0,"weight":0.52890625,"numberOfNWayComparisonsTheoreticallyNeeded":70037,"numberOfComparisonsActuallyDone":4041,"mergeSizeFactor":8.045454545454545,"averageMatchedElementFit":0.9373456790123458,"matchedElementFitPerTuple":[1.0,1.0,1.0,0.8333333333333334,1.0,1.0,1.0,1.0,1.0,1.0,0.75,0.75,1.0,1.0,1.0,0.875,1.0,1.0,1.0,0.75,0.8,0.8,1.0,0.75,1.0,1.0,1.0]}
{"runID":1,"method":"RaQuN-Jaccard-75","dataset":"warehouses","runtime":0.041,"numberOfModels":16,"numberOfElements":388,"numberOfTuples":354,"sizeOfLargestModel":44,"k":0,"tp":0,"fp":42,"fn":0,"precision":0.0,"recall":0.0,"fMeasure":0.0,"weight":0.52890625,"numberOfNWayComparisonsTheoreticallyNeeded":70037,"numberOfComparisonsActuallyDone":4041,"mergeSizeFactor":8.045454545454545,"averageMatchedElementFit":0.9373456790123458,"matchedElementFitPerTuple":[1.0,1.0,0.8333333333333334,1.0,0.75,1.0,1.0,1.0,1.0,1.0,1.0,1.0,1.0,0.75,1.0,1.0,0.875,0.75,1.0,0.75,1.0,1.0,0.8,1.0,0.8,1.0,1.0]}
{"runID":1,"method":"RaQuN-Jaccard-75","dataset":"warehouses","runtime":0.042,"numberOfModels":16,"numberOfElements":388,"numberOfTuples":354,"sizeOfLargestModel":44,"k":0,"tp":0,"fp":42,"fn":0,"precision":0.0,"recall":0.0,"fMeasure":0.0,"weight":0.52890625,"numberOfNWayComparisonsTheoreticallyNeeded":70037,"numberOfComparisonsActuallyDone":4041,"mergeSizeFactor":8.045454545454545,"averageMatchedElementFit":0.9373456790123457,"matchedElementFitPerTuple":[1.0,0.8333333333333334,1.0,1.0,1.0,1.0,1.0,1.0,0.75,0.8,1.0,1.0,1.0,1.0,1.0,1.0,0.75,0.75,1.0,0.75,1.0,0.8,1.0,0.875,1.0,1.0,1.0]}
{"runID":1,"method":"RaQuN-Jaccard-75","dataset":"warehouses","runtime":0.042,"numberOfModels":16,"numberOfElements":388,"numberOfTuples":354,"sizeOfLargestModel":44,"k":0,"tp":0,"fp":42,"fn":0,"precision":0.0,"recall":0.0,"fMeasure":0.0,"weight":0.52890625,"numberOfNWayComparisonsTheoreticallyNeeded":70037,"numberOfComparisonsActuallyDone":4041,"mergeSizeFactor":8.045454545454545,"averageMatchedElementFit":0.9373456790123457,"matchedElementFitPerTuple":[1.0,1.0,0.75,1.0,1.0,0.75,1.0,1.0,0.8,0.8333333333333334,1.0,1.0,1.0,1.0,0.875,1.0,1.0,1.0,0.75,1.0,0.75,0.8,1.0,1.0,1.0,1.0,1.0]}
{"runID":1,"method":"RaQuN-Jaccard-75","dataset":"warehouses","runtime":0.043,"numberOfModels":16,"numberOfElements":388,"numberOfTuples":354,"sizeOfLargestModel":44,"k":0,"tp":0,"fp":42,"fn":0,"precision":0.0,"recall":0.0,"fMeasure":0.0,"weight":0.52890625,"numberOfNWayComparisonsTheoreticallyNeeded":70037,"numberOfComparisonsActuallyDone":4041,"mergeSizeFactor":8.045454545454545,"averageMatchedElementFit":0.9373456790123457,"matchedElementFitPerTuple":[1.0,1.0,1.0,1.0,1.0,0.875,0.75,1.0,0.75,0.75,1.0,1.0,0.8,1.0,1.0,1.0,0.75,1.0,1.0,0.8,1.0,1.0,1.0,1.0,1.0,1.0,0.8333333333333334]}
{"runID":1,"method":"RaQuN-Jaccard-75","dataset":"warehouses","runtime":0.041,"numberOfModels":16,"numberOfElements":388,"numberOfTuples":354,"sizeOfLargestModel":44,"k":0,"tp":0,"fp":42,"fn":0,"precision":0.0,"recall":0.0,"fMeasure":0.0,"weight":0.52890625,"numberOfNWayComparisonsTheoreticallyNeeded":70037,"numberOfComparisonsActuallyDone":4041,"mergeSizeFactor":8.045454545454545,"averageMatchedElementFit":0.9373456790123457,"matchedElementFitPerTuple":[0.75,1.0,0.75,1.0,1.0,1.0,1.0,0.75,1.0,1.0,0.8,1.0,1.0,1.0,1.0,1.0,1.0,1.0,1.0,0.8333333333333334,0.875,1.0,1.0,0.8,0.75,1.0,1.0]}
{"runID":1,"method":"RaQuN-Jaccard-75","dataset":"warehouses","runtime":0.042,"numberOfModels":16,"numberOfElements":388,"numberOfTuples":354,"sizeOfLargestModel":44,"k":0,"tp":0,"fp":42,"fn":0,"precision":0.0,"recall":0.0,"fMeasure":0.0,"weight":0.52890625,"numberOfNWayComparisonsTheoreticallyNeeded":70037,"numberOfComparisonsActuallyDone":4041,"mergeSizeFactor":8.045454545454545,"averageMatchedElementFit":0.9373456790123457,"matchedElementFitPerTuple":[1.0,1.0,0.875,0.8,0.8,1.0,0.75,1.0,0.75,1.0,1.0,0.75,1.0,1.0,1.0,1.0,1.0,0.75,1.0,1.0,1.0,1.0,1.0,0.8333333333333334,1.0,1.0,1.0]}
{"runID":1,"method":"RaQuN-Jaccard-75","dataset":"warehouses","runtime":0.041,"numberOfModels":16,"numberOfElements":388,"numberOfTuples":354,"sizeOfLargestModel":44,"k":0,"tp":0,"fp":42,"fn":0,"precision":0.0,"recall":0.0,"fMeasure":0.0,"weight":0.5289062499999999,"numberOfNWayComparisonsTheoreticallyNeeded":70037,"numberOfComparisonsActuallyDone":4041,"mergeSizeFactor":8.045454545454545,"averageMatchedElementFit":0.9373456790123458,"matchedElementFitPerTuple":[1.0,1.0,1.0,0.75,1.0,0.875,1.0,1.0,1.0,1.0,0.75,1.0,1.0,1.0,0.8333333333333334,0.75,1.0,0.75,1.0,1.0,0.8,1.0,1.0,1.0,1.0,1.0,0.8]}
{"runID":1,"method":"RaQuN-Jaccard-75","dataset":"warehouses","runtime":0.041,"numberOfModels":16,"numberOfElements":388,"numberOfTuples":354,"sizeOfLargestModel":44,"k":0,"tp":0,"fp":42,"fn":0,"precision":0.0,"recall":0.0,"fMeasure":0.0,"weight":0.52890625,"numberOfNWayComparisonsTheoreticallyNeeded":70037,"numberOfComparisonsActuallyDone":4041,"mergeSizeFactor":8.045454545454545,"averageMatchedElementFit":0.9373456790123457,"matchedElementFitPerTuple":[0.8,1.0,1.0,1.0,1.0,1.0,1.0,0.75,1.0,1.0,1.0,0.8333333333333334,1.0,1.0,1.0,0.875,1.0,0.75,0.75,1.0,1.0,0.75,0.8,1.0,1.0,1.0,1.0]}
{"runID":1,"method":"RaQuN-Jaccard-75","dataset":"warehouses","runtime":0.042,"numberOfModels":16,"numberOfElements":388,"numberOfTuples":354,"sizeOfLargestModel":44,"k":0,"tp":0,"fp":42,"fn":0,"precision":0.0,"recall":0.0,"fMeasure":0.0,"weight":0.52890625,"numberOfNWayComparisonsTheoreticallyNeeded":70037,"numberOfComparisonsActuallyDone":4041,"mergeSizeFactor":8.045454545454545,"averageMatchedElementFit":0.9373456790123457,"matchedElementFitPerTuple":[1.0,0.75,1.0,1.0,1.0,1.0,0.8333333333333334,0.75,1.0,0.875,1.0,1.0,1.0,1.0,1.0,1.0,1.0,1.0,0.75,1.0,1.0,0.8,0.8,0.75,1.0,1.0,1.0]}
{"runID":1,"method":"RaQuN-Jaccard-75","dataset":"warehouses","runtime":0.041,"numberOfModels":16,"numberOfElements":388,"numberOfTuples":354,"sizeOfLargestModel":44,"k":0,"tp":0,"fp":42,"fn":0,"precision":0.0,"recall":0.0,"fMeasure":0.0,"weight":0.52890625,"numberOfNWayComparisonsTheoreticallyNeeded":70037,"numberOfComparisonsActuallyDone":4041,"mergeSizeFactor":8.045454545454545,"averageMatchedElementFit":0.9373456790123457,"matchedElementFitPerTuple":[1.0,1.0,1.0,1.0,1.0,0.8333333333333334,1.0,0.75,1.0,1.0,0.8,0.75,1.0,0.8,1.0,1.0,1.0,0.75,1.0,1.0,1.0,1.0,1.0,1.0,1.0,0.875,0.75]}
{"runID":1,"method":"RaQuN-Jaccard-75","dataset":"warehouses","runtime":0.044,"numberOfModels":16,"numberOfElements":388,"numberOfTuples":354,"sizeOfLargestModel":44,"k":0,"tp":0,"fp":42,"fn":0,"precision":0.0,"recall":0.0,"fMeasure":0.0,"weight":0.52890625,"numberOfNWayComparisonsTheoreticallyNeeded":70037,"numberOfComparisonsActuallyDone":4041,"mergeSizeFactor":8.045454545454545,"averageMatchedElementFit":0.9373456790123457,"matchedElementFitPerTuple":[1.0,0.8,1.0,0.8,1.0,0.75,0.875,1.0,1.0,1.0,0.75,1.0,1.0,1.0,1.0,1.0,1.0,1.0,0.75,1.0,1.0,1.0,0.8333333333333334,0.75,1.0,1.0,1.0]}
{"runID":1,"method":"RaQuN-Jaccard-75","dataset":"warehouses","runtime":0.042,"numberOfModels":16,"numberOfElements":388,"numberOfTuples":354,"sizeOfLargestModel":44,"k":0,"tp":0,"fp":42,"fn":0,"precision":0.0,"recall":0.0,"fMeasure":0.0,"weight":0.52890625,"numberOfNWayComparisonsTheoreticallyNeeded":70037,"numberOfComparisonsActuallyDone":4041,"mergeSizeFactor":8.045454545454545,"averageMatchedElementFit":0.9373456790123457,"matchedElementFitPerTuple":[0.8333333333333334,1.0,0.75,1.0,1.0,1.0,1.0,1.0,1.0,1.0,1.0,0.75,0.8,1.0,0.875,1.0,1.0,1.0,0.75,0.8,1.0,1.0,1.0,1.0,1.0,1.0,0.75]}
{"runID":1,"method":"RaQuN-Jaccard-75","dataset":"warehouses","runtime":0.042,"numberOfModels":16,"numberOfElements":388,"numberOfTuples":354,"sizeOfLargestModel":44,"k":0,"tp":0,"fp":42,"fn":0,"precision":0.0,"recall":0.0,"fMeasure":0.0,"weight":0.52890625,"numberOfNWayComparisonsTheoreticallyNeeded":70037,"numberOfComparisonsActuallyDone":4041,"mergeSizeFactor":8.045454545454545,"averageMatchedElementFit":0.9373456790123458,"matchedElementFitPerTuple":[1.0,0.75,0.875,1.0,1.0,1.0,0.8,1.0,1.0,0.8,1.0,1.0,0.75,0.8333333333333334,1.0,1.0,0.75,1.0,1.0,1.0,0.75,1.0,1.0,1.0,1.0,1.0,1.0]}
{"runID":1,"method":"RaQuN-Jaccard-75","dataset":"warehouses","runtime":0.041,"numberOfModels":16,"numberOfElements":388,"numberOfTuples":354,"sizeOfLargestModel":44,"k":0,"tp":0,"fp":42,"fn":0,"precision":0.0,"recall":0.0,"fMeasure":0.0,"weight":0.52890625,"numberOfNWayComparisonsTheoreticallyNeeded":70037,"numberOfComparisonsActuallyDone":4041,"mergeSizeFactor":8.045454545454545,"averageMatchedElementFit":0.9373456790123458,"matchedElementFitPerTuple":[1.0,0.75,1.0,1.0,1.0,1.0,1.0,1.0,1.0,0.8,0.875,1.0,1.0,0.8,0.75,1.0,0.8333333333333334,1.0,1.0,1.0,1.0,1.0,1.0,0.75,1.0,1.0,0.75]}
{"runID":1,"method":"RaQuN-Jaccard-75","dataset":"warehouses","runtime":0.041,"numberOfModels":16,"numberOfElements":388,"numberOfTuples":354,"sizeOfLargestModel":44,"k":0,"tp":0,"fp":42,"fn":0,"precision":0.0,"recall":0.0,"fMeasure":0.0,"weight":0.52890625,"numberOfNWayComparisonsTheoreticallyNeeded":70037,"numberOfComparisonsActuallyDone":4041,"mergeSizeFactor":8.045454545454545,"averageMatchedElementFit":0.9373456790123457,"matchedElementFitPerTuple":[0.75,1.0,1.0,1.0,1.0,0.8333333333333334,0.8,0.75,1.0,0.875,1.0,0.75,1.0,1.0,1.0,1.0,1.0,1.0,1.0,1.0,1.0,1.0,0.75,1.0,0.8,1.0,1.0]}
{"runID":1,"method":"RaQuN-Jaccard-75","dataset":"warehouses","runtime":0.041,"numberOfModels":16,"numberOfElements":388,"numberOfTuples":354,"sizeOfLargestModel":44,"k":0,"tp":0,"fp":42,"fn":0,"precision":0.0,"recall":0.0,"fMeasure":0.0,"weight":0.52890625,"numberOfNWayComparisonsTheoreticallyNeeded":70037,"numberOfComparisonsActuallyDone":4041,"mergeSizeFactor":8.045454545454545,"averageMatchedElementFit":0.9373456790123457,"matchedElementFitPerTuple":[1.0,0.8,1.0,0.75,1.0,1.0,1.0,1.0,0.8333333333333334,1.0,1.0,1.0,1.0,0.75,1.0,1.0,1.0,0.8,0.75,1.0,0.75,1.0,1.0,1.0,1.0,0.875,1.0]}
{"runID":1,"method":"RaQuN-Jaccard-75","dataset":"warehouses","runtime":0.041,"numberOfModels":16,"numberOfElements":388,"numberOfTuples":354,"sizeOfLargestModel":44,"k":0,"tp":0,"fp":42,"fn":0,"precision":0.0,"recall":0.0,"fMeasure":0.0,"weight":0.52890625,"numberOfNWayComparisonsTheoreticallyNeeded":70037,"numberOfComparisonsActuallyDone":4041,"mergeSizeFactor":8.045454545454545,"averageMatchedElementFit":0.9373456790123457,"matchedElementFitPerTuple":[1.0,0.75,0.875,1.0,1.0,0.8333333333333334,1.0,1.0,1.0,1.0,1.0,1.0,1.0,0.75,1.0,1.0,1.0,0.8,1.0,1.0,1.0,0.8,1.0,0.75,1.0,1.0,0.75]}
