C:\svns\simucomp2\models\\./raqun/family_8_variant_1_arduino_io_lib.mdl,738546.75100400461815,Arduino Analog Read,name_Arduino Analog Read;type_M-S-Function;parent_name_family_8_variant_1_arduino_io_lib;hierarchy_depth_0;num_lines_0;num_inputs_0;num_outputs_1;ul_235_146;lr_335_204;rul_0_0;rlr_0_0
C:\svns\simucomp2\models\\./raqun/family_8_variant_1_arduino_io_lib.mdl,738546.75100400461815,Arduino Analog Write,name_Arduino Analog Write;type_M-S-Function;parent_name_family_8_variant_1_arduino_io_lib;hierarchy_depth_0;num_lines_1;num_inputs_1;num_outputs_0;ul_515_146;lr_615_204;rul_0_0;rlr_0_0
C:\svns\simucomp2\models\\./raqun/family_8_variant_1_arduino_io_lib.mdl,738546.75100400461815,Arduino Digital Read,name_Arduino Digital Read;type_M-S-Function;parent_name_family_8_variant_1_arduino_io_lib;hierarchy_depth_0;num_lines_0;num_inputs_0;num_outputs_1;ul_105_146;lr_205_204;rul_0_0;rlr_0_0
C:\svns\simucomp2\models\\./raqun/family_8_variant_1_arduino_io_lib.mdl,738546.75100400461815,Arduino Digital Write,name_Arduino Digital Write;type_M-S-Function;parent_name_family_8_variant_1_arduino_io_lib;hierarchy_depth_0;num_lines_1;num_inputs_1;num_outputs_0;ul_385_146;lr_485_204;rul_0_0;rlr_0_0
C:\svns\simucomp2\models\\./raqun/family_8_variant_1_arduino_io_lib.mdl,738546.75100400461815,Arduino IO Setup,name_Arduino IO Setup;type_M-S-Function;parent_name_family_8_variant_1_arduino_io_lib;hierarchy_depth_0;num_lines_0;num_inputs_0;num_outputs_0;ul_105_54;lr_207_111;rul_0_0;rlr_0_0
C:\svns\simucomp2\models\\./raqun/family_8_variant_1_arduino_io_lib.mdl,738546.75100400461815,DC Motor,name_DC Motor;type_M-S-Function;parent_name_family_8_variant_1_arduino_io_lib;hierarchy_depth_0;num_lines_2;num_inputs_2;num_outputs_0;ul_385_441;lr_485_499;rul_0_0;rlr_0_0
C:\svns\simucomp2\models\\./raqun/family_8_variant_1_arduino_io_lib.mdl,738546.75100401625969,Encoder Read,name_Encoder Read;type_M-S-Function;parent_name_family_8_variant_1_arduino_io_lib;hierarchy_depth_0;num_lines_0;num_inputs_0;num_outputs_1;ul_105_336;lr_205_394;rul_0_0;rlr_0_0
C:\svns\simucomp2\models\\./raqun/family_8_variant_1_arduino_io_lib.mdl,738546.75100401625969,Encoder Reset,name_Encoder Reset;type_M-S-Function;parent_name_family_8_variant_1_arduino_io_lib;hierarchy_depth_0;num_lines_1;num_inputs_1;num_outputs_0;ul_385_336;lr_485_394;rul_0_0;rlr_0_0
C:\svns\simucomp2\models\\./raqun/family_8_variant_1_arduino_io_lib.mdl,738546.75100401625969,Real-Time Pacer,name_Real-Time Pacer;type_M-S-Function;parent_name_family_8_variant_1_arduino_io_lib;hierarchy_depth_0;num_lines_0;num_inputs_0;num_outputs_0;ul_515_54;lr_617_111;rul_0_0;rlr_0_0
C:\svns\simucomp2\models\\./raqun/family_8_variant_1_arduino_io_lib.mdl,738546.75100401625969,Run command file 1,name_Run command file 1;type_SubSystem;parent_name_family_8_variant_1_arduino_io_lib;hierarchy_depth_0;num_lines_0;num_inputs_0;num_outputs_0;ul_145_665;lr_240_702;rul_0_0;rlr_0_0
C:\svns\simucomp2\models\\./raqun/family_8_variant_1_arduino_io_lib.mdl,738546.75100401625969,Run command file 2,name_Run command file 2;type_SubSystem;parent_name_family_8_variant_1_arduino_io_lib;hierarchy_depth_0;num_lines_0;num_inputs_0;num_outputs_0;ul_145_615;lr_240_652;rul_0_0;rlr_0_0
C:\svns\simucomp2\models\\./raqun/family_8_variant_1_arduino_io_lib.mdl,738546.75100401625969,Run command file 3,name_Run command file 3;type_SubSystem;parent_name_family_8_variant_1_arduino_io_lib;hierarchy_depth_0;num_lines_0;num_inputs_0;num_outputs_0;ul_270_615;lr_365_652;rul_0_0;rlr_0_0
C:\svns\simucomp2\models\\./raqun/family_8_variant_1_arduino_io_lib.mdl,738546.7510040277848,Run command file 4,name_Run command file 4;type_SubSystem;parent_name_family_8_variant_1_arduino_io_lib;hierarchy_depth_0;num_lines_0;num_inputs_0;num_outputs_0;ul_520_615;lr_615_652;rul_0_0;rlr_0_0
C:\svns\simucomp2\models\\./raqun/family_8_variant_1_arduino_io_lib.mdl,738546.7510040277848,Run command file 5,name_Run command file 5;type_SubSystem;parent_name_family_8_variant_1_arduino_io_lib;hierarchy_depth_0;num_lines_0;num_inputs_0;num_outputs_0;ul_520_665;lr_615_702;rul_0_0;rlr_0_0
C:\svns\simucomp2\models\\./raqun/family_8_variant_1_arduino_io_lib.mdl,738546.7510040277848,Run command file 6,name_Run command file 6;type_SubSystem;parent_name_family_8_variant_1_arduino_io_lib;hierarchy_depth_0;num_lines_0;num_inputs_0;num_outputs_0;ul_20_615;lr_115_652;rul_0_0;rlr_0_0
C:\svns\simucomp2\models\\./raqun/family_8_variant_1_arduino_io_lib.mdl,738546.7510040277848,Run command file 7,name_Run command file 7;type_SubSystem;parent_name_family_8_variant_1_arduino_io_lib;hierarchy_depth_0;num_lines_0;num_inputs_0;num_outputs_0;ul_395_615;lr_490_652;rul_0_0;rlr_0_0
C:\svns\simucomp2\models\\./raqun/family_8_variant_1_arduino_io_lib.mdl,738546.7510040277848,Servo Read,name_Servo Read;type_M-S-Function;parent_name_family_8_variant_1_arduino_io_lib;hierarchy_depth_0;num_lines_0;num_inputs_0;num_outputs_1;ul_105_241;lr_205_299;rul_0_0;rlr_0_0
C:\svns\simucomp2\models\\./raqun/family_8_variant_1_arduino_io_lib.mdl,738546.7510040277848,Servo Write,name_Servo Write;type_M-S-Function;parent_name_family_8_variant_1_arduino_io_lib;hierarchy_depth_0;num_lines_1;num_inputs_1;num_outputs_0;ul_385_241;lr_485_299;rul_0_0;rlr_0_0
C:\svns\simucomp2\models\\./raqun/family_8_variant_1_arduino_io_lib.mdl,738546.7510040277848,Stepper Motor,name_Stepper Motor;type_M-S-Function;parent_name_family_8_variant_1_arduino_io_lib;hierarchy_depth_0;num_lines_3;num_inputs_3;num_outputs_0;ul_515_441;lr_615_499;rul_0_0;rlr_0_0
C:\svns\simucomp2\models\\./raqun/family_8_variant_2_arduino_io_lib.mdl,738546.75100488425232,Arduino Analog Read,name_Arduino Analog Read;type_M-S-Function;parent_name_family_8_variant_2_arduino_io_lib;hierarchy_depth_0;num_lines_0;num_inputs_0;num_outputs_1;ul_235_141;lr_335_199;rul_0_0;rlr_0_0
C:\svns\simucomp2\models\\./raqun/family_8_variant_2_arduino_io_lib.mdl,738546.75100489577744,Arduino Analog Write,name_Arduino Analog Write;type_M-S-Function;parent_name_family_8_variant_2_arduino_io_lib;hierarchy_depth_0;num_lines_1;num_inputs_1;num_outputs_0;ul_515_141;lr_615_199;rul_0_0;rlr_0_0
C:\svns\simucomp2\models\\./raqun/family_8_variant_2_arduino_io_lib.mdl,738546.75100489577744,Arduino Digital Read,name_Arduino Digital Read;type_M-S-Function;parent_name_family_8_variant_2_arduino_io_lib;hierarchy_depth_0;num_lines_0;num_inputs_0;num_outputs_1;ul_105_141;lr_205_199;rul_0_0;rlr_0_0
C:\svns\simucomp2\models\\./raqun/family_8_variant_2_arduino_io_lib.mdl,738546.75100489577744,Arduino Digital Write,name_Arduino Digital Write;type_M-S-Function;parent_name_family_8_variant_2_arduino_io_lib;hierarchy_depth_0;num_lines_1;num_inputs_1;num_outputs_0;ul_385_141;lr_485_199;rul_0_0;rlr_0_0
C:\svns\simucomp2\models\\./raqun/family_8_variant_2_arduino_io_lib.mdl,738546.75100489577744,Arduino IO Setup,name_Arduino IO Setup;type_M-S-Function;parent_name_family_8_variant_2_arduino_io_lib;hierarchy_depth_0;num_lines_0;num_inputs_0;num_outputs_0;ul_105_49;lr_207_106;rul_0_0;rlr_0_0
C:\svns\simucomp2\models\\./raqun/family_8_variant_2_arduino_io_lib.mdl,738546.75100489577744,DC Motor,name_DC Motor;type_M-S-Function;parent_name_family_8_variant_2_arduino_io_lib;hierarchy_depth_0;num_lines_2;num_inputs_2;num_outputs_0;ul_385_426;lr_485_484;rul_0_0;rlr_0_0
C:\svns\simucomp2\models\\./raqun/family_8_variant_2_arduino_io_lib.mdl,738546.75100489577744,Encoder Read,name_Encoder Read;type_M-S-Function;parent_name_family_8_variant_2_arduino_io_lib;hierarchy_depth_0;num_lines_0;num_inputs_0;num_outputs_1;ul_105_326;lr_205_384;rul_0_0;rlr_0_0
C:\svns\simucomp2\models\\./raqun/family_8_variant_2_arduino_io_lib.mdl,738546.75100490741897,Encoder Reset,name_Encoder Reset;type_M-S-Function;parent_name_family_8_variant_2_arduino_io_lib;hierarchy_depth_0;num_lines_1;num_inputs_1;num_outputs_0;ul_385_326;lr_485_384;rul_0_0;rlr_0_0
C:\svns\simucomp2\models\\./raqun/family_8_variant_2_arduino_io_lib.mdl,738546.75100490741897,Real-Time Pacer,name_Real-Time Pacer;type_M-S-Function;parent_name_family_8_variant_2_arduino_io_lib;hierarchy_depth_0;num_lines_0;num_inputs_0;num_outputs_0;ul_515_49;lr_617_106;rul_0_0;rlr_0_0
C:\svns\simucomp2\models\\./raqun/family_8_variant_2_arduino_io_lib.mdl,738546.75100490741897,Run command file 1,name_Run command file 1;type_SubSystem;parent_name_family_8_variant_2_arduino_io_lib;hierarchy_depth_0;num_lines_0;num_inputs_0;num_outputs_0;ul_690_145;lr_785_182;rul_0_0;rlr_0_0
C:\svns\simucomp2\models\\./raqun/family_8_variant_2_arduino_io_lib.mdl,738546.75100490741897,Run command file 2,name_Run command file 2;type_SubSystem;parent_name_family_8_variant_2_arduino_io_lib;hierarchy_depth_0;num_lines_0;num_inputs_0;num_outputs_0;ul_690_95;lr_785_132;rul_0_0;rlr_0_0
C:\svns\simucomp2\models\\./raqun/family_8_variant_2_arduino_io_lib.mdl,738546.75100490741897,Run command file 3,name_Run command file 3;type_SubSystem;parent_name_family_8_variant_2_arduino_io_lib;hierarchy_depth_0;num_lines_0;num_inputs_0;num_outputs_0;ul_690_235;lr_785_272;rul_0_0;rlr_0_0
C:\svns\simucomp2\models\\./raqun/family_8_variant_2_arduino_io_lib.mdl,738546.75100490741897,Run command file 4,name_Run command file 4;type_SubSystem;parent_name_family_8_variant_2_arduino_io_lib;hierarchy_depth_0;num_lines_0;num_inputs_0;num_outputs_0;ul_690_425;lr_785_462;rul_0_0;rlr_0_0
C:\svns\simucomp2\models\\./raqun/family_8_variant_2_arduino_io_lib.mdl,738546.75100490741897,Run command file 5,name_Run command file 5;type_SubSystem;parent_name_family_8_variant_2_arduino_io_lib;hierarchy_depth_0;num_lines_0;num_inputs_0;num_outputs_0;ul_690_475;lr_785_512;rul_0_0;rlr_0_0
C:\svns\simucomp2\models\\./raqun/family_8_variant_2_arduino_io_lib.mdl,738546.75100491894409,Run command file 6,name_Run command file 6;type_SubSystem;parent_name_family_8_variant_2_arduino_io_lib;hierarchy_depth_0;num_lines_0;num_inputs_0;num_outputs_0;ul_690_45;lr_785_82;rul_0_0;rlr_0_0
C:\svns\simucomp2\models\\./raqun/family_8_variant_2_arduino_io_lib.mdl,738546.75100491894409,Run command file 7,name_Run command file 7;type_SubSystem;parent_name_family_8_variant_2_arduino_io_lib;hierarchy_depth_0;num_lines_0;num_inputs_0;num_outputs_0;ul_690_325;lr_785_362;rul_0_0;rlr_0_0
C:\svns\simucomp2\models\\./raqun/family_8_variant_2_arduino_io_lib.mdl,738546.75100491894409,Servo Read,name_Servo Read;type_M-S-Function;parent_name_family_8_variant_2_arduino_io_lib;hierarchy_depth_0;num_lines_0;num_inputs_0;num_outputs_1;ul_105_236;lr_205_294;rul_0_0;rlr_0_0
C:\svns\simucomp2\models\\./raqun/family_8_variant_2_arduino_io_lib.mdl,738546.75100491894409,Servo Write,name_Servo Write;type_M-S-Function;parent_name_family_8_variant_2_arduino_io_lib;hierarchy_depth_0;num_lines_1;num_inputs_1;num_outputs_0;ul_385_236;lr_485_294;rul_0_0;rlr_0_0
C:\svns\simucomp2\models\\./raqun/family_8_variant_2_arduino_io_lib.mdl,738546.75100491894409,Stepper Motor,name_Stepper Motor;type_M-S-Function;parent_name_family_8_variant_2_arduino_io_lib;hierarchy_depth_0;num_lines_3;num_inputs_3;num_outputs_0;ul_515_426;lr_615_484;rul_0_0;rlr_0_0
