C:\svns\simucomp2\models\\./raqun/family_29_variant_1_sl_rrmc2.mdl,738546.75142719910946,Circle,name_Circle;type_SubSystem;parent_name_family_29_variant_1_sl_rrmc2;hierarchy_depth_0;num_lines_1;num_inputs_0;num_outputs_1;ul_35_224;lr_65_286;rul_60_12;rlr_35_-12
C:\svns\simucomp2\models\\./raqun/family_29_variant_1_sl_rrmc2.mdl,738546.75142719910946,Clock,name_Clock;type_Clock;parent_name_Circle;hierarchy_depth_1;num_lines_1;num_inputs_0;num_outputs_1;ul_25_35;lr_45_55;rul_45_-5;rlr_50_5
C:\svns\simucomp2\models\\./raqun/family_29_variant_1_sl_rrmc2.mdl,738546.75142719910946,Mux,name_Mux;type_Mux;parent_name_Circle;hierarchy_depth_1;num_lines_3;num_inputs_2;num_outputs_1;ul_230_19;lr_235_126;rul_-75_11;rlr_-50_-66
C:\svns\simucomp2\models\\./raqun/family_29_variant_1_sl_rrmc2.mdl,738546.75142721063457,Product1,name_Product1;type_Product;parent_name_Circle;hierarchy_depth_1;num_lines_3;num_inputs_2;num_outputs_1;ul_280_62;lr_310_93;rul_-50_-43;rlr_-75_33
C:\svns\simucomp2\models\\./raqun/family_29_variant_1_sl_rrmc2.mdl,738546.75142721063457,TrigonometricFunction1,name_TrigonometricFunction1;type_Trigonometry;parent_name_Circle;hierarchy_depth_1;num_lines_2;num_inputs_1;num_outputs_1;ul_155_30;lr_185_60;rul_-85_0;rlr_-90_0
C:\svns\simucomp2\models\\./raqun/family_29_variant_1_sl_rrmc2.mdl,738546.75142721063457,TrigonometricFunction3,name_TrigonometricFunction3;type_Trigonometry;parent_name_Circle;hierarchy_depth_1;num_lines_2;num_inputs_1;num_outputs_1;ul_155_80;lr_185_110;rul_-85_-50;rlr_-90_-50
C:\svns\simucomp2\models\\./raqun/family_29_variant_1_sl_rrmc2.mdl,738546.75142721063457,freq,name_freq;type_Gain;parent_name_Circle;hierarchy_depth_1;num_lines_3;num_inputs_1;num_outputs_1;ul_70_30;lr_95_60;rul_-45_5;rlr_-50_-5
C:\svns\simucomp2\models\\./raqun/family_29_variant_1_sl_rrmc2.mdl,738546.75142721063457,radius,name_radius;type_Constant;parent_name_Circle;hierarchy_depth_1;num_lines_1;num_inputs_0;num_outputs_1;ul_170_150;lr_200_180;rul_110_-88;rlr_110_-87
C:\svns\simucomp2\models\\./raqun/family_29_variant_1_sl_rrmc2.mdl,738546.75142722227611,xy,name_xy;type_Outport;parent_name_Circle;hierarchy_depth_1;num_lines_1;num_inputs_1;num_outputs_0;ul_335_73;lr_365_87;rul_-55_-11;rlr_-55_6
C:\svns\simucomp2\models\\./raqun/family_29_variant_1_sl_rrmc2.mdl,738546.75142722227611,Constant,name_Constant;type_Constant;parent_name_family_29_variant_1_sl_rrmc2;hierarchy_depth_0;num_lines_1;num_inputs_0;num_outputs_1;ul_70_305;lr_100_335;rul_60_-67;rlr_80_-43
C:\svns\simucomp2\models\\./raqun/family_29_variant_1_sl_rrmc2.mdl,738546.75142723380122,Demux,name_Demux;type_Demux;parent_name_family_29_variant_1_sl_rrmc2;hierarchy_depth_0;num_lines_3;num_inputs_1;num_outputs_2;ul_95_236;lr_100_274;rul_-60_-12;rlr_-35_12
C:\svns\simucomp2\models\\./raqun/family_29_variant_1_sl_rrmc2.mdl,738546.75142723380122,Gain,name_Gain;type_Gain;parent_name_family_29_variant_1_sl_rrmc2;hierarchy_depth_0;num_lines_2;num_inputs_1;num_outputs_1;ul_460_69;lr_500_101;rul_-60_-14;rlr_-65_14
C:\svns\simucomp2\models\\./raqun/family_29_variant_1_sl_rrmc2.mdl,738546.75142724532634,Product,name_Product;type_Product;parent_name_family_29_variant_1_sl_rrmc2;hierarchy_depth_0;num_lines_3;num_inputs_2;num_outputs_1;ul_400_55;lr_435_115;rul_-125_-1;rlr_-105_-29
C:\svns\simucomp2\models\\./raqun/family_29_variant_1_sl_rrmc2.mdl,738546.75142724532634,Product1,name_Product1;type_Product;parent_name_family_29_variant_1_sl_rrmc2;hierarchy_depth_0;num_lines_3;num_inputs_2;num_outputs_1;ul_215_220;lr_250_280;rul_-75_-50;rlr_-80_-80
C:\svns\simucomp2\models\\./raqun/family_29_variant_1_sl_rrmc2.mdl,738546.75142724532634,T2xyz,name_T2xyz;type_Reference;parent_name_family_29_variant_1_sl_rrmc2;hierarchy_depth_0;num_lines_3;num_inputs_1;num_outputs_3;ul_450_177;lr_500_233;rul_30_90;rlr_30_90
C:\svns\simucomp2\models\\./raqun/family_29_variant_1_sl_rrmc2.mdl,738546.75142726849299,To Workspace,name_To Workspace;type_ToWorkspace;parent_name_family_29_variant_1_sl_rrmc2;hierarchy_depth_0;num_lines_1;num_inputs_1;num_outputs_0;ul_350_315;lr_410_345;rul_130_-48;rlr_120_-22
C:\svns\simucomp2\models\\./raqun/family_29_variant_1_sl_rrmc2.mdl,738546.75142728013452,To Workspace1,name_To Workspace1;type_ToWorkspace;parent_name_family_29_variant_1_sl_rrmc2;hierarchy_depth_0;num_lines_1;num_inputs_1;num_outputs_0;ul_385_135;lr_445_165;rul_-85_72;rlr_-95_98
C:\svns\simucomp2\models\\./raqun/family_29_variant_1_sl_rrmc2.mdl,738546.75142729165964,To Workspace2,name_To Workspace2;type_ToWorkspace;parent_name_family_29_variant_1_sl_rrmc2;hierarchy_depth_0;num_lines_1;num_inputs_1;num_outputs_0;ul_625_68;lr_655_102;rul_-100_-3;rlr_-95_3
C:\svns\simucomp2\models\\./raqun/family_29_variant_1_sl_rrmc2.mdl,738546.75142729165964,XY Graph,name_XY Graph;type_Record;parent_name_family_29_variant_1_sl_rrmc2;hierarchy_depth_0;num_lines_2;num_inputs_2;num_outputs_0;ul_535_176;lr_565_214;rul_-85_1;rlr_-65_19
C:\svns\simucomp2\models\\./raqun/family_29_variant_1_sl_rrmc2.mdl,738546.75142729165964,circle centre,name_circle centre;type_Constant;parent_name_family_29_variant_1_sl_rrmc2;hierarchy_depth_0;num_lines_1;num_inputs_0;num_outputs_1;ul_140_170;lr_170_200;rul_75_50;rlr_80_80
C:\svns\simucomp2\models\\./raqun/family_29_variant_1_sl_rrmc2.mdl,738546.75142729165964,fkine,name_fkine;type_Reference;parent_name_family_29_variant_1_sl_rrmc2;hierarchy_depth_0;num_lines_4;num_inputs_1;num_outputs_1;ul_480_267;lr_530_323;rul_45_-202;rlr_30_-218
C:\svns\simucomp2\models\\./raqun/family_29_variant_1_sl_rrmc2.mdl,738546.7514273263514,inv,name_inv;type_MATLABFcn;parent_name_family_29_variant_1_sl_rrmc2;hierarchy_depth_0;num_lines_2;num_inputs_1;num_outputs_1;ul_275_54;lr_330_86;rul_-105_-19;rlr_-95_19
C:\svns\simucomp2\models\\./raqun/family_29_variant_1_sl_rrmc2.mdl,738546.75142733799294,jacob0,name_jacob0;type_Reference;parent_name_family_29_variant_1_sl_rrmc2;hierarchy_depth_0;num_lines_2;num_inputs_1;num_outputs_1;ul_170_35;lr_235_105;rul_355_30;rlr_325_0
C:\svns\simucomp2\models\\./raqun/family_29_variant_1_sl_rrmc2.mdl,738546.75142738420982,jointservo,name_jointservo;type_DiscreteIntegrator;parent_name_family_29_variant_1_sl_rrmc2;hierarchy_depth_0;num_lines_4;num_inputs_1;num_outputs_1;ul_525_65;lr_560_105;rul_-65_4;rlr_-60_-4
C:\svns\simucomp2\models\\./raqun/family_29_variant_1_sl_rrmc2.mdl,738546.75142738420982,tr2diff,name_tr2diff;type_Reference;parent_name_family_29_variant_1_sl_rrmc2;hierarchy_depth_0;num_lines_4;num_inputs_2;num_outputs_1;ul_300_207;lr_350_263;rul_180_60;rlr_180_60
C:\svns\simucomp2\models\\./raqun/family_29_variant_1_sl_rrmc2.mdl,738546.75142743054312,xyz2T,name_xyz2T;type_Reference;parent_name_family_29_variant_1_sl_rrmc2;hierarchy_depth_0;num_lines_4;num_inputs_3;num_outputs_1;ul_130_238;lr_180_292;rul_-35_-2;rlr_-80_-18
C:\svns\simucomp2\models\\./raqun/family_29_variant_2_sl_rrmc2.mdl,738546.75143087957986,Circle,name_Circle;type_SubSystem;parent_name_family_29_variant_2_sl_rrmc2;hierarchy_depth_0;num_lines_1;num_inputs_0;num_outputs_1;ul_35_224;lr_65_286;rul_60_12;rlr_35_-12
C:\svns\simucomp2\models\\./raqun/family_29_variant_2_sl_rrmc2.mdl,738546.75143087957986,Clock,name_Clock;type_Clock;parent_name_Circle;hierarchy_depth_1;num_lines_1;num_inputs_0;num_outputs_1;ul_25_35;lr_45_55;rul_45_-5;rlr_50_5
C:\svns\simucomp2\models\\./raqun/family_29_variant_2_sl_rrmc2.mdl,738546.75143089122139,Mux,name_Mux;type_Mux;parent_name_Circle;hierarchy_depth_1;num_lines_3;num_inputs_2;num_outputs_1;ul_230_19;lr_235_126;rul_-75_11;rlr_-50_-66
C:\svns\simucomp2\models\\./raqun/family_29_variant_2_sl_rrmc2.mdl,738546.75143089122139,Product1,name_Product1;type_Product;parent_name_Circle;hierarchy_depth_1;num_lines_3;num_inputs_2;num_outputs_1;ul_280_62;lr_310_93;rul_-50_-43;rlr_-75_33
C:\svns\simucomp2\models\\./raqun/family_29_variant_2_sl_rrmc2.mdl,738546.75143089122139,TrigonometricFunction1,name_TrigonometricFunction1;type_Trigonometry;parent_name_Circle;hierarchy_depth_1;num_lines_2;num_inputs_1;num_outputs_1;ul_155_30;lr_185_60;rul_-85_0;rlr_-90_0
C:\svns\simucomp2\models\\./raqun/family_29_variant_2_sl_rrmc2.mdl,738546.75143090274651,TrigonometricFunction3,name_TrigonometricFunction3;type_Trigonometry;parent_name_Circle;hierarchy_depth_1;num_lines_2;num_inputs_1;num_outputs_1;ul_155_80;lr_185_110;rul_-85_-50;rlr_-90_-50
C:\svns\simucomp2\models\\./raqun/family_29_variant_2_sl_rrmc2.mdl,738546.75143090274651,freq,name_freq;type_Gain;parent_name_Circle;hierarchy_depth_1;num_lines_3;num_inputs_1;num_outputs_1;ul_70_30;lr_95_60;rul_-45_5;rlr_-50_-5
C:\svns\simucomp2\models\\./raqun/family_29_variant_2_sl_rrmc2.mdl,738546.75143090274651,radius,name_radius;type_Constant;parent_name_Circle;hierarchy_depth_1;num_lines_1;num_inputs_0;num_outputs_1;ul_170_150;lr_200_180;rul_110_-88;rlr_110_-87
C:\svns\simucomp2\models\\./raqun/family_29_variant_2_sl_rrmc2.mdl,738546.75143091438804,xy,name_xy;type_Outport;parent_name_Circle;hierarchy_depth_1;num_lines_1;num_inputs_1;num_outputs_0;ul_335_73;lr_365_87;rul_-55_-11;rlr_-55_6
C:\svns\simucomp2\models\\./raqun/family_29_variant_2_sl_rrmc2.mdl,738546.75143091438804,Constant,name_Constant;type_Constant;parent_name_family_29_variant_2_sl_rrmc2;hierarchy_depth_0;num_lines_1;num_inputs_0;num_outputs_1;ul_70_305;lr_100_335;rul_60_-67;rlr_80_-43
C:\svns\simucomp2\models\\./raqun/family_29_variant_2_sl_rrmc2.mdl,738546.75143092591316,Demux,name_Demux;type_Demux;parent_name_family_29_variant_2_sl_rrmc2;hierarchy_depth_0;num_lines_3;num_inputs_1;num_outputs_2;ul_95_236;lr_100_274;rul_-60_-12;rlr_-35_12
C:\svns\simucomp2\models\\./raqun/family_29_variant_2_sl_rrmc2.mdl,738546.75143093755469,Gain,name_Gain;type_Gain;parent_name_family_29_variant_2_sl_rrmc2;hierarchy_depth_0;num_lines_2;num_inputs_1;num_outputs_1;ul_460_69;lr_500_101;rul_-60_-14;rlr_-65_14
C:\svns\simucomp2\models\\./raqun/family_29_variant_2_sl_rrmc2.mdl,738546.75143093755469,Product,name_Product;type_Product;parent_name_family_29_variant_2_sl_rrmc2;hierarchy_depth_0;num_lines_3;num_inputs_2;num_outputs_1;ul_400_55;lr_435_115;rul_-125_-1;rlr_-105_-29
C:\svns\simucomp2\models\\./raqun/family_29_variant_2_sl_rrmc2.mdl,738546.75143093755469,Product1,name_Product1;type_Product;parent_name_family_29_variant_2_sl_rrmc2;hierarchy_depth_0;num_lines_3;num_inputs_2;num_outputs_1;ul_215_220;lr_250_280;rul_-75_-50;rlr_-80_-80
C:\svns\simucomp2\models\\./raqun/family_29_variant_2_sl_rrmc2.mdl,738546.75143093755469,T2xyz,name_T2xyz;type_Reference;parent_name_family_29_variant_2_sl_rrmc2;hierarchy_depth_0;num_lines_3;num_inputs_1;num_outputs_3;ul_450_177;lr_500_233;rul_30_90;rlr_30_90
C:\svns\simucomp2\models\\./raqun/family_29_variant_2_sl_rrmc2.mdl,738546.75143097224645,To Workspace,name_To Workspace;type_ToWorkspace;parent_name_family_29_variant_2_sl_rrmc2;hierarchy_depth_0;num_lines_1;num_inputs_1;num_outputs_0;ul_350_315;lr_410_345;rul_130_-48;rlr_120_-22
C:\svns\simucomp2\models\\./raqun/family_29_variant_2_sl_rrmc2.mdl,738546.75143097224645,To Workspace1,name_To Workspace1;type_ToWorkspace;parent_name_family_29_variant_2_sl_rrmc2;hierarchy_depth_0;num_lines_1;num_inputs_1;num_outputs_0;ul_385_135;lr_445_165;rul_-85_72;rlr_-95_98
C:\svns\simucomp2\models\\./raqun/family_29_variant_2_sl_rrmc2.mdl,738546.75143098377157,To Workspace2,name_To Workspace2;type_ToWorkspace;parent_name_family_29_variant_2_sl_rrmc2;hierarchy_depth_0;num_lines_1;num_inputs_1;num_outputs_0;ul_625_68;lr_655_102;rul_-100_-3;rlr_-95_3
C:\svns\simucomp2\models\\./raqun/family_29_variant_2_sl_rrmc2.mdl,738546.75143098377157,XY Graph,name_XY Graph;type_Record;parent_name_family_29_variant_2_sl_rrmc2;hierarchy_depth_0;num_lines_2;num_inputs_2;num_outputs_0;ul_535_176;lr_565_214;rul_-85_1;rlr_-65_19
C:\svns\simucomp2\models\\./raqun/family_29_variant_2_sl_rrmc2.mdl,738546.75143098377157,circle centre,name_circle centre;type_Constant;parent_name_family_29_variant_2_sl_rrmc2;hierarchy_depth_0;num_lines_1;num_inputs_0;num_outputs_1;ul_140_170;lr_170_200;rul_75_50;rlr_80_80
C:\svns\simucomp2\models\\./raqun/family_29_variant_2_sl_rrmc2.mdl,738546.7514309954131,fkine,name_fkine;type_Reference;parent_name_family_29_variant_2_sl_rrmc2;hierarchy_depth_0;num_lines_4;num_inputs_1;num_outputs_1;ul_480_267;lr_530_323;rul_45_-202;rlr_30_-218
C:\svns\simucomp2\models\\./raqun/family_29_variant_2_sl_rrmc2.mdl,738546.75143101846334,inv,name_inv;type_MATLABFcn;parent_name_family_29_variant_2_sl_rrmc2;hierarchy_depth_0;num_lines_2;num_inputs_1;num_outputs_1;ul_275_54;lr_330_86;rul_-105_-19;rlr_-95_19
C:\svns\simucomp2\models\\./raqun/family_29_variant_2_sl_rrmc2.mdl,738546.75143103010487,jacob0,name_jacob0;type_Reference;parent_name_family_29_variant_2_sl_rrmc2;hierarchy_depth_0;num_lines_2;num_inputs_1;num_outputs_1;ul_170_35;lr_235_105;rul_355_30;rlr_325_0
C:\svns\simucomp2\models\\./raqun/family_29_variant_2_sl_rrmc2.mdl,738546.75143106479663,jointservo,name_jointservo;type_DiscreteIntegrator;parent_name_family_29_variant_2_sl_rrmc2;hierarchy_depth_0;num_lines_4;num_inputs_1;num_outputs_1;ul_525_65;lr_560_105;rul_-65_4;rlr_-60_-4
C:\svns\simucomp2\models\\./raqun/family_29_variant_2_sl_rrmc2.mdl,738546.75143106479663,tr2diff,name_tr2diff;type_Reference;parent_name_family_29_variant_2_sl_rrmc2;hierarchy_depth_0;num_lines_4;num_inputs_2;num_outputs_1;ul_300_207;lr_350_263;rul_180_60;rlr_180_60
C:\svns\simucomp2\models\\./raqun/family_29_variant_2_sl_rrmc2.mdl,738546.7514310994884,xyz2T,name_xyz2T;type_Reference;parent_name_family_29_variant_2_sl_rrmc2;hierarchy_depth_0;num_lines_4;num_inputs_3;num_outputs_1;ul_130_238;lr_180_292;rul_-35_-2;rlr_-80_-18
