C:\svns\simucomp2\models\\./raqun/family_9_variant_1_sim_model.mdl,738546.75100572919473,FMUme,name_FMUme;type_Reference;parent_name_family_9_variant_1_sim_model;hierarchy_depth_0;num_lines_2;num_inputs_0;num_outputs_1;ul_-185_-96;lr_-20_46;rul_350_282;rlr_190_178
C:\svns\simucomp2\models\\./raqun/family_9_variant_1_sim_model.mdl,738546.75100575236138,From Workspace,name_From Workspace;type_FromWorkspace;parent_name_family_9_variant_1_sim_model;hierarchy_depth_0;num_lines_1;num_inputs_0;num_outputs_1;ul_-135_203;lr_-70_227;rul_300_-17;rlr_240_-3
C:\svns\simucomp2\models\\./raqun/family_9_variant_1_sim_model.mdl,738546.75100575236138,Mux,name_Mux;type_Mux;parent_name_family_9_variant_1_sim_model;hierarchy_depth_0;num_lines_3;num_inputs_2;num_outputs_1;ul_165_186;lr_170_224;rul_-350_-282;rlr_-190_-178
C:\svns\simucomp2\models\\./raqun/family_9_variant_1_sim_model.mdl,738546.7510057638865,Scope,name_Scope;type_Scope;parent_name_family_9_variant_1_sim_model;hierarchy_depth_0;num_lines_1;num_inputs_1;num_outputs_0;ul_190_189;lr_220_221;rul_-25_-3;rlr_-50_3
C:\svns\simucomp2\models\\./raqun/family_9_variant_1_sim_model.mdl,738546.7510057638865,To Workspace,name_To Workspace;type_ToWorkspace;parent_name_family_9_variant_1_sim_model;hierarchy_depth_0;num_lines_1;num_inputs_1;num_outputs_0;ul_175_-40;lr_235_-10;rul_-360_-56;rlr_-255_56
C:\svns\simucomp2\models\\./raqun/family_9_variant_2_sim_model.mdl,738546.75100652780384,FMUme,name_FMUme;type_Reference;parent_name_family_9_variant_2_sim_model;hierarchy_depth_0;num_lines_2;num_inputs_0;num_outputs_1;ul_160_114;lr_325_256;rul_350_282;rlr_190_178
C:\svns\simucomp2\models\\./raqun/family_9_variant_2_sim_model.mdl,738546.7510065624956,From Workspace,name_From Workspace;type_FromWorkspace;parent_name_family_9_variant_2_sim_model;hierarchy_depth_0;num_lines_1;num_inputs_0;num_outputs_1;ul_210_413;lr_275_437;rul_300_-17;rlr_240_-3
C:\svns\simucomp2\models\\./raqun/family_9_variant_2_sim_model.mdl,738546.7510065624956,Mux,name_Mux;type_Mux;parent_name_family_9_variant_2_sim_model;hierarchy_depth_0;num_lines_3;num_inputs_2;num_outputs_1;ul_510_396;lr_515_434;rul_-350_-282;rlr_-190_-178
C:\svns\simucomp2\models\\./raqun/family_9_variant_2_sim_model.mdl,738546.7510065624956,Scope,name_Scope;type_Scope;parent_name_family_9_variant_2_sim_model;hierarchy_depth_0;num_lines_1;num_inputs_1;num_outputs_0;ul_535_399;lr_565_431;rul_-25_-3;rlr_-50_3
C:\svns\simucomp2\models\\./raqun/family_9_variant_2_sim_model.mdl,738546.75100657402072,To Workspace,name_To Workspace;type_ToWorkspace;parent_name_family_9_variant_2_sim_model;hierarchy_depth_0;num_lines_1;num_inputs_1;num_outputs_0;ul_520_170;lr_580_200;rul_-360_-56;rlr_-255_56
