C:\svns\simucomp2\models\\./raqun/family_17_variant_1_example_QProblemB.mdl,738546.75104274309706,FromWorkspace1,name_FromWorkspace1;type_FromWorkspace;parent_name_family_17_variant_1_example_QProblemB;hierarchy_depth_0;num_lines_1;num_inputs_0;num_outputs_1;ul_85_93;lr_150_117;rul_425_88;rlr_555_102
C:\svns\simucomp2\models\\./raqun/family_17_variant_1_example_QProblemB.mdl,738546.75104274309706,FromWorkspace2,name_FromWorkspace2;type_FromWorkspace;parent_name_family_17_variant_1_example_QProblemB;hierarchy_depth_0;num_lines_1;num_inputs_0;num_outputs_1;ul_85_158;lr_150_182;rul_425_23;rlr_555_37
C:\svns\simucomp2\models\\./raqun/family_17_variant_1_example_QProblemB.mdl,738546.75104274309706,FromWorkspace3,name_FromWorkspace3;type_FromWorkspace;parent_name_family_17_variant_1_example_QProblemB;hierarchy_depth_0;num_lines_1;num_inputs_0;num_outputs_1;ul_85_218;lr_150_242;rul_425_-37;rlr_555_-23
C:\svns\simucomp2\models\\./raqun/family_17_variant_1_example_QProblemB.mdl,738546.75104275462218,FromWorkspace4,name_FromWorkspace4;type_FromWorkspace;parent_name_family_17_variant_1_example_QProblemB;hierarchy_depth_0;num_lines_1;num_inputs_0;num_outputs_1;ul_85_283;lr_150_307;rul_425_-102;rlr_555_-88
C:\svns\simucomp2\models\\./raqun/family_17_variant_1_example_QProblemB.mdl,738546.75104275462218,fvalxexitflagiter,name_fvalxexitflagiter;type_Scope;parent_name_family_17_variant_1_example_QProblemB;hierarchy_depth_0;num_lines_4;num_inputs_4;num_outputs_0;ul_840_184;lr_870_216;rul_-330_-3;rlr_-165_3
C:\svns\simucomp2\models\\./raqun/family_17_variant_1_example_QProblemB.mdl,738546.75104275462218,qpOASES,name_qpOASES;type_S-Function;parent_name_family_17_variant_1_example_QProblemB;hierarchy_depth_0;num_lines_8;num_inputs_4;num_outputs_4;ul_510_181;lr_705_219;rul_-425_-88;rlr_-555_-102
C:\svns\simucomp2\models\\./raqun/family_17_variant_2_example_QProblemB.mdl,738546.75104341434781,g,name_g;type_FromWorkspace;parent_name_family_17_variant_2_example_QProblemB;hierarchy_depth_0;num_lines_1;num_inputs_0;num_outputs_1;ul_170_153;lr_235_177;rul_335_27;rlr_465_68
C:\svns\simucomp2\models\\./raqun/family_17_variant_2_example_QProblemB.mdl,738546.75104341434781,lb,name_lb;type_FromWorkspace;parent_name_family_17_variant_2_example_QProblemB;hierarchy_depth_0;num_lines_1;num_inputs_0;num_outputs_1;ul_170_203;lr_235_227;rul_335_-23;rlr_465_18
C:\svns\simucomp2\models\\./raqun/family_17_variant_2_example_QProblemB.mdl,738546.75104342587292,qpOASES,name_qpOASES;type_S-Function;parent_name_family_17_variant_2_example_QProblemB;hierarchy_depth_0;num_lines_7;num_inputs_3;num_outputs_4;ul_505_180;lr_700_245;rul_-335_-27;rlr_-465_-68
C:\svns\simucomp2\models\\./raqun/family_17_variant_2_example_QProblemB.mdl,738546.75104342587292,ub,name_ub;type_FromWorkspace;parent_name_family_17_variant_2_example_QProblemB;hierarchy_depth_0;num_lines_1;num_inputs_0;num_outputs_1;ul_170_253;lr_235_277;rul_335_-73;rlr_465_-32
C:\svns\simucomp2\models\\./raqun/family_17_variant_2_example_QProblemB.mdl,738546.75104342587292,xfvalexitflagiter,name_xfvalexitflagiter;type_Scope;parent_name_family_17_variant_2_example_QProblemB;hierarchy_depth_0;num_lines_4;num_inputs_4;num_outputs_0;ul_855_185;lr_905_240;rul_-350_-5;rlr_-205_5
C:\svns\simucomp2\models\\./raqun/family_17_variant_3_example_QProblemB.mdl,738546.75104407407343,g,name_g;type_FromWorkspace;parent_name_family_17_variant_3_example_QProblemB;hierarchy_depth_0;num_lines_1;num_inputs_0;num_outputs_1;ul_170_153;lr_235_177;rul_335_27;rlr_465_68
C:\svns\simucomp2\models\\./raqun/family_17_variant_3_example_QProblemB.mdl,738546.75104407407343,lb,name_lb;type_FromWorkspace;parent_name_family_17_variant_3_example_QProblemB;hierarchy_depth_0;num_lines_1;num_inputs_0;num_outputs_1;ul_170_203;lr_235_227;rul_335_-23;rlr_465_18
C:\svns\simucomp2\models\\./raqun/family_17_variant_3_example_QProblemB.mdl,738546.75104407407343,qpOASES,name_qpOASES;type_S-Function;parent_name_family_17_variant_3_example_QProblemB;hierarchy_depth_0;num_lines_7;num_inputs_3;num_outputs_4;ul_505_180;lr_700_245;rul_-335_-27;rlr_-465_-68
C:\svns\simucomp2\models\\./raqun/family_17_variant_3_example_QProblemB.mdl,738546.75104408559855,ub,name_ub;type_FromWorkspace;parent_name_family_17_variant_3_example_QProblemB;hierarchy_depth_0;num_lines_1;num_inputs_0;num_outputs_1;ul_170_253;lr_235_277;rul_335_-73;rlr_465_-32
C:\svns\simucomp2\models\\./raqun/family_17_variant_3_example_QProblemB.mdl,738546.75104408559855,xfvalexitflagiter,name_xfvalexitflagiter;type_Scope;parent_name_family_17_variant_3_example_QProblemB;hierarchy_depth_0;num_lines_4;num_inputs_4;num_outputs_0;ul_855_185;lr_905_240;rul_-350_-5;rlr_-205_5
C:\svns\simucomp2\models\\./raqun/family_17_variant_4_example_QProblemB.mdl,738546.75104473379906,FromWorkspace1,name_FromWorkspace1;type_FromWorkspace;parent_name_family_17_variant_4_example_QProblemB;hierarchy_depth_0;num_lines_1;num_inputs_0;num_outputs_1;ul_85_58;lr_150_82;rul_375_123;rlr_505_137
C:\svns\simucomp2\models\\./raqun/family_17_variant_4_example_QProblemB.mdl,738546.75104474532418,FromWorkspace2,name_FromWorkspace2;type_FromWorkspace;parent_name_family_17_variant_4_example_QProblemB;hierarchy_depth_0;num_lines_1;num_inputs_0;num_outputs_1;ul_85_138;lr_150_162;rul_375_43;rlr_505_57
C:\svns\simucomp2\models\\./raqun/family_17_variant_4_example_QProblemB.mdl,738546.75104474532418,FromWorkspace3,name_FromWorkspace3;type_FromWorkspace;parent_name_family_17_variant_4_example_QProblemB;hierarchy_depth_0;num_lines_1;num_inputs_0;num_outputs_1;ul_85_228;lr_150_252;rul_375_-47;rlr_505_-33
C:\svns\simucomp2\models\\./raqun/family_17_variant_4_example_QProblemB.mdl,738546.75104474532418,FromWorkspace4,name_FromWorkspace4;type_FromWorkspace;parent_name_family_17_variant_4_example_QProblemB;hierarchy_depth_0;num_lines_1;num_inputs_0;num_outputs_1;ul_85_298;lr_150_322;rul_375_-117;rlr_505_-103
C:\svns\simucomp2\models\\./raqun/family_17_variant_4_example_QProblemB.mdl,738546.75104474532418,fvalxexitflagiter,name_fvalxexitflagiter;type_Scope;parent_name_family_17_variant_4_example_QProblemB;hierarchy_depth_0;num_lines_4;num_inputs_4;num_outputs_0;ul_780_184;lr_810_216;rul_-320_-3;rlr_-155_3
C:\svns\simucomp2\models\\./raqun/family_17_variant_4_example_QProblemB.mdl,738546.75104474532418,qpOASES,name_qpOASES;type_S-Function;parent_name_family_17_variant_4_example_QProblemB;hierarchy_depth_0;num_lines_8;num_inputs_4;num_outputs_4;ul_460_181;lr_655_219;rul_-375_-123;rlr_-505_-137
