C:\svns\simucomp2\models\\./raqun/family_12_variant_1_sim_model.mdl,738546.75101077544969,Demux,name_Demux;type_Demux;parent_name_family_12_variant_1_sim_model;hierarchy_depth_0;num_lines_4;num_inputs_1;num_outputs_3;ul_275_315;lr_280_475;rul_-110_68;rlr_-50_-68
C:\svns\simucomp2\models\\./raqun/family_12_variant_1_sim_model.mdl,738546.75101077544969,ETERM,name_ETERM;type_Scope;parent_name_family_12_variant_1_sim_model;hierarchy_depth_0;num_lines_1;num_inputs_1;num_outputs_0;ul_495_314;lr_525_346;rul_-40_-3;rlr_-65_3
C:\svns\simucomp2\models\\./raqun/family_12_variant_1_sim_model.mdl,738546.75101077544969,FMUme,name_FMUme;type_Reference;parent_name_family_12_variant_1_sim_model;hierarchy_depth_0;num_lines_7;num_inputs_1;num_outputs_3;ul_115_64;lr_280_206;rul_-95_59;rlr_-195_-59
C:\svns\simucomp2\models\\./raqun/family_12_variant_1_sim_model.mdl,738546.75101079861633,From Workspace,name_From Workspace;type_FromWorkspace;parent_name_family_12_variant_1_sim_model;hierarchy_depth_0;num_lines_1;num_inputs_0;num_outputs_1;ul_20_123;lr_85_147;rul_95_-59;rlr_195_59
C:\svns\simucomp2\models\\./raqun/family_12_variant_1_sim_model.mdl,738546.75101081014145,From Workspace1,name_From Workspace1;type_FromWorkspace;parent_name_family_12_variant_1_sim_model;hierarchy_depth_0;num_lines_1;num_inputs_0;num_outputs_1;ul_165_383;lr_230_407;rul_110_-68;rlr_50_68
C:\svns\simucomp2\models\\./raqun/family_12_variant_1_sim_model.mdl,738546.75101081014145,Mux,name_Mux;type_Mux;parent_name_family_12_variant_1_sim_model;hierarchy_depth_0;num_lines_4;num_inputs_3;num_outputs_1;ul_440_68;lr_445_202;rul_-325_-4;rlr_-165_4
C:\svns\simucomp2\models\\./raqun/family_12_variant_1_sim_model.mdl,738546.75101082178298,Mux1,name_Mux1;type_Mux;parent_name_family_12_variant_1_sim_model;hierarchy_depth_0;num_lines_3;num_inputs_2;num_outputs_1;ul_455_311;lr_460_349;rul_-340_-247;rlr_-180_-143
C:\svns\simucomp2\models\\./raqun/family_12_variant_1_sim_model.mdl,738546.75101082178298,Mux2,name_Mux2;type_Mux;parent_name_family_12_variant_1_sim_model;hierarchy_depth_0;num_lines_3;num_inputs_2;num_outputs_1;ul_455_366;lr_460_404;rul_-340_-302;rlr_-180_-198
C:\svns\simucomp2\models\\./raqun/family_12_variant_1_sim_model.mdl,738546.7510108333081,Mux3,name_Mux3;type_Mux;parent_name_family_12_variant_1_sim_model;hierarchy_depth_0;num_lines_3;num_inputs_2;num_outputs_1;ul_455_421;lr_460_459;rul_-340_-357;rlr_-180_-253
C:\svns\simucomp2\models\\./raqun/family_12_variant_1_sim_model.mdl,738546.7510108333081,P,name_P;type_Scope;parent_name_family_12_variant_1_sim_model;hierarchy_depth_0;num_lines_1;num_inputs_1;num_outputs_0;ul_495_424;lr_525_456;rul_-40_-3;rlr_-65_3
C:\svns\simucomp2\models\\./raqun/family_12_variant_1_sim_model.mdl,738546.7510108333081,Q,name_Q;type_Scope;parent_name_family_12_variant_1_sim_model;hierarchy_depth_0;num_lines_1;num_inputs_1;num_outputs_0;ul_495_369;lr_525_401;rul_-40_-3;rlr_-65_3
C:\svns\simucomp2\models\\./raqun/family_12_variant_1_sim_model.mdl,738546.7510108333081,To Workspace,name_To Workspace;type_ToWorkspace;parent_name_family_12_variant_1_sim_model;hierarchy_depth_0;num_lines_1;num_inputs_1;num_outputs_0;ul_480_120;lr_540_150;rul_-40_-52;rlr_-95_52
C:\svns\simucomp2\models\\./raqun/family_12_variant_2_sim_model.mdl,738546.75101167825051,Demux,name_Demux;type_Demux;parent_name_family_12_variant_2_sim_model;hierarchy_depth_0;num_lines_4;num_inputs_1;num_outputs_3;ul_275_315;lr_280_475;rul_-110_68;rlr_-50_-68
C:\svns\simucomp2\models\\./raqun/family_12_variant_2_sim_model.mdl,738546.75101167825051,ETERM,name_ETERM;type_Scope;parent_name_family_12_variant_2_sim_model;hierarchy_depth_0;num_lines_1;num_inputs_1;num_outputs_0;ul_495_314;lr_525_346;rul_-40_-3;rlr_-65_3
C:\svns\simucomp2\models\\./raqun/family_12_variant_2_sim_model.mdl,738546.75101167825051,FMUme,name_FMUme;type_Reference;parent_name_family_12_variant_2_sim_model;hierarchy_depth_0;num_lines_7;num_inputs_1;num_outputs_3;ul_115_64;lr_280_206;rul_-95_59;rlr_-195_-59
C:\svns\simucomp2\models\\./raqun/family_12_variant_2_sim_model.mdl,738546.75101170141716,From Workspace,name_From Workspace;type_FromWorkspace;parent_name_family_12_variant_2_sim_model;hierarchy_depth_0;num_lines_1;num_inputs_0;num_outputs_1;ul_20_123;lr_85_147;rul_95_-59;rlr_195_59
C:\svns\simucomp2\models\\./raqun/family_12_variant_2_sim_model.mdl,738546.75101171294227,From Workspace1,name_From Workspace1;type_FromWorkspace;parent_name_family_12_variant_2_sim_model;hierarchy_depth_0;num_lines_1;num_inputs_0;num_outputs_1;ul_165_383;lr_230_407;rul_110_-68;rlr_50_68
C:\svns\simucomp2\models\\./raqun/family_12_variant_2_sim_model.mdl,738546.75101171294227,Mux,name_Mux;type_Mux;parent_name_family_12_variant_2_sim_model;hierarchy_depth_0;num_lines_4;num_inputs_3;num_outputs_1;ul_440_68;lr_445_202;rul_-325_-4;rlr_-165_4
C:\svns\simucomp2\models\\./raqun/family_12_variant_2_sim_model.mdl,738546.7510117245838,Mux1,name_Mux1;type_Mux;parent_name_family_12_variant_2_sim_model;hierarchy_depth_0;num_lines_3;num_inputs_2;num_outputs_1;ul_455_311;lr_460_349;rul_-340_-247;rlr_-180_-143
C:\svns\simucomp2\models\\./raqun/family_12_variant_2_sim_model.mdl,738546.7510117245838,Mux2,name_Mux2;type_Mux;parent_name_family_12_variant_2_sim_model;hierarchy_depth_0;num_lines_3;num_inputs_2;num_outputs_1;ul_455_366;lr_460_404;rul_-340_-302;rlr_-180_-198
C:\svns\simucomp2\models\\./raqun/family_12_variant_2_sim_model.mdl,738546.75101173610892,Mux3,name_Mux3;type_Mux;parent_name_family_12_variant_2_sim_model;hierarchy_depth_0;num_lines_3;num_inputs_2;num_outputs_1;ul_455_421;lr_460_459;rul_-340_-357;rlr_-180_-253
C:\svns\simucomp2\models\\./raqun/family_12_variant_2_sim_model.mdl,738546.75101173610892,P,name_P;type_Scope;parent_name_family_12_variant_2_sim_model;hierarchy_depth_0;num_lines_1;num_inputs_1;num_outputs_0;ul_495_424;lr_525_456;rul_-40_-3;rlr_-65_3
C:\svns\simucomp2\models\\./raqun/family_12_variant_2_sim_model.mdl,738546.75101173610892,Q,name_Q;type_Scope;parent_name_family_12_variant_2_sim_model;hierarchy_depth_0;num_lines_1;num_inputs_1;num_outputs_0;ul_495_369;lr_525_401;rul_-40_-3;rlr_-65_3
C:\svns\simucomp2\models\\./raqun/family_12_variant_2_sim_model.mdl,738546.75101173610892,To Workspace,name_To Workspace;type_ToWorkspace;parent_name_family_12_variant_2_sim_model;hierarchy_depth_0;num_lines_1;num_inputs_1;num_outputs_0;ul_480_120;lr_540_150;rul_-40_-52;rlr_-95_52
