C:\svns\simucomp2\models\\./raqun/family_28_variant_1_sl_rrmc.mdl,738546.75142273143865,Joint servo,name_Joint servo;type_DiscreteIntegrator;parent_name_family_28_variant_1_sl_rrmc;hierarchy_depth_0;num_lines_4;num_inputs_1;num_outputs_1;ul_435_70;lr_470_110;rul_-90_-9;rlr_-80_9
C:\svns\simucomp2\models\\./raqun/family_28_variant_1_sl_rrmc.mdl,738546.75142274308018,Product,name_Product;type_Product;parent_name_family_28_variant_1_sl_rrmc;hierarchy_depth_0;num_lines_3;num_inputs_2;num_outputs_1;ul_345_61;lr_390_119;rul_-130_-1;rlr_-115_-29
C:\svns\simucomp2\models\\./raqun/family_28_variant_1_sl_rrmc.mdl,738546.75142274308018,convert torow vector,name_convert torow vector;type_Reshape;parent_name_family_28_variant_1_sl_rrmc;hierarchy_depth_0;num_lines_2;num_inputs_1;num_outputs_1;ul_570_148;lr_610_172;rul_-135_-78;rlr_-140_-62
C:\svns\simucomp2\models\\./raqun/family_28_variant_1_sl_rrmc.mdl,738546.7514227546053,desired Cartesian velocity,name_desired Cartesian velocity;type_Constant;parent_name_family_28_variant_1_sl_rrmc;hierarchy_depth_0;num_lines_1;num_inputs_0;num_outputs_1;ul_150_142;lr_265_178;rul_195_-81;rlr_125_-59
C:\svns\simucomp2\models\\./raqun/family_28_variant_1_sl_rrmc.mdl,738546.7514227546053,inv,name_inv;type_MATLABFcn;parent_name_family_28_variant_1_sl_rrmc;hierarchy_depth_0;num_lines_2;num_inputs_1;num_outputs_1;ul_215_60;lr_275_90;rul_-120_-20;rlr_-115_20
C:\svns\simucomp2\models\\./raqun/family_28_variant_1_sl_rrmc.mdl,738546.75142276624683,jacob0,name_jacob0;type_Reference;parent_name_family_28_variant_1_sl_rrmc;hierarchy_depth_0;num_lines_2;num_inputs_1;num_outputs_1;ul_95_40;lr_160_110;rul_340_30;rlr_310_0
C:\svns\simucomp2\models\\./raqun/family_28_variant_1_sl_rrmc.mdl,738546.7514228009386,plot,name_plot;type_Reference;parent_name_family_28_variant_1_sl_rrmc;hierarchy_depth_0;num_lines_1;num_inputs_1;num_outputs_0;ul_580_62;lr_660_118;rul_-145_8;rlr_-190_-8
C:\svns\simucomp2\models\\./raqun/family_28_variant_1_sl_rrmc.mdl,738546.75142282410525,q,name_q;type_Outport;parent_name_family_28_variant_1_sl_rrmc;hierarchy_depth_0;num_lines_1;num_inputs_1;num_outputs_0;ul_630_153;lr_660_167;rul_-60_-5;rlr_-50_5
C:\svns\simucomp2\models\\./raqun/family_28_variant_2_sl_rrmc.mdl,738546.75142385414802,Joint servo,name_Joint servo;type_DiscreteIntegrator;parent_name_family_28_variant_2_sl_rrmc;hierarchy_depth_0;num_lines_4;num_inputs_1;num_outputs_1;ul_435_70;lr_470_110;rul_-90_-9;rlr_-80_9
C:\svns\simucomp2\models\\./raqun/family_28_variant_2_sl_rrmc.mdl,738546.75142385414802,Product,name_Product;type_Product;parent_name_family_28_variant_2_sl_rrmc;hierarchy_depth_0;num_lines_3;num_inputs_2;num_outputs_1;ul_345_61;lr_390_119;rul_-130_-1;rlr_-115_-29
C:\svns\simucomp2\models\\./raqun/family_28_variant_2_sl_rrmc.mdl,738546.75142386578955,convert torow vector,name_convert torow vector;type_Reshape;parent_name_family_28_variant_2_sl_rrmc;hierarchy_depth_0;num_lines_2;num_inputs_1;num_outputs_1;ul_570_148;lr_610_172;rul_-135_-78;rlr_-140_-62
C:\svns\simucomp2\models\\./raqun/family_28_variant_2_sl_rrmc.mdl,738546.75142386578955,desired Cartesian velocity,name_desired Cartesian velocity;type_Constant;parent_name_family_28_variant_2_sl_rrmc;hierarchy_depth_0;num_lines_1;num_inputs_0;num_outputs_1;ul_150_142;lr_265_178;rul_195_-81;rlr_125_-59
C:\svns\simucomp2\models\\./raqun/family_28_variant_2_sl_rrmc.mdl,738546.75142386578955,inv,name_inv;type_MATLABFcn;parent_name_family_28_variant_2_sl_rrmc;hierarchy_depth_0;num_lines_2;num_inputs_1;num_outputs_1;ul_215_60;lr_275_90;rul_-120_-20;rlr_-115_20
C:\svns\simucomp2\models\\./raqun/family_28_variant_2_sl_rrmc.mdl,738546.75142387731466,jacob0,name_jacob0;type_Reference;parent_name_family_28_variant_2_sl_rrmc;hierarchy_depth_0;num_lines_2;num_inputs_1;num_outputs_1;ul_95_40;lr_160_110;rul_340_30;rlr_310_0
C:\svns\simucomp2\models\\./raqun/family_28_variant_2_sl_rrmc.mdl,738546.75142390048131,plot,name_plot;type_Reference;parent_name_family_28_variant_2_sl_rrmc;hierarchy_depth_0;num_lines_1;num_inputs_1;num_outputs_0;ul_580_62;lr_660_118;rul_-145_8;rlr_-190_-8
C:\svns\simucomp2\models\\./raqun/family_28_variant_2_sl_rrmc.mdl,738546.75142392364796,q,name_q;type_Outport;parent_name_family_28_variant_2_sl_rrmc;hierarchy_depth_0;num_lines_1;num_inputs_1;num_outputs_0;ul_630_153;lr_660_167;rul_-60_-5;rlr_-50_5
