C:\svns\simucomp2\models\\./raqun/family_16_variant_1_example_QProblem.mdl,738546.75103997683618,FromWorkspace1,name_FromWorkspace1;type_FromWorkspace;parent_name_family_16_variant_1_example_QProblem;hierarchy_depth_0;num_lines_1;num_inputs_0;num_outputs_1;ul_85_53;lr_150_77;rul_510_173;rlr_640_187
C:\svns\simucomp2\models\\./raqun/family_16_variant_1_example_QProblem.mdl,738546.75103997683618,FromWorkspace2,name_FromWorkspace2;type_FromWorkspace;parent_name_family_16_variant_1_example_QProblem;hierarchy_depth_0;num_lines_1;num_inputs_0;num_outputs_1;ul_85_113;lr_150_137;rul_510_113;rlr_640_127
C:\svns\simucomp2\models\\./raqun/family_16_variant_1_example_QProblem.mdl,738546.75103998847771,FromWorkspace3,name_FromWorkspace3;type_FromWorkspace;parent_name_family_16_variant_1_example_QProblem;hierarchy_depth_0;num_lines_1;num_inputs_0;num_outputs_1;ul_85_173;lr_150_197;rul_510_53;rlr_640_67
C:\svns\simucomp2\models\\./raqun/family_16_variant_1_example_QProblem.mdl,738546.75103998847771,FromWorkspace4,name_FromWorkspace4;type_FromWorkspace;parent_name_family_16_variant_1_example_QProblem;hierarchy_depth_0;num_lines_1;num_inputs_0;num_outputs_1;ul_85_233;lr_150_257;rul_510_-7;rlr_640_7
C:\svns\simucomp2\models\\./raqun/family_16_variant_1_example_QProblem.mdl,738546.75103998847771,FromWorkspace5,name_FromWorkspace5;type_FromWorkspace;parent_name_family_16_variant_1_example_QProblem;hierarchy_depth_0;num_lines_1;num_inputs_0;num_outputs_1;ul_85_293;lr_150_317;rul_510_-67;rlr_640_-53
C:\svns\simucomp2\models\\./raqun/family_16_variant_1_example_QProblem.mdl,738546.75103998847771,FromWorkspace6,name_FromWorkspace6;type_FromWorkspace;parent_name_family_16_variant_1_example_QProblem;hierarchy_depth_0;num_lines_1;num_inputs_0;num_outputs_1;ul_85_353;lr_150_377;rul_510_-127;rlr_640_-113
C:\svns\simucomp2\models\\./raqun/family_16_variant_1_example_QProblem.mdl,738546.75103998847771,FromWorkspace7,name_FromWorkspace7;type_FromWorkspace;parent_name_family_16_variant_1_example_QProblem;hierarchy_depth_0;num_lines_1;num_inputs_0;num_outputs_1;ul_85_418;lr_150_442;rul_510_-192;rlr_640_-178
C:\svns\simucomp2\models\\./raqun/family_16_variant_1_example_QProblem.mdl,738546.75103998847771,fvalxexitflagiter,name_fvalxexitflagiter;type_Scope;parent_name_family_16_variant_1_example_QProblem;hierarchy_depth_0;num_lines_4;num_inputs_4;num_outputs_0;ul_915_229;lr_945_261;rul_-320_-3;rlr_-155_3
C:\svns\simucomp2\models\\./raqun/family_16_variant_1_example_QProblem.mdl,738546.75104000000283,qpOASES,name_qpOASES;type_S-Function;parent_name_family_16_variant_1_example_QProblem;hierarchy_depth_0;num_lines_11;num_inputs_7;num_outputs_4;ul_595_226;lr_790_264;rul_-510_-173;rlr_-640_-187
C:\svns\simucomp2\models\\./raqun/family_16_variant_2_example_QProblem.mdl,738546.75104065972846,g,name_g;type_FromWorkspace;parent_name_family_16_variant_2_example_QProblem;hierarchy_depth_0;num_lines_1;num_inputs_0;num_outputs_1;ul_200_158;lr_265_182;rul_395_64;rlr_530_116
C:\svns\simucomp2\models\\./raqun/family_16_variant_2_example_QProblem.mdl,738546.75104065972846,lb,name_lb;type_FromWorkspace;parent_name_family_16_variant_2_example_QProblem;hierarchy_depth_0;num_lines_1;num_inputs_0;num_outputs_1;ul_200_203;lr_265_227;rul_395_19;rlr_530_71
C:\svns\simucomp2\models\\./raqun/family_16_variant_2_example_QProblem.mdl,738546.75104065972846,lbA,name_lbA;type_FromWorkspace;parent_name_family_16_variant_2_example_QProblem;hierarchy_depth_0;num_lines_1;num_inputs_0;num_outputs_1;ul_200_293;lr_265_317;rul_395_-71;rlr_530_-19
C:\svns\simucomp2\models\\./raqun/family_16_variant_2_example_QProblem.mdl,738546.75104065972846,qpOASES,name_qpOASES;type_S-Function;parent_name_family_16_variant_2_example_QProblem;hierarchy_depth_0;num_lines_9;num_inputs_5;num_outputs_4;ul_595_222;lr_795_298;rul_-395_-64;rlr_-530_-116
C:\svns\simucomp2\models\\./raqun/family_16_variant_2_example_QProblem.mdl,738546.75104065972846,ub,name_ub;type_FromWorkspace;parent_name_family_16_variant_2_example_QProblem;hierarchy_depth_0;num_lines_1;num_inputs_0;num_outputs_1;ul_200_248;lr_265_272;rul_395_-26;rlr_530_26
C:\svns\simucomp2\models\\./raqun/family_16_variant_2_example_QProblem.mdl,738546.75104065972846,ubA,name_ubA;type_FromWorkspace;parent_name_family_16_variant_2_example_QProblem;hierarchy_depth_0;num_lines_1;num_inputs_0;num_outputs_1;ul_200_338;lr_265_362;rul_395_-116;rlr_530_-64
C:\svns\simucomp2\models\\./raqun/family_16_variant_2_example_QProblem.mdl,738546.75104065972846,xfvalexitflagiter,name_xfvalexitflagiter;type_Scope;parent_name_family_16_variant_2_example_QProblem;hierarchy_depth_0;num_lines_4;num_inputs_4;num_outputs_0;ul_945_222;lr_1000_298;rul_-350_0;rlr_-205_0
C:\svns\simucomp2\models\\./raqun/family_16_variant_3_example_QProblem.mdl,738546.75104134262074,g,name_g;type_FromWorkspace;parent_name_family_16_variant_3_example_QProblem;hierarchy_depth_0;num_lines_1;num_inputs_0;num_outputs_1;ul_200_158;lr_265_182;rul_395_64;rlr_530_116
C:\svns\simucomp2\models\\./raqun/family_16_variant_3_example_QProblem.mdl,738546.75104135414585,lb,name_lb;type_FromWorkspace;parent_name_family_16_variant_3_example_QProblem;hierarchy_depth_0;num_lines_1;num_inputs_0;num_outputs_1;ul_200_203;lr_265_227;rul_395_19;rlr_530_71
C:\svns\simucomp2\models\\./raqun/family_16_variant_3_example_QProblem.mdl,738546.75104135414585,lbA,name_lbA;type_FromWorkspace;parent_name_family_16_variant_3_example_QProblem;hierarchy_depth_0;num_lines_1;num_inputs_0;num_outputs_1;ul_200_293;lr_265_317;rul_395_-71;rlr_530_-19
C:\svns\simucomp2\models\\./raqun/family_16_variant_3_example_QProblem.mdl,738546.75104135414585,qpOASES,name_qpOASES;type_S-Function;parent_name_family_16_variant_3_example_QProblem;hierarchy_depth_0;num_lines_9;num_inputs_5;num_outputs_4;ul_595_222;lr_795_298;rul_-395_-64;rlr_-530_-116
C:\svns\simucomp2\models\\./raqun/family_16_variant_3_example_QProblem.mdl,738546.75104135414585,ub,name_ub;type_FromWorkspace;parent_name_family_16_variant_3_example_QProblem;hierarchy_depth_0;num_lines_1;num_inputs_0;num_outputs_1;ul_200_248;lr_265_272;rul_395_-26;rlr_530_26
C:\svns\simucomp2\models\\./raqun/family_16_variant_3_example_QProblem.mdl,738546.75104135414585,ubA,name_ubA;type_FromWorkspace;parent_name_family_16_variant_3_example_QProblem;hierarchy_depth_0;num_lines_1;num_inputs_0;num_outputs_1;ul_200_338;lr_265_362;rul_395_-116;rlr_530_-64
C:\svns\simucomp2\models\\./raqun/family_16_variant_3_example_QProblem.mdl,738546.75104135414585,xfvalexitflagiter,name_xfvalexitflagiter;type_Scope;parent_name_family_16_variant_3_example_QProblem;hierarchy_depth_0;num_lines_4;num_inputs_4;num_outputs_0;ul_945_222;lr_1000_298;rul_-350_0;rlr_-205_0
C:\svns\simucomp2\models\\./raqun/family_16_variant_4_example_QProblem.mdl,738546.75104201387148,FromWorkspace1,name_FromWorkspace1;type_FromWorkspace;parent_name_family_16_variant_4_example_QProblem;hierarchy_depth_0;num_lines_1;num_inputs_0;num_outputs_1;ul_85_53;lr_150_77;rul_375_173;rlr_505_187
C:\svns\simucomp2\models\\./raqun/family_16_variant_4_example_QProblem.mdl,738546.75104201387148,FromWorkspace2,name_FromWorkspace2;type_FromWorkspace;parent_name_family_16_variant_4_example_QProblem;hierarchy_depth_0;num_lines_1;num_inputs_0;num_outputs_1;ul_85_113;lr_150_137;rul_375_113;rlr_505_127
C:\svns\simucomp2\models\\./raqun/family_16_variant_4_example_QProblem.mdl,738546.75104202551302,FromWorkspace3,name_FromWorkspace3;type_FromWorkspace;parent_name_family_16_variant_4_example_QProblem;hierarchy_depth_0;num_lines_1;num_inputs_0;num_outputs_1;ul_85_173;lr_150_197;rul_375_53;rlr_505_67
C:\svns\simucomp2\models\\./raqun/family_16_variant_4_example_QProblem.mdl,738546.75104202551302,FromWorkspace4,name_FromWorkspace4;type_FromWorkspace;parent_name_family_16_variant_4_example_QProblem;hierarchy_depth_0;num_lines_1;num_inputs_0;num_outputs_1;ul_85_233;lr_150_257;rul_375_-7;rlr_505_7
C:\svns\simucomp2\models\\./raqun/family_16_variant_4_example_QProblem.mdl,738546.75104202551302,FromWorkspace5,name_FromWorkspace5;type_FromWorkspace;parent_name_family_16_variant_4_example_QProblem;hierarchy_depth_0;num_lines_1;num_inputs_0;num_outputs_1;ul_85_293;lr_150_317;rul_375_-67;rlr_505_-53
C:\svns\simucomp2\models\\./raqun/family_16_variant_4_example_QProblem.mdl,738546.75104202551302,FromWorkspace6,name_FromWorkspace6;type_FromWorkspace;parent_name_family_16_variant_4_example_QProblem;hierarchy_depth_0;num_lines_1;num_inputs_0;num_outputs_1;ul_85_353;lr_150_377;rul_375_-127;rlr_505_-113
C:\svns\simucomp2\models\\./raqun/family_16_variant_4_example_QProblem.mdl,738546.75104202551302,FromWorkspace7,name_FromWorkspace7;type_FromWorkspace;parent_name_family_16_variant_4_example_QProblem;hierarchy_depth_0;num_lines_1;num_inputs_0;num_outputs_1;ul_85_418;lr_150_442;rul_375_-192;rlr_505_-178
C:\svns\simucomp2\models\\./raqun/family_16_variant_4_example_QProblem.mdl,738546.75104203703813,fvalxexitflagiter,name_fvalxexitflagiter;type_Scope;parent_name_family_16_variant_4_example_QProblem;hierarchy_depth_0;num_lines_4;num_inputs_4;num_outputs_0;ul_780_229;lr_810_261;rul_-320_-3;rlr_-155_3
C:\svns\simucomp2\models\\./raqun/family_16_variant_4_example_QProblem.mdl,738546.75104203703813,qpOASES,name_qpOASES;type_S-Function;parent_name_family_16_variant_4_example_QProblem;hierarchy_depth_0;num_lines_11;num_inputs_7;num_outputs_4;ul_460_226;lr_655_264;rul_-375_-173;rlr_-505_-187
