C:\svns\simucomp2\models\\./raqun/family_27_variant_1_sl_jspace.mdl,738546.75141806714237,T2xyz,name_T2xyz;type_Reference;parent_name_family_27_variant_1_sl_jspace;hierarchy_depth_0;num_lines_3;num_inputs_1;num_outputs_3;ul_275_112;lr_325_168;rul_-90_0;rlr_-90_0
C:\svns\simucomp2\models\\./raqun/family_27_variant_1_sl_jspace.mdl,738546.75141810183413,XY Graph,name_XY Graph;type_Record;parent_name_family_27_variant_1_sl_jspace;hierarchy_depth_0;num_lines_2;num_inputs_2;num_outputs_0;ul_390_108;lr_430_152;rul_-115_4;rlr_-105_16
C:\svns\simucomp2\models\\./raqun/family_27_variant_1_sl_jspace.mdl,738546.75141811347567,fkine,name_fkine;type_Reference;parent_name_family_27_variant_1_sl_jspace;hierarchy_depth_0;num_lines_2;num_inputs_1;num_outputs_1;ul_185_112;lr_235_168;rul_-115_-73;rlr_-130_-57
C:\svns\simucomp2\models\\./raqun/family_27_variant_1_sl_jspace.mdl,738546.75141815969255,jtraj,name_jtraj;type_Reference;parent_name_family_27_variant_1_sl_jspace;hierarchy_depth_0;num_lines_2;num_inputs_0;num_outputs_3;ul_70_39;lr_105_111;rul_0_0;rlr_0_0
C:\svns\simucomp2\models\\./raqun/family_27_variant_1_sl_jspace.mdl,738546.7514181828592,plot,name_plot;type_Reference;parent_name_family_27_variant_1_sl_jspace;hierarchy_depth_0;num_lines_1;num_inputs_1;num_outputs_0;ul_215_22;lr_295_78;rul_-145_17;rlr_-190_33
C:\svns\simucomp2\models\\./raqun/family_27_variant_2_sl_jspace.mdl,738546.75142134260386,T2xyz,name_T2xyz;type_Reference;parent_name_family_27_variant_2_sl_jspace;hierarchy_depth_0;num_lines_3;num_inputs_1;num_outputs_3;ul_275_112;lr_325_168;rul_-90_0;rlr_-90_0
C:\svns\simucomp2\models\\./raqun/family_27_variant_2_sl_jspace.mdl,738546.75142138893716,XY Graph,name_XY Graph;type_Record;parent_name_family_27_variant_2_sl_jspace;hierarchy_depth_0;num_lines_2;num_inputs_2;num_outputs_0;ul_390_108;lr_430_152;rul_-115_4;rlr_-105_16
C:\svns\simucomp2\models\\./raqun/family_27_variant_2_sl_jspace.mdl,738546.75142138893716,fkine,name_fkine;type_Reference;parent_name_family_27_variant_2_sl_jspace;hierarchy_depth_0;num_lines_2;num_inputs_1;num_outputs_1;ul_185_112;lr_235_168;rul_-115_-73;rlr_-130_-57
C:\svns\simucomp2\models\\./raqun/family_27_variant_2_sl_jspace.mdl,738546.75142141198739,jtraj,name_jtraj;type_Reference;parent_name_family_27_variant_2_sl_jspace;hierarchy_depth_0;num_lines_2;num_inputs_0;num_outputs_3;ul_70_39;lr_105_111;rul_0_0;rlr_0_0
C:\svns\simucomp2\models\\./raqun/family_27_variant_2_sl_jspace.mdl,738546.75142144679558,plot,name_plot;type_Reference;parent_name_family_27_variant_2_sl_jspace;hierarchy_depth_0;num_lines_1;num_inputs_1;num_outputs_0;ul_215_22;lr_295_78;rul_-145_17;rlr_-190_33
