C:\svns\simucomp2\models\\./raqun/family_22_variant_1_test.slx,738546.75105398148298,Clock,name_Clock;type_Clock;parent_name_family_22_variant_1_test;hierarchy_depth_0;num_lines_1;num_inputs_0;num_outputs_1;ul_20_350;lr_40_370;rul_150_-11;rlr_170_11
C:\svns\simucomp2\models\\./raqun/family_22_variant_1_test.slx,738546.75105398148298,Display4,name_Display4;type_Display;parent_name_family_22_variant_1_test;hierarchy_depth_0;num_lines_1;num_inputs_1;num_outputs_0;ul_1840_797;lr_1925_873;rul_-350_8;rlr_-160_52
C:\svns\simucomp2\models\\./raqun/family_22_variant_1_test.slx,738546.7510539930081,Display5,name_Display5;type_Display;parent_name_family_22_variant_1_test;hierarchy_depth_0;num_lines_1;num_inputs_1;num_outputs_0;ul_1840_915;lr_1930_945;rul_-350_-110;rlr_-165_-20
C:\svns\simucomp2\models\\./raqun/family_22_variant_1_test.slx,738546.7510539930081,Mux,name_Mux;type_Mux;parent_name_family_22_variant_1_test;hierarchy_depth_0;num_lines_5;num_inputs_3;num_outputs_1;ul_425_341;lr_430_379;rul_-255_-2;rlr_-220_2
C:\svns\simucomp2\models\\./raqun/family_22_variant_1_test.slx,738546.75105401617475,Publish Vector3Stamped,name_Publish Vector3Stamped;type_Reference;parent_name_family_22_variant_1_test;hierarchy_depth_0;num_lines_1;num_inputs_1;num_outputs_0;ul_520_146;lr_795_264;rul_-95_195;rlr_-365_115
C:\svns\simucomp2\models\\./raqun/family_22_variant_1_test.slx,738546.75105402781628,Rate Transition,name_Rate Transition;type_RateTransition;parent_name_family_22_variant_1_test;hierarchy_depth_0;num_lines_6;num_inputs_1;num_outputs_1;ul_170_339;lr_210_381;rul_-150_11;rlr_-170_-11
C:\svns\simucomp2\models\\./raqun/family_22_variant_1_test.slx,738546.75105402781628,Real time synchronisation,name_Real time synchronisation;type_Reference;parent_name_family_22_variant_1_test;hierarchy_depth_0;num_lines_1;num_inputs_0;num_outputs_1;ul_890_1116;lr_1235_1184;rul_425_24;rlr_100_-24
C:\svns\simucomp2\models\\./raqun/family_22_variant_1_test.slx,738546.75105406250805,Subscribe MomentsStamped messages,name_Subscribe MomentsStamped messages;type_Reference;parent_name_family_22_variant_1_test;hierarchy_depth_0;num_lines_0;num_inputs_0;num_outputs_3;ul_1285_20;lr_1485_100;rul_0_0;rlr_0_0
C:\svns\simucomp2\models\\./raqun/family_22_variant_1_test.slx,738546.75105409719981,Subscribe Vector3Stamped,name_Subscribe Vector3Stamped;type_Reference;parent_name_family_22_variant_1_test;hierarchy_depth_0;num_lines_2;num_inputs_0;num_outputs_2;ul_1490_805;lr_1765_925;rul_350_-8;rlr_160_-52
C:\svns\simucomp2\models\\./raqun/family_22_variant_1_test.slx,738546.75105413189158,Terminator,name_Terminator;type_Terminator;parent_name_family_22_variant_1_test;hierarchy_depth_0;num_lines_1;num_inputs_1;num_outputs_0;ul_1315_1140;lr_1335_1160;rul_-425_-24;rlr_-100_24
C:\svns\simucomp2\models\\./raqun/family_22_variant_2_test.slx,738546.75105571758468,Clock,name_Clock;type_Clock;parent_name_family_22_variant_2_test;hierarchy_depth_0;num_lines_1;num_inputs_0;num_outputs_1;ul_350_350;lr_370_370;rul_55_-11;rlr_75_11
C:\svns\simucomp2\models\\./raqun/family_22_variant_2_test.slx,738546.75105572910979,Display4,name_Display4;type_Display;parent_name_family_22_variant_2_test;hierarchy_depth_0;num_lines_1;num_inputs_1;num_outputs_0;ul_1370_292;lr_1455_368;rul_-485_8;rlr_-295_52
C:\svns\simucomp2\models\\./raqun/family_22_variant_2_test.slx,738546.75105574075133,Display5,name_Display5;type_Display;parent_name_family_22_variant_2_test;hierarchy_depth_0;num_lines_1;num_inputs_1;num_outputs_0;ul_1230_375;lr_1320_405;rul_-345_-75;rlr_-160_15
C:\svns\simucomp2\models\\./raqun/family_22_variant_2_test.slx,738546.75105574075133,Mux,name_Mux;type_Mux;parent_name_family_22_variant_2_test;hierarchy_depth_0;num_lines_4;num_inputs_3;num_outputs_1;ul_480_341;lr_485_379;rul_-75_-2;rlr_-40_2
C:\svns\simucomp2\models\\./raqun/family_22_variant_2_test.slx,738546.75105574075133,Publish Vector3Stamped,name_Publish Vector3Stamped;type_Reference;parent_name_family_22_variant_2_test;hierarchy_depth_0;num_lines_1;num_inputs_1;num_outputs_0;ul_520_301;lr_795_419;rul_-40_40;rlr_-310_-40
C:\svns\simucomp2\models\\./raqun/family_22_variant_2_test.slx,738546.75105577544309,Rate Transition,name_Rate Transition;type_RateTransition;parent_name_family_22_variant_2_test;hierarchy_depth_0;num_lines_4;num_inputs_1;num_outputs_1;ul_405_339;lr_445_381;rul_-55_11;rlr_-75_-11
C:\svns\simucomp2\models\\./raqun/family_22_variant_2_test.slx,738546.75105577544309,Real time synchronisation,name_Real time synchronisation;type_Reference;parent_name_family_22_variant_2_test;hierarchy_depth_0;num_lines_1;num_inputs_0;num_outputs_1;ul_530_616;lr_875_684;rul_425_24;rlr_100_-24
C:\svns\simucomp2\models\\./raqun/family_22_variant_2_test.slx,738546.75105579860974,Subscribe Vector3Stamped,name_Subscribe Vector3Stamped;type_Reference;parent_name_family_22_variant_2_test;hierarchy_depth_0;num_lines_2;num_inputs_0;num_outputs_2;ul_885_300;lr_1160_420;rul_485_-8;rlr_295_-52
C:\svns\simucomp2\models\\./raqun/family_22_variant_2_test.slx,738546.75105583330151,Terminator,name_Terminator;type_Terminator;parent_name_family_22_variant_2_test;hierarchy_depth_0;num_lines_1;num_inputs_1;num_outputs_0;ul_955_640;lr_975_660;rul_-425_-24;rlr_-100_24
