C:\svns\simucomp2\models\\./raqun/family_18_variant_1_example_SQProblem.mdl,738546.75104542821646,FromWorkspace1,name_FromWorkspace1;type_FromWorkspace;parent_name_family_18_variant_1_example_SQProblem;hierarchy_depth_0;num_lines_1;num_inputs_0;num_outputs_1;ul_85_53;lr_150_77;rul_515_173;rlr_645_187
C:\svns\simucomp2\models\\./raqun/family_18_variant_1_example_SQProblem.mdl,738546.75104543985799,FromWorkspace2,name_FromWorkspace2;type_FromWorkspace;parent_name_family_18_variant_1_example_SQProblem;hierarchy_depth_0;num_lines_1;num_inputs_0;num_outputs_1;ul_85_113;lr_150_137;rul_515_113;rlr_645_127
C:\svns\simucomp2\models\\./raqun/family_18_variant_1_example_SQProblem.mdl,738546.75104543985799,FromWorkspace3,name_FromWorkspace3;type_FromWorkspace;parent_name_family_18_variant_1_example_SQProblem;hierarchy_depth_0;num_lines_1;num_inputs_0;num_outputs_1;ul_85_173;lr_150_197;rul_515_53;rlr_645_67
C:\svns\simucomp2\models\\./raqun/family_18_variant_1_example_SQProblem.mdl,738546.75104543985799,FromWorkspace4,name_FromWorkspace4;type_FromWorkspace;parent_name_family_18_variant_1_example_SQProblem;hierarchy_depth_0;num_lines_1;num_inputs_0;num_outputs_1;ul_85_233;lr_150_257;rul_515_-7;rlr_645_7
C:\svns\simucomp2\models\\./raqun/family_18_variant_1_example_SQProblem.mdl,738546.75104543985799,FromWorkspace5,name_FromWorkspace5;type_FromWorkspace;parent_name_family_18_variant_1_example_SQProblem;hierarchy_depth_0;num_lines_1;num_inputs_0;num_outputs_1;ul_85_293;lr_150_317;rul_515_-67;rlr_645_-53
C:\svns\simucomp2\models\\./raqun/family_18_variant_1_example_SQProblem.mdl,738546.75104543985799,FromWorkspace6,name_FromWorkspace6;type_FromWorkspace;parent_name_family_18_variant_1_example_SQProblem;hierarchy_depth_0;num_lines_1;num_inputs_0;num_outputs_1;ul_85_353;lr_150_377;rul_515_-127;rlr_645_-113
C:\svns\simucomp2\models\\./raqun/family_18_variant_1_example_SQProblem.mdl,738546.75104545138311,FromWorkspace7,name_FromWorkspace7;type_FromWorkspace;parent_name_family_18_variant_1_example_SQProblem;hierarchy_depth_0;num_lines_1;num_inputs_0;num_outputs_1;ul_85_418;lr_150_442;rul_515_-192;rlr_645_-178
C:\svns\simucomp2\models\\./raqun/family_18_variant_1_example_SQProblem.mdl,738546.75104545138311,fvalxexitflagiter,name_fvalxexitflagiter;type_Scope;parent_name_family_18_variant_1_example_SQProblem;hierarchy_depth_0;num_lines_4;num_inputs_4;num_outputs_0;ul_935_229;lr_965_261;rul_-335_-3;rlr_-170_3
C:\svns\simucomp2\models\\./raqun/family_18_variant_1_example_SQProblem.mdl,738546.75104545138311,qpOASES,name_qpOASES;type_S-Function;parent_name_family_18_variant_1_example_SQProblem;hierarchy_depth_0;num_lines_11;num_inputs_7;num_outputs_4;ul_600_226;lr_795_264;rul_-515_-173;rlr_-645_-187
C:\svns\simucomp2\models\\./raqun/family_18_variant_2_example_SQProblem.mdl,738546.75104611110874,A,name_A;type_FromWorkspace;parent_name_family_18_variant_2_example_SQProblem;hierarchy_depth_0;num_lines_1;num_inputs_0;num_outputs_1;ul_100_198;lr_165_222;rul_490_26;rlr_625_74
C:\svns\simucomp2\models\\./raqun/family_18_variant_2_example_SQProblem.mdl,738546.75104612263385,H,name_H;type_FromWorkspace;parent_name_family_18_variant_2_example_SQProblem;hierarchy_depth_0;num_lines_1;num_inputs_0;num_outputs_1;ul_100_98;lr_165_122;rul_490_126;rlr_625_174
C:\svns\simucomp2\models\\./raqun/family_18_variant_2_example_SQProblem.mdl,738546.75104612263385,g,name_g;type_FromWorkspace;parent_name_family_18_variant_2_example_SQProblem;hierarchy_depth_0;num_lines_1;num_inputs_0;num_outputs_1;ul_100_148;lr_165_172;rul_490_76;rlr_625_124
C:\svns\simucomp2\models\\./raqun/family_18_variant_2_example_SQProblem.mdl,738546.75104612263385,lb,name_lb;type_FromWorkspace;parent_name_family_18_variant_2_example_SQProblem;hierarchy_depth_0;num_lines_1;num_inputs_0;num_outputs_1;ul_100_248;lr_165_272;rul_490_-24;rlr_625_24
C:\svns\simucomp2\models\\./raqun/family_18_variant_2_example_SQProblem.mdl,738546.75104612263385,lbA,name_lbA;type_FromWorkspace;parent_name_family_18_variant_2_example_SQProblem;hierarchy_depth_0;num_lines_1;num_inputs_0;num_outputs_1;ul_100_348;lr_165_372;rul_490_-124;rlr_625_-76
C:\svns\simucomp2\models\\./raqun/family_18_variant_2_example_SQProblem.mdl,738546.75104612263385,qpOASES,name_qpOASES;type_S-Function;parent_name_family_18_variant_2_example_SQProblem;hierarchy_depth_0;num_lines_11;num_inputs_7;num_outputs_4;ul_590_224;lr_790_296;rul_-490_-126;rlr_-625_-174
C:\svns\simucomp2\models\\./raqun/family_18_variant_2_example_SQProblem.mdl,738546.75104613427538,ub,name_ub;type_FromWorkspace;parent_name_family_18_variant_2_example_SQProblem;hierarchy_depth_0;num_lines_1;num_inputs_0;num_outputs_1;ul_100_298;lr_165_322;rul_490_-74;rlr_625_-26
C:\svns\simucomp2\models\\./raqun/family_18_variant_2_example_SQProblem.mdl,738546.75104613427538,ubA,name_ubA;type_FromWorkspace;parent_name_family_18_variant_2_example_SQProblem;hierarchy_depth_0;num_lines_1;num_inputs_0;num_outputs_1;ul_100_398;lr_165_422;rul_490_-174;rlr_625_-126
C:\svns\simucomp2\models\\./raqun/family_18_variant_2_example_SQProblem.mdl,738546.75104613427538,xfvalexitflagiter,name_xfvalexitflagiter;type_Scope;parent_name_family_18_variant_2_example_SQProblem;hierarchy_depth_0;num_lines_4;num_inputs_4;num_outputs_0;ul_950_223;lr_1005_297;rul_-360_1;rlr_-215_-1
C:\svns\simucomp2\models\\./raqun/family_18_variant_3_example_SQProblem.mdl,738546.75104681716766,A,name_A;type_FromWorkspace;parent_name_family_18_variant_3_example_SQProblem;hierarchy_depth_0;num_lines_1;num_inputs_0;num_outputs_1;ul_100_198;lr_165_222;rul_490_26;rlr_625_74
C:\svns\simucomp2\models\\./raqun/family_18_variant_3_example_SQProblem.mdl,738546.75104682869278,H,name_H;type_FromWorkspace;parent_name_family_18_variant_3_example_SQProblem;hierarchy_depth_0;num_lines_1;num_inputs_0;num_outputs_1;ul_100_98;lr_165_122;rul_490_126;rlr_625_174
C:\svns\simucomp2\models\\./raqun/family_18_variant_3_example_SQProblem.mdl,738546.75104682869278,g,name_g;type_FromWorkspace;parent_name_family_18_variant_3_example_SQProblem;hierarchy_depth_0;num_lines_1;num_inputs_0;num_outputs_1;ul_100_148;lr_165_172;rul_490_76;rlr_625_124
C:\svns\simucomp2\models\\./raqun/family_18_variant_3_example_SQProblem.mdl,738546.75104682869278,lb,name_lb;type_FromWorkspace;parent_name_family_18_variant_3_example_SQProblem;hierarchy_depth_0;num_lines_1;num_inputs_0;num_outputs_1;ul_100_248;lr_165_272;rul_490_-24;rlr_625_24
C:\svns\simucomp2\models\\./raqun/family_18_variant_3_example_SQProblem.mdl,738546.75104682869278,lbA,name_lbA;type_FromWorkspace;parent_name_family_18_variant_3_example_SQProblem;hierarchy_depth_0;num_lines_1;num_inputs_0;num_outputs_1;ul_100_348;lr_165_372;rul_490_-124;rlr_625_-76
C:\svns\simucomp2\models\\./raqun/family_18_variant_3_example_SQProblem.mdl,738546.75104682869278,qpOASES,name_qpOASES;type_S-Function;parent_name_family_18_variant_3_example_SQProblem;hierarchy_depth_0;num_lines_11;num_inputs_7;num_outputs_4;ul_590_224;lr_790_296;rul_-490_-126;rlr_-625_-174
C:\svns\simucomp2\models\\./raqun/family_18_variant_3_example_SQProblem.mdl,738546.75104684033431,ub,name_ub;type_FromWorkspace;parent_name_family_18_variant_3_example_SQProblem;hierarchy_depth_0;num_lines_1;num_inputs_0;num_outputs_1;ul_100_298;lr_165_322;rul_490_-74;rlr_625_-26
C:\svns\simucomp2\models\\./raqun/family_18_variant_3_example_SQProblem.mdl,738546.75104684033431,ubA,name_ubA;type_FromWorkspace;parent_name_family_18_variant_3_example_SQProblem;hierarchy_depth_0;num_lines_1;num_inputs_0;num_outputs_1;ul_100_398;lr_165_422;rul_490_-174;rlr_625_-126
C:\svns\simucomp2\models\\./raqun/family_18_variant_3_example_SQProblem.mdl,738546.75104684033431,xfvalexitflagiter,name_xfvalexitflagiter;type_Scope;parent_name_family_18_variant_3_example_SQProblem;hierarchy_depth_0;num_lines_4;num_inputs_4;num_outputs_0;ul_950_223;lr_1005_297;rul_-360_1;rlr_-215_-1
C:\svns\simucomp2\models\\./raqun/family_18_variant_4_example_SQProblem.mdl,738546.75104756944347,FromWorkspace1,name_FromWorkspace1;type_FromWorkspace;parent_name_family_18_variant_4_example_SQProblem;hierarchy_depth_0;num_lines_1;num_inputs_0;num_outputs_1;ul_85_53;lr_150_77;rul_375_173;rlr_505_187
C:\svns\simucomp2\models\\./raqun/family_18_variant_4_example_SQProblem.mdl,738546.75104756944347,FromWorkspace2,name_FromWorkspace2;type_FromWorkspace;parent_name_family_18_variant_4_example_SQProblem;hierarchy_depth_0;num_lines_1;num_inputs_0;num_outputs_1;ul_85_113;lr_150_137;rul_375_113;rlr_505_127
C:\svns\simucomp2\models\\./raqun/family_18_variant_4_example_SQProblem.mdl,738546.75104756944347,FromWorkspace3,name_FromWorkspace3;type_FromWorkspace;parent_name_family_18_variant_4_example_SQProblem;hierarchy_depth_0;num_lines_1;num_inputs_0;num_outputs_1;ul_85_173;lr_150_197;rul_375_53;rlr_505_67
C:\svns\simucomp2\models\\./raqun/family_18_variant_4_example_SQProblem.mdl,738546.75104756944347,FromWorkspace4,name_FromWorkspace4;type_FromWorkspace;parent_name_family_18_variant_4_example_SQProblem;hierarchy_depth_0;num_lines_1;num_inputs_0;num_outputs_1;ul_85_233;lr_150_257;rul_375_-7;rlr_505_7
C:\svns\simucomp2\models\\./raqun/family_18_variant_4_example_SQProblem.mdl,738546.75104756944347,FromWorkspace5,name_FromWorkspace5;type_FromWorkspace;parent_name_family_18_variant_4_example_SQProblem;hierarchy_depth_0;num_lines_1;num_inputs_0;num_outputs_1;ul_85_293;lr_150_317;rul_375_-67;rlr_505_-53
C:\svns\simucomp2\models\\./raqun/family_18_variant_4_example_SQProblem.mdl,738546.75104758096859,FromWorkspace6,name_FromWorkspace6;type_FromWorkspace;parent_name_family_18_variant_4_example_SQProblem;hierarchy_depth_0;num_lines_1;num_inputs_0;num_outputs_1;ul_85_353;lr_150_377;rul_375_-127;rlr_505_-113
C:\svns\simucomp2\models\\./raqun/family_18_variant_4_example_SQProblem.mdl,738546.75104758096859,FromWorkspace7,name_FromWorkspace7;type_FromWorkspace;parent_name_family_18_variant_4_example_SQProblem;hierarchy_depth_0;num_lines_1;num_inputs_0;num_outputs_1;ul_85_418;lr_150_442;rul_375_-192;rlr_505_-178
C:\svns\simucomp2\models\\./raqun/family_18_variant_4_example_SQProblem.mdl,738546.75104758096859,fvalxexitflagiter,name_fvalxexitflagiter;type_Scope;parent_name_family_18_variant_4_example_SQProblem;hierarchy_depth_0;num_lines_4;num_inputs_4;num_outputs_0;ul_780_229;lr_810_261;rul_-320_-3;rlr_-155_3
C:\svns\simucomp2\models\\./raqun/family_18_variant_4_example_SQProblem.mdl,738546.75104758096859,qpOASES,name_qpOASES;type_S-Function;parent_name_family_18_variant_4_example_SQProblem;hierarchy_depth_0;num_lines_11;num_inputs_7;num_outputs_4;ul_460_226;lr_655_264;rul_-375_-173;rlr_-505_-187
