C:\svns\simucomp2\models\\./raqun/family_15_variant_1_NMPC_model.mdl,738546.75103827542625,Controls,name_Controls;type_Scope;parent_name_family_15_variant_1_NMPC_model;hierarchy_depth_0;num_lines_2;num_inputs_2;num_outputs_0;ul_950_595;lr_1015_715;rul_-90_11;rlr_-150_-71
C:\svns\simucomp2\models\\./raqun/family_15_variant_1_NMPC_model.mdl,738546.75103827542625,Demux,name_Demux;type_Demux;parent_name_family_15_variant_1_NMPC_model;hierarchy_depth_0;num_lines_6;num_inputs_1;num_outputs_5;ul_925_168;lr_930_392;rul_-100_305;rlr_-20_155
C:\svns\simucomp2\models\\./raqun/family_15_variant_1_NMPC_model.mdl,738546.75103827542625,Demux1,name_Demux1;type_Demux;parent_name_family_15_variant_1_NMPC_model;hierarchy_depth_0;num_lines_3;num_inputs_1;num_outputs_2;ul_800_583;lr_805_707;rul_-250_-89;rlr_-155_-146
C:\svns\simucomp2\models\\./raqun/family_15_variant_1_NMPC_model.mdl,738546.75103828706779,Demux2,name_Demux2;type_Demux;parent_name_family_15_variant_1_NMPC_model;hierarchy_depth_0;num_lines_8;num_inputs_1;num_outputs_7;ul_350_567;lr_355_733;rul_-205_-30;rlr_-50_-180
C:\svns\simucomp2\models\\./raqun/family_15_variant_1_NMPC_model.mdl,738546.75103828706779,FromWorkspace5,name_FromWorkspace5;type_FromWorkspace;parent_name_family_15_variant_1_NMPC_model;hierarchy_depth_0;num_lines_2;num_inputs_0;num_outputs_1;ul_145_537;lr_305_553;rul_405_-43;rlr_345_8
C:\svns\simucomp2\models\\./raqun/family_15_variant_1_NMPC_model.mdl,738546.75103828706779,Mux,name_Mux;type_Mux;parent_name_family_15_variant_1_NMPC_model;hierarchy_depth_0;num_lines_3;num_inputs_2;num_outputs_1;ul_985_161;lr_990_199;rul_-635_406;rlr_-635_534
C:\svns\simucomp2\models\\./raqun/family_15_variant_1_NMPC_model.mdl,738546.75103828706779,Mux1,name_Mux1;type_Mux;parent_name_family_15_variant_1_NMPC_model;hierarchy_depth_0;num_lines_3;num_inputs_2;num_outputs_1;ul_985_206;lr_990_244;rul_-635_361;rlr_-635_489
C:\svns\simucomp2\models\\./raqun/family_15_variant_1_NMPC_model.mdl,738546.7510382985929,Mux2,name_Mux2;type_Mux;parent_name_family_15_variant_1_NMPC_model;hierarchy_depth_0;num_lines_3;num_inputs_2;num_outputs_1;ul_985_251;lr_990_289;rul_-635_316;rlr_-635_444
C:\svns\simucomp2\models\\./raqun/family_15_variant_1_NMPC_model.mdl,738546.7510382985929,Mux3,name_Mux3;type_Mux;parent_name_family_15_variant_1_NMPC_model;hierarchy_depth_0;num_lines_3;num_inputs_2;num_outputs_1;ul_985_296;lr_990_334;rul_-635_271;rlr_-635_399
C:\svns\simucomp2\models\\./raqun/family_15_variant_1_NMPC_model.mdl,738546.7510382985929,Mux4,name_Mux4;type_Mux;parent_name_family_15_variant_1_NMPC_model;hierarchy_depth_0;num_lines_3;num_inputs_2;num_outputs_1;ul_985_341;lr_990_379;rul_-635_226;rlr_-635_354
C:\svns\simucomp2\models\\./raqun/family_15_variant_1_NMPC_model.mdl,738546.7510382985929,Mux5,name_Mux5;type_Mux;parent_name_family_15_variant_1_NMPC_model;hierarchy_depth_0;num_lines_3;num_inputs_2;num_outputs_1;ul_860_606;lr_865_644;rul_-60_-23;rlr_-60_63
C:\svns\simucomp2\models\\./raqun/family_15_variant_1_NMPC_model.mdl,738546.7510382985929,Mux6,name_Mux6;type_Mux;parent_name_family_15_variant_1_NMPC_model;hierarchy_depth_0;num_lines_3;num_inputs_2;num_outputs_1;ul_860_666;lr_865_704;rul_-60_-83;rlr_-60_3
C:\svns\simucomp2\models\\./raqun/family_15_variant_1_NMPC_model.mdl,738546.75103831023443,NMPC controller,name_NMPC controller;type_S-Function;parent_name_family_15_variant_1_NMPC_model;hierarchy_depth_0;num_lines_6;num_inputs_2;num_outputs_2;ul_550_494;lr_650_561;rul_275_-21;rlr_260_-14
C:\svns\simucomp2\models\\./raqun/family_15_variant_1_NMPC_model.mdl,738546.75103831023443,States,name_States;type_Scope;parent_name_family_15_variant_1_NMPC_model;hierarchy_depth_0;num_lines_5;num_inputs_5;num_outputs_0;ul_1170_152;lr_1265_388;rul_-185_9;rlr_-275_-189
C:\svns\simucomp2\models\\./raqun/family_15_variant_1_NMPC_model.mdl,738546.75103831023443,To Workspace,name_To Workspace;type_ToWorkspace;parent_name_family_15_variant_1_NMPC_model;hierarchy_depth_0;num_lines_1;num_inputs_1;num_outputs_0;ul_675_530;lr_735_560;rul_-125_-36;rlr_-85_1
C:\svns\simucomp2\models\\./raqun/family_15_variant_1_NMPC_model.mdl,738546.75103831023443,To Workspace1,name_To Workspace1;type_ToWorkspace;parent_name_family_15_variant_1_NMPC_model;hierarchy_depth_0;num_lines_1;num_inputs_1;num_outputs_0;ul_730_348;lr_805_382;rul_95_125;rlr_105_165
C:\svns\simucomp2\models\\./raqun/family_15_variant_1_NMPC_model.mdl,738546.75103831023443,To Workspace2,name_To Workspace2;type_ToWorkspace;parent_name_family_15_variant_1_NMPC_model;hierarchy_depth_0;num_lines_1;num_inputs_1;num_outputs_0;ul_730_433;lr_805_467;rul_-180_61;rlr_-155_94
C:\svns\simucomp2\models\\./raqun/family_15_variant_1_NMPC_model.mdl,738546.75103831023443,crane,name_crane;type_SubSystem;parent_name_family_15_variant_1_NMPC_model;hierarchy_depth_0;num_lines_4;num_inputs_1;num_outputs_1;ul_825_473;lr_910_547;rul_-275_21;rlr_-260_14
C:\svns\simucomp2\models\\./raqun/family_15_variant_1_NMPC_model.mdl,738546.75103832175955,u,name_u;type_Inport;parent_name_crane;hierarchy_depth_1;num_lines_1;num_inputs_0;num_outputs_1;ul_410_433;lr_440_447;rul_120_-91;rlr_100_26
C:\svns\simucomp2\models\\./raqun/family_15_variant_1_NMPC_model.mdl,738546.75103832175955,BusCreator1,name_BusCreator1;type_BusCreator;parent_name_crane;hierarchy_depth_1;num_lines_3;num_inputs_2;num_outputs_1;ul_530_342;lr_540_473;rul_145_51;rlr_170_-46
C:\svns\simucomp2\models\\./raqun/family_15_variant_1_NMPC_model.mdl,738546.75103832175955,Unit Delay,name_Unit Delay;type_UnitDelay;parent_name_crane;hierarchy_depth_1;num_lines_3;num_inputs_1;num_outputs_1;ul_675_393;lr_710_427;rul_-115_-50;rlr_-60_50
C:\svns\simucomp2\models\\./raqun/family_15_variant_1_NMPC_model.mdl,738546.75103832175955,model,name_model;type_S-Function;parent_name_crane;hierarchy_depth_1;num_lines_2;num_inputs_1;num_outputs_1;ul_560_343;lr_650_477;rul_-30_-1;rlr_-110_-4
C:\svns\simucomp2\models\\./raqun/family_15_variant_1_NMPC_model.mdl,738546.75103832175955,x,name_x;type_Outport;parent_name_crane;hierarchy_depth_1;num_lines_1;num_inputs_1;num_outputs_0;ul_795_403;lr_825_417;rul_-120_-10;rlr_-115_10
C:\svns\simucomp2\models\\./raqun/family_15_variant_2_NMPC_model.mdl,738546.75103912036866,Controls,name_Controls;type_Scope;parent_name_family_15_variant_2_NMPC_model;hierarchy_depth_0;num_lines_2;num_inputs_2;num_outputs_0;ul_950_595;lr_1015_715;rul_-90_11;rlr_-150_-71
C:\svns\simucomp2\models\\./raqun/family_15_variant_2_NMPC_model.mdl,738546.75103913189378,Demux,name_Demux;type_Demux;parent_name_family_15_variant_2_NMPC_model;hierarchy_depth_0;num_lines_6;num_inputs_1;num_outputs_5;ul_925_168;lr_930_392;rul_-100_305;rlr_-20_155
C:\svns\simucomp2\models\\./raqun/family_15_variant_2_NMPC_model.mdl,738546.75103913189378,Demux1,name_Demux1;type_Demux;parent_name_family_15_variant_2_NMPC_model;hierarchy_depth_0;num_lines_3;num_inputs_1;num_outputs_2;ul_800_583;lr_805_707;rul_-250_-89;rlr_-155_-146
C:\svns\simucomp2\models\\./raqun/family_15_variant_2_NMPC_model.mdl,738546.75103913189378,Demux2,name_Demux2;type_Demux;parent_name_family_15_variant_2_NMPC_model;hierarchy_depth_0;num_lines_8;num_inputs_1;num_outputs_7;ul_350_567;lr_355_733;rul_-205_-30;rlr_-50_-180
C:\svns\simucomp2\models\\./raqun/family_15_variant_2_NMPC_model.mdl,738546.75103913189378,FromWorkspace5,name_FromWorkspace5;type_FromWorkspace;parent_name_family_15_variant_2_NMPC_model;hierarchy_depth_0;num_lines_2;num_inputs_0;num_outputs_1;ul_145_537;lr_305_553;rul_405_-43;rlr_345_8
C:\svns\simucomp2\models\\./raqun/family_15_variant_2_NMPC_model.mdl,738546.75103913189378,Mux,name_Mux;type_Mux;parent_name_family_15_variant_2_NMPC_model;hierarchy_depth_0;num_lines_3;num_inputs_2;num_outputs_1;ul_985_161;lr_990_199;rul_-635_406;rlr_-635_534
C:\svns\simucomp2\models\\./raqun/family_15_variant_2_NMPC_model.mdl,738546.75103913189378,Mux1,name_Mux1;type_Mux;parent_name_family_15_variant_2_NMPC_model;hierarchy_depth_0;num_lines_3;num_inputs_2;num_outputs_1;ul_985_206;lr_990_244;rul_-635_361;rlr_-635_489
C:\svns\simucomp2\models\\./raqun/family_15_variant_2_NMPC_model.mdl,738546.75103914353531,Mux2,name_Mux2;type_Mux;parent_name_family_15_variant_2_NMPC_model;hierarchy_depth_0;num_lines_3;num_inputs_2;num_outputs_1;ul_985_251;lr_990_289;rul_-635_316;rlr_-635_444
C:\svns\simucomp2\models\\./raqun/family_15_variant_2_NMPC_model.mdl,738546.75103914353531,Mux3,name_Mux3;type_Mux;parent_name_family_15_variant_2_NMPC_model;hierarchy_depth_0;num_lines_3;num_inputs_2;num_outputs_1;ul_985_296;lr_990_334;rul_-635_271;rlr_-635_399
C:\svns\simucomp2\models\\./raqun/family_15_variant_2_NMPC_model.mdl,738546.75103914353531,Mux4,name_Mux4;type_Mux;parent_name_family_15_variant_2_NMPC_model;hierarchy_depth_0;num_lines_3;num_inputs_2;num_outputs_1;ul_985_341;lr_990_379;rul_-635_226;rlr_-635_354
C:\svns\simucomp2\models\\./raqun/family_15_variant_2_NMPC_model.mdl,738546.75103914353531,Mux5,name_Mux5;type_Mux;parent_name_family_15_variant_2_NMPC_model;hierarchy_depth_0;num_lines_3;num_inputs_2;num_outputs_1;ul_860_606;lr_865_644;rul_-60_-23;rlr_-60_63
C:\svns\simucomp2\models\\./raqun/family_15_variant_2_NMPC_model.mdl,738546.75103914353531,Mux6,name_Mux6;type_Mux;parent_name_family_15_variant_2_NMPC_model;hierarchy_depth_0;num_lines_3;num_inputs_2;num_outputs_1;ul_860_666;lr_865_704;rul_-60_-83;rlr_-60_3
C:\svns\simucomp2\models\\./raqun/family_15_variant_2_NMPC_model.mdl,738546.75103914353531,NMPC controller,name_NMPC controller;type_S-Function;parent_name_family_15_variant_2_NMPC_model;hierarchy_depth_0;num_lines_6;num_inputs_2;num_outputs_2;ul_550_494;lr_650_561;rul_275_-21;rlr_260_-14
C:\svns\simucomp2\models\\./raqun/family_15_variant_2_NMPC_model.mdl,738546.75103915506043,States,name_States;type_Scope;parent_name_family_15_variant_2_NMPC_model;hierarchy_depth_0;num_lines_5;num_inputs_5;num_outputs_0;ul_1170_152;lr_1265_388;rul_-185_9;rlr_-275_-189
C:\svns\simucomp2\models\\./raqun/family_15_variant_2_NMPC_model.mdl,738546.75103915506043,To Workspace,name_To Workspace;type_ToWorkspace;parent_name_family_15_variant_2_NMPC_model;hierarchy_depth_0;num_lines_1;num_inputs_1;num_outputs_0;ul_675_530;lr_735_560;rul_-125_-36;rlr_-85_1
C:\svns\simucomp2\models\\./raqun/family_15_variant_2_NMPC_model.mdl,738546.75103915506043,To Workspace1,name_To Workspace1;type_ToWorkspace;parent_name_family_15_variant_2_NMPC_model;hierarchy_depth_0;num_lines_1;num_inputs_1;num_outputs_0;ul_730_348;lr_805_382;rul_95_125;rlr_105_165
C:\svns\simucomp2\models\\./raqun/family_15_variant_2_NMPC_model.mdl,738546.75103915506043,To Workspace2,name_To Workspace2;type_ToWorkspace;parent_name_family_15_variant_2_NMPC_model;hierarchy_depth_0;num_lines_1;num_inputs_1;num_outputs_0;ul_730_433;lr_805_467;rul_-180_61;rlr_-155_94
C:\svns\simucomp2\models\\./raqun/family_15_variant_2_NMPC_model.mdl,738546.75103915506043,crane,name_crane;type_SubSystem;parent_name_family_15_variant_2_NMPC_model;hierarchy_depth_0;num_lines_4;num_inputs_1;num_outputs_1;ul_825_473;lr_910_547;rul_-275_21;rlr_-260_14
C:\svns\simucomp2\models\\./raqun/family_15_variant_2_NMPC_model.mdl,738546.75103915506043,u,name_u;type_Inport;parent_name_crane;hierarchy_depth_1;num_lines_1;num_inputs_0;num_outputs_1;ul_410_433;lr_440_447;rul_120_-91;rlr_100_26
C:\svns\simucomp2\models\\./raqun/family_15_variant_2_NMPC_model.mdl,738546.75103916670196,BusCreator1,name_BusCreator1;type_BusCreator;parent_name_crane;hierarchy_depth_1;num_lines_3;num_inputs_2;num_outputs_1;ul_530_342;lr_540_473;rul_145_51;rlr_170_-46
C:\svns\simucomp2\models\\./raqun/family_15_variant_2_NMPC_model.mdl,738546.75103916670196,Unit Delay,name_Unit Delay;type_UnitDelay;parent_name_crane;hierarchy_depth_1;num_lines_3;num_inputs_1;num_outputs_1;ul_675_393;lr_710_427;rul_-115_-50;rlr_-60_50
C:\svns\simucomp2\models\\./raqun/family_15_variant_2_NMPC_model.mdl,738546.75103916670196,model,name_model;type_S-Function;parent_name_crane;hierarchy_depth_1;num_lines_2;num_inputs_1;num_outputs_1;ul_560_343;lr_650_477;rul_-30_-1;rlr_-110_-4
C:\svns\simucomp2\models\\./raqun/family_15_variant_2_NMPC_model.mdl,738546.75103917822707,x,name_x;type_Outport;parent_name_crane;hierarchy_depth_1;num_lines_1;num_inputs_1;num_outputs_0;ul_795_403;lr_825_417;rul_-120_-10;rlr_-115_10
