C:\svns\simucomp2\models\\./raqun/family_10_variant_1_variable_rafael.mdl,738546.75100731477141,FromWorkspace,name_FromWorkspace;type_FromWorkspace;parent_name_family_10_variant_1_variable_rafael;hierarchy_depth_0;num_lines_1;num_inputs_0;num_outputs_1;ul_-845_-120;lr_-710_-90;rul_200_-14;rlr_70_-6
C:\svns\simucomp2\models\\./raqun/family_10_variant_1_variable_rafael.mdl,738546.75100732641295,Mux,name_Mux;type_Mux;parent_name_family_10_variant_1_variable_rafael;hierarchy_depth_0;num_lines_3;num_inputs_2;num_outputs_1;ul_-645_-134;lr_-640_-96;rul_-200_-162;rlr_-40_-58
C:\svns\simucomp2\models\\./raqun/family_10_variant_1_variable_rafael.mdl,738546.75100732641295,Rafael_original_estimated,name_Rafael_original_estimated;type_Reference;parent_name_family_10_variant_1_variable_rafael;hierarchy_depth_0;num_lines_2;num_inputs_0;num_outputs_1;ul_-845_-296;lr_-680_-154;rul_200_56;rlr_95_-56
C:\svns\simucomp2\models\\./raqun/family_10_variant_1_variable_rafael.mdl,738546.75100736110471,Scope,name_Scope;type_Scope;parent_name_family_10_variant_1_variable_rafael;hierarchy_depth_0;num_lines_1;num_inputs_1;num_outputs_0;ul_-605_-143;lr_-565_-87;rul_-40_9;rlr_-75_-9
C:\svns\simucomp2\models\\./raqun/family_10_variant_1_variable_rafael.mdl,738546.75100736110471,To Workspace,name_To Workspace;type_ToWorkspace;parent_name_family_10_variant_1_variable_rafael;hierarchy_depth_0;num_lines_1;num_inputs_1;num_outputs_0;ul_-645_-240;lr_-585_-210;rul_-200_-56;rlr_-95_56
C:\svns\simucomp2\models\\./raqun/family_10_variant_2_variable_rafael.mdl,738546.7510081018554,FromWorkspace,name_FromWorkspace;type_FromWorkspace;parent_name_family_10_variant_2_variable_rafael;hierarchy_depth_0;num_lines_1;num_inputs_0;num_outputs_1;ul_70_230;lr_205_260;rul_200_-14;rlr_70_-6
C:\svns\simucomp2\models\\./raqun/family_10_variant_2_variable_rafael.mdl,738546.7510081018554,Mux,name_Mux;type_Mux;parent_name_family_10_variant_2_variable_rafael;hierarchy_depth_0;num_lines_3;num_inputs_2;num_outputs_1;ul_270_216;lr_275_254;rul_-200_-162;rlr_-40_-58
C:\svns\simucomp2\models\\./raqun/family_10_variant_2_variable_rafael.mdl,738546.75100811338052,Rafael_original_estimated,name_Rafael_original_estimated;type_Reference;parent_name_family_10_variant_2_variable_rafael;hierarchy_depth_0;num_lines_2;num_inputs_0;num_outputs_1;ul_70_54;lr_235_196;rul_200_56;rlr_95_-56
C:\svns\simucomp2\models\\./raqun/family_10_variant_2_variable_rafael.mdl,738546.75100813654717,Scope,name_Scope;type_Scope;parent_name_family_10_variant_2_variable_rafael;hierarchy_depth_0;num_lines_1;num_inputs_1;num_outputs_0;ul_310_207;lr_350_263;rul_-40_9;rlr_-75_-9
C:\svns\simucomp2\models\\./raqun/family_10_variant_2_variable_rafael.mdl,738546.75100813654717,To Workspace,name_To Workspace;type_ToWorkspace;parent_name_family_10_variant_2_variable_rafael;hierarchy_depth_0;num_lines_1;num_inputs_1;num_outputs_0;ul_270_110;lr_330_140;rul_-200_-56;rlr_-95_56
