C:\svns\simucomp2\models\\./raqun/family_4_variant_1_MeasureMag.slx,738546.75096523144748,Battery Voltage,name_Battery Voltage;type_Scope;parent_name_family_4_variant_1_MeasureMag;hierarchy_depth_0;num_lines_1;num_inputs_1;num_outputs_0;ul_970_754;lr_1000_786;rul_-165_1;rlr_-140_-1
C:\svns\simucomp2\models\\./raqun/family_4_variant_1_MeasureMag.slx,738546.75096524308901,Battery Voltage Measurement,name_Battery Voltage Measurement;type_Reference;parent_name_family_4_variant_1_MeasureMag;hierarchy_depth_0;num_lines_1;num_inputs_0;num_outputs_1;ul_555_732;lr_765_808;rul_250_23;rlr_95_-23
C:\svns\simucomp2\models\\./raqun/family_4_variant_1_MeasureMag.slx,738546.75096526625566,CheckSum Pre-Processing,name_CheckSum Pre-Processing;type_SubSystem;parent_name_family_4_variant_1_MeasureMag;hierarchy_depth_0;num_lines_7;num_inputs_2;num_outputs_5;ul_555_363;lr_740_557;rul_-380_30;rlr_-310_-35
C:\svns\simucomp2\models\\./raqun/family_4_variant_1_MeasureMag.slx,738546.75096526625566,IMU Packets,name_IMU Packets;type_Inport;parent_name_CheckSum Pre-Processing;hierarchy_depth_1;num_lines_5;num_inputs_0;num_outputs_1;ul_0_617;lr_65_643;rul_485_-62;rlr_425_-18
C:\svns\simucomp2\models\\./raqun/family_4_variant_1_MeasureMag.slx,738546.75096527778078,CheckSumFlag,name_CheckSumFlag;type_Inport;parent_name_CheckSum Pre-Processing;hierarchy_depth_1;num_lines_2;num_inputs_0;num_outputs_1;ul_35_438;lr_65_452;rul_210_-8;rlr_305_8
C:\svns\simucomp2\models\\./raqun/family_4_variant_1_MeasureMag.slx,738546.75096527778078,Accelerometer Processing,name_Accelerometer Processing;type_SubSystem;parent_name_CheckSum Pre-Processing;hierarchy_depth_1;num_lines_3;num_inputs_2;num_outputs_1;ul_585_773;lr_780_882;rul_-70_-18;rlr_-255_-37
C:\svns\simucomp2\models\\./raqun/family_4_variant_1_MeasureMag.slx,738546.75096527778078,Raw Data,name_Raw Data;type_Inport;parent_name_Accelerometer Processing;hierarchy_depth_2;num_lines_1;num_inputs_0;num_outputs_1;ul_440_108;lr_470_122;rul_85_-54;rlr_295_54
C:\svns\simucomp2\models\\./raqun/family_4_variant_1_MeasureMag.slx,738546.75096527778078,CheckSum Flag,name_CheckSum Flag;type_Inport;parent_name_Accelerometer Processing;hierarchy_depth_2;num_lines_1;num_inputs_0;num_outputs_1;ul_795_183;lr_825_197;rul_75_-106;rlr_250_31
C:\svns\simucomp2\models\\./raqun/family_4_variant_1_MeasureMag.slx,738546.75096527778078,CheckSum Correction,name_CheckSum Correction;type_SubSystem;parent_name_Accelerometer Processing;hierarchy_depth_2;num_lines_3;num_inputs_2;num_outputs_1;ul_870_77;lr_1075_228;rul_-345_-23;rlr_-310_-52
C:\svns\simucomp2\models\\./raqun/family_4_variant_1_MeasureMag.slx,738546.75096527778078,CalculatedData,name_CalculatedData;type_Inport;parent_name_CheckSum Correction;hierarchy_depth_3;num_lines_1;num_inputs_0;num_outputs_1;ul_300_150;lr_330_165;rul_340_105;rlr_335_360
C:\svns\simucomp2\models\\./raqun/family_4_variant_1_MeasureMag.slx,738546.7509652893059,CheckSumFlag,name_CheckSumFlag;type_Inport;parent_name_CheckSum Correction;hierarchy_depth_3;num_lines_1;num_inputs_0;num_outputs_1;ul_90_150;lr_120_165;rul_30_200;rlr_30_215
C:\svns\simucomp2\models\\./raqun/family_4_variant_1_MeasureMag.slx,738546.7509652893059,CompareTo Zero,name_CompareTo Zero;type_SubSystem;parent_name_CheckSum Correction;hierarchy_depth_3;num_lines_2;num_inputs_1;num_outputs_1;ul_120_350;lr_150_380;rul_-30_-200;rlr_-30_-215
C:\svns\simucomp2\models\\./raqun/family_4_variant_1_MeasureMag.slx,738546.7509652893059,u,name_u;type_Inport;parent_name_CompareTo Zero;hierarchy_depth_4;num_lines_1;num_inputs_0;num_outputs_1;ul_15_28;lr_45_42;rul_130_-12;rlr_140_47
C:\svns\simucomp2\models\\./raqun/family_4_variant_1_MeasureMag.slx,738546.7509652893059,Compare,name_Compare;type_RelationalOperator;parent_name_CompareTo Zero;hierarchy_depth_4;num_lines_3;num_inputs_2;num_outputs_1;ul_145_16;lr_185_89;rul_-130_12;rlr_-140_-47
C:\svns\simucomp2\models\\./raqun/family_4_variant_1_MeasureMag.slx,738546.7509652893059,Constant,name_Constant;type_Constant;parent_name_CompareTo Zero;hierarchy_depth_4;num_lines_1;num_inputs_0;num_outputs_1;ul_70_56;lr_100_84;rul_75_-40;rlr_85_5
C:\svns\simucomp2\models\\./raqun/family_4_variant_1_MeasureMag.slx,738546.7509652893059,y,name_y;type_Outport;parent_name_CompareTo Zero;hierarchy_depth_4;num_lines_1;num_inputs_1;num_outputs_0;ul_270_48;lr_300_62;rul_-125_-32;rlr_-115_27
C:\svns\simucomp2\models\\./raqun/family_4_variant_1_MeasureMag.slx,738546.75096530094743,Delay,name_Delay;type_Delay;parent_name_CheckSum Correction;hierarchy_depth_3;num_lines_2;num_inputs_1;num_outputs_1;ul_640_573;lr_675_607;rul_0_-318;rlr_-10_-82
C:\svns\simucomp2\models\\./raqun/family_4_variant_1_MeasureMag.slx,738546.75096530094743,Generate Sample Holding Pulse,name_Generate Sample Holding Pulse;type_SubSystem;parent_name_CheckSum Correction;hierarchy_depth_3;num_lines_3;num_inputs_2;num_outputs_1;ul_285_339;lr_455_441;rul_-80_15;rlr_-225_-65
C:\svns\simucomp2\models\\./raqun/family_4_variant_1_MeasureMag.slx,738546.75096530094743,CheckSumFlag,name_CheckSumFlag;type_Inport;parent_name_Generate Sample Holding Pulse;hierarchy_depth_4;num_lines_1;num_inputs_0;num_outputs_1;ul_20_163;lr_50_177;rul_130_-21;rlr_260_21
C:\svns\simucomp2\models\\./raqun/family_4_variant_1_MeasureMag.slx,738546.75096530094743,HoldDataTicks_Value,name_HoldDataTicks_Value;type_Inport;parent_name_Generate Sample Holding Pulse;hierarchy_depth_4;num_lines_1;num_inputs_0;num_outputs_1;ul_190_278;lr_220_292;rul_215_-132;rlr_345_-48
C:\svns\simucomp2\models\\./raqun/family_4_variant_1_MeasureMag.slx,738546.75096531247254,Chart,name_Chart;type_SubSystem;parent_name_Generate Sample Holding Pulse;hierarchy_depth_4;num_lines_3;num_inputs_2;num_outputs_1;ul_405_146;lr_565_244;rul_-255_-4;rlr_-255_-46
C:\svns\simucomp2\models\\./raqun/family_4_variant_1_MeasureMag.slx,738546.75096531247254,if_transition,name_if_transition;type_Inport;parent_name_Chart;hierarchy_depth_5;num_lines_1;num_inputs_0;num_outputs_1;ul_20_101;lr_40_119;rul_160_-1;rlr_190_41
C:\svns\simucomp2\models\\./raqun/family_4_variant_1_MeasureMag.slx,738546.75096531247254,HoldDataTicks,name_HoldDataTicks;type_Inport;parent_name_Chart;hierarchy_depth_5;num_lines_1;num_inputs_0;num_outputs_1;ul_20_136;lr_40_154;rul_160_-36;rlr_190_6
C:\svns\simucomp2\models\\./raqun/family_4_variant_1_MeasureMag.slx,738546.75096531247254, Demux ,name_ Demux ;type_Demux;parent_name_Chart;hierarchy_depth_5;num_lines_2;num_inputs_1;num_outputs_1;ul_270_230;lr_320_270;rul_-90_-130;rlr_-90_-110
C:\svns\simucomp2\models\\./raqun/family_4_variant_1_MeasureMag.slx,738546.75096531247254, SFunction ,name_ SFunction ;type_S-Function;parent_name_Chart;hierarchy_depth_5;num_lines_4;num_inputs_2;num_outputs_2;ul_180_100;lr_230_160;rul_-160_1;rlr_-190_-41
C:\svns\simucomp2\models\\./raqun/family_4_variant_1_MeasureMag.slx,738546.75096531247254, Terminator ,name_ Terminator ;type_Terminator;parent_name_Chart;hierarchy_depth_5;num_lines_1;num_inputs_1;num_outputs_0;ul_460_241;lr_480_259;rul_-190_-11;rlr_-160_11
C:\svns\simucomp2\models\\./raqun/family_4_variant_1_MeasureMag.slx,738546.75096532411408,output,name_output;type_Outport;parent_name_Chart;hierarchy_depth_5;num_lines_1;num_inputs_1;num_outputs_0;ul_460_101;lr_480_119;rul_-280_-1;rlr_-250_41
C:\svns\simucomp2\models\\./raqun/family_4_variant_1_MeasureMag.slx,738546.75096532411408,Constant2,name_Constant2;type_Constant;parent_name_Generate Sample Holding Pulse;hierarchy_depth_4;num_lines_1;num_inputs_0;num_outputs_1;ul_530_70;lr_560_100;rul_80_102;rlr_80_103
C:\svns\simucomp2\models\\./raqun/family_4_variant_1_MeasureMag.slx,738546.75096532411408,LogicalOperator1,name_LogicalOperator1;type_Logic;parent_name_Generate Sample Holding Pulse;hierarchy_depth_4;num_lines_3;num_inputs_2;num_outputs_1;ul_610_172;lr_640_203;rul_-80_-102;rlr_-80_-103
C:\svns\simucomp2\models\\./raqun/family_4_variant_1_MeasureMag.slx,738546.75096532411408,Transition Logic Detection,name_Transition Logic Detection;type_SubSystem;parent_name_Generate Sample Holding Pulse;hierarchy_depth_4;num_lines_2;num_inputs_1;num_outputs_1;ul_150_142;lr_310_198;rul_-130_21;rlr_-260_-21
C:\svns\simucomp2\models\\./raqun/family_4_variant_1_MeasureMag.slx,738546.75096532411408,Input,name_Input;type_Inport;parent_name_Transition Logic Detection;hierarchy_depth_5;num_lines_2;num_inputs_0;num_outputs_1;ul_20_118;lr_50_132;rul_225_-91;rlr_225_-74
C:\svns\simucomp2\models\\./raqun/family_4_variant_1_MeasureMag.slx,738546.75096532411408,Constant,name_Constant;type_Constant;parent_name_Transition Logic Detection;hierarchy_depth_5;num_lines_1;num_inputs_0;num_outputs_1;ul_220_205;lr_250_235;rul_65_-23;rlr_65_-22
C:\svns\simucomp2\models\\./raqun/family_4_variant_1_MeasureMag.slx,738546.75096533563919,Constant1,name_Constant1;type_Constant;parent_name_Transition Logic Detection;hierarchy_depth_5;num_lines_1;num_inputs_0;num_outputs_1;ul_180_20;lr_210_50;rul_65_7;rlr_65_8
C:\svns\simucomp2\models\\./raqun/family_4_variant_1_MeasureMag.slx,738546.75096533563919,LogicalOperator,name_LogicalOperator;type_Logic;parent_name_Transition Logic Detection;hierarchy_depth_5;num_lines_3;num_inputs_2;num_outputs_1;ul_345_82;lr_375_113;rul_-100_-55;rlr_-100_-55
C:\svns\simucomp2\models\\./raqun/family_4_variant_1_MeasureMag.slx,738546.75096533563919,RelationalOperator,name_RelationalOperator;type_RelationalOperator;parent_name_Transition Logic Detection;hierarchy_depth_5;num_lines_3;num_inputs_2;num_outputs_1;ul_285_182;lr_315_213;rul_-60_-29;rlr_-55_-26
C:\svns\simucomp2\models\\./raqun/family_4_variant_1_MeasureMag.slx,738546.75096533563919,RelationalOperator1,name_RelationalOperator1;type_RelationalOperator;parent_name_Transition Logic Detection;hierarchy_depth_5;num_lines_3;num_inputs_2;num_outputs_1;ul_245_27;lr_275_58;rul_-65_-7;rlr_-65_-8
C:\svns\simucomp2\models\\./raqun/family_4_variant_1_MeasureMag.slx,738546.75096533563919,Unit Delay,name_Unit Delay;type_UnitDelay;parent_name_Transition Logic Detection;hierarchy_depth_5;num_lines_2;num_inputs_1;num_outputs_1;ul_225_153;lr_260_187;rul_-205_-35;rlr_-210_-55
C:\svns\simucomp2\models\\./raqun/family_4_variant_1_MeasureMag.slx,738546.75096533563919,Transition Detect,name_Transition Detect;type_Outport;parent_name_Transition Logic Detection;hierarchy_depth_5;num_lines_1;num_inputs_1;num_outputs_0;ul_415_93;lr_445_107;rul_-70_-11;rlr_-70_6
C:\svns\simucomp2\models\\./raqun/family_4_variant_1_MeasureMag.slx,738546.75096534716431,Hold_Data_Pulse,name_Hold_Data_Pulse;type_Outport;parent_name_Generate Sample Holding Pulse;hierarchy_depth_4;num_lines_1;num_inputs_1;num_outputs_0;ul_800_183;lr_830_197;rul_-190_-11;rlr_-190_6
C:\svns\simucomp2\models\\./raqun/family_4_variant_1_MeasureMag.slx,738546.75096534716431,Hold For M Samples,name_Hold For M Samples;type_Constant;parent_name_CheckSum Correction;hierarchy_depth_3;num_lines_1;num_inputs_0;num_outputs_1;ul_135_440;lr_165_470;rul_150_-101;rlr_290_-29
C:\svns\simucomp2\models\\./raqun/family_4_variant_1_MeasureMag.slx,738546.75096534716431,If True we have good data If false we have bad data With bad data use previous good data from N samples ago and hold it on that value for M samples,name_If True we have good data If false we have bad data With bad data use previous good data from N samples ago and hold it on that value for M samples;type_Switch;parent_name_CheckSum Correction;hierarchy_depth_3;num_lines_5;num_inputs_3;num_outputs_1;ul_640_255;lr_665_525;rul_-340_-105;rlr_-335_-360
C:\svns\simucomp2\models\\./raqun/family_4_variant_1_MeasureMag.slx,738546.75096534716431,Invert Logic,name_Invert Logic;type_Logic;parent_name_CheckSum Correction;hierarchy_depth_3;num_lines_2;num_inputs_1;num_outputs_1;ul_525_379;lr_550_401;rul_-240_-40;rlr_-95_40
C:\svns\simucomp2\models\\./raqun/family_4_variant_1_MeasureMag.slx,738546.75096534716431,LogicalOperator1,name_LogicalOperator1;type_Logic;parent_name_CheckSum Correction;hierarchy_depth_3;num_lines_2;num_inputs_1;num_outputs_1;ul_205_354;lr_230_376;rul_-85_-4;rlr_-80_4
C:\svns\simucomp2\models\\./raqun/family_4_variant_1_MeasureMag.slx,738546.75096534716431,Pre-Processed Height,name_Pre-Processed Height;type_Outport;parent_name_CheckSum Correction;hierarchy_depth_3;num_lines_1;num_inputs_1;num_outputs_0;ul_805_488;lr_835_502;rul_-165_-233;rlr_-170_23
C:\svns\simucomp2\models\\./raqun/family_4_variant_1_MeasureMag.slx,738546.75096535880584,Processed Data,name_Processed Data;type_Outport;parent_name_Accelerometer Processing;hierarchy_depth_2;num_lines_1;num_inputs_1;num_outputs_0;ul_1120_148;lr_1150_162;rul_-250_-71;rlr_-75_66
C:\svns\simucomp2\models\\./raqun/family_4_variant_1_MeasureMag.slx,738546.75096535880584,Accelerometer_Goto_Tag,name_Accelerometer_Goto_Tag;type_From;parent_name_CheckSum Pre-Processing;hierarchy_depth_1;num_lines_1;num_inputs_0;num_outputs_1;ul_425_873;lr_525_897;rul_160_-100;rlr_255_-15
C:\svns\simucomp2\models\\./raqun/family_4_variant_1_MeasureMag.slx,738546.75096535880584,BusSelector,name_BusSelector;type_BusSelector;parent_name_CheckSum Pre-Processing;hierarchy_depth_1;num_lines_4;num_inputs_1;num_outputs_3;ul_485_555;lr_490_625;rul_-485_62;rlr_-425_18
C:\svns\simucomp2\models\\./raqun/family_4_variant_1_MeasureMag.slx,738546.75096535880584,BusSelector1,name_BusSelector1;type_BusSelector;parent_name_CheckSum Pre-Processing;hierarchy_depth_1;num_lines_2;num_inputs_1;num_outputs_1;ul_460_174;lr_470_296;rul_-460_443;rlr_-405_347
C:\svns\simucomp2\models\\./raqun/family_4_variant_1_MeasureMag.slx,738546.75096535880584,BusSelector2,name_BusSelector2;type_BusSelector;parent_name_CheckSum Pre-Processing;hierarchy_depth_1;num_lines_4;num_inputs_1;num_outputs_3;ul_450_384;lr_455_446;rul_-450_233;rlr_-390_197
C:\svns\simucomp2\models\\./raqun/family_4_variant_1_MeasureMag.slx,738546.75096535880584,BusSelector3,name_BusSelector3;type_BusSelector;parent_name_CheckSum Pre-Processing;hierarchy_depth_1;num_lines_2;num_inputs_1;num_outputs_1;ul_460_19;lr_470_141;rul_-460_598;rlr_-405_502
C:\svns\simucomp2\models\\./raqun/family_4_variant_1_MeasureMag.slx,738546.75096537033096,BusSelector4,name_BusSelector4;type_BusSelector;parent_name_CheckSum Pre-Processing;hierarchy_depth_1;num_lines_4;num_inputs_1;num_outputs_3;ul_415_754;lr_440_846;rul_-415_-137;rlr_-375_-203
C:\svns\simucomp2\models\\./raqun/family_4_variant_1_MeasureMag.slx,738546.75096537033096,CheckSum Value,name_CheckSum Value;type_Scope;parent_name_CheckSum Pre-Processing;hierarchy_depth_1;num_lines_1;num_inputs_1;num_outputs_0;ul_340_519;lr_370_551;rul_-305_-81;rlr_-305_-99
C:\svns\simucomp2\models\\./raqun/family_4_variant_1_MeasureMag.slx,738546.75096537033096,Goto,name_Goto;type_Goto;parent_name_CheckSum Pre-Processing;hierarchy_depth_1;num_lines_1;num_inputs_1;num_outputs_0;ul_245_430;lr_370_460;rul_-210_8;rlr_-305_-8
C:\svns\simucomp2\models\\./raqun/family_4_variant_1_MeasureMag.slx,738546.75096537033096,Mag_GoTo_Tag,name_Mag_GoTo_Tag;type_From;parent_name_CheckSum Pre-Processing;hierarchy_depth_1;num_lines_1;num_inputs_0;num_outputs_1;ul_435_468;lr_535_492;rul_160_-69;rlr_210_14
C:\svns\simucomp2\models\\./raqun/family_4_variant_1_MeasureMag.slx,738546.75096537033096,Magnetometer,name_Magnetometer;type_SubSystem;parent_name_CheckSum Pre-Processing;hierarchy_depth_1;num_lines_3;num_inputs_2;num_outputs_1;ul_595_399;lr_745_506;rul_-60_-15;rlr_-200_-60
C:\svns\simucomp2\models\\./raqun/family_4_variant_1_MeasureMag.slx,738546.75096537033096,Magnetometer,name_Magnetometer;type_Inport;parent_name_Magnetometer;hierarchy_depth_2;num_lines_1;num_inputs_0;num_outputs_1;ul_50_93;lr_80_107;rul_115_-21;rlr_295_21
C:\svns\simucomp2\models\\./raqun/family_4_variant_1_MeasureMag.slx,738546.75096538197249,CheckSum Flag,name_CheckSum Flag;type_Inport;parent_name_Magnetometer;hierarchy_depth_2;num_lines_1;num_inputs_0;num_outputs_1;ul_50_248;lr_80_262;rul_410_-169;rlr_575_-101
C:\svns\simucomp2\models\\./raqun/family_4_variant_1_MeasureMag.slx,738546.75096538197249,CheckSum Correction,name_CheckSum Correction;type_SubSystem;parent_name_Magnetometer;hierarchy_depth_2;num_lines_4;num_inputs_2;num_outputs_1;ul_460_79;lr_655_161;rul_-295_-7;rlr_-280_-33
C:\svns\simucomp2\models\\./raqun/family_4_variant_1_MeasureMag.slx,738546.75096538197249,CalculatedData,name_CalculatedData;type_Inport;parent_name_CheckSum Correction;hierarchy_depth_3;num_lines_1;num_inputs_0;num_outputs_1;ul_300_150;lr_330_165;rul_340_105;rlr_335_360
C:\svns\simucomp2\models\\./raqun/family_4_variant_1_MeasureMag.slx,738546.75096538197249,CheckSumFlag,name_CheckSumFlag;type_Inport;parent_name_CheckSum Correction;hierarchy_depth_3;num_lines_1;num_inputs_0;num_outputs_1;ul_90_150;lr_120_165;rul_30_200;rlr_30_215
C:\svns\simucomp2\models\\./raqun/family_4_variant_1_MeasureMag.slx,738546.75096539349761,CompareTo Zero,name_CompareTo Zero;type_SubSystem;parent_name_CheckSum Correction;hierarchy_depth_3;num_lines_2;num_inputs_1;num_outputs_1;ul_120_350;lr_150_380;rul_-30_-200;rlr_-30_-215
C:\svns\simucomp2\models\\./raqun/family_4_variant_1_MeasureMag.slx,738546.75096539349761,u,name_u;type_Inport;parent_name_CompareTo Zero;hierarchy_depth_4;num_lines_1;num_inputs_0;num_outputs_1;ul_15_28;lr_45_42;rul_130_-12;rlr_140_47
C:\svns\simucomp2\models\\./raqun/family_4_variant_1_MeasureMag.slx,738546.75096539349761,Compare,name_Compare;type_RelationalOperator;parent_name_CompareTo Zero;hierarchy_depth_4;num_lines_3;num_inputs_2;num_outputs_1;ul_145_16;lr_185_89;rul_-130_12;rlr_-140_-47
C:\svns\simucomp2\models\\./raqun/family_4_variant_1_MeasureMag.slx,738546.75096539349761,Constant,name_Constant;type_Constant;parent_name_CompareTo Zero;hierarchy_depth_4;num_lines_1;num_inputs_0;num_outputs_1;ul_70_56;lr_100_84;rul_75_-40;rlr_85_5
C:\svns\simucomp2\models\\./raqun/family_4_variant_1_MeasureMag.slx,738546.75096539349761,y,name_y;type_Outport;parent_name_CompareTo Zero;hierarchy_depth_4;num_lines_1;num_inputs_1;num_outputs_0;ul_270_48;lr_300_62;rul_-125_-32;rlr_-115_27
C:\svns\simucomp2\models\\./raqun/family_4_variant_1_MeasureMag.slx,738546.75096539349761,Delay,name_Delay;type_Delay;parent_name_CheckSum Correction;hierarchy_depth_3;num_lines_2;num_inputs_1;num_outputs_1;ul_640_573;lr_675_607;rul_0_-318;rlr_-10_-82
C:\svns\simucomp2\models\\./raqun/family_4_variant_1_MeasureMag.slx,738546.75096540513914,Generate Sample Holding Pulse,name_Generate Sample Holding Pulse;type_SubSystem;parent_name_CheckSum Correction;hierarchy_depth_3;num_lines_3;num_inputs_2;num_outputs_1;ul_285_339;lr_455_441;rul_-80_15;rlr_-225_-65
C:\svns\simucomp2\models\\./raqun/family_4_variant_1_MeasureMag.slx,738546.75096541666426,CheckSumFlag,name_CheckSumFlag;type_Inport;parent_name_Generate Sample Holding Pulse;hierarchy_depth_4;num_lines_1;num_inputs_0;num_outputs_1;ul_20_163;lr_50_177;rul_130_-21;rlr_260_21
C:\svns\simucomp2\models\\./raqun/family_4_variant_1_MeasureMag.slx,738546.75096541666426,HoldDataTicks_Value,name_HoldDataTicks_Value;type_Inport;parent_name_Generate Sample Holding Pulse;hierarchy_depth_4;num_lines_1;num_inputs_0;num_outputs_1;ul_190_278;lr_220_292;rul_215_-132;rlr_345_-48
C:\svns\simucomp2\models\\./raqun/family_4_variant_1_MeasureMag.slx,738546.75096541666426,Chart,name_Chart;type_SubSystem;parent_name_Generate Sample Holding Pulse;hierarchy_depth_4;num_lines_3;num_inputs_2;num_outputs_1;ul_405_146;lr_565_244;rul_-255_-4;rlr_-255_-46
C:\svns\simucomp2\models\\./raqun/family_4_variant_1_MeasureMag.slx,738546.75096541666426,if_transition,name_if_transition;type_Inport;parent_name_Chart;hierarchy_depth_5;num_lines_1;num_inputs_0;num_outputs_1;ul_20_101;lr_40_119;rul_160_-1;rlr_190_41
C:\svns\simucomp2\models\\./raqun/family_4_variant_1_MeasureMag.slx,738546.75096541666426,HoldDataTicks,name_HoldDataTicks;type_Inport;parent_name_Chart;hierarchy_depth_5;num_lines_1;num_inputs_0;num_outputs_1;ul_20_136;lr_40_154;rul_160_-36;rlr_190_6
C:\svns\simucomp2\models\\./raqun/family_4_variant_1_MeasureMag.slx,738546.75096541666426, Demux ,name_ Demux ;type_Demux;parent_name_Chart;hierarchy_depth_5;num_lines_2;num_inputs_1;num_outputs_1;ul_270_230;lr_320_270;rul_-90_-130;rlr_-90_-110
C:\svns\simucomp2\models\\./raqun/family_4_variant_1_MeasureMag.slx,738546.75096541666426, SFunction ,name_ SFunction ;type_S-Function;parent_name_Chart;hierarchy_depth_5;num_lines_4;num_inputs_2;num_outputs_2;ul_180_100;lr_230_160;rul_-160_1;rlr_-190_-41
C:\svns\simucomp2\models\\./raqun/family_4_variant_1_MeasureMag.slx,738546.75096541666426, Terminator ,name_ Terminator ;type_Terminator;parent_name_Chart;hierarchy_depth_5;num_lines_1;num_inputs_1;num_outputs_0;ul_460_241;lr_480_259;rul_-190_-11;rlr_-160_11
C:\svns\simucomp2\models\\./raqun/family_4_variant_1_MeasureMag.slx,738546.75096541666426,output,name_output;type_Outport;parent_name_Chart;hierarchy_depth_5;num_lines_1;num_inputs_1;num_outputs_0;ul_460_101;lr_480_119;rul_-280_-1;rlr_-250_41
C:\svns\simucomp2\models\\./raqun/family_4_variant_1_MeasureMag.slx,738546.75096541666426,Constant2,name_Constant2;type_Constant;parent_name_Generate Sample Holding Pulse;hierarchy_depth_4;num_lines_1;num_inputs_0;num_outputs_1;ul_530_70;lr_560_100;rul_80_102;rlr_80_103
C:\svns\simucomp2\models\\./raqun/family_4_variant_1_MeasureMag.slx,738546.75096542818937,LogicalOperator1,name_LogicalOperator1;type_Logic;parent_name_Generate Sample Holding Pulse;hierarchy_depth_4;num_lines_3;num_inputs_2;num_outputs_1;ul_610_172;lr_640_203;rul_-80_-102;rlr_-80_-103
C:\svns\simucomp2\models\\./raqun/family_4_variant_1_MeasureMag.slx,738546.75096542818937,Transition Logic Detection,name_Transition Logic Detection;type_SubSystem;parent_name_Generate Sample Holding Pulse;hierarchy_depth_4;num_lines_2;num_inputs_1;num_outputs_1;ul_150_142;lr_310_198;rul_-130_21;rlr_-260_-21
C:\svns\simucomp2\models\\./raqun/family_4_variant_1_MeasureMag.slx,738546.75096542818937,Input,name_Input;type_Inport;parent_name_Transition Logic Detection;hierarchy_depth_5;num_lines_2;num_inputs_0;num_outputs_1;ul_20_118;lr_50_132;rul_225_-91;rlr_225_-74
C:\svns\simucomp2\models\\./raqun/family_4_variant_1_MeasureMag.slx,738546.75096542818937,Constant,name_Constant;type_Constant;parent_name_Transition Logic Detection;hierarchy_depth_5;num_lines_1;num_inputs_0;num_outputs_1;ul_220_205;lr_250_235;rul_65_-23;rlr_65_-22
C:\svns\simucomp2\models\\./raqun/family_4_variant_1_MeasureMag.slx,738546.75096542818937,Constant1,name_Constant1;type_Constant;parent_name_Transition Logic Detection;hierarchy_depth_5;num_lines_1;num_inputs_0;num_outputs_1;ul_180_20;lr_210_50;rul_65_7;rlr_65_8
C:\svns\simucomp2\models\\./raqun/family_4_variant_1_MeasureMag.slx,738546.75096542818937,LogicalOperator,name_LogicalOperator;type_Logic;parent_name_Transition Logic Detection;hierarchy_depth_5;num_lines_3;num_inputs_2;num_outputs_1;ul_345_82;lr_375_113;rul_-100_-55;rlr_-100_-55
C:\svns\simucomp2\models\\./raqun/family_4_variant_1_MeasureMag.slx,738546.75096543983091,RelationalOperator,name_RelationalOperator;type_RelationalOperator;parent_name_Transition Logic Detection;hierarchy_depth_5;num_lines_3;num_inputs_2;num_outputs_1;ul_285_182;lr_315_213;rul_-60_-29;rlr_-55_-26
C:\svns\simucomp2\models\\./raqun/family_4_variant_1_MeasureMag.slx,738546.75096543983091,RelationalOperator1,name_RelationalOperator1;type_RelationalOperator;parent_name_Transition Logic Detection;hierarchy_depth_5;num_lines_3;num_inputs_2;num_outputs_1;ul_245_27;lr_275_58;rul_-65_-7;rlr_-65_-8
C:\svns\simucomp2\models\\./raqun/family_4_variant_1_MeasureMag.slx,738546.75096543983091,Unit Delay,name_Unit Delay;type_UnitDelay;parent_name_Transition Logic Detection;hierarchy_depth_5;num_lines_2;num_inputs_1;num_outputs_1;ul_225_153;lr_260_187;rul_-205_-35;rlr_-210_-55
C:\svns\simucomp2\models\\./raqun/family_4_variant_1_MeasureMag.slx,738546.75096543983091,Transition Detect,name_Transition Detect;type_Outport;parent_name_Transition Logic Detection;hierarchy_depth_5;num_lines_1;num_inputs_1;num_outputs_0;ul_415_93;lr_445_107;rul_-70_-11;rlr_-70_6
C:\svns\simucomp2\models\\./raqun/family_4_variant_1_MeasureMag.slx,738546.75096543983091,Hold_Data_Pulse,name_Hold_Data_Pulse;type_Outport;parent_name_Generate Sample Holding Pulse;hierarchy_depth_4;num_lines_1;num_inputs_1;num_outputs_0;ul_800_183;lr_830_197;rul_-190_-11;rlr_-190_6
C:\svns\simucomp2\models\\./raqun/family_4_variant_1_MeasureMag.slx,738546.75096543983091,Hold For M Samples,name_Hold For M Samples;type_Constant;parent_name_CheckSum Correction;hierarchy_depth_3;num_lines_1;num_inputs_0;num_outputs_1;ul_135_440;lr_165_470;rul_150_-101;rlr_290_-29
C:\svns\simucomp2\models\\./raqun/family_4_variant_1_MeasureMag.slx,738546.75096545135602,If True we have good data If false we have bad data With bad data use previous good data from N samples ago and hold it on that value for M samples,name_If True we have good data If false we have bad data With bad data use previous good data from N samples ago and hold it on that value for M samples;type_Switch;parent_name_CheckSum Correction;hierarchy_depth_3;num_lines_5;num_inputs_3;num_outputs_1;ul_640_255;lr_665_525;rul_-340_-105;rlr_-335_-360
C:\svns\simucomp2\models\\./raqun/family_4_variant_1_MeasureMag.slx,738546.75096545135602,Invert Logic,name_Invert Logic;type_Logic;parent_name_CheckSum Correction;hierarchy_depth_3;num_lines_2;num_inputs_1;num_outputs_1;ul_525_379;lr_550_401;rul_-240_-40;rlr_-95_40
C:\svns\simucomp2\models\\./raqun/family_4_variant_1_MeasureMag.slx,738546.75096545135602,LogicalOperator1,name_LogicalOperator1;type_Logic;parent_name_CheckSum Correction;hierarchy_depth_3;num_lines_2;num_inputs_1;num_outputs_1;ul_205_354;lr_230_376;rul_-85_-4;rlr_-80_4
C:\svns\simucomp2\models\\./raqun/family_4_variant_1_MeasureMag.slx,738546.75096545135602,Pre-Processed Data,name_Pre-Processed Data;type_Outport;parent_name_CheckSum Correction;hierarchy_depth_3;num_lines_1;num_inputs_1;num_outputs_0;ul_805_488;lr_835_502;rul_-165_-233;rlr_-170_23
C:\svns\simucomp2\models\\./raqun/family_4_variant_1_MeasureMag.slx,738546.75096545135602,Display,name_Display;type_Display;parent_name_Magnetometer;hierarchy_depth_2;num_lines_1;num_inputs_1;num_outputs_0;ul_715_15;lr_805_45;rul_-255_64;rlr_-150_116
C:\svns\simucomp2\models\\./raqun/family_4_variant_1_MeasureMag.slx,738546.75096545135602,Processed Data,name_Processed Data;type_Outport;parent_name_Magnetometer;hierarchy_depth_2;num_lines_1;num_inputs_1;num_outputs_0;ul_920_113;lr_950_127;rul_-460_-34;rlr_-295_34
C:\svns\simucomp2\models\\./raqun/family_4_variant_1_MeasureMag.slx,738546.75096546299756,Mux1,name_Mux1;type_Mux;parent_name_CheckSum Pre-Processing;hierarchy_depth_1;num_lines_4;num_inputs_3;num_outputs_1;ul_515_755;lr_525_845;rul_-100_-1;rlr_-85_1
C:\svns\simucomp2\models\\./raqun/family_4_variant_1_MeasureMag.slx,738546.75096546299756,Mux2,name_Mux2;type_Mux;parent_name_CheckSum Pre-Processing;hierarchy_depth_1;num_lines_4;num_inputs_3;num_outputs_1;ul_540_554;lr_550_626;rul_-55_1;rlr_-60_-1
C:\svns\simucomp2\models\\./raqun/family_4_variant_1_MeasureMag.slx,738546.75096546299756,Mux3,name_Mux3;type_Mux;parent_name_CheckSum Pre-Processing;hierarchy_depth_1;num_lines_4;num_inputs_3;num_outputs_1;ul_535_384;lr_545_446;rul_-85_0;rlr_-90_0
C:\svns\simucomp2\models\\./raqun/family_4_variant_1_MeasureMag.slx,738546.75096546299756,RateGyro Processing,name_RateGyro Processing;type_SubSystem;parent_name_CheckSum Pre-Processing;hierarchy_depth_1;num_lines_3;num_inputs_2;num_outputs_1;ul_660_562;lr_750_678;rul_-120_-8;rlr_-200_-52
C:\svns\simucomp2\models\\./raqun/family_4_variant_1_MeasureMag.slx,738546.75096546299756,Raw Data,name_Raw Data;type_Inport;parent_name_RateGyro Processing;hierarchy_depth_2;num_lines_1;num_inputs_0;num_outputs_1;ul_515_143;lr_545_157;rul_110_-21;rlr_275_21
C:\svns\simucomp2\models\\./raqun/family_4_variant_1_MeasureMag.slx,738546.75096547452267,CheckSum Flag,name_CheckSum Flag;type_Inport;parent_name_RateGyro Processing;hierarchy_depth_2;num_lines_1;num_inputs_0;num_outputs_1;ul_515_243;lr_545_257;rul_360_-106;rlr_525_-69
C:\svns\simucomp2\models\\./raqun/family_4_variant_1_MeasureMag.slx,738546.75096547452267,CheckSum Correction,name_CheckSum Correction;type_SubSystem;parent_name_RateGyro Processing;hierarchy_depth_2;num_lines_3;num_inputs_2;num_outputs_1;ul_875_137;lr_1070_188;rul_-250_-15;rlr_-250_-10
C:\svns\simucomp2\models\\./raqun/family_4_variant_1_MeasureMag.slx,738546.75096547452267,CalculatedData,name_CalculatedData;type_Inport;parent_name_CheckSum Correction;hierarchy_depth_3;num_lines_1;num_inputs_0;num_outputs_1;ul_300_150;lr_330_165;rul_340_105;rlr_335_360
C:\svns\simucomp2\models\\./raqun/family_4_variant_1_MeasureMag.slx,738546.75096547452267,CheckSumFlag,name_CheckSumFlag;type_Inport;parent_name_CheckSum Correction;hierarchy_depth_3;num_lines_1;num_inputs_0;num_outputs_1;ul_90_150;lr_120_165;rul_30_200;rlr_30_215
C:\svns\simucomp2\models\\./raqun/family_4_variant_1_MeasureMag.slx,738546.75096547452267,CompareTo Zero,name_CompareTo Zero;type_SubSystem;parent_name_CheckSum Correction;hierarchy_depth_3;num_lines_2;num_inputs_1;num_outputs_1;ul_120_350;lr_150_380;rul_-30_-200;rlr_-30_-215
C:\svns\simucomp2\models\\./raqun/family_4_variant_1_MeasureMag.slx,738546.7509654861642,u,name_u;type_Inport;parent_name_CompareTo Zero;hierarchy_depth_4;num_lines_1;num_inputs_0;num_outputs_1;ul_15_28;lr_45_42;rul_130_-12;rlr_140_47
C:\svns\simucomp2\models\\./raqun/family_4_variant_1_MeasureMag.slx,738546.7509654861642,Compare,name_Compare;type_RelationalOperator;parent_name_CompareTo Zero;hierarchy_depth_4;num_lines_3;num_inputs_2;num_outputs_1;ul_145_16;lr_185_89;rul_-130_12;rlr_-140_-47
C:\svns\simucomp2\models\\./raqun/family_4_variant_1_MeasureMag.slx,738546.7509654861642,Constant,name_Constant;type_Constant;parent_name_CompareTo Zero;hierarchy_depth_4;num_lines_1;num_inputs_0;num_outputs_1;ul_70_56;lr_100_84;rul_75_-40;rlr_85_5
C:\svns\simucomp2\models\\./raqun/family_4_variant_1_MeasureMag.slx,738546.7509654861642,y,name_y;type_Outport;parent_name_CompareTo Zero;hierarchy_depth_4;num_lines_1;num_inputs_1;num_outputs_0;ul_270_48;lr_300_62;rul_-125_-32;rlr_-115_27
C:\svns\simucomp2\models\\./raqun/family_4_variant_1_MeasureMag.slx,738546.7509654861642,Delay,name_Delay;type_Delay;parent_name_CheckSum Correction;hierarchy_depth_3;num_lines_2;num_inputs_1;num_outputs_1;ul_640_573;lr_675_607;rul_0_-318;rlr_-10_-82
C:\svns\simucomp2\models\\./raqun/family_4_variant_1_MeasureMag.slx,738546.7509654861642,Generate Sample Holding Pulse,name_Generate Sample Holding Pulse;type_SubSystem;parent_name_CheckSum Correction;hierarchy_depth_3;num_lines_3;num_inputs_2;num_outputs_1;ul_285_339;lr_455_441;rul_-80_15;rlr_-225_-65
C:\svns\simucomp2\models\\./raqun/family_4_variant_1_MeasureMag.slx,738546.75096549768932,CheckSumFlag,name_CheckSumFlag;type_Inport;parent_name_Generate Sample Holding Pulse;hierarchy_depth_4;num_lines_1;num_inputs_0;num_outputs_1;ul_20_163;lr_50_177;rul_130_-21;rlr_260_21
C:\svns\simucomp2\models\\./raqun/family_4_variant_1_MeasureMag.slx,738546.75096549768932,HoldDataTicks_Value,name_HoldDataTicks_Value;type_Inport;parent_name_Generate Sample Holding Pulse;hierarchy_depth_4;num_lines_1;num_inputs_0;num_outputs_1;ul_190_278;lr_220_292;rul_215_-132;rlr_345_-48
C:\svns\simucomp2\models\\./raqun/family_4_variant_1_MeasureMag.slx,738546.75096549768932,Chart,name_Chart;type_SubSystem;parent_name_Generate Sample Holding Pulse;hierarchy_depth_4;num_lines_3;num_inputs_2;num_outputs_1;ul_405_146;lr_565_244;rul_-255_-4;rlr_-255_-46
C:\svns\simucomp2\models\\./raqun/family_4_variant_1_MeasureMag.slx,738546.75096549768932,if_transition,name_if_transition;type_Inport;parent_name_Chart;hierarchy_depth_5;num_lines_1;num_inputs_0;num_outputs_1;ul_20_101;lr_40_119;rul_160_-1;rlr_190_41
C:\svns\simucomp2\models\\./raqun/family_4_variant_1_MeasureMag.slx,738546.75096549768932,HoldDataTicks,name_HoldDataTicks;type_Inport;parent_name_Chart;hierarchy_depth_5;num_lines_1;num_inputs_0;num_outputs_1;ul_20_136;lr_40_154;rul_160_-36;rlr_190_6
C:\svns\simucomp2\models\\./raqun/family_4_variant_1_MeasureMag.slx,738546.75096549768932, Demux ,name_ Demux ;type_Demux;parent_name_Chart;hierarchy_depth_5;num_lines_2;num_inputs_1;num_outputs_1;ul_270_230;lr_320_270;rul_-90_-130;rlr_-90_-110
C:\svns\simucomp2\models\\./raqun/family_4_variant_1_MeasureMag.slx,738546.75096550921444, SFunction ,name_ SFunction ;type_S-Function;parent_name_Chart;hierarchy_depth_5;num_lines_4;num_inputs_2;num_outputs_2;ul_180_100;lr_230_160;rul_-160_1;rlr_-190_-41
C:\svns\simucomp2\models\\./raqun/family_4_variant_1_MeasureMag.slx,738546.75096550921444, Terminator ,name_ Terminator ;type_Terminator;parent_name_Chart;hierarchy_depth_5;num_lines_1;num_inputs_1;num_outputs_0;ul_460_241;lr_480_259;rul_-190_-11;rlr_-160_11
C:\svns\simucomp2\models\\./raqun/family_4_variant_1_MeasureMag.slx,738546.75096550921444,output,name_output;type_Outport;parent_name_Chart;hierarchy_depth_5;num_lines_1;num_inputs_1;num_outputs_0;ul_460_101;lr_480_119;rul_-280_-1;rlr_-250_41
C:\svns\simucomp2\models\\./raqun/family_4_variant_1_MeasureMag.slx,738546.75096550921444,Constant2,name_Constant2;type_Constant;parent_name_Generate Sample Holding Pulse;hierarchy_depth_4;num_lines_1;num_inputs_0;num_outputs_1;ul_530_70;lr_560_100;rul_80_102;rlr_80_103
C:\svns\simucomp2\models\\./raqun/family_4_variant_1_MeasureMag.slx,738546.75096550921444,LogicalOperator1,name_LogicalOperator1;type_Logic;parent_name_Generate Sample Holding Pulse;hierarchy_depth_4;num_lines_3;num_inputs_2;num_outputs_1;ul_610_172;lr_640_203;rul_-80_-102;rlr_-80_-103
C:\svns\simucomp2\models\\./raqun/family_4_variant_1_MeasureMag.slx,738546.75096550921444,Transition Logic Detection,name_Transition Logic Detection;type_SubSystem;parent_name_Generate Sample Holding Pulse;hierarchy_depth_4;num_lines_2;num_inputs_1;num_outputs_1;ul_150_142;lr_310_198;rul_-130_21;rlr_-260_-21
C:\svns\simucomp2\models\\./raqun/family_4_variant_1_MeasureMag.slx,738546.75096550921444,Input,name_Input;type_Inport;parent_name_Transition Logic Detection;hierarchy_depth_5;num_lines_2;num_inputs_0;num_outputs_1;ul_20_118;lr_50_132;rul_225_-91;rlr_225_-74
C:\svns\simucomp2\models\\./raqun/family_4_variant_1_MeasureMag.slx,738546.75096552085597,Constant,name_Constant;type_Constant;parent_name_Transition Logic Detection;hierarchy_depth_5;num_lines_1;num_inputs_0;num_outputs_1;ul_220_205;lr_250_235;rul_65_-23;rlr_65_-22
C:\svns\simucomp2\models\\./raqun/family_4_variant_1_MeasureMag.slx,738546.75096552085597,Constant1,name_Constant1;type_Constant;parent_name_Transition Logic Detection;hierarchy_depth_5;num_lines_1;num_inputs_0;num_outputs_1;ul_180_20;lr_210_50;rul_65_7;rlr_65_8
C:\svns\simucomp2\models\\./raqun/family_4_variant_1_MeasureMag.slx,738546.75096552085597,LogicalOperator,name_LogicalOperator;type_Logic;parent_name_Transition Logic Detection;hierarchy_depth_5;num_lines_3;num_inputs_2;num_outputs_1;ul_345_82;lr_375_113;rul_-100_-55;rlr_-100_-55
C:\svns\simucomp2\models\\./raqun/family_4_variant_1_MeasureMag.slx,738546.75096552085597,RelationalOperator,name_RelationalOperator;type_RelationalOperator;parent_name_Transition Logic Detection;hierarchy_depth_5;num_lines_3;num_inputs_2;num_outputs_1;ul_285_182;lr_315_213;rul_-60_-29;rlr_-55_-26
C:\svns\simucomp2\models\\./raqun/family_4_variant_1_MeasureMag.slx,738546.75096552085597,RelationalOperator1,name_RelationalOperator1;type_RelationalOperator;parent_name_Transition Logic Detection;hierarchy_depth_5;num_lines_3;num_inputs_2;num_outputs_1;ul_245_27;lr_275_58;rul_-65_-7;rlr_-65_-8
C:\svns\simucomp2\models\\./raqun/family_4_variant_1_MeasureMag.slx,738546.75096552085597,Unit Delay,name_Unit Delay;type_UnitDelay;parent_name_Transition Logic Detection;hierarchy_depth_5;num_lines_2;num_inputs_1;num_outputs_1;ul_225_153;lr_260_187;rul_-205_-35;rlr_-210_-55
C:\svns\simucomp2\models\\./raqun/family_4_variant_1_MeasureMag.slx,738546.75096553238109,Transition Detect,name_Transition Detect;type_Outport;parent_name_Transition Logic Detection;hierarchy_depth_5;num_lines_1;num_inputs_1;num_outputs_0;ul_415_93;lr_445_107;rul_-70_-11;rlr_-70_6
C:\svns\simucomp2\models\\./raqun/family_4_variant_1_MeasureMag.slx,738546.75096553238109,Hold_Data_Pulse,name_Hold_Data_Pulse;type_Outport;parent_name_Generate Sample Holding Pulse;hierarchy_depth_4;num_lines_1;num_inputs_1;num_outputs_0;ul_800_183;lr_830_197;rul_-190_-11;rlr_-190_6
C:\svns\simucomp2\models\\./raqun/family_4_variant_1_MeasureMag.slx,738546.75096553238109,Hold For M Samples,name_Hold For M Samples;type_Constant;parent_name_CheckSum Correction;hierarchy_depth_3;num_lines_1;num_inputs_0;num_outputs_1;ul_135_440;lr_165_470;rul_150_-101;rlr_290_-29
C:\svns\simucomp2\models\\./raqun/family_4_variant_1_MeasureMag.slx,738546.75096553238109,If True we have good data If false we have bad data With bad data use previous good data from N samples ago and hold it on that value for M samples,name_If True we have good data If false we have bad data With bad data use previous good data from N samples ago and hold it on that value for M samples;type_Switch;parent_name_CheckSum Correction;hierarchy_depth_3;num_lines_5;num_inputs_3;num_outputs_1;ul_640_255;lr_665_525;rul_-340_-105;rlr_-335_-360
C:\svns\simucomp2\models\\./raqun/family_4_variant_1_MeasureMag.slx,738546.75096553238109,Invert Logic,name_Invert Logic;type_Logic;parent_name_CheckSum Correction;hierarchy_depth_3;num_lines_2;num_inputs_1;num_outputs_1;ul_525_379;lr_550_401;rul_-240_-40;rlr_-95_40
C:\svns\simucomp2\models\\./raqun/family_4_variant_1_MeasureMag.slx,738546.75096553238109,LogicalOperator1,name_LogicalOperator1;type_Logic;parent_name_CheckSum Correction;hierarchy_depth_3;num_lines_2;num_inputs_1;num_outputs_1;ul_205_354;lr_230_376;rul_-85_-4;rlr_-80_4
C:\svns\simucomp2\models\\./raqun/family_4_variant_1_MeasureMag.slx,738546.75096554402262,Pre-Processed Height,name_Pre-Processed Height;type_Outport;parent_name_CheckSum Correction;hierarchy_depth_3;num_lines_1;num_inputs_1;num_outputs_0;ul_805_488;lr_835_502;rul_-165_-233;rlr_-170_23
C:\svns\simucomp2\models\\./raqun/family_4_variant_1_MeasureMag.slx,738546.75096554402262,Processed Data,name_Processed Data;type_Outport;parent_name_RateGyro Processing;hierarchy_depth_2;num_lines_1;num_inputs_1;num_outputs_0;ul_1175_158;lr_1205_172;rul_-300_-21;rlr_-135_16
C:\svns\simucomp2\models\\./raqun/family_4_variant_1_MeasureMag.slx,738546.75096554402262,Rate_Gyro_Processing_Tag,name_Rate_Gyro_Processing_Tag;type_From;parent_name_CheckSum Pre-Processing;hierarchy_depth_1;num_lines_1;num_inputs_0;num_outputs_1;ul_440_638;lr_540_662;rul_220_-76;rlr_210_16
C:\svns\simucomp2\models\\./raqun/family_4_variant_1_MeasureMag.slx,738546.75096554402262,Temp,name_Temp;type_SubSystem;parent_name_CheckSum Pre-Processing;hierarchy_depth_1;num_lines_3;num_inputs_2;num_outputs_1;ul_655_54;lr_805_161;rul_-195_-35;rlr_-335_-20
C:\svns\simucomp2\models\\./raqun/family_4_variant_1_MeasureMag.slx,738546.75096554402262,Magnetometer,name_Magnetometer;type_Inport;parent_name_Temp;hierarchy_depth_2;num_lines_1;num_inputs_0;num_outputs_1;ul_50_93;lr_80_107;rul_115_-21;rlr_295_21
C:\svns\simucomp2\models\\./raqun/family_4_variant_1_MeasureMag.slx,738546.75096555554774,CheckSum Flag,name_CheckSum Flag;type_Inport;parent_name_Temp;hierarchy_depth_2;num_lines_1;num_inputs_0;num_outputs_1;ul_50_248;lr_80_262;rul_410_-169;rlr_575_-101
C:\svns\simucomp2\models\\./raqun/family_4_variant_1_MeasureMag.slx,738546.75096555554774,CheckSum Correction,name_CheckSum Correction;type_SubSystem;parent_name_Temp;hierarchy_depth_2;num_lines_4;num_inputs_2;num_outputs_1;ul_460_79;lr_655_161;rul_-295_-7;rlr_-280_-33
C:\svns\simucomp2\models\\./raqun/family_4_variant_1_MeasureMag.slx,738546.75096555554774,CalculatedData,name_CalculatedData;type_Inport;parent_name_CheckSum Correction;hierarchy_depth_3;num_lines_1;num_inputs_0;num_outputs_1;ul_300_150;lr_330_165;rul_340_105;rlr_335_360
C:\svns\simucomp2\models\\./raqun/family_4_variant_1_MeasureMag.slx,738546.75096555554774,CheckSumFlag,name_CheckSumFlag;type_Inport;parent_name_CheckSum Correction;hierarchy_depth_3;num_lines_1;num_inputs_0;num_outputs_1;ul_90_150;lr_120_165;rul_30_200;rlr_30_215
C:\svns\simucomp2\models\\./raqun/family_4_variant_1_MeasureMag.slx,738546.75096555554774,CompareTo Zero,name_CompareTo Zero;type_SubSystem;parent_name_CheckSum Correction;hierarchy_depth_3;num_lines_2;num_inputs_1;num_outputs_1;ul_120_350;lr_150_380;rul_-30_-200;rlr_-30_-215
C:\svns\simucomp2\models\\./raqun/family_4_variant_1_MeasureMag.slx,738546.75096556707285,u,name_u;type_Inport;parent_name_CompareTo Zero;hierarchy_depth_4;num_lines_1;num_inputs_0;num_outputs_1;ul_15_28;lr_45_42;rul_130_-12;rlr_140_47
C:\svns\simucomp2\models\\./raqun/family_4_variant_1_MeasureMag.slx,738546.75096556707285,Compare,name_Compare;type_RelationalOperator;parent_name_CompareTo Zero;hierarchy_depth_4;num_lines_3;num_inputs_2;num_outputs_1;ul_145_16;lr_185_89;rul_-130_12;rlr_-140_-47
C:\svns\simucomp2\models\\./raqun/family_4_variant_1_MeasureMag.slx,738546.75096556707285,Constant,name_Constant;type_Constant;parent_name_CompareTo Zero;hierarchy_depth_4;num_lines_1;num_inputs_0;num_outputs_1;ul_70_56;lr_100_84;rul_75_-40;rlr_85_5
C:\svns\simucomp2\models\\./raqun/family_4_variant_1_MeasureMag.slx,738546.75096556707285,y,name_y;type_Outport;parent_name_CompareTo Zero;hierarchy_depth_4;num_lines_1;num_inputs_1;num_outputs_0;ul_270_48;lr_300_62;rul_-125_-32;rlr_-115_27
C:\svns\simucomp2\models\\./raqun/family_4_variant_1_MeasureMag.slx,738546.75096556707285,Delay,name_Delay;type_Delay;parent_name_CheckSum Correction;hierarchy_depth_3;num_lines_2;num_inputs_1;num_outputs_1;ul_640_573;lr_675_607;rul_0_-318;rlr_-10_-82
C:\svns\simucomp2\models\\./raqun/family_4_variant_1_MeasureMag.slx,738546.75096557871439,Generate Sample Holding Pulse,name_Generate Sample Holding Pulse;type_SubSystem;parent_name_CheckSum Correction;hierarchy_depth_3;num_lines_3;num_inputs_2;num_outputs_1;ul_285_339;lr_455_441;rul_-80_15;rlr_-225_-65
C:\svns\simucomp2\models\\./raqun/family_4_variant_1_MeasureMag.slx,738546.75096557871439,CheckSumFlag,name_CheckSumFlag;type_Inport;parent_name_Generate Sample Holding Pulse;hierarchy_depth_4;num_lines_1;num_inputs_0;num_outputs_1;ul_20_163;lr_50_177;rul_130_-21;rlr_260_21
C:\svns\simucomp2\models\\./raqun/family_4_variant_1_MeasureMag.slx,738546.75096557871439,HoldDataTicks_Value,name_HoldDataTicks_Value;type_Inport;parent_name_Generate Sample Holding Pulse;hierarchy_depth_4;num_lines_1;num_inputs_0;num_outputs_1;ul_190_278;lr_220_292;rul_215_-132;rlr_345_-48
C:\svns\simucomp2\models\\./raqun/family_4_variant_1_MeasureMag.slx,738546.75096557871439,Chart,name_Chart;type_SubSystem;parent_name_Generate Sample Holding Pulse;hierarchy_depth_4;num_lines_3;num_inputs_2;num_outputs_1;ul_405_146;lr_565_244;rul_-255_-4;rlr_-255_-46
C:\svns\simucomp2\models\\./raqun/family_4_variant_1_MeasureMag.slx,738546.75096557871439,if_transition,name_if_transition;type_Inport;parent_name_Chart;hierarchy_depth_5;num_lines_1;num_inputs_0;num_outputs_1;ul_20_101;lr_40_119;rul_160_-1;rlr_190_41
C:\svns\simucomp2\models\\./raqun/family_4_variant_1_MeasureMag.slx,738546.7509655902395,HoldDataTicks,name_HoldDataTicks;type_Inport;parent_name_Chart;hierarchy_depth_5;num_lines_1;num_inputs_0;num_outputs_1;ul_20_136;lr_40_154;rul_160_-36;rlr_190_6
C:\svns\simucomp2\models\\./raqun/family_4_variant_1_MeasureMag.slx,738546.7509655902395, Demux ,name_ Demux ;type_Demux;parent_name_Chart;hierarchy_depth_5;num_lines_2;num_inputs_1;num_outputs_1;ul_270_230;lr_320_270;rul_-90_-130;rlr_-90_-110
C:\svns\simucomp2\models\\./raqun/family_4_variant_1_MeasureMag.slx,738546.7509655902395, SFunction ,name_ SFunction ;type_S-Function;parent_name_Chart;hierarchy_depth_5;num_lines_4;num_inputs_2;num_outputs_2;ul_180_100;lr_230_160;rul_-160_1;rlr_-190_-41
C:\svns\simucomp2\models\\./raqun/family_4_variant_1_MeasureMag.slx,738546.7509655902395, Terminator ,name_ Terminator ;type_Terminator;parent_name_Chart;hierarchy_depth_5;num_lines_1;num_inputs_1;num_outputs_0;ul_460_241;lr_480_259;rul_-190_-11;rlr_-160_11
C:\svns\simucomp2\models\\./raqun/family_4_variant_1_MeasureMag.slx,738546.7509655902395,output,name_output;type_Outport;parent_name_Chart;hierarchy_depth_5;num_lines_1;num_inputs_1;num_outputs_0;ul_460_101;lr_480_119;rul_-280_-1;rlr_-250_41
C:\svns\simucomp2\models\\./raqun/family_4_variant_1_MeasureMag.slx,738546.7509655902395,Constant2,name_Constant2;type_Constant;parent_name_Generate Sample Holding Pulse;hierarchy_depth_4;num_lines_1;num_inputs_0;num_outputs_1;ul_530_70;lr_560_100;rul_80_102;rlr_80_103
C:\svns\simucomp2\models\\./raqun/family_4_variant_1_MeasureMag.slx,738546.75096560188103,LogicalOperator1,name_LogicalOperator1;type_Logic;parent_name_Generate Sample Holding Pulse;hierarchy_depth_4;num_lines_3;num_inputs_2;num_outputs_1;ul_610_172;lr_640_203;rul_-80_-102;rlr_-80_-103
C:\svns\simucomp2\models\\./raqun/family_4_variant_1_MeasureMag.slx,738546.75096560188103,Transition Logic Detection,name_Transition Logic Detection;type_SubSystem;parent_name_Generate Sample Holding Pulse;hierarchy_depth_4;num_lines_2;num_inputs_1;num_outputs_1;ul_150_142;lr_310_198;rul_-130_21;rlr_-260_-21
C:\svns\simucomp2\models\\./raqun/family_4_variant_1_MeasureMag.slx,738546.75096560188103,Input,name_Input;type_Inport;parent_name_Transition Logic Detection;hierarchy_depth_5;num_lines_2;num_inputs_0;num_outputs_1;ul_20_118;lr_50_132;rul_225_-91;rlr_225_-74
C:\svns\simucomp2\models\\./raqun/family_4_variant_1_MeasureMag.slx,738546.75096560188103,Constant,name_Constant;type_Constant;parent_name_Transition Logic Detection;hierarchy_depth_5;num_lines_1;num_inputs_0;num_outputs_1;ul_220_205;lr_250_235;rul_65_-23;rlr_65_-22
C:\svns\simucomp2\models\\./raqun/family_4_variant_1_MeasureMag.slx,738546.75096560188103,Constant1,name_Constant1;type_Constant;parent_name_Transition Logic Detection;hierarchy_depth_5;num_lines_1;num_inputs_0;num_outputs_1;ul_180_20;lr_210_50;rul_65_7;rlr_65_8
C:\svns\simucomp2\models\\./raqun/family_4_variant_1_MeasureMag.slx,738546.75096560188103,LogicalOperator,name_LogicalOperator;type_Logic;parent_name_Transition Logic Detection;hierarchy_depth_5;num_lines_3;num_inputs_2;num_outputs_1;ul_345_82;lr_375_113;rul_-100_-55;rlr_-100_-55
C:\svns\simucomp2\models\\./raqun/family_4_variant_1_MeasureMag.slx,738546.75096561340615,RelationalOperator,name_RelationalOperator;type_RelationalOperator;parent_name_Transition Logic Detection;hierarchy_depth_5;num_lines_3;num_inputs_2;num_outputs_1;ul_285_182;lr_315_213;rul_-60_-29;rlr_-55_-26
C:\svns\simucomp2\models\\./raqun/family_4_variant_1_MeasureMag.slx,738546.75096561340615,RelationalOperator1,name_RelationalOperator1;type_RelationalOperator;parent_name_Transition Logic Detection;hierarchy_depth_5;num_lines_3;num_inputs_2;num_outputs_1;ul_245_27;lr_275_58;rul_-65_-7;rlr_-65_-8
C:\svns\simucomp2\models\\./raqun/family_4_variant_1_MeasureMag.slx,738546.75096561340615,Unit Delay,name_Unit Delay;type_UnitDelay;parent_name_Transition Logic Detection;hierarchy_depth_5;num_lines_2;num_inputs_1;num_outputs_1;ul_225_153;lr_260_187;rul_-205_-35;rlr_-210_-55
C:\svns\simucomp2\models\\./raqun/family_4_variant_1_MeasureMag.slx,738546.75096561340615,Transition Detect,name_Transition Detect;type_Outport;parent_name_Transition Logic Detection;hierarchy_depth_5;num_lines_1;num_inputs_1;num_outputs_0;ul_415_93;lr_445_107;rul_-70_-11;rlr_-70_6
C:\svns\simucomp2\models\\./raqun/family_4_variant_1_MeasureMag.slx,738546.75096561340615,Hold_Data_Pulse,name_Hold_Data_Pulse;type_Outport;parent_name_Generate Sample Holding Pulse;hierarchy_depth_4;num_lines_1;num_inputs_1;num_outputs_0;ul_800_183;lr_830_197;rul_-190_-11;rlr_-190_6
C:\svns\simucomp2\models\\./raqun/family_4_variant_1_MeasureMag.slx,738546.75096561340615,Hold For M Samples,name_Hold For M Samples;type_Constant;parent_name_CheckSum Correction;hierarchy_depth_3;num_lines_1;num_inputs_0;num_outputs_1;ul_135_440;lr_165_470;rul_150_-101;rlr_290_-29
C:\svns\simucomp2\models\\./raqun/family_4_variant_1_MeasureMag.slx,738546.75096562504768,If True we have good data If false we have bad data With bad data use previous good data from N samples ago and hold it on that value for M samples,name_If True we have good data If false we have bad data With bad data use previous good data from N samples ago and hold it on that value for M samples;type_Switch;parent_name_CheckSum Correction;hierarchy_depth_3;num_lines_5;num_inputs_3;num_outputs_1;ul_640_255;lr_665_525;rul_-340_-105;rlr_-335_-360
C:\svns\simucomp2\models\\./raqun/family_4_variant_1_MeasureMag.slx,738546.75096562504768,Invert Logic,name_Invert Logic;type_Logic;parent_name_CheckSum Correction;hierarchy_depth_3;num_lines_2;num_inputs_1;num_outputs_1;ul_525_379;lr_550_401;rul_-240_-40;rlr_-95_40
C:\svns\simucomp2\models\\./raqun/family_4_variant_1_MeasureMag.slx,738546.75096562504768,LogicalOperator1,name_LogicalOperator1;type_Logic;parent_name_CheckSum Correction;hierarchy_depth_3;num_lines_2;num_inputs_1;num_outputs_1;ul_205_354;lr_230_376;rul_-85_-4;rlr_-80_4
C:\svns\simucomp2\models\\./raqun/family_4_variant_1_MeasureMag.slx,738546.75096562504768,Pre-Processed Data,name_Pre-Processed Data;type_Outport;parent_name_CheckSum Correction;hierarchy_depth_3;num_lines_1;num_inputs_1;num_outputs_0;ul_805_488;lr_835_502;rul_-165_-233;rlr_-170_23
C:\svns\simucomp2\models\\./raqun/family_4_variant_1_MeasureMag.slx,738546.75096562504768,Display,name_Display;type_Display;parent_name_Temp;hierarchy_depth_2;num_lines_1;num_inputs_1;num_outputs_0;ul_715_15;lr_805_45;rul_-255_64;rlr_-150_116
C:\svns\simucomp2\models\\./raqun/family_4_variant_1_MeasureMag.slx,738546.7509656365728,Processed Data,name_Processed Data;type_Outport;parent_name_Temp;hierarchy_depth_2;num_lines_1;num_inputs_1;num_outputs_0;ul_920_113;lr_950_127;rul_-460_-34;rlr_-295_34
C:\svns\simucomp2\models\\./raqun/family_4_variant_1_MeasureMag.slx,738546.7509656365728,Temp_Checksum_Tag,name_Temp_Checksum_Tag;type_From;parent_name_CheckSum Pre-Processing;hierarchy_depth_1;num_lines_1;num_inputs_0;num_outputs_1;ul_495_173;lr_595_197;rul_160_-119;rlr_210_-36
C:\svns\simucomp2\models\\./raqun/family_4_variant_1_MeasureMag.slx,738546.7509656365728,Ultra_Sound_Checksum_Tag,name_Ultra_Sound_Checksum_Tag;type_From;parent_name_CheckSum Pre-Processing;hierarchy_depth_1;num_lines_1;num_inputs_0;num_outputs_1;ul_460_333;lr_560_357;rul_260_-113;rlr_305_-77
C:\svns\simucomp2\models\\./raqun/family_4_variant_1_MeasureMag.slx,738546.7509656365728,Ultrasound Processing,name_Ultrasound Processing;type_SubSystem;parent_name_CheckSum Pre-Processing;hierarchy_depth_1;num_lines_3;num_inputs_2;num_outputs_1;ul_720_220;lr_865_280;rul_-260_-46;rlr_-395_16
C:\svns\simucomp2\models\\./raqun/family_4_variant_1_MeasureMag.slx,738546.7509656365728,Raw Ultrasound,name_Raw Ultrasound;type_Inport;parent_name_Ultrasound Processing;hierarchy_depth_2;num_lines_1;num_inputs_0;num_outputs_1;ul_70_93;lr_100_107;rul_180_-10;rlr_190_10
C:\svns\simucomp2\models\\./raqun/family_4_variant_1_MeasureMag.slx,738546.75096564809792,CheckSum Flag,name_CheckSum Flag;type_Inport;parent_name_Ultrasound Processing;hierarchy_depth_2;num_lines_1;num_inputs_0;num_outputs_1;ul_45_248;lr_75_262;rul_600_-31;rlr_765_6
C:\svns\simucomp2\models\\./raqun/family_4_variant_1_MeasureMag.slx,738546.75096564809792,CheckSum Correction,name_CheckSum Correction;type_SubSystem;parent_name_Ultrasound Processing;hierarchy_depth_2;num_lines_4;num_inputs_2;num_outputs_1;ul_645_217;lr_840_268;rul_-330_-136;rlr_-380_-109
C:\svns\simucomp2\models\\./raqun/family_4_variant_1_MeasureMag.slx,738546.75096564809792,CalculatedData,name_CalculatedData;type_Inport;parent_name_CheckSum Correction;hierarchy_depth_3;num_lines_1;num_inputs_0;num_outputs_1;ul_300_150;lr_330_165;rul_340_105;rlr_335_360
C:\svns\simucomp2\models\\./raqun/family_4_variant_1_MeasureMag.slx,738546.75096564809792,CheckSumFlag,name_CheckSumFlag;type_Inport;parent_name_CheckSum Correction;hierarchy_depth_3;num_lines_1;num_inputs_0;num_outputs_1;ul_90_150;lr_120_165;rul_30_200;rlr_30_215
C:\svns\simucomp2\models\\./raqun/family_4_variant_1_MeasureMag.slx,738546.75096564809792,CompareTo Zero,name_CompareTo Zero;type_SubSystem;parent_name_CheckSum Correction;hierarchy_depth_3;num_lines_2;num_inputs_1;num_outputs_1;ul_120_350;lr_150_380;rul_-30_-200;rlr_-30_-215
C:\svns\simucomp2\models\\./raqun/family_4_variant_1_MeasureMag.slx,738546.75096564809792,u,name_u;type_Inport;parent_name_CompareTo Zero;hierarchy_depth_4;num_lines_1;num_inputs_0;num_outputs_1;ul_15_28;lr_45_42;rul_130_-12;rlr_140_47
C:\svns\simucomp2\models\\./raqun/family_4_variant_1_MeasureMag.slx,738546.75096565973945,Compare,name_Compare;type_RelationalOperator;parent_name_CompareTo Zero;hierarchy_depth_4;num_lines_3;num_inputs_2;num_outputs_1;ul_145_16;lr_185_89;rul_-130_12;rlr_-140_-47
C:\svns\simucomp2\models\\./raqun/family_4_variant_1_MeasureMag.slx,738546.75096565973945,Constant,name_Constant;type_Constant;parent_name_CompareTo Zero;hierarchy_depth_4;num_lines_1;num_inputs_0;num_outputs_1;ul_70_56;lr_100_84;rul_75_-40;rlr_85_5
C:\svns\simucomp2\models\\./raqun/family_4_variant_1_MeasureMag.slx,738546.75096565973945,y,name_y;type_Outport;parent_name_CompareTo Zero;hierarchy_depth_4;num_lines_1;num_inputs_1;num_outputs_0;ul_270_48;lr_300_62;rul_-125_-32;rlr_-115_27
C:\svns\simucomp2\models\\./raqun/family_4_variant_1_MeasureMag.slx,738546.75096565973945,Delay,name_Delay;type_Delay;parent_name_CheckSum Correction;hierarchy_depth_3;num_lines_2;num_inputs_1;num_outputs_1;ul_640_573;lr_675_607;rul_0_-318;rlr_-10_-82
C:\svns\simucomp2\models\\./raqun/family_4_variant_1_MeasureMag.slx,738546.75096565973945,Generate Sample Holding Pulse,name_Generate Sample Holding Pulse;type_SubSystem;parent_name_CheckSum Correction;hierarchy_depth_3;num_lines_3;num_inputs_2;num_outputs_1;ul_285_339;lr_455_441;rul_-80_15;rlr_-225_-65
C:\svns\simucomp2\models\\./raqun/family_4_variant_1_MeasureMag.slx,738546.75096565973945,CheckSumFlag,name_CheckSumFlag;type_Inport;parent_name_Generate Sample Holding Pulse;hierarchy_depth_4;num_lines_1;num_inputs_0;num_outputs_1;ul_20_163;lr_50_177;rul_130_-21;rlr_260_21
C:\svns\simucomp2\models\\./raqun/family_4_variant_1_MeasureMag.slx,738546.75096567126457,HoldDataTicks_Value,name_HoldDataTicks_Value;type_Inport;parent_name_Generate Sample Holding Pulse;hierarchy_depth_4;num_lines_1;num_inputs_0;num_outputs_1;ul_190_278;lr_220_292;rul_215_-132;rlr_345_-48
C:\svns\simucomp2\models\\./raqun/family_4_variant_1_MeasureMag.slx,738546.75096567126457,Chart,name_Chart;type_SubSystem;parent_name_Generate Sample Holding Pulse;hierarchy_depth_4;num_lines_3;num_inputs_2;num_outputs_1;ul_405_146;lr_565_244;rul_-255_-4;rlr_-255_-46
C:\svns\simucomp2\models\\./raqun/family_4_variant_1_MeasureMag.slx,738546.75096567126457,if_transition,name_if_transition;type_Inport;parent_name_Chart;hierarchy_depth_5;num_lines_1;num_inputs_0;num_outputs_1;ul_20_101;lr_40_119;rul_160_-1;rlr_190_41
C:\svns\simucomp2\models\\./raqun/family_4_variant_1_MeasureMag.slx,738546.75096567126457,HoldDataTicks,name_HoldDataTicks;type_Inport;parent_name_Chart;hierarchy_depth_5;num_lines_1;num_inputs_0;num_outputs_1;ul_20_136;lr_40_154;rul_160_-36;rlr_190_6
C:\svns\simucomp2\models\\./raqun/family_4_variant_1_MeasureMag.slx,738546.75096567126457, Demux ,name_ Demux ;type_Demux;parent_name_Chart;hierarchy_depth_5;num_lines_2;num_inputs_1;num_outputs_1;ul_270_230;lr_320_270;rul_-90_-130;rlr_-90_-110
C:\svns\simucomp2\models\\./raqun/family_4_variant_1_MeasureMag.slx,738546.75096567126457, SFunction ,name_ SFunction ;type_S-Function;parent_name_Chart;hierarchy_depth_5;num_lines_4;num_inputs_2;num_outputs_2;ul_180_100;lr_230_160;rul_-160_1;rlr_-190_-41
C:\svns\simucomp2\models\\./raqun/family_4_variant_1_MeasureMag.slx,738546.7509656829061, Terminator ,name_ Terminator ;type_Terminator;parent_name_Chart;hierarchy_depth_5;num_lines_1;num_inputs_1;num_outputs_0;ul_460_241;lr_480_259;rul_-190_-11;rlr_-160_11
C:\svns\simucomp2\models\\./raqun/family_4_variant_1_MeasureMag.slx,738546.7509656829061,output,name_output;type_Outport;parent_name_Chart;hierarchy_depth_5;num_lines_1;num_inputs_1;num_outputs_0;ul_460_101;lr_480_119;rul_-280_-1;rlr_-250_41
C:\svns\simucomp2\models\\./raqun/family_4_variant_1_MeasureMag.slx,738546.7509656829061,Constant2,name_Constant2;type_Constant;parent_name_Generate Sample Holding Pulse;hierarchy_depth_4;num_lines_1;num_inputs_0;num_outputs_1;ul_530_70;lr_560_100;rul_80_102;rlr_80_103
C:\svns\simucomp2\models\\./raqun/family_4_variant_1_MeasureMag.slx,738546.7509656829061,LogicalOperator1,name_LogicalOperator1;type_Logic;parent_name_Generate Sample Holding Pulse;hierarchy_depth_4;num_lines_3;num_inputs_2;num_outputs_1;ul_610_172;lr_640_203;rul_-80_-102;rlr_-80_-103
C:\svns\simucomp2\models\\./raqun/family_4_variant_1_MeasureMag.slx,738546.7509656829061,Transition Logic Detection,name_Transition Logic Detection;type_SubSystem;parent_name_Generate Sample Holding Pulse;hierarchy_depth_4;num_lines_2;num_inputs_1;num_outputs_1;ul_150_142;lr_310_198;rul_-130_21;rlr_-260_-21
C:\svns\simucomp2\models\\./raqun/family_4_variant_1_MeasureMag.slx,738546.7509656829061,Input,name_Input;type_Inport;parent_name_Transition Logic Detection;hierarchy_depth_5;num_lines_2;num_inputs_0;num_outputs_1;ul_20_118;lr_50_132;rul_225_-91;rlr_225_-74
C:\svns\simucomp2\models\\./raqun/family_4_variant_1_MeasureMag.slx,738546.75096569443122,Constant,name_Constant;type_Constant;parent_name_Transition Logic Detection;hierarchy_depth_5;num_lines_1;num_inputs_0;num_outputs_1;ul_220_205;lr_250_235;rul_65_-23;rlr_65_-22
C:\svns\simucomp2\models\\./raqun/family_4_variant_1_MeasureMag.slx,738546.75096569443122,Constant1,name_Constant1;type_Constant;parent_name_Transition Logic Detection;hierarchy_depth_5;num_lines_1;num_inputs_0;num_outputs_1;ul_180_20;lr_210_50;rul_65_7;rlr_65_8
C:\svns\simucomp2\models\\./raqun/family_4_variant_1_MeasureMag.slx,738546.75096569443122,LogicalOperator,name_LogicalOperator;type_Logic;parent_name_Transition Logic Detection;hierarchy_depth_5;num_lines_3;num_inputs_2;num_outputs_1;ul_345_82;lr_375_113;rul_-100_-55;rlr_-100_-55
C:\svns\simucomp2\models\\./raqun/family_4_variant_1_MeasureMag.slx,738546.75096569443122,RelationalOperator,name_RelationalOperator;type_RelationalOperator;parent_name_Transition Logic Detection;hierarchy_depth_5;num_lines_3;num_inputs_2;num_outputs_1;ul_285_182;lr_315_213;rul_-60_-29;rlr_-55_-26
C:\svns\simucomp2\models\\./raqun/family_4_variant_1_MeasureMag.slx,738546.75096569443122,RelationalOperator1,name_RelationalOperator1;type_RelationalOperator;parent_name_Transition Logic Detection;hierarchy_depth_5;num_lines_3;num_inputs_2;num_outputs_1;ul_245_27;lr_275_58;rul_-65_-7;rlr_-65_-8
C:\svns\simucomp2\models\\./raqun/family_4_variant_1_MeasureMag.slx,738546.75096569443122,Unit Delay,name_Unit Delay;type_UnitDelay;parent_name_Transition Logic Detection;hierarchy_depth_5;num_lines_2;num_inputs_1;num_outputs_1;ul_225_153;lr_260_187;rul_-205_-35;rlr_-210_-55
C:\svns\simucomp2\models\\./raqun/family_4_variant_1_MeasureMag.slx,738546.75096570607275,Transition Detect,name_Transition Detect;type_Outport;parent_name_Transition Logic Detection;hierarchy_depth_5;num_lines_1;num_inputs_1;num_outputs_0;ul_415_93;lr_445_107;rul_-70_-11;rlr_-70_6
C:\svns\simucomp2\models\\./raqun/family_4_variant_1_MeasureMag.slx,738546.75096570607275,Hold_Data_Pulse,name_Hold_Data_Pulse;type_Outport;parent_name_Generate Sample Holding Pulse;hierarchy_depth_4;num_lines_1;num_inputs_1;num_outputs_0;ul_800_183;lr_830_197;rul_-190_-11;rlr_-190_6
C:\svns\simucomp2\models\\./raqun/family_4_variant_1_MeasureMag.slx,738546.75096570607275,Hold For M Samples,name_Hold For M Samples;type_Constant;parent_name_CheckSum Correction;hierarchy_depth_3;num_lines_1;num_inputs_0;num_outputs_1;ul_135_440;lr_165_470;rul_150_-101;rlr_290_-29
C:\svns\simucomp2\models\\./raqun/family_4_variant_1_MeasureMag.slx,738546.75096570607275,If True we have good data If false we have bad data With bad data use previous good data from N samples ago and hold it on that value for M samples,name_If True we have good data If false we have bad data With bad data use previous good data from N samples ago and hold it on that value for M samples;type_Switch;parent_name_CheckSum Correction;hierarchy_depth_3;num_lines_5;num_inputs_3;num_outputs_1;ul_640_255;lr_665_525;rul_-340_-105;rlr_-335_-360
C:\svns\simucomp2\models\\./raqun/family_4_variant_1_MeasureMag.slx,738546.75096570607275,Invert Logic,name_Invert Logic;type_Logic;parent_name_CheckSum Correction;hierarchy_depth_3;num_lines_2;num_inputs_1;num_outputs_1;ul_525_379;lr_550_401;rul_-240_-40;rlr_-95_40
C:\svns\simucomp2\models\\./raqun/family_4_variant_1_MeasureMag.slx,738546.75096571759786,LogicalOperator1,name_LogicalOperator1;type_Logic;parent_name_CheckSum Correction;hierarchy_depth_3;num_lines_2;num_inputs_1;num_outputs_1;ul_205_354;lr_230_376;rul_-85_-4;rlr_-80_4
C:\svns\simucomp2\models\\./raqun/family_4_variant_1_MeasureMag.slx,738546.75096572912298,Pre-Processed Height,name_Pre-Processed Height;type_Outport;parent_name_CheckSum Correction;hierarchy_depth_3;num_lines_1;num_inputs_1;num_outputs_0;ul_805_488;lr_835_502;rul_-165_-233;rlr_-170_23
C:\svns\simucomp2\models\\./raqun/family_4_variant_1_MeasureMag.slx,738546.75096572912298,Data Type Conversion1,name_Data Type Conversion1;type_DataTypeConversion;parent_name_Ultrasound Processing;hierarchy_depth_2;num_lines_2;num_inputs_1;num_outputs_1;ul_250_83;lr_290_117;rul_-180_10;rlr_-190_-10
C:\svns\simucomp2\models\\./raqun/family_4_variant_1_MeasureMag.slx,738546.75096572912298,Delay1,name_Delay1;type_Delay;parent_name_Ultrasound Processing;hierarchy_depth_2;num_lines_2;num_inputs_1;num_outputs_1;ul_240_123;lr_275_157;rul_75_-42;rlr_185_2
C:\svns\simucomp2\models\\./raqun/family_4_variant_1_MeasureMag.slx,738546.75096572912298,Display,name_Display;type_Display;parent_name_Ultrasound Processing;hierarchy_depth_2;num_lines_1;num_inputs_1;num_outputs_0;ul_695_120;lr_785_150;rul_-50_97;rlr_55_118
C:\svns\simucomp2\models\\./raqun/family_4_variant_1_MeasureMag.slx,738546.75096572912298,Height Calculation,name_Height Calculation;type_SubSystem;parent_name_Ultrasound Processing;hierarchy_depth_2;num_lines_5;num_inputs_2;num_outputs_2;ul_315_81;lr_460_159;rul_-65_2;rlr_-170_-42
C:\svns\simucomp2\models\\./raqun/family_4_variant_1_MeasureMag.slx,738546.75096572912298,u,name_u;type_Inport;parent_name_Height Calculation;hierarchy_depth_3;num_lines_1;num_inputs_0;num_outputs_1;ul_20_101;lr_40_119;rul_160_-1;rlr_190_61
C:\svns\simucomp2\models\\./raqun/family_4_variant_1_MeasureMag.slx,738546.75096572912298,z_1,name_z_1;type_Inport;parent_name_Height Calculation;hierarchy_depth_3;num_lines_1;num_inputs_0;num_outputs_1;ul_20_136;lr_40_154;rul_160_-36;rlr_190_26
C:\svns\simucomp2\models\\./raqun/family_4_variant_1_MeasureMag.slx,738546.75096572912298, Demux ,name_ Demux ;type_Demux;parent_name_Height Calculation;hierarchy_depth_3;num_lines_2;num_inputs_1;num_outputs_1;ul_270_230;lr_320_270;rul_-90_-130;rlr_-90_-90
C:\svns\simucomp2\models\\./raqun/family_4_variant_1_MeasureMag.slx,738546.75096572912298, SFunction ,name_ SFunction ;type_S-Function;parent_name_Height Calculation;hierarchy_depth_3;num_lines_5;num_inputs_2;num_outputs_3;ul_180_100;lr_230_180;rul_-160_1;rlr_-190_-61
C:\svns\simucomp2\models\\./raqun/family_4_variant_1_MeasureMag.slx,738546.75096572912298, Terminator ,name_ Terminator ;type_Terminator;parent_name_Height Calculation;hierarchy_depth_3;num_lines_1;num_inputs_1;num_outputs_0;ul_460_241;lr_480_259;rul_-190_-11;rlr_-160_11
C:\svns\simucomp2\models\\./raqun/family_4_variant_1_MeasureMag.slx,738546.75096572912298,y,name_y;type_Outport;parent_name_Height Calculation;hierarchy_depth_3;num_lines_1;num_inputs_1;num_outputs_0;ul_460_101;lr_480_119;rul_-280_-1;rlr_-250_61
C:\svns\simucomp2\models\\./raqun/family_4_variant_1_MeasureMag.slx,738546.75096575228963,prev_good_height,name_prev_good_height;type_Outport;parent_name_Height Calculation;hierarchy_depth_3;num_lines_1;num_inputs_1;num_outputs_0;ul_460_136;lr_480_154;rul_-280_-36;rlr_-250_26
C:\svns\simucomp2\models\\./raqun/family_4_variant_1_MeasureMag.slx,738546.75096575228963,Height_Calulation I,name_Height_Calulation I;type_Scope;parent_name_Ultrasound Processing;hierarchy_depth_2;num_lines_1;num_inputs_1;num_outputs_0;ul_605_84;lr_635_116;rul_-290_-3;rlr_-175_43
C:\svns\simucomp2\models\\./raqun/family_4_variant_1_MeasureMag.slx,738546.75096575228963,Saturation1,name_Saturation1;type_Saturate;parent_name_Ultrasound Processing;hierarchy_depth_2;num_lines_2;num_inputs_1;num_outputs_1;ul_950_230;lr_980_260;rul_-305_-13;rlr_-140_8
C:\svns\simucomp2\models\\./raqun/family_4_variant_1_MeasureMag.slx,738546.75096575228963,Processed Data,name_Processed Data;type_Outport;parent_name_Ultrasound Processing;hierarchy_depth_2;num_lines_1;num_inputs_1;num_outputs_0;ul_1005_238;lr_1035_252;rul_-55_-8;rlr_-55_8
C:\svns\simucomp2\models\\./raqun/family_4_variant_1_MeasureMag.slx,738546.75096575228963,UltraSoundHeight_Processed,name_UltraSoundHeight_Processed;type_Outport;parent_name_CheckSum Pre-Processing;hierarchy_depth_1;num_lines_1;num_inputs_1;num_outputs_0;ul_945_243;lr_975_257;rul_-225_-23;rlr_-110_23
C:\svns\simucomp2\models\\./raqun/family_4_variant_1_MeasureMag.slx,738546.75096575228963,Magnetometer_Processed,name_Magnetometer_Processed;type_Outport;parent_name_CheckSum Pre-Processing;hierarchy_depth_1;num_lines_1;num_inputs_1;num_outputs_0;ul_910_448;lr_940_462;rul_-315_-49;rlr_-195_44
C:\svns\simucomp2\models\\./raqun/family_4_variant_1_MeasureMag.slx,738546.75096575228963,Body Rates - pqr,name_Body Rates - pqr;type_Outport;parent_name_CheckSum Pre-Processing;hierarchy_depth_1;num_lines_1;num_inputs_1;num_outputs_0;ul_910_613;lr_940_627;rul_-250_-51;rlr_-190_51
C:\svns\simucomp2\models\\./raqun/family_4_variant_1_MeasureMag.slx,738546.75096575228963,Accelerometer,name_Accelerometer;type_Outport;parent_name_CheckSum Pre-Processing;hierarchy_depth_1;num_lines_1;num_inputs_1;num_outputs_0;ul_855_823;lr_885_837;rul_-270_-50;rlr_-105_45
C:\svns\simucomp2\models\\./raqun/family_4_variant_1_MeasureMag.slx,738546.75096575228963,TempMeasure,name_TempMeasure;type_Outport;parent_name_CheckSum Pre-Processing;hierarchy_depth_1;num_lines_1;num_inputs_1;num_outputs_0;ul_900_103;lr_930_117;rul_-245_-49;rlr_-125_44
C:\svns\simucomp2\models\\./raqun/family_4_variant_1_MeasureMag.slx,738546.75096575228963,Deci-Volts to Volts,name_Deci-Volts to Volts;type_Gain;parent_name_family_4_variant_1_MeasureMag;hierarchy_depth_0;num_lines_3;num_inputs_1;num_outputs_1;ul_805_755;lr_860_785;rul_-250_-23;rlr_-95_23
C:\svns\simucomp2\models\\./raqun/family_4_variant_1_MeasureMag.slx,738546.75096577545628,Demux,name_Demux;type_Demux;parent_name_family_4_variant_1_MeasureMag;hierarchy_depth_0;num_lines_4;num_inputs_1;num_outputs_3;ul_315_631;lr_320_719;rul_-120_33;rlr_-65_-33
C:\svns\simucomp2\models\\./raqun/family_4_variant_1_MeasureMag.slx,738546.75096577545628,Digital Clock1,name_Digital Clock1;type_DigitalClock;parent_name_family_4_variant_1_MeasureMag;hierarchy_depth_0;num_lines_1;num_inputs_0;num_outputs_1;ul_625_648;lr_690_672;rul_270_-3;rlr_295_3
C:\svns\simucomp2\models\\./raqun/family_4_variant_1_MeasureMag.slx,738546.75096577545628,Display Battery Voltage,name_Display Battery Voltage;type_Display;parent_name_family_4_variant_1_MeasureMag;hierarchy_depth_0;num_lines_1;num_inputs_1;num_outputs_0;ul_945_825;lr_1035_855;rul_-140_-70;rlr_-175_-70
C:\svns\simucomp2\models\\./raqun/family_4_variant_1_MeasureMag.slx,738546.75096577545628,From1,name_From1;type_From;parent_name_family_4_variant_1_MeasureMag;hierarchy_depth_0;num_lines_1;num_inputs_0;num_outputs_1;ul_195_664;lr_255_686;rul_120_-33;rlr_65_33
C:\svns\simucomp2\models\\./raqun/family_4_variant_1_MeasureMag.slx,738546.75096577545628,Goto1,name_Goto1;type_Goto;parent_name_family_4_variant_1_MeasureMag;hierarchy_depth_0;num_lines_1;num_inputs_1;num_outputs_0;ul_815_367;lr_910_393;rul_-260_-4;rlr_-170_164
C:\svns\simucomp2\models\\./raqun/family_4_variant_1_MeasureMag.slx,738546.75096577545628,Goto13,name_Goto13;type_Goto;parent_name_family_4_variant_1_MeasureMag;hierarchy_depth_0;num_lines_1;num_inputs_1;num_outputs_0;ul_815_408;lr_910_432;rul_-260_-45;rlr_-170_125
C:\svns\simucomp2\models\\./raqun/family_4_variant_1_MeasureMag.slx,738546.75096577545628,Goto2,name_Goto2;type_Goto;parent_name_family_4_variant_1_MeasureMag;hierarchy_depth_0;num_lines_1;num_inputs_1;num_outputs_0;ul_810_448;lr_905_472;rul_-255_-85;rlr_-165_85
C:\svns\simucomp2\models\\./raqun/family_4_variant_1_MeasureMag.slx,738546.75096577545628,Goto3,name_Goto3;type_Goto;parent_name_family_4_variant_1_MeasureMag;hierarchy_depth_0;num_lines_1;num_inputs_1;num_outputs_0;ul_815_489;lr_910_511;rul_-260_-126;rlr_-170_46
C:\svns\simucomp2\models\\./raqun/family_4_variant_1_MeasureMag.slx,738546.75096577545628,Goto4,name_Goto4;type_Goto;parent_name_family_4_variant_1_MeasureMag;hierarchy_depth_0;num_lines_1;num_inputs_1;num_outputs_0;ul_815_529;lr_910_551;rul_-260_-166;rlr_-170_6
C:\svns\simucomp2\models\\./raqun/family_4_variant_1_MeasureMag.slx,738546.75096577545628,Inertial Measurement,name_Inertial Measurement;type_Reference;parent_name_family_4_variant_1_MeasureMag;hierarchy_depth_0;num_lines_2;num_inputs_0;num_outputs_2;ul_175_393;lr_430_522;rul_380_-30;rlr_310_35
C:\svns\simucomp2\models\\./raqun/family_4_variant_1_MeasureMag.slx,738546.75096581014805,Mag data,name_Mag data;type_Scope;parent_name_family_4_variant_1_MeasureMag;hierarchy_depth_0;num_lines_1;num_inputs_1;num_outputs_0;ul_475_633;lr_525_717;rul_-95_-5;rlr_-140_5
C:\svns\simucomp2\models\\./raqun/family_4_variant_1_MeasureMag.slx,738546.75096581014805,Mux1,name_Mux1;type_Mux;parent_name_family_4_variant_1_MeasureMag;hierarchy_depth_0;num_lines_4;num_inputs_3;num_outputs_1;ul_380_628;lr_385_722;rul_-65_3;rlr_-65_-3
C:\svns\simucomp2\models\\./raqun/family_4_variant_1_MeasureMag.slx,738546.75096581014805,Time,name_Time;type_Display;parent_name_family_4_variant_1_MeasureMag;hierarchy_depth_0;num_lines_1;num_inputs_1;num_outputs_0;ul_895_645;lr_985_675;rul_-270_3;rlr_-295_-3
C:\svns\simucomp2\models\\./raqun/family_4_variant_2_MeasureMag.slx,738546.75096984952688,BusSelector2,name_BusSelector2;type_BusSelector;parent_name_family_4_variant_2_MeasureMag;hierarchy_depth_0;num_lines_4;num_inputs_1;num_outputs_3;ul_475_394;lr_480_456;rul_-300_-1;rlr_-50_66
C:\svns\simucomp2\models\\./raqun/family_4_variant_2_MeasureMag.slx,738546.75096986116841,ChackSum Correction,name_ChackSum Correction;type_SubSystem;parent_name_family_4_variant_2_MeasureMag;hierarchy_depth_0;num_lines_3;num_inputs_2;num_outputs_1;ul_790_392;lr_915_523;rul_-210_14;rlr_-175_-79
C:\svns\simucomp2\models\\./raqun/family_4_variant_2_MeasureMag.slx,738546.75096986116841,CalculatedData,name_CalculatedData;type_Inport;parent_name_ChackSum Correction;hierarchy_depth_1;num_lines_1;num_inputs_0;num_outputs_1;ul_175_328;lr_205_342;rul_690_-31;rlr_700_181
C:\svns\simucomp2\models\\./raqun/family_4_variant_2_MeasureMag.slx,738546.75096986116841,CheckSumFlag,name_CheckSumFlag;type_Inport;parent_name_ChackSum Correction;hierarchy_depth_1;num_lines_1;num_inputs_0;num_outputs_1;ul_175_378;lr_205_392;rul_110_-8;rlr_110_8
C:\svns\simucomp2\models\\./raqun/family_4_variant_2_MeasureMag.slx,738546.75096986116841,CompareTo Zero,name_CompareTo Zero;type_SubSystem;parent_name_ChackSum Correction;hierarchy_depth_1;num_lines_2;num_inputs_1;num_outputs_1;ul_285_370;lr_315_400;rul_-110_8;rlr_-110_-8
C:\svns\simucomp2\models\\./raqun/family_4_variant_2_MeasureMag.slx,738546.75096986116841,u,name_u;type_Inport;parent_name_CompareTo Zero;hierarchy_depth_2;num_lines_1;num_inputs_0;num_outputs_1;ul_15_28;lr_45_42;rul_130_-12;rlr_140_47
C:\svns\simucomp2\models\\./raqun/family_4_variant_2_MeasureMag.slx,738546.75096986116841,Compare,name_Compare;type_RelationalOperator;parent_name_CompareTo Zero;hierarchy_depth_2;num_lines_3;num_inputs_2;num_outputs_1;ul_145_16;lr_185_89;rul_-130_12;rlr_-140_-47
C:\svns\simucomp2\models\\./raqun/family_4_variant_2_MeasureMag.slx,738546.75096986116841,Constant,name_Constant;type_Constant;parent_name_CompareTo Zero;hierarchy_depth_2;num_lines_1;num_inputs_0;num_outputs_1;ul_70_56;lr_100_84;rul_75_-40;rlr_85_5
C:\svns\simucomp2\models\\./raqun/family_4_variant_2_MeasureMag.slx,738546.75096987269353,y,name_y;type_Outport;parent_name_CompareTo Zero;hierarchy_depth_2;num_lines_1;num_inputs_1;num_outputs_0;ul_270_48;lr_300_62;rul_-125_-32;rlr_-115_27
C:\svns\simucomp2\models\\./raqun/family_4_variant_2_MeasureMag.slx,738546.75096987269353,Delay,name_Delay;type_Delay;parent_name_ChackSum Correction;hierarchy_depth_1;num_lines_2;num_inputs_1;num_outputs_1;ul_870_558;lr_905_592;rul_-5_-261;rlr_0_-69
C:\svns\simucomp2\models\\./raqun/family_4_variant_2_MeasureMag.slx,738546.75096987269353,Generate Sample Holding Pulse,name_Generate Sample Holding Pulse;type_SubSystem;parent_name_ChackSum Correction;hierarchy_depth_1;num_lines_3;num_inputs_2;num_outputs_1;ul_455_361;lr_650_459;rul_-75_13;rlr_-245_-63
C:\svns\simucomp2\models\\./raqun/family_4_variant_2_MeasureMag.slx,738546.75096987269353,CheckSumFlag,name_CheckSumFlag;type_Inport;parent_name_Generate Sample Holding Pulse;hierarchy_depth_2;num_lines_1;num_inputs_0;num_outputs_1;ul_615_323;lr_645_337;rul_130_-21;rlr_260_21
C:\svns\simucomp2\models\\./raqun/family_4_variant_2_MeasureMag.slx,738546.75096988421865,HoldDataTicks_Value,name_HoldDataTicks_Value;type_Inport;parent_name_Generate Sample Holding Pulse;hierarchy_depth_2;num_lines_1;num_inputs_0;num_outputs_1;ul_785_438;lr_815_452;rul_215_-132;rlr_345_-48
C:\svns\simucomp2\models\\./raqun/family_4_variant_2_MeasureMag.slx,738546.75096988421865,Chart,name_Chart;type_SubSystem;parent_name_Generate Sample Holding Pulse;hierarchy_depth_2;num_lines_3;num_inputs_2;num_outputs_1;ul_1000_306;lr_1160_404;rul_-255_-4;rlr_-255_-46
C:\svns\simucomp2\models\\./raqun/family_4_variant_2_MeasureMag.slx,738546.75096988421865,if_transition,name_if_transition;type_Inport;parent_name_Chart;hierarchy_depth_3;num_lines_1;num_inputs_0;num_outputs_1;ul_20_101;lr_40_119;rul_160_-1;rlr_190_41
C:\svns\simucomp2\models\\./raqun/family_4_variant_2_MeasureMag.slx,738546.75096989586018,HoldDataTicks,name_HoldDataTicks;type_Inport;parent_name_Chart;hierarchy_depth_3;num_lines_1;num_inputs_0;num_outputs_1;ul_20_136;lr_40_154;rul_160_-36;rlr_190_6
C:\svns\simucomp2\models\\./raqun/family_4_variant_2_MeasureMag.slx,738546.75096989586018, Demux ,name_ Demux ;type_Demux;parent_name_Chart;hierarchy_depth_3;num_lines_2;num_inputs_1;num_outputs_1;ul_270_230;lr_320_270;rul_-90_-130;rlr_-90_-110
C:\svns\simucomp2\models\\./raqun/family_4_variant_2_MeasureMag.slx,738546.75096989586018, SFunction ,name_ SFunction ;type_S-Function;parent_name_Chart;hierarchy_depth_3;num_lines_4;num_inputs_2;num_outputs_2;ul_180_100;lr_230_160;rul_-160_1;rlr_-190_-41
C:\svns\simucomp2\models\\./raqun/family_4_variant_2_MeasureMag.slx,738546.75096989586018, Terminator ,name_ Terminator ;type_Terminator;parent_name_Chart;hierarchy_depth_3;num_lines_1;num_inputs_1;num_outputs_0;ul_460_241;lr_480_259;rul_-190_-11;rlr_-160_11
C:\svns\simucomp2\models\\./raqun/family_4_variant_2_MeasureMag.slx,738546.75096989586018,output,name_output;type_Outport;parent_name_Chart;hierarchy_depth_3;num_lines_1;num_inputs_1;num_outputs_0;ul_460_101;lr_480_119;rul_-280_-1;rlr_-250_41
C:\svns\simucomp2\models\\./raqun/family_4_variant_2_MeasureMag.slx,738546.75096989586018,Constant2,name_Constant2;type_Constant;parent_name_Generate Sample Holding Pulse;hierarchy_depth_2;num_lines_1;num_inputs_0;num_outputs_1;ul_1125_230;lr_1155_260;rul_75_102;rlr_75_103
C:\svns\simucomp2\models\\./raqun/family_4_variant_2_MeasureMag.slx,738546.7509699073853,LogicalOperator,name_LogicalOperator;type_Logic;parent_name_Generate Sample Holding Pulse;hierarchy_depth_2;num_lines_3;num_inputs_2;num_outputs_1;ul_1200_332;lr_1230_363;rul_-75_-102;rlr_-75_-103
C:\svns\simucomp2\models\\./raqun/family_4_variant_2_MeasureMag.slx,738546.7509699073853,Transition Logic Detection,name_Transition Logic Detection;type_SubSystem;parent_name_Generate Sample Holding Pulse;hierarchy_depth_2;num_lines_2;num_inputs_1;num_outputs_1;ul_745_302;lr_905_358;rul_-130_21;rlr_-260_-21
C:\svns\simucomp2\models\\./raqun/family_4_variant_2_MeasureMag.slx,738546.7509699073853,Input,name_Input;type_Inport;parent_name_Transition Logic Detection;hierarchy_depth_3;num_lines_2;num_inputs_0;num_outputs_1;ul_20_118;lr_50_132;rul_225_-91;rlr_225_-74
C:\svns\simucomp2\models\\./raqun/family_4_variant_2_MeasureMag.slx,738546.7509699073853,Constant,name_Constant;type_Constant;parent_name_Transition Logic Detection;hierarchy_depth_3;num_lines_1;num_inputs_0;num_outputs_1;ul_220_205;lr_250_235;rul_65_-23;rlr_65_-22
C:\svns\simucomp2\models\\./raqun/family_4_variant_2_MeasureMag.slx,738546.7509699073853,Constant1,name_Constant1;type_Constant;parent_name_Transition Logic Detection;hierarchy_depth_3;num_lines_1;num_inputs_0;num_outputs_1;ul_180_20;lr_210_50;rul_65_7;rlr_65_8
C:\svns\simucomp2\models\\./raqun/family_4_variant_2_MeasureMag.slx,738546.7509699073853,LogicalOperator,name_LogicalOperator;type_Logic;parent_name_Transition Logic Detection;hierarchy_depth_3;num_lines_3;num_inputs_2;num_outputs_1;ul_345_82;lr_375_113;rul_-100_-55;rlr_-100_-55
C:\svns\simucomp2\models\\./raqun/family_4_variant_2_MeasureMag.slx,738546.75096991902683,RelationalOperator,name_RelationalOperator;type_RelationalOperator;parent_name_Transition Logic Detection;hierarchy_depth_3;num_lines_3;num_inputs_2;num_outputs_1;ul_285_182;lr_315_213;rul_-60_-29;rlr_-55_-26
C:\svns\simucomp2\models\\./raqun/family_4_variant_2_MeasureMag.slx,738546.75096991902683,RelationalOperator1,name_RelationalOperator1;type_RelationalOperator;parent_name_Transition Logic Detection;hierarchy_depth_3;num_lines_3;num_inputs_2;num_outputs_1;ul_245_27;lr_275_58;rul_-65_-7;rlr_-65_-8
C:\svns\simucomp2\models\\./raqun/family_4_variant_2_MeasureMag.slx,738546.75096991902683,Unit Delay,name_Unit Delay;type_UnitDelay;parent_name_Transition Logic Detection;hierarchy_depth_3;num_lines_2;num_inputs_1;num_outputs_1;ul_225_153;lr_260_187;rul_-205_-35;rlr_-210_-55
C:\svns\simucomp2\models\\./raqun/family_4_variant_2_MeasureMag.slx,738546.75096991902683,Transition Detect,name_Transition Detect;type_Outport;parent_name_Transition Logic Detection;hierarchy_depth_3;num_lines_1;num_inputs_1;num_outputs_0;ul_415_93;lr_445_107;rul_-70_-11;rlr_-70_6
C:\svns\simucomp2\models\\./raqun/family_4_variant_2_MeasureMag.slx,738546.75096991902683,Hold_Data_Pulse,name_Hold_Data_Pulse;type_Outport;parent_name_Generate Sample Holding Pulse;hierarchy_depth_2;num_lines_1;num_inputs_1;num_outputs_0;ul_1335_343;lr_1365_357;rul_-135_-11;rlr_-135_6
C:\svns\simucomp2\models\\./raqun/family_4_variant_2_MeasureMag.slx,738546.75096991902683,Hold For M Samples,name_Hold For M Samples;type_Constant;parent_name_ChackSum Correction;hierarchy_depth_1;num_lines_1;num_inputs_0;num_outputs_1;ul_175_420;lr_205_450;rul_280_-59;rlr_445_9
C:\svns\simucomp2\models\\./raqun/family_4_variant_2_MeasureMag.slx,738546.75096993055195,If True we have good data If false we have bad data With bad data use previous good data from N samples ago and hold it on that value for M samples,name_If True we have good data If false we have bad data With bad data use previous good data from N samples ago and hold it on that value for M samples;type_Switch;parent_name_ChackSum Correction;hierarchy_depth_1;num_lines_5;num_inputs_3;num_outputs_1;ul_865_297;lr_905_523;rul_-690_31;rlr_-700_-181
C:\svns\simucomp2\models\\./raqun/family_4_variant_2_MeasureMag.slx,738546.75096993055195,Invert Logic,name_Invert Logic;type_Logic;parent_name_ChackSum Correction;hierarchy_depth_1;num_lines_2;num_inputs_1;num_outputs_1;ul_750_399;lr_775_421;rul_-295_-38;rlr_-125_38
C:\svns\simucomp2\models\\./raqun/family_4_variant_2_MeasureMag.slx,738546.75096993055195,LogicalOperator1,name_LogicalOperator1;type_Logic;parent_name_ChackSum Correction;hierarchy_depth_1;num_lines_2;num_inputs_1;num_outputs_1;ul_380_374;lr_405_396;rul_-95_-4;rlr_-90_4
C:\svns\simucomp2\models\\./raqun/family_4_variant_2_MeasureMag.slx,738546.75096993055195,True Data,name_True Data;type_Outport;parent_name_ChackSum Correction;hierarchy_depth_1;num_lines_1;num_inputs_1;num_outputs_0;ul_1040_403;lr_1070_417;rul_-175_-106;rlr_-165_106
C:\svns\simucomp2\models\\./raqun/family_4_variant_2_MeasureMag.slx,738546.75096993055195,CheckSum Value,name_CheckSum Value;type_Scope;parent_name_family_4_variant_2_MeasureMag;hierarchy_depth_0;num_lines_1;num_inputs_1;num_outputs_0;ul_645_529;lr_675_561;rul_-470_-136;rlr_-245_-39
C:\svns\simucomp2\models\\./raqun/family_4_variant_2_MeasureMag.slx,738546.75096994207706,Inertial Measurement,name_Inertial Measurement;type_Reference;parent_name_family_4_variant_2_MeasureMag;hierarchy_depth_0;num_lines_3;num_inputs_0;num_outputs_2;ul_175_393;lr_430_522;rul_300_1;rlr_50_-66
C:\svns\simucomp2\models\\./raqun/family_4_variant_2_MeasureMag.slx,738546.75096996524371,Mag data,name_Mag data;type_Scope;parent_name_family_4_variant_2_MeasureMag;hierarchy_depth_0;num_lines_1;num_inputs_1;num_outputs_0;ul_965_418;lr_1015_502;rul_-175_-26;rlr_-100_21
C:\svns\simucomp2\models\\./raqun/family_4_variant_2_MeasureMag.slx,738546.75096996524371,Mux3,name_Mux3;type_Mux;parent_name_family_4_variant_2_MeasureMag;hierarchy_depth_0;num_lines_4;num_inputs_3;num_outputs_1;ul_535_394;lr_540_456;rul_-60_0;rlr_-60_0
C:\svns\simucomp2\models\\./raqun/family_4_variant_2_MeasureMag.slx,738546.75096996524371,Process Raw Mag Data,name_Process Raw Mag Data;type_SubSystem;parent_name_family_4_variant_2_MeasureMag;hierarchy_depth_0;num_lines_2;num_inputs_1;num_outputs_1;ul_580_406;lr_740_444;rul_-45_-12;rlr_-200_12
C:\svns\simucomp2\models\\./raqun/family_4_variant_2_MeasureMag.slx,738546.75096996524371,Magnetometer,name_Magnetometer;type_Inport;parent_name_Process Raw Mag Data;hierarchy_depth_1;num_lines_1;num_inputs_0;num_outputs_1;ul_175_323;lr_205_337;rul_95_-23;rlr_170_23
C:\svns\simucomp2\models\\./raqun/family_4_variant_2_MeasureMag.slx,738546.75096996524371,Bias,name_Bias;type_Constant;parent_name_Process Raw Mag Data;hierarchy_depth_1;num_lines_1;num_inputs_0;num_outputs_1;ul_245_412;lr_420_448;rul_195_-112;rlr_80_-88
C:\svns\simucomp2\models\\./raqun/family_4_variant_2_MeasureMag.slx,738546.75096996524371,Sum,name_Sum;type_Sum;parent_name_Process Raw Mag Data;hierarchy_depth_1;num_lines_3;num_inputs_2;num_outputs_1;ul_440_300;lr_500_360;rul_-170_0;rlr_-125_0
C:\svns\simucomp2\models\\./raqun/family_4_variant_2_MeasureMag.slx,738546.75096996524371,postGain,name_postGain;type_Gain;parent_name_Process Raw Mag Data;hierarchy_depth_1;num_lines_2;num_inputs_1;num_outputs_1;ul_540_295;lr_835_365;rul_-100_5;rlr_-335_-5
C:\svns\simucomp2\models\\./raqun/family_4_variant_2_MeasureMag.slx,738546.75096997688524,preGain,name_preGain;type_Gain;parent_name_Process Raw Mag Data;hierarchy_depth_1;num_lines_2;num_inputs_1;num_outputs_1;ul_270_300;lr_375_360;rul_-95_23;rlr_-170_-23
C:\svns\simucomp2\models\\./raqun/family_4_variant_2_MeasureMag.slx,738546.75096997688524,Processed Data,name_Processed Data;type_Outport;parent_name_Process Raw Mag Data;hierarchy_depth_1;num_lines_1;num_inputs_1;num_outputs_0;ul_865_323;lr_895_337;rul_-325_-28;rlr_-60_28
