C:\svns\simucomp2\models\\./raqun/family_11_variant_1_sim_model.mdl,738546.75100892363116,Demux,name_Demux;type_Demux;parent_name_family_11_variant_1_sim_model;hierarchy_depth_0;num_lines_4;num_inputs_1;num_outputs_3;ul_335_291;lr_340_469;rul_-185_77;rlr_-125_-77
C:\svns\simucomp2\models\\./raqun/family_11_variant_1_sim_model.mdl,738546.75100892363116,ETERM,name_ETERM;type_Scope;parent_name_family_11_variant_1_sim_model;hierarchy_depth_0;num_lines_1;num_inputs_1;num_outputs_0;ul_650_293;lr_680_327;rul_-40_-2;rlr_-65_2
C:\svns\simucomp2\models\\./raqun/family_11_variant_1_sim_model.mdl,738546.75100893515628,FMUme,name_FMUme;type_Reference;parent_name_family_11_variant_1_sim_model;hierarchy_depth_0;num_lines_6;num_inputs_0;num_outputs_3;ul_100_94;lr_265_236;rul_510_197;rlr_350_93
C:\svns\simucomp2\models\\./raqun/family_11_variant_1_sim_model.mdl,738546.75100894679781,From Workspace,name_From Workspace;type_FromWorkspace;parent_name_family_11_variant_1_sim_model;hierarchy_depth_0;num_lines_1;num_inputs_0;num_outputs_1;ul_150_368;lr_215_392;rul_185_-77;rlr_125_77
C:\svns\simucomp2\models\\./raqun/family_11_variant_1_sim_model.mdl,738546.75100894679781,Mux,name_Mux;type_Mux;parent_name_family_11_variant_1_sim_model;hierarchy_depth_0;num_lines_3;num_inputs_2;num_outputs_1;ul_610_291;lr_615_329;rul_-510_-197;rlr_-350_-93
C:\svns\simucomp2\models\\./raqun/family_11_variant_1_sim_model.mdl,738546.75100895832293,Mux1,name_Mux1;type_Mux;parent_name_family_11_variant_1_sim_model;hierarchy_depth_0;num_lines_3;num_inputs_2;num_outputs_1;ul_610_351;lr_615_389;rul_-510_-257;rlr_-350_-153
C:\svns\simucomp2\models\\./raqun/family_11_variant_1_sim_model.mdl,738546.75100895832293,Mux2,name_Mux2;type_Mux;parent_name_family_11_variant_1_sim_model;hierarchy_depth_0;num_lines_3;num_inputs_2;num_outputs_1;ul_610_411;lr_615_449;rul_-510_-317;rlr_-350_-213
C:\svns\simucomp2\models\\./raqun/family_11_variant_1_sim_model.mdl,738546.75100896996446,Mux3,name_Mux3;type_Mux;parent_name_family_11_variant_1_sim_model;hierarchy_depth_0;num_lines_4;num_inputs_3;num_outputs_1;ul_610_97;lr_615_233;rul_-510_-3;rlr_-350_3
C:\svns\simucomp2\models\\./raqun/family_11_variant_1_sim_model.mdl,738546.75100896996446,P,name_P;type_Scope;parent_name_family_11_variant_1_sim_model;hierarchy_depth_0;num_lines_1;num_inputs_1;num_outputs_0;ul_650_414;lr_680_446;rul_-40_-3;rlr_-65_3
C:\svns\simucomp2\models\\./raqun/family_11_variant_1_sim_model.mdl,738546.75100896996446,Q,name_Q;type_Scope;parent_name_family_11_variant_1_sim_model;hierarchy_depth_0;num_lines_1;num_inputs_1;num_outputs_0;ul_650_354;lr_680_386;rul_-40_-3;rlr_-65_3
C:\svns\simucomp2\models\\./raqun/family_11_variant_1_sim_model.mdl,738546.75100898148958,To Workspace,name_To Workspace;type_ToWorkspace;parent_name_family_11_variant_1_sim_model;hierarchy_depth_0;num_lines_1;num_inputs_1;num_outputs_0;ul_635_150;lr_695_180;rul_-25_-53;rlr_-80_53
C:\svns\simucomp2\models\\./raqun/family_11_variant_2_sim_model.mdl,738546.75100982643198,Demux,name_Demux;type_Demux;parent_name_family_11_variant_2_sim_model;hierarchy_depth_0;num_lines_4;num_inputs_1;num_outputs_3;ul_335_291;lr_340_469;rul_-185_77;rlr_-125_-77
C:\svns\simucomp2\models\\./raqun/family_11_variant_2_sim_model.mdl,738546.75100982643198,ETERM,name_ETERM;type_Scope;parent_name_family_11_variant_2_sim_model;hierarchy_depth_0;num_lines_1;num_inputs_1;num_outputs_0;ul_650_293;lr_680_327;rul_-40_-2;rlr_-65_2
C:\svns\simucomp2\models\\./raqun/family_11_variant_2_sim_model.mdl,738546.75100982643198,FMUme,name_FMUme;type_Reference;parent_name_family_11_variant_2_sim_model;hierarchy_depth_0;num_lines_6;num_inputs_0;num_outputs_3;ul_100_94;lr_265_236;rul_510_197;rlr_350_93
C:\svns\simucomp2\models\\./raqun/family_11_variant_2_sim_model.mdl,738546.75100986112375,From Workspace,name_From Workspace;type_FromWorkspace;parent_name_family_11_variant_2_sim_model;hierarchy_depth_0;num_lines_1;num_inputs_0;num_outputs_1;ul_150_368;lr_215_392;rul_185_-77;rlr_125_77
C:\svns\simucomp2\models\\./raqun/family_11_variant_2_sim_model.mdl,738546.75100986112375,Mux,name_Mux;type_Mux;parent_name_family_11_variant_2_sim_model;hierarchy_depth_0;num_lines_3;num_inputs_2;num_outputs_1;ul_610_291;lr_615_329;rul_-510_-197;rlr_-350_-93
C:\svns\simucomp2\models\\./raqun/family_11_variant_2_sim_model.mdl,738546.75100986112375,Mux1,name_Mux1;type_Mux;parent_name_family_11_variant_2_sim_model;hierarchy_depth_0;num_lines_3;num_inputs_2;num_outputs_1;ul_610_351;lr_615_389;rul_-510_-257;rlr_-350_-153
C:\svns\simucomp2\models\\./raqun/family_11_variant_2_sim_model.mdl,738546.75100987264886,Mux2,name_Mux2;type_Mux;parent_name_family_11_variant_2_sim_model;hierarchy_depth_0;num_lines_3;num_inputs_2;num_outputs_1;ul_610_411;lr_615_449;rul_-510_-317;rlr_-350_-213
C:\svns\simucomp2\models\\./raqun/family_11_variant_2_sim_model.mdl,738546.75100987264886,Mux3,name_Mux3;type_Mux;parent_name_family_11_variant_2_sim_model;hierarchy_depth_0;num_lines_4;num_inputs_3;num_outputs_1;ul_610_97;lr_615_233;rul_-510_-3;rlr_-350_3
C:\svns\simucomp2\models\\./raqun/family_11_variant_2_sim_model.mdl,738546.7510098842904,P,name_P;type_Scope;parent_name_family_11_variant_2_sim_model;hierarchy_depth_0;num_lines_1;num_inputs_1;num_outputs_0;ul_650_414;lr_680_446;rul_-40_-3;rlr_-65_3
C:\svns\simucomp2\models\\./raqun/family_11_variant_2_sim_model.mdl,738546.7510098842904,Q,name_Q;type_Scope;parent_name_family_11_variant_2_sim_model;hierarchy_depth_0;num_lines_1;num_inputs_1;num_outputs_0;ul_650_354;lr_680_386;rul_-40_-3;rlr_-65_3
C:\svns\simucomp2\models\\./raqun/family_11_variant_2_sim_model.mdl,738546.7510098842904,To Workspace,name_To Workspace;type_ToWorkspace;parent_name_family_11_variant_2_sim_model;hierarchy_depth_0;num_lines_1;num_inputs_1;num_outputs_0;ul_635_150;lr_695_180;rul_-25_-53;rlr_-80_53
