C:\svns\simucomp2\models\\./raqun/family_1_variant_1_PlayBack_Data.slx,738546.75092999998014,Accelerometer Neutral Gain and Offset,name_Accelerometer Neutral Gain and Offset;type_SubSystem;parent_name_family_1_variant_1_PlayBack_Data;hierarchy_depth_0;num_lines_4;num_inputs_1;num_outputs_1;ul_280_160;lr_470_250;rul_-225_20;rlr_-295_-20
C:\svns\simucomp2\models\\./raqun/family_1_variant_1_PlayBack_Data.slx,738546.75092999998014,Raw Accel Data,name_Raw Accel Data;type_Inport;parent_name_Accelerometer Neutral Gain and Offset;hierarchy_depth_1;num_lines_1;num_inputs_0;num_outputs_1;ul_20_243;lr_50_257;rul_115_-3;rlr_125_3
C:\svns\simucomp2\models\\./raqun/family_1_variant_1_PlayBack_Data.slx,738546.75092999998014,Bias,name_Bias;type_Constant;parent_name_Accelerometer Neutral Gain and Offset;hierarchy_depth_1;num_lines_3;num_inputs_0;num_outputs_1;ul_220_406;lr_355_434;rul_160_-116;rlr_45_-124
C:\svns\simucomp2\models\\./raqun/family_1_variant_1_PlayBack_Data.slx,738546.75093001162168,Data Type Conversion,name_Data Type Conversion;type_DataTypeConversion;parent_name_Accelerometer Neutral Gain and Offset;hierarchy_depth_1;num_lines_2;num_inputs_1;num_outputs_1;ul_135_240;lr_175_260;rul_-115_3;rlr_-125_-3
C:\svns\simucomp2\models\\./raqun/family_1_variant_1_PlayBack_Data.slx,738546.75093001162168,Demux,name_Demux;type_Demux;parent_name_Accelerometer Neutral Gain and Offset;hierarchy_depth_1;num_lines_4;num_inputs_1;num_outputs_3;ul_285_175;lr_290_325;rul_-150_65;rlr_-115_-65
C:\svns\simucomp2\models\\./raqun/family_1_variant_1_PlayBack_Data.slx,738546.75093002314679,Gain Sensitvity,name_Gain Sensitvity;type_Gain;parent_name_Accelerometer Neutral Gain and Offset;hierarchy_depth_1;num_lines_2;num_inputs_1;num_outputs_1;ul_675_226;lr_770_274;rul_-135_14;rlr_-210_-14
C:\svns\simucomp2\models\\./raqun/family_1_variant_1_PlayBack_Data.slx,738546.75093002314679,Mux,name_Mux;type_Mux;parent_name_Accelerometer Neutral Gain and Offset;hierarchy_depth_1;num_lines_4;num_inputs_3;num_outputs_1;ul_450_175;lr_455_325;rul_-70_15;rlr_-55_-115
C:\svns\simucomp2\models\\./raqun/family_1_variant_1_PlayBack_Data.slx,738546.75093002314679,Neutral Bias,name_Neutral Bias;type_Constant;parent_name_Accelerometer Neutral Gain and Offset;hierarchy_depth_1;num_lines_1;num_inputs_0;num_outputs_1;ul_220_481;lr_360_519;rul_320_-241;rlr_200_-259
C:\svns\simucomp2\models\\./raqun/family_1_variant_1_PlayBack_Data.slx,738546.75093003467191,Sum,name_Sum;type_Sum;parent_name_Accelerometer Neutral Gain and Offset;hierarchy_depth_1;num_lines_3;num_inputs_2;num_outputs_1;ul_380_240;lr_400_260;rul_-95_-65;rlr_-110_65
C:\svns\simucomp2\models\\./raqun/family_1_variant_1_PlayBack_Data.slx,738546.75093003467191,Sum1,name_Sum1;type_Sum;parent_name_Accelerometer Neutral Gain and Offset;hierarchy_depth_1;num_lines_3;num_inputs_2;num_outputs_1;ul_540_240;lr_560_260;rul_-90_-65;rlr_-105_65
C:\svns\simucomp2\models\\./raqun/family_1_variant_1_PlayBack_Data.slx,738546.75093004631344,Sum2,name_Sum2;type_Sum;parent_name_Accelerometer Neutral Gain and Offset;hierarchy_depth_1;num_lines_3;num_inputs_2;num_outputs_1;ul_380_290;lr_400_310;rul_-95_-115;rlr_-110_15
C:\svns\simucomp2\models\\./raqun/family_1_variant_1_PlayBack_Data.slx,738546.75093004631344,Sum3,name_Sum3;type_Sum;parent_name_Accelerometer Neutral Gain and Offset;hierarchy_depth_1;num_lines_3;num_inputs_2;num_outputs_1;ul_380_190;lr_400_210;rul_-95_-15;rlr_-110_115
C:\svns\simucomp2\models\\./raqun/family_1_variant_1_PlayBack_Data.slx,738546.75093004631344,Processed Accel Data,name_Processed Accel Data;type_Outport;parent_name_Accelerometer Neutral Gain and Offset;hierarchy_depth_1;num_lines_1;num_inputs_1;num_outputs_0;ul_790_243;lr_820_257;rul_-115_-17;rlr_-50_17
C:\svns\simucomp2\models\\./raqun/family_1_variant_1_PlayBack_Data.slx,738546.75093005783856,Average Value,name_Average Value;type_Display;parent_name_family_1_variant_1_PlayBack_Data;hierarchy_depth_0;num_lines_1;num_inputs_1;num_outputs_0;ul_715_305;lr_960_345;rul_-180_1;rlr_-305_-1
C:\svns\simucomp2\models\\./raqun/family_1_variant_1_PlayBack_Data.slx,738546.75093005783856,Divide1,name_Divide1;type_Product;parent_name_family_1_variant_1_PlayBack_Data;hierarchy_depth_0;num_lines_3;num_inputs_2;num_outputs_1;ul_875_67;lr_905_98;rul_-85_-27;rlr_-95_-38
C:\svns\simucomp2\models\\./raqun/family_1_variant_1_PlayBack_Data.slx,738546.75093005783856,FromWorkspace,name_FromWorkspace;type_FromWorkspace;parent_name_family_1_variant_1_PlayBack_Data;hierarchy_depth_0;num_lines_1;num_inputs_0;num_outputs_1;ul_55_180;lr_175_230;rul_225_-20;rlr_295_20
C:\svns\simucomp2\models\\./raqun/family_1_variant_1_PlayBack_Data.slx,738546.75093005783856,Gain,name_Gain;type_Constant;parent_name_family_1_variant_1_PlayBack_Data;hierarchy_depth_0;num_lines_1;num_inputs_0;num_outputs_1;ul_635_130;lr_785_160;rul_175_7;rlr_55_-7
C:\svns\simucomp2\models\\./raqun/family_1_variant_1_PlayBack_Data.slx,738546.75093005783856,Gain1,name_Gain1;type_Gain;parent_name_family_1_variant_1_PlayBack_Data;hierarchy_depth_0;num_lines_2;num_inputs_1;num_outputs_1;ul_810_137;lr_840_153;rul_-175_-7;rlr_-55_7
C:\svns\simucomp2\models\\./raqun/family_1_variant_1_PlayBack_Data.slx,738546.75093005783856,In this scope the accelerometer valueshould be approximately 1 for 1 axis and 0 for theother 2 axis. The data was recorded with eachaxis perfectly aligned (ie: parallel) to gravity,name_In this scope the accelerometer valueshould be approximately 1 for 1 axis and 0 for theother 2 axis. The data was recorded with eachaxis perfectly aligned (ie: parallel) to gravity;type_Scope;parent_name_family_1_variant_1_PlayBack_Data;hierarchy_depth_0;num_lines_2;num_inputs_2;num_outputs_0;ul_1075_81;lr_1105_114;rul_-200_-14;rlr_-200_-16
C:\svns\simucomp2\models\\./raqun/family_1_variant_1_PlayBack_Data.slx,738546.75093006948009,Offset,name_Offset;type_Constant;parent_name_family_1_variant_1_PlayBack_Data;hierarchy_depth_0;num_lines_1;num_inputs_0;num_outputs_1;ul_635_70;lr_785_100;rul_155_-30;rlr_25_-40
C:\svns\simucomp2\models\\./raqun/family_1_variant_1_PlayBack_Data.slx,738546.75093006948009,Sum,name_Sum;type_Sum;parent_name_family_1_variant_1_PlayBack_Data;hierarchy_depth_0;num_lines_3;num_inputs_2;num_outputs_1;ul_790_40;lr_810_60;rul_-510_120;rlr_-340_190
C:\svns\simucomp2\models\\./raqun/family_1_variant_1_PlayBack_Data.slx,738546.75093006948009,Time Running Average,name_Time Running Average;type_DiscreteFir;parent_name_family_1_variant_1_PlayBack_Data;hierarchy_depth_0;num_lines_2;num_inputs_1;num_outputs_1;ul_535_306;lr_655_344;rul_-255_-146;rlr_-185_-94
C:\svns\simucomp2\models\\./raqun/family_1_variant_2_PlayBack_Data.slx,738546.7509313657647,Accelerometer Neutral Gain and Offset,name_Accelerometer Neutral Gain and Offset;type_SubSystem;parent_name_family_1_variant_2_PlayBack_Data;hierarchy_depth_0;num_lines_4;num_inputs_1;num_outputs_1;ul_265_205;lr_455_295;rul_-210_25;rlr_-265_-25
C:\svns\simucomp2\models\\./raqun/family_1_variant_2_PlayBack_Data.slx,738546.7509313657647,Raw Accel Data,name_Raw Accel Data;type_Inport;parent_name_Accelerometer Neutral Gain and Offset;hierarchy_depth_1;num_lines_1;num_inputs_0;num_outputs_1;ul_20_243;lr_50_257;rul_115_-3;rlr_125_3
C:\svns\simucomp2\models\\./raqun/family_1_variant_2_PlayBack_Data.slx,738546.7509313657647,Bias,name_Bias;type_Constant;parent_name_Accelerometer Neutral Gain and Offset;hierarchy_depth_1;num_lines_3;num_inputs_0;num_outputs_1;ul_135_361;lr_270_389;rul_245_-71;rlr_130_-79
C:\svns\simucomp2\models\\./raqun/family_1_variant_2_PlayBack_Data.slx,738546.7509313657647,Data Type Conversion,name_Data Type Conversion;type_DataTypeConversion;parent_name_Accelerometer Neutral Gain and Offset;hierarchy_depth_1;num_lines_2;num_inputs_1;num_outputs_1;ul_135_240;lr_175_260;rul_-115_3;rlr_-125_-3
C:\svns\simucomp2\models\\./raqun/family_1_variant_2_PlayBack_Data.slx,738546.75093137728982,Demux,name_Demux;type_Demux;parent_name_Accelerometer Neutral Gain and Offset;hierarchy_depth_1;num_lines_4;num_inputs_1;num_outputs_3;ul_285_175;lr_290_325;rul_-150_65;rlr_-115_-65
C:\svns\simucomp2\models\\./raqun/family_1_variant_2_PlayBack_Data.slx,738546.75093137728982,Gain Sensitvity,name_Gain Sensitvity;type_Gain;parent_name_Accelerometer Neutral Gain and Offset;hierarchy_depth_1;num_lines_2;num_inputs_1;num_outputs_1;ul_675_226;lr_770_274;rul_-135_14;rlr_-210_-14
C:\svns\simucomp2\models\\./raqun/family_1_variant_2_PlayBack_Data.slx,738546.75093137728982,Mux,name_Mux;type_Mux;parent_name_Accelerometer Neutral Gain and Offset;hierarchy_depth_1;num_lines_4;num_inputs_3;num_outputs_1;ul_450_175;lr_455_325;rul_-70_15;rlr_-55_-115
C:\svns\simucomp2\models\\./raqun/family_1_variant_2_PlayBack_Data.slx,738546.75093137728982,Neutral Bias,name_Neutral Bias;type_Constant;parent_name_Accelerometer Neutral Gain and Offset;hierarchy_depth_1;num_lines_1;num_inputs_0;num_outputs_1;ul_135_428;lr_270_462;rul_405_-188;rlr_290_-202
C:\svns\simucomp2\models\\./raqun/family_1_variant_2_PlayBack_Data.slx,738546.75093137728982,Sum,name_Sum;type_Sum;parent_name_Accelerometer Neutral Gain and Offset;hierarchy_depth_1;num_lines_3;num_inputs_2;num_outputs_1;ul_380_240;lr_400_260;rul_-95_-65;rlr_-110_65
C:\svns\simucomp2\models\\./raqun/family_1_variant_2_PlayBack_Data.slx,738546.75093138893135,Sum1,name_Sum1;type_Sum;parent_name_Accelerometer Neutral Gain and Offset;hierarchy_depth_1;num_lines_3;num_inputs_2;num_outputs_1;ul_540_240;lr_560_260;rul_-90_-65;rlr_-105_65
C:\svns\simucomp2\models\\./raqun/family_1_variant_2_PlayBack_Data.slx,738546.75093138893135,Sum2,name_Sum2;type_Sum;parent_name_Accelerometer Neutral Gain and Offset;hierarchy_depth_1;num_lines_3;num_inputs_2;num_outputs_1;ul_380_290;lr_400_310;rul_-95_-115;rlr_-110_15
C:\svns\simucomp2\models\\./raqun/family_1_variant_2_PlayBack_Data.slx,738546.75093138893135,Sum3,name_Sum3;type_Sum;parent_name_Accelerometer Neutral Gain and Offset;hierarchy_depth_1;num_lines_3;num_inputs_2;num_outputs_1;ul_380_190;lr_400_210;rul_-95_-15;rlr_-110_115
C:\svns\simucomp2\models\\./raqun/family_1_variant_2_PlayBack_Data.slx,738546.75093138893135,Processed Accel Data,name_Processed Accel Data;type_Outport;parent_name_Accelerometer Neutral Gain and Offset;hierarchy_depth_1;num_lines_1;num_inputs_1;num_outputs_0;ul_790_243;lr_820_257;rul_-115_-17;rlr_-50_17
C:\svns\simucomp2\models\\./raqun/family_1_variant_2_PlayBack_Data.slx,738546.75093140045647,Average Value,name_Average Value;type_Display;parent_name_family_1_variant_2_PlayBack_Data;hierarchy_depth_0;num_lines_1;num_inputs_1;num_outputs_0;ul_865_360;lr_1085_400;rul_-180_1;rlr_-280_-1
C:\svns\simucomp2\models\\./raqun/family_1_variant_2_PlayBack_Data.slx,738546.75093140045647,Divide1,name_Divide1;type_Product;parent_name_family_1_variant_2_PlayBack_Data;hierarchy_depth_0;num_lines_3;num_inputs_2;num_outputs_1;ul_875_78;lr_900_142;rul_-85_7;rlr_-90_-37
C:\svns\simucomp2\models\\./raqun/family_1_variant_2_PlayBack_Data.slx,738546.75093140045647,From Workspace,name_From Workspace;type_FromWorkspace;parent_name_family_1_variant_2_PlayBack_Data;hierarchy_depth_0;num_lines_1;num_inputs_0;num_outputs_1;ul_55_230;lr_190_270;rul_210_-25;rlr_265_25
C:\svns\simucomp2\models\\./raqun/family_1_variant_2_PlayBack_Data.slx,738546.75093140045647,Gain,name_Gain;type_Constant;parent_name_family_1_variant_2_PlayBack_Data;hierarchy_depth_0;num_lines_1;num_inputs_0;num_outputs_1;ul_550_110;lr_760_140;rul_240_2;rlr_60_-2
C:\svns\simucomp2\models\\./raqun/family_1_variant_2_PlayBack_Data.slx,738546.75093140045647,Gain1,name_Gain1;type_Gain;parent_name_family_1_variant_2_PlayBack_Data;hierarchy_depth_0;num_lines_2;num_inputs_1;num_outputs_1;ul_790_112;lr_820_138;rul_-240_-2;rlr_-60_2
C:\svns\simucomp2\models\\./raqun/family_1_variant_2_PlayBack_Data.slx,738546.75093141198158,In this scope the accelerometer valueshould be approximately 1 for 1 axis and 0 for theother 2 axis. The data was recorded with eachaxis perfectly aligned (ie: parallel) to gravity,name_In this scope the accelerometer valueshould be approximately 1 for 1 axis and 0 for theother 2 axis. The data was recorded with eachaxis perfectly aligned (ie: parallel) to gravity;type_Scope;parent_name_family_1_variant_2_PlayBack_Data;hierarchy_depth_0;num_lines_2;num_inputs_2;num_outputs_0;ul_1055_75;lr_1150_215;rul_-180_3;rlr_-250_-73
C:\svns\simucomp2\models\\./raqun/family_1_variant_2_PlayBack_Data.slx,738546.75093141198158,Offset,name_Offset;type_Constant;parent_name_family_1_variant_2_PlayBack_Data;hierarchy_depth_0;num_lines_1;num_inputs_0;num_outputs_1;ul_550_45;lr_755_75;rul_240_40;rlr_55_30
C:\svns\simucomp2\models\\./raqun/family_1_variant_2_PlayBack_Data.slx,738546.75093141198158,Sum,name_Sum;type_Sum;parent_name_family_1_variant_2_PlayBack_Data;hierarchy_depth_0;num_lines_3;num_inputs_2;num_outputs_1;ul_790_85;lr_810_105;rul_-240_-40;rlr_-55_-30
C:\svns\simucomp2\models\\./raqun/family_1_variant_2_PlayBack_Data.slx,738546.75093141198158,Time Running Average,name_Time Running Average;type_DiscreteFir;parent_name_family_1_variant_2_PlayBack_Data;hierarchy_depth_0;num_lines_2;num_inputs_1;num_outputs_1;ul_685_361;lr_805_399;rul_-420_-156;rlr_-350_-104
