C:\svns\simucomp2\models\\./raqun/family_26_variant_1_sensor_msgs.slx,738546.75141444441397,Publish JointState,name_Publish JointState;type_S-Function;parent_name_family_26_variant_1_sensor_msgs;hierarchy_depth_0;num_lines_3;num_inputs_3;num_outputs_0;ul_345_310;lr_620_460;rul_0_0;rlr_0_0
C:\svns\simucomp2\models\\./raqun/family_26_variant_1_sensor_msgs.slx,738546.75141444441397,Publish Joystick,name_Publish Joystick;type_S-Function;parent_name_family_26_variant_1_sensor_msgs;hierarchy_depth_0;num_lines_2;num_inputs_2;num_outputs_0;ul_535_145;lr_655_245;rul_0_0;rlr_0_0
C:\svns\simucomp2\models\\./raqun/family_26_variant_1_sensor_msgs.slx,738546.7514144560555,Subscribe Image,name_Subscribe Image;type_S-Function;parent_name_family_26_variant_1_sensor_msgs;hierarchy_depth_0;num_lines_0;num_inputs_0;num_outputs_3;ul_680_505;lr_955_655;rul_0_0;rlr_0_0
C:\svns\simucomp2\models\\./raqun/family_26_variant_1_sensor_msgs.slx,738546.7514144560555,Subscribe JointState,name_Subscribe JointState;type_S-Function;parent_name_family_26_variant_1_sensor_msgs;hierarchy_depth_0;num_lines_0;num_inputs_0;num_outputs_4;ul_680_313;lr_955_462;rul_0_0;rlr_0_0
C:\svns\simucomp2\models\\./raqun/family_26_variant_1_sensor_msgs.slx,738546.7514144560555,Subscribe Joystick,name_Subscribe Joystick;type_S-Function;parent_name_family_26_variant_1_sensor_msgs;hierarchy_depth_0;num_lines_0;num_inputs_0;num_outputs_3;ul_745_129;lr_930_261;rul_0_0;rlr_0_0
C:\svns\simucomp2\models\\./raqun/family_26_variant_2_sensor_msgs.slx,738546.75141526618972,Publish JointState,name_Publish JointState;type_S-Function;parent_name_family_26_variant_2_sensor_msgs;hierarchy_depth_0;num_lines_3;num_inputs_3;num_outputs_0;ul_345_310;lr_620_460;rul_0_0;rlr_0_0
C:\svns\simucomp2\models\\./raqun/family_26_variant_2_sensor_msgs.slx,738546.75141527783126,Publish Joystick,name_Publish Joystick;type_S-Function;parent_name_family_26_variant_2_sensor_msgs;hierarchy_depth_0;num_lines_2;num_inputs_2;num_outputs_0;ul_535_145;lr_655_245;rul_0_0;rlr_0_0
C:\svns\simucomp2\models\\./raqun/family_26_variant_2_sensor_msgs.slx,738546.75141527783126,S-Function,name_S-Function;type_S-Function;parent_name_family_26_variant_2_sensor_msgs;hierarchy_depth_0;num_lines_1;num_inputs_1;num_outputs_0;ul_465_727;lr_620_813;rul_0_0;rlr_0_0
C:\svns\simucomp2\models\\./raqun/family_26_variant_2_sensor_msgs.slx,738546.75141527783126,Subscribe Image,name_Subscribe Image;type_S-Function;parent_name_family_26_variant_2_sensor_msgs;hierarchy_depth_0;num_lines_0;num_inputs_0;num_outputs_3;ul_680_505;lr_955_655;rul_0_0;rlr_0_0
C:\svns\simucomp2\models\\./raqun/family_26_variant_2_sensor_msgs.slx,738546.75141527783126,Subscribe JointState,name_Subscribe JointState;type_S-Function;parent_name_family_26_variant_2_sensor_msgs;hierarchy_depth_0;num_lines_0;num_inputs_0;num_outputs_4;ul_680_313;lr_955_462;rul_0_0;rlr_0_0
C:\svns\simucomp2\models\\./raqun/family_26_variant_2_sensor_msgs.slx,738546.75141527783126,Subscribe Joystick,name_Subscribe Joystick;type_S-Function;parent_name_family_26_variant_2_sensor_msgs;hierarchy_depth_0;num_lines_0;num_inputs_0;num_outputs_3;ul_745_129;lr_930_261;rul_0_0;rlr_0_0
