C:\svns\simucomp2\models\\./raqun/family_14_variant_1_getting_started_test_sfunction.mdl,738546.75103575235698,Controls,name_Controls;type_Scope;parent_name_family_14_variant_1_getting_started_test_sfunction;hierarchy_depth_0;num_lines_1;num_inputs_1;num_outputs_0;ul_920_139;lr_950_171;rul_-320_-91;rlr_-205_-74
C:\svns\simucomp2\models\\./raqun/family_14_variant_1_getting_started_test_sfunction.mdl,738546.75103575235698,Demux,name_Demux;type_Demux;parent_name_family_14_variant_1_getting_started_test_sfunction;hierarchy_depth_0;num_lines_5;num_inputs_1;num_outputs_4;ul_830_18;lr_835_102;rul_-230_30;rlr_-90_-5
C:\svns\simucomp2\models\\./raqun/family_14_variant_1_getting_started_test_sfunction.mdl,738546.75103575235698,MPC test,name_MPC test;type_SubSystem;parent_name_family_14_variant_1_getting_started_test_sfunction;hierarchy_depth_0;num_lines_2;num_inputs_1;num_outputs_1;ul_35_50;lr_180_100;rul_335_88;rlr_225_72
C:\svns\simucomp2\models\\./raqun/family_14_variant_1_getting_started_test_sfunction.mdl,738546.7510357638821,mpcOutput,name_mpcOutput;type_Inport;parent_name_MPC test;hierarchy_depth_1;num_lines_1;num_inputs_0;num_outputs_1;ul_20_101;lr_40_119;rul_160_-1;rlr_190_41
C:\svns\simucomp2\models\\./raqun/family_14_variant_1_getting_started_test_sfunction.mdl,738546.7510357638821, Demux ,name_ Demux ;type_Demux;parent_name_MPC test;hierarchy_depth_1;num_lines_2;num_inputs_1;num_outputs_1;ul_270_230;lr_320_270;rul_-90_-130;rlr_-90_-110
C:\svns\simucomp2\models\\./raqun/family_14_variant_1_getting_started_test_sfunction.mdl,738546.7510357638821, SFunction ,name_ SFunction ;type_S-Function;parent_name_MPC test;hierarchy_depth_1;num_lines_3;num_inputs_1;num_outputs_2;ul_180_100;lr_230_160;rul_-160_1;rlr_-190_-41
C:\svns\simucomp2\models\\./raqun/family_14_variant_1_getting_started_test_sfunction.mdl,738546.7510357638821, Terminator ,name_ Terminator ;type_Terminator;parent_name_MPC test;hierarchy_depth_1;num_lines_1;num_inputs_1;num_outputs_0;ul_460_241;lr_480_259;rul_-190_-11;rlr_-160_11
C:\svns\simucomp2\models\\./raqun/family_14_variant_1_getting_started_test_sfunction.mdl,738546.7510357638821,mpcInput,name_mpcInput;type_Outport;parent_name_MPC test;hierarchy_depth_1;num_lines_1;num_inputs_1;num_outputs_0;ul_460_101;lr_480_119;rul_-280_-1;rlr_-250_41
C:\svns\simucomp2\models\\./raqun/family_14_variant_1_getting_started_test_sfunction.mdl,738546.75103577540722,Post-processing,name_Post-processing;type_SubSystem;parent_name_family_14_variant_1_getting_started_test_sfunction;hierarchy_depth_0;num_lines_3;num_inputs_1;num_outputs_2;ul_600_48;lr_745_97;rul_-370_12;rlr_-200_-7
C:\svns\simucomp2\models\\./raqun/family_14_variant_1_getting_started_test_sfunction.mdl,738546.75103577540722,mpcOutput,name_mpcOutput;type_Inport;parent_name_Post-processing;hierarchy_depth_1;num_lines_1;num_inputs_0;num_outputs_1;ul_20_101;lr_40_119;rul_160_-1;rlr_190_61
C:\svns\simucomp2\models\\./raqun/family_14_variant_1_getting_started_test_sfunction.mdl,738546.75103577540722, Demux ,name_ Demux ;type_Demux;parent_name_Post-processing;hierarchy_depth_1;num_lines_2;num_inputs_1;num_outputs_1;ul_270_230;lr_320_270;rul_-90_-130;rlr_-90_-90
C:\svns\simucomp2\models\\./raqun/family_14_variant_1_getting_started_test_sfunction.mdl,738546.75103577540722, SFunction ,name_ SFunction ;type_S-Function;parent_name_Post-processing;hierarchy_depth_1;num_lines_4;num_inputs_1;num_outputs_3;ul_180_100;lr_230_180;rul_-160_1;rlr_-190_-61
C:\svns\simucomp2\models\\./raqun/family_14_variant_1_getting_started_test_sfunction.mdl,738546.75103577540722, Terminator ,name_ Terminator ;type_Terminator;parent_name_Post-processing;hierarchy_depth_1;num_lines_1;num_inputs_1;num_outputs_0;ul_460_241;lr_480_259;rul_-190_-11;rlr_-160_11
C:\svns\simucomp2\models\\./raqun/family_14_variant_1_getting_started_test_sfunction.mdl,738546.75103577540722,state,name_state;type_Outport;parent_name_Post-processing;hierarchy_depth_1;num_lines_1;num_inputs_1;num_outputs_0;ul_460_101;lr_480_119;rul_-280_-1;rlr_-250_61
C:\svns\simucomp2\models\\./raqun/family_14_variant_1_getting_started_test_sfunction.mdl,738546.75103578704875,control,name_control;type_Outport;parent_name_Post-processing;hierarchy_depth_1;num_lines_1;num_inputs_1;num_outputs_0;ul_460_136;lr_480_154;rul_-280_-36;rlr_-250_26
C:\svns\simucomp2\models\\./raqun/family_14_variant_1_getting_started_test_sfunction.mdl,738546.75103578704875,States,name_States;type_Scope;parent_name_family_14_variant_1_getting_started_test_sfunction;hierarchy_depth_0;num_lines_4;num_inputs_4;num_outputs_0;ul_920_21;lr_955_99;rul_-90_-3;rlr_-120_3
C:\svns\simucomp2\models\\./raqun/family_14_variant_1_getting_started_test_sfunction.mdl,738546.75103578704875,Unit Delay,name_Unit Delay;type_UnitDelay;parent_name_family_14_variant_1_getting_started_test_sfunction;hierarchy_depth_0;num_lines_2;num_inputs_1;num_outputs_1;ul_370_138;lr_405_172;rul_-140_-78;rlr_140_-82
C:\svns\simucomp2\models\\./raqun/family_14_variant_1_getting_started_test_sfunction.mdl,738546.75103578704875,acado_solver_sfun,name_acado_solver_sfun;type_S-Function;parent_name_family_14_variant_1_getting_started_test_sfunction;hierarchy_depth_0;num_lines_3;num_inputs_1;num_outputs_1;ul_230_60;lr_545_90;rul_-195_-10;rlr_-365_10
C:\svns\simucomp2\models\\./raqun/family_14_variant_2_getting_started_test_sfunction.mdl,738546.75103733793367,Controls,name_Controls;type_Scope;parent_name_family_14_variant_2_getting_started_test_sfunction;hierarchy_depth_0;num_lines_1;num_inputs_1;num_outputs_0;ul_920_139;lr_950_171;rul_-320_-91;rlr_-205_-74
C:\svns\simucomp2\models\\./raqun/family_14_variant_2_getting_started_test_sfunction.mdl,738546.75103733793367,Demux,name_Demux;type_Demux;parent_name_family_14_variant_2_getting_started_test_sfunction;hierarchy_depth_0;num_lines_5;num_inputs_1;num_outputs_4;ul_830_18;lr_835_102;rul_-230_30;rlr_-90_-5
C:\svns\simucomp2\models\\./raqun/family_14_variant_2_getting_started_test_sfunction.mdl,738546.75103733793367,MPC test,name_MPC test;type_SubSystem;parent_name_family_14_variant_2_getting_started_test_sfunction;hierarchy_depth_0;num_lines_2;num_inputs_1;num_outputs_1;ul_35_50;lr_180_100;rul_335_88;rlr_225_72
C:\svns\simucomp2\models\\./raqun/family_14_variant_2_getting_started_test_sfunction.mdl,738546.7510373495752,mpcOutput,name_mpcOutput;type_Inport;parent_name_MPC test;hierarchy_depth_1;num_lines_1;num_inputs_0;num_outputs_1;ul_20_101;lr_40_119;rul_160_-1;rlr_190_41
C:\svns\simucomp2\models\\./raqun/family_14_variant_2_getting_started_test_sfunction.mdl,738546.7510373495752, Demux ,name_ Demux ;type_Demux;parent_name_MPC test;hierarchy_depth_1;num_lines_2;num_inputs_1;num_outputs_1;ul_270_230;lr_320_270;rul_-90_-130;rlr_-90_-110
C:\svns\simucomp2\models\\./raqun/family_14_variant_2_getting_started_test_sfunction.mdl,738546.7510373495752, SFunction ,name_ SFunction ;type_S-Function;parent_name_MPC test;hierarchy_depth_1;num_lines_3;num_inputs_1;num_outputs_2;ul_180_100;lr_230_160;rul_-160_1;rlr_-190_-41
C:\svns\simucomp2\models\\./raqun/family_14_variant_2_getting_started_test_sfunction.mdl,738546.7510373495752, Terminator ,name_ Terminator ;type_Terminator;parent_name_MPC test;hierarchy_depth_1;num_lines_1;num_inputs_1;num_outputs_0;ul_460_241;lr_480_259;rul_-190_-11;rlr_-160_11
C:\svns\simucomp2\models\\./raqun/family_14_variant_2_getting_started_test_sfunction.mdl,738546.7510373495752,mpcInput,name_mpcInput;type_Outport;parent_name_MPC test;hierarchy_depth_1;num_lines_1;num_inputs_1;num_outputs_0;ul_460_101;lr_480_119;rul_-280_-1;rlr_-250_41
C:\svns\simucomp2\models\\./raqun/family_14_variant_2_getting_started_test_sfunction.mdl,738546.7510373495752,Post-processing,name_Post-processing;type_SubSystem;parent_name_family_14_variant_2_getting_started_test_sfunction;hierarchy_depth_0;num_lines_3;num_inputs_1;num_outputs_2;ul_600_48;lr_745_97;rul_-370_12;rlr_-200_-7
C:\svns\simucomp2\models\\./raqun/family_14_variant_2_getting_started_test_sfunction.mdl,738546.75103736110032,mpcOutput,name_mpcOutput;type_Inport;parent_name_Post-processing;hierarchy_depth_1;num_lines_1;num_inputs_0;num_outputs_1;ul_20_101;lr_40_119;rul_160_-1;rlr_190_61
C:\svns\simucomp2\models\\./raqun/family_14_variant_2_getting_started_test_sfunction.mdl,738546.75103736110032, Demux ,name_ Demux ;type_Demux;parent_name_Post-processing;hierarchy_depth_1;num_lines_2;num_inputs_1;num_outputs_1;ul_270_230;lr_320_270;rul_-90_-130;rlr_-90_-90
C:\svns\simucomp2\models\\./raqun/family_14_variant_2_getting_started_test_sfunction.mdl,738546.75103736110032, SFunction ,name_ SFunction ;type_S-Function;parent_name_Post-processing;hierarchy_depth_1;num_lines_4;num_inputs_1;num_outputs_3;ul_180_100;lr_230_180;rul_-160_1;rlr_-190_-61
C:\svns\simucomp2\models\\./raqun/family_14_variant_2_getting_started_test_sfunction.mdl,738546.75103736110032, Terminator ,name_ Terminator ;type_Terminator;parent_name_Post-processing;hierarchy_depth_1;num_lines_1;num_inputs_1;num_outputs_0;ul_460_241;lr_480_259;rul_-190_-11;rlr_-160_11
C:\svns\simucomp2\models\\./raqun/family_14_variant_2_getting_started_test_sfunction.mdl,738546.75103736110032,state,name_state;type_Outport;parent_name_Post-processing;hierarchy_depth_1;num_lines_1;num_inputs_1;num_outputs_0;ul_460_101;lr_480_119;rul_-280_-1;rlr_-250_61
C:\svns\simucomp2\models\\./raqun/family_14_variant_2_getting_started_test_sfunction.mdl,738546.75103736110032,control,name_control;type_Outport;parent_name_Post-processing;hierarchy_depth_1;num_lines_1;num_inputs_1;num_outputs_0;ul_460_136;lr_480_154;rul_-280_-36;rlr_-250_26
C:\svns\simucomp2\models\\./raqun/family_14_variant_2_getting_started_test_sfunction.mdl,738546.75103737274185,States,name_States;type_Scope;parent_name_family_14_variant_2_getting_started_test_sfunction;hierarchy_depth_0;num_lines_4;num_inputs_4;num_outputs_0;ul_920_21;lr_955_99;rul_-90_-3;rlr_-120_3
C:\svns\simucomp2\models\\./raqun/family_14_variant_2_getting_started_test_sfunction.mdl,738546.75103737274185,Unit Delay,name_Unit Delay;type_UnitDelay;parent_name_family_14_variant_2_getting_started_test_sfunction;hierarchy_depth_0;num_lines_2;num_inputs_1;num_outputs_1;ul_370_138;lr_405_172;rul_-140_-78;rlr_140_-82
C:\svns\simucomp2\models\\./raqun/family_14_variant_2_getting_started_test_sfunction.mdl,738546.75103737274185,acado_solver_sfun,name_acado_solver_sfun;type_S-Function;parent_name_family_14_variant_2_getting_started_test_sfunction;hierarchy_depth_0;num_lines_3;num_inputs_1;num_outputs_1;ul_230_60;lr_545_90;rul_-195_-10;rlr_-365_10
