C:\svns\simucomp2\models\\./raqun/family_25_variant_1_geometry_msgs.slx,738546.7514123726869,Publish PointStamped,name_Publish PointStamped;type_S-Function;parent_name_family_25_variant_1_geometry_msgs;hierarchy_depth_0;num_lines_1;num_inputs_1;num_outputs_0;ul_25_531;lr_300_649;rul_0_0;rlr_0_0
C:\svns\simucomp2\models\\./raqun/family_25_variant_1_geometry_msgs.slx,738546.7514123726869,Publish PoseStamped,name_Publish PoseStamped;type_S-Function;parent_name_family_25_variant_1_geometry_msgs;hierarchy_depth_0;num_lines_2;num_inputs_2;num_outputs_0;ul_20_338;lr_295_487;rul_0_0;rlr_0_0
C:\svns\simucomp2\models\\./raqun/family_25_variant_1_geometry_msgs.slx,738546.75141238421202,Publish TransformStamped,name_Publish TransformStamped;type_S-Function;parent_name_family_25_variant_1_geometry_msgs;hierarchy_depth_0;num_lines_2;num_inputs_2;num_outputs_0;ul_25_673;lr_300_822;rul_0_0;rlr_0_0
C:\svns\simucomp2\models\\./raqun/family_25_variant_1_geometry_msgs.slx,738546.75141238421202,Publish TwistStamped,name_Publish TwistStamped;type_S-Function;parent_name_family_25_variant_1_geometry_msgs;hierarchy_depth_0;num_lines_2;num_inputs_2;num_outputs_0;ul_25_893;lr_300_1042;rul_0_0;rlr_0_0
C:\svns\simucomp2\models\\./raqun/family_25_variant_1_geometry_msgs.slx,738546.75141238421202,Publish Vector3Stamped,name_Publish Vector3Stamped;type_S-Function;parent_name_family_25_variant_1_geometry_msgs;hierarchy_depth_0;num_lines_1;num_inputs_1;num_outputs_0;ul_25_1081;lr_300_1199;rul_0_0;rlr_0_0
C:\svns\simucomp2\models\\./raqun/family_25_variant_1_geometry_msgs.slx,738546.75141238421202,Subscribe PointStamped,name_Subscribe PointStamped;type_S-Function;parent_name_family_25_variant_1_geometry_msgs;hierarchy_depth_0;num_lines_0;num_inputs_0;num_outputs_2;ul_360_530;lr_635_650;rul_0_0;rlr_0_0
C:\svns\simucomp2\models\\./raqun/family_25_variant_1_geometry_msgs.slx,738546.75141238421202,Subscribe PoseStamped,name_Subscribe PoseStamped;type_S-Function;parent_name_family_25_variant_1_geometry_msgs;hierarchy_depth_0;num_lines_0;num_inputs_0;num_outputs_3;ul_360_336;lr_635_484;rul_0_0;rlr_0_0
C:\svns\simucomp2\models\\./raqun/family_25_variant_1_geometry_msgs.slx,738546.75141238421202,Subscribe TransformStamped,name_Subscribe TransformStamped;type_S-Function;parent_name_family_25_variant_1_geometry_msgs;hierarchy_depth_0;num_lines_0;num_inputs_0;num_outputs_3;ul_360_671;lr_635_819;rul_0_0;rlr_0_0
C:\svns\simucomp2\models\\./raqun/family_25_variant_1_geometry_msgs.slx,738546.75141239585355,Subscribe TwistStamped,name_Subscribe TwistStamped;type_S-Function;parent_name_family_25_variant_1_geometry_msgs;hierarchy_depth_0;num_lines_0;num_inputs_0;num_outputs_3;ul_360_891;lr_635_1039;rul_0_0;rlr_0_0
C:\svns\simucomp2\models\\./raqun/family_25_variant_1_geometry_msgs.slx,738546.75141239585355,Subscribe TwistStamped1,name_Subscribe TwistStamped1;type_S-Function;parent_name_family_25_variant_1_geometry_msgs;hierarchy_depth_0;num_lines_0;num_inputs_0;num_outputs_3;ul_360_1241;lr_635_1389;rul_0_0;rlr_0_0
C:\svns\simucomp2\models\\./raqun/family_25_variant_1_geometry_msgs.slx,738546.75141239585355,Subscribe Vector3Stamped,name_Subscribe Vector3Stamped;type_S-Function;parent_name_family_25_variant_1_geometry_msgs;hierarchy_depth_0;num_lines_0;num_inputs_0;num_outputs_2;ul_360_1080;lr_635_1200;rul_0_0;rlr_0_0
C:\svns\simucomp2\models\\./raqun/family_25_variant_2_geometry_msgs.slx,738546.75141344906297,Publish PointStamped,name_Publish PointStamped;type_S-Function;parent_name_family_25_variant_2_geometry_msgs;hierarchy_depth_0;num_lines_1;num_inputs_1;num_outputs_0;ul_25_516;lr_300_664;rul_0_0;rlr_0_0
C:\svns\simucomp2\models\\./raqun/family_25_variant_2_geometry_msgs.slx,738546.75141344906297,Publish PolygonStamped,name_Publish PolygonStamped;type_S-Function;parent_name_family_25_variant_2_geometry_msgs;hierarchy_depth_0;num_lines_1;num_inputs_1;num_outputs_0;ul_40_1416;lr_315_1564;rul_0_0;rlr_0_0
C:\svns\simucomp2\models\\./raqun/family_25_variant_2_geometry_msgs.slx,738546.7514134607045,Publish PoseStamped,name_Publish PoseStamped;type_S-Function;parent_name_family_25_variant_2_geometry_msgs;hierarchy_depth_0;num_lines_2;num_inputs_2;num_outputs_0;ul_20_338;lr_295_487;rul_0_0;rlr_0_0
C:\svns\simucomp2\models\\./raqun/family_25_variant_2_geometry_msgs.slx,738546.7514134607045,Publish TransformStamped,name_Publish TransformStamped;type_S-Function;parent_name_family_25_variant_2_geometry_msgs;hierarchy_depth_0;num_lines_2;num_inputs_2;num_outputs_0;ul_25_673;lr_300_822;rul_0_0;rlr_0_0
C:\svns\simucomp2\models\\./raqun/family_25_variant_2_geometry_msgs.slx,738546.7514134607045,Publish TwistStamped,name_Publish TwistStamped;type_S-Function;parent_name_family_25_variant_2_geometry_msgs;hierarchy_depth_0;num_lines_2;num_inputs_2;num_outputs_0;ul_25_893;lr_300_1042;rul_0_0;rlr_0_0
C:\svns\simucomp2\models\\./raqun/family_25_variant_2_geometry_msgs.slx,738546.7514134607045,Publish Vector3Stamped,name_Publish Vector3Stamped;type_S-Function;parent_name_family_25_variant_2_geometry_msgs;hierarchy_depth_0;num_lines_1;num_inputs_1;num_outputs_0;ul_25_1066;lr_300_1214;rul_0_0;rlr_0_0
C:\svns\simucomp2\models\\./raqun/family_25_variant_2_geometry_msgs.slx,738546.7514134607045,Subscribe PointStamped,name_Subscribe PointStamped;type_S-Function;parent_name_family_25_variant_2_geometry_msgs;hierarchy_depth_0;num_lines_0;num_inputs_0;num_outputs_2;ul_360_518;lr_635_667;rul_0_0;rlr_0_0
C:\svns\simucomp2\models\\./raqun/family_25_variant_2_geometry_msgs.slx,738546.75141347222961,Subscribe PoseStamped,name_Subscribe PoseStamped;type_S-Function;parent_name_family_25_variant_2_geometry_msgs;hierarchy_depth_0;num_lines_0;num_inputs_0;num_outputs_3;ul_360_336;lr_635_484;rul_0_0;rlr_0_0
C:\svns\simucomp2\models\\./raqun/family_25_variant_2_geometry_msgs.slx,738546.75141347222961,Subscribe TransformStamped,name_Subscribe TransformStamped;type_S-Function;parent_name_family_25_variant_2_geometry_msgs;hierarchy_depth_0;num_lines_0;num_inputs_0;num_outputs_3;ul_360_671;lr_635_819;rul_0_0;rlr_0_0
C:\svns\simucomp2\models\\./raqun/family_25_variant_2_geometry_msgs.slx,738546.75141347222961,Subscribe TwistStamped,name_Subscribe TwistStamped;type_S-Function;parent_name_family_25_variant_2_geometry_msgs;hierarchy_depth_0;num_lines_0;num_inputs_0;num_outputs_3;ul_360_891;lr_635_1039;rul_0_0;rlr_0_0
C:\svns\simucomp2\models\\./raqun/family_25_variant_2_geometry_msgs.slx,738546.75141347222961,Subscribe Vector3Stamped,name_Subscribe Vector3Stamped;type_S-Function;parent_name_family_25_variant_2_geometry_msgs;hierarchy_depth_0;num_lines_0;num_inputs_0;num_outputs_2;ul_360_1068;lr_635_1217;rul_0_0;rlr_0_0
C:\svns\simucomp2\models\\./raqun/family_25_variant_2_geometry_msgs.slx,738546.75141347222961,Subscribe WrenchStamped,name_Subscribe WrenchStamped;type_S-Function;parent_name_family_25_variant_2_geometry_msgs;hierarchy_depth_0;num_lines_0;num_inputs_0;num_outputs_3;ul_360_1241;lr_635_1389;rul_0_0;rlr_0_0
