C:\svns\simucomp2\models\\./raqun/family_19_variant_1_robot_drivers.slx,738546.75104870367795,Arduino_DUE,name_Arduino_DUE;type_SubSystem;parent_name_family_19_variant_1_robot_drivers;hierarchy_depth_0;num_lines_0;num_inputs_0;num_outputs_0;ul_45_44;lr_205_176;rul_0_0;rlr_0_0
C:\svns\simucomp2\models\\./raqun/family_19_variant_1_robot_drivers.slx,738546.75104870367795,DigitalInput,name_DigitalInput;type_S-Function;parent_name_Arduino_DUE;hierarchy_depth_1;num_lines_0;num_inputs_0;num_outputs_1;ul_95_170;lr_235_230;rul_0_0;rlr_0_0
C:\svns\simucomp2\models\\./raqun/family_19_variant_1_robot_drivers.slx,738546.75104870367795,Encoder,name_Encoder;type_SubSystem;parent_name_Arduino_DUE;hierarchy_depth_1;num_lines_0;num_inputs_0;num_outputs_1;ul_100_275;lr_245_335;rul_0_0;rlr_0_0
C:\svns\simucomp2\models\\./raqun/family_19_variant_1_robot_drivers.slx,738546.75104870367795,Encoder,name_Encoder;type_S-Function;parent_name_Encoder;hierarchy_depth_2;num_lines_1;num_inputs_0;num_outputs_1;ul_20_20;lr_160_80;rul_175_15;rlr_70_-15
C:\svns\simucomp2\models\\./raqun/family_19_variant_1_robot_drivers.slx,738546.75104870367795,Zero-OrderHold,name_Zero-OrderHold;type_ZeroOrderHold;parent_name_Encoder;hierarchy_depth_2;num_lines_2;num_inputs_1;num_outputs_1;ul_195_35;lr_230_65;rul_-175_-15;rlr_-70_15
C:\svns\simucomp2\models\\./raqun/family_19_variant_1_robot_drivers.slx,738546.75104871531948,Out1,name_Out1;type_Outport;parent_name_Encoder;hierarchy_depth_2;num_lines_1;num_inputs_1;num_outputs_0;ul_250_43;lr_280_57;rul_-55_-8;rlr_-50_8
C:\svns\simucomp2\models\\./raqun/family_19_variant_1_robot_drivers.slx,738546.75104871531948,PWM,name_PWM;type_S-Function;parent_name_Arduino_DUE;hierarchy_depth_1;num_lines_1;num_inputs_1;num_outputs_0;ul_95_65;lr_235_125;rul_0_0;rlr_0_0
C:\svns\simucomp2\models\\./raqun/family_19_variant_1_robot_drivers.slx,738546.75104871531948,arduino_I2CRead,name_arduino_I2CRead;type_S-Function;parent_name_Arduino_DUE;hierarchy_depth_1;num_lines_0;num_inputs_0;num_outputs_1;ul_115_377;lr_235_443;rul_0_0;rlr_0_0
C:\svns\simucomp2\models\\./raqun/family_19_variant_1_robot_drivers.slx,738546.75104871531948,Raspberry_PI,name_Raspberry_PI;type_SubSystem;parent_name_family_19_variant_1_robot_drivers;hierarchy_depth_0;num_lines_0;num_inputs_0;num_outputs_0;ul_295_44;lr_455_176;rul_0_0;rlr_0_0
C:\svns\simucomp2\models\\./raqun/family_19_variant_1_robot_drivers.slx,738546.75104871531948,I2C_send,name_I2C_send;type_S-Function;parent_name_Raspberry_PI;hierarchy_depth_1;num_lines_1;num_inputs_1;num_outputs_0;ul_80_202;lr_225_258;rul_0_0;rlr_0_0
C:\svns\simucomp2\models\\./raqun/family_19_variant_1_robot_drivers.slx,738546.75104871531948,UpdateCalibrationMatrixFile,name_UpdateCalibrationMatrixFile;type_SubSystem;parent_name_Raspberry_PI;hierarchy_depth_1;num_lines_1;num_inputs_1;num_outputs_0;ul_360_95;lr_485_155;rul_0_0;rlr_0_0
C:\svns\simucomp2\models\\./raqun/family_19_variant_1_robot_drivers.slx,738546.75104871531948,calibration_matrix,name_calibration_matrix;type_Inport;parent_name_UpdateCalibrationMatrixFile;hierarchy_depth_2;num_lines_1;num_inputs_0;num_outputs_1;ul_145_58;lr_175_72;rul_80_-5;rlr_80_5
C:\svns\simucomp2\models\\./raqun/family_19_variant_1_robot_drivers.slx,738546.7510487268446,Reshape,name_Reshape;type_Reshape;parent_name_UpdateCalibrationMatrixFile;hierarchy_depth_2;num_lines_2;num_inputs_1;num_outputs_1;ul_225_53;lr_255_77;rul_-80_5;rlr_-80_-5
C:\svns\simucomp2\models\\./raqun/family_19_variant_1_robot_drivers.slx,738546.7510487268446,WriteCalibration,name_WriteCalibration;type_S-Function;parent_name_UpdateCalibrationMatrixFile;hierarchy_depth_2;num_lines_1;num_inputs_1;num_outputs_0;ul_290_20;lr_390_110;rul_-65_33;rlr_-135_-33
C:\svns\simucomp2\models\\./raqun/family_19_variant_1_robot_drivers.slx,738546.7510487268446,UpdateCalibrationMatrixVar,name_UpdateCalibrationMatrixVar;type_SubSystem;parent_name_Raspberry_PI;hierarchy_depth_1;num_lines_0;num_inputs_0;num_outputs_1;ul_105_77;lr_225_133;rul_0_0;rlr_0_0
C:\svns\simucomp2\models\\./raqun/family_19_variant_1_robot_drivers.slx,738546.7510487268446,ReadCalibration,name_ReadCalibration;type_S-Function;parent_name_UpdateCalibrationMatrixVar;hierarchy_depth_2;num_lines_1;num_inputs_0;num_outputs_1;ul_20_20;lr_120_110;rul_150_33;rlr_80_-33
C:\svns\simucomp2\models\\./raqun/family_19_variant_1_robot_drivers.slx,738546.7510487268446,Reshape1,name_Reshape1;type_Reshape;parent_name_UpdateCalibrationMatrixVar;hierarchy_depth_2;num_lines_2;num_inputs_1;num_outputs_1;ul_170_53;lr_200_77;rul_-150_-33;rlr_-80_33
C:\svns\simucomp2\models\\./raqun/family_19_variant_1_robot_drivers.slx,738546.7510487268446,matrix,name_matrix;type_Outport;parent_name_UpdateCalibrationMatrixVar;hierarchy_depth_2;num_lines_1;num_inputs_1;num_outputs_0;ul_265_58;lr_295_72;rul_-95_-5;rlr_-95_5
C:\svns\simucomp2\models\\./raqun/family_19_variant_2_robot_drivers.slx,738546.75104980322067,Arduino_DUE,name_Arduino_DUE;type_SubSystem;parent_name_family_19_variant_2_robot_drivers;hierarchy_depth_0;num_lines_0;num_inputs_0;num_outputs_0;ul_45_44;lr_205_176;rul_0_0;rlr_0_0
C:\svns\simucomp2\models\\./raqun/family_19_variant_2_robot_drivers.slx,738546.75104980322067,DigitalInput,name_DigitalInput;type_S-Function;parent_name_Arduino_DUE;hierarchy_depth_1;num_lines_0;num_inputs_0;num_outputs_1;ul_95_170;lr_235_230;rul_0_0;rlr_0_0
C:\svns\simucomp2\models\\./raqun/family_19_variant_2_robot_drivers.slx,738546.75104980322067,Encoder,name_Encoder;type_SubSystem;parent_name_Arduino_DUE;hierarchy_depth_1;num_lines_0;num_inputs_0;num_outputs_1;ul_100_275;lr_245_335;rul_0_0;rlr_0_0
C:\svns\simucomp2\models\\./raqun/family_19_variant_2_robot_drivers.slx,738546.7510498148622,Encoder,name_Encoder;type_S-Function;parent_name_Encoder;hierarchy_depth_2;num_lines_1;num_inputs_0;num_outputs_1;ul_20_20;lr_160_80;rul_175_15;rlr_70_-15
C:\svns\simucomp2\models\\./raqun/family_19_variant_2_robot_drivers.slx,738546.7510498148622,Zero-OrderHold,name_Zero-OrderHold;type_ZeroOrderHold;parent_name_Encoder;hierarchy_depth_2;num_lines_2;num_inputs_1;num_outputs_1;ul_195_35;lr_230_65;rul_-175_-15;rlr_-70_15
C:\svns\simucomp2\models\\./raqun/family_19_variant_2_robot_drivers.slx,738546.7510498148622,Out1,name_Out1;type_Outport;parent_name_Encoder;hierarchy_depth_2;num_lines_1;num_inputs_1;num_outputs_0;ul_250_43;lr_280_57;rul_-55_-8;rlr_-50_8
C:\svns\simucomp2\models\\./raqun/family_19_variant_2_robot_drivers.slx,738546.7510498148622,PWM,name_PWM;type_S-Function;parent_name_Arduino_DUE;hierarchy_depth_1;num_lines_1;num_inputs_1;num_outputs_0;ul_95_65;lr_235_125;rul_0_0;rlr_0_0
C:\svns\simucomp2\models\\./raqun/family_19_variant_2_robot_drivers.slx,738546.7510498148622,arduino_I2CRead,name_arduino_I2CRead;type_S-Function;parent_name_Arduino_DUE;hierarchy_depth_1;num_lines_0;num_inputs_0;num_outputs_1;ul_115_377;lr_235_443;rul_0_0;rlr_0_0
C:\svns\simucomp2\models\\./raqun/family_19_variant_2_robot_drivers.slx,738546.75104982638732,Raspberry_PI,name_Raspberry_PI;type_SubSystem;parent_name_family_19_variant_2_robot_drivers;hierarchy_depth_0;num_lines_0;num_inputs_0;num_outputs_0;ul_295_44;lr_455_176;rul_0_0;rlr_0_0
C:\svns\simucomp2\models\\./raqun/family_19_variant_2_robot_drivers.slx,738546.75104982638732,I2C_send,name_I2C_send;type_S-Function;parent_name_Raspberry_PI;hierarchy_depth_1;num_lines_1;num_inputs_1;num_outputs_0;ul_80_202;lr_225_258;rul_0_0;rlr_0_0
C:\svns\simucomp2\models\\./raqun/family_19_variant_2_robot_drivers.slx,738546.75104982638732,UpdateCalibrationMatrixFile,name_UpdateCalibrationMatrixFile;type_SubSystem;parent_name_Raspberry_PI;hierarchy_depth_1;num_lines_1;num_inputs_1;num_outputs_0;ul_360_95;lr_485_155;rul_0_0;rlr_0_0
C:\svns\simucomp2\models\\./raqun/family_19_variant_2_robot_drivers.slx,738546.75104982638732,calibration_matrix,name_calibration_matrix;type_Inport;parent_name_UpdateCalibrationMatrixFile;hierarchy_depth_2;num_lines_1;num_inputs_0;num_outputs_1;ul_145_58;lr_175_72;rul_80_-5;rlr_80_5
C:\svns\simucomp2\models\\./raqun/family_19_variant_2_robot_drivers.slx,738546.75104982638732,Reshape,name_Reshape;type_Reshape;parent_name_UpdateCalibrationMatrixFile;hierarchy_depth_2;num_lines_2;num_inputs_1;num_outputs_1;ul_225_53;lr_255_77;rul_-80_5;rlr_-80_-5
C:\svns\simucomp2\models\\./raqun/family_19_variant_2_robot_drivers.slx,738546.75104982638732,WriteCalibration,name_WriteCalibration;type_S-Function;parent_name_UpdateCalibrationMatrixFile;hierarchy_depth_2;num_lines_1;num_inputs_1;num_outputs_0;ul_290_20;lr_390_110;rul_-65_33;rlr_-135_-33
C:\svns\simucomp2\models\\./raqun/family_19_variant_2_robot_drivers.slx,738546.75104983791243,UpdateCalibrationMatrixVar,name_UpdateCalibrationMatrixVar;type_SubSystem;parent_name_Raspberry_PI;hierarchy_depth_1;num_lines_0;num_inputs_0;num_outputs_1;ul_105_77;lr_225_133;rul_0_0;rlr_0_0
C:\svns\simucomp2\models\\./raqun/family_19_variant_2_robot_drivers.slx,738546.75104983791243,ReadCalibration,name_ReadCalibration;type_S-Function;parent_name_UpdateCalibrationMatrixVar;hierarchy_depth_2;num_lines_1;num_inputs_0;num_outputs_1;ul_20_20;lr_120_110;rul_150_33;rlr_80_-33
C:\svns\simucomp2\models\\./raqun/family_19_variant_2_robot_drivers.slx,738546.75104983791243,Reshape1,name_Reshape1;type_Reshape;parent_name_UpdateCalibrationMatrixVar;hierarchy_depth_2;num_lines_2;num_inputs_1;num_outputs_1;ul_170_53;lr_200_77;rul_-150_-33;rlr_-80_33
C:\svns\simucomp2\models\\./raqun/family_19_variant_2_robot_drivers.slx,738546.75104983791243,matrix,name_matrix;type_Outport;parent_name_UpdateCalibrationMatrixVar;hierarchy_depth_2;num_lines_1;num_inputs_1;num_outputs_0;ul_265_58;lr_295_72;rul_-95_-5;rlr_-95_5
