ActivityDisabled,_-vG_keLaEeCVSp8F0qHMxQ,NonUndoableCommand,n_nonUndoableCommand_1;execute_return_1;undo__1;isUndoable_return_1;isRedoable_return_1
ActivityDisabled,__Lrm0uLaEeCVSp8F0qHMxQ,ProjectFileView,n_projectFileView_1;instance_1;getInstance_return_1;getIcon_f_return_1
ActivityDisabled,__Nm5ceLaEeCVSp8F0qHMxQ,ProfileJava,n_profileJava_1;PROFILE_FILE_1;NAME_1;model_1;getDisplayName_return_1;getProfilePackages_return_1
ActivityDisabled,__PskIOLaEeCVSp8F0qHMxQ,PropPanelCritic,n_propPanelCritic_1;criticClass_1;name_1;headline_1;priority_1;description_1;ocl_1;oclLabel_1;supportedDecision_1;knowledgeType_1;colToString_set_return_1
ActivityDisabled,__Vr3YOLaEeCVSp8F0qHMxQ,TransferableModelElements,n_transferableModelElements_1;UML_COLLECTION_FLAVOR_1;flavors_1;theModelElements_1;getTransferData_dataFlavor_return_1;getTransferDataFlavors_return_1;isDataFlavorSupported_dataFlavor_return_1
ActivityDisabled,__gjDkuLaEeCVSp8F0qHMxQ,OutgoingDependencyNode,n_outgoingDependencyNode_1;parent_1;getParent_return_1;toString_return_1;subsumes_obj_return_1
ActivityDisabled,__tCncuLaEeCVSp8F0qHMxQ,CrTooManyClasses,n_crTooManyClasses_1;CLASS_THRESHOLD_1;serialVersionUID_1;getCriticizedDesignMaterials_return_1
ActivityDisabled,__2VGUOLaEeCVSp8F0qHMxQ,CollaborationDiagramPropPanelFactory,n_collaborationDiagramPropPanelFactory_1
ActivityDisabled,__675gOLaEeCVSp8F0qHMxQ,SequenceDiagramPropPanelFactory,n_sequenceDiagramPropPanelFactory_1
ActivityDisabled,__6MSouLaEeCVSp8F0qHMxQ,FigBirthActivation,n_figBirthActivation_1;serialVersionUID_1
ActivityDisabled,_AGPxouLbEeCVSp8F0qHMxQ,ActionAddConcurrentRegion,n_actionAddConcurrentRegion_1;LOG_1;isEnabled_return_1;actionPerformed_ae_1
ActivityDisabled,_AFDe0OLbEeCVSp8F0qHMxQ,ActionSetAddMessageMode,n_actionSetAddMessageMode_1
ActivityDisabled,_AFWZwOLbEeCVSp8F0qHMxQ,UMLDiagram,n_uMLDiagram_1;LOG_1;actionComment_1;actionCommentLink_1;actionSelect_1;actionBroom_1;actionRectangle_1;actionRRectangle_1;actionCircle_1;actionLine_1;actionText_1;actionPoly_1;actionSpline_1;actionInk_1;toolBar_1;selectedAction_1;initialize_owner_1;getClassAndModelID_return_1;getJToolBar_return_1;initToolBar__1;getActions_return_1;getUmlActions_return_1;getManipulateActions_return_1;getCommentActions_return_1;getShapeActions_return_1;getShapePopupActions_return_1;setSelectedAction_theAction_1;getSelectedAction_return_1;deselectAllTools__1;makeCreateNodeAction_modelElement_descr_return_1;makeCreateEdgeAction_modelElement_descr_return_1;makeCreateDependencyAction_modeClass_metaType_descr_return_1;makeCreateGeneralizationAction_return_1;makeCreateAssociationAction_aggregationKind_unidirectional_descr_return_1;makeCreateAssociationEndAction_descr_return_1;makeCreateAssociationClassAction_descr_return_1;resetDiagramSerial__1;getNextDiagramSerial_return_1;getLabelName_return_1;isRelocationAllowed_base_return_1;relocate_base_return_1;getNewDiagramName_return_1;doesAccept_objectToAccept_return_1;drop_droppedObject_location_return_1;getInstructions_droppedObject_return_1;getModePlace_gf_instructions_return_1
ActivityDisabled,_AW75AuLbEeCVSp8F0qHMxQ,TabStereotype,n_tabStereotype_1;INSET_PX_1;orientation_1;selectedScroll_1;availableScroll_1;panel_1;addStButton_1;removeStButton_1;xferButtons_1;selectedList_1;availableList_1;serialVersionUID_1;makePanel_return_1;shouldBeEnabled_return_1;shouldBeEnabled_target_return_1;setTarget_theTarget_1;doAddStereotype__1;doRemoveStereotype__1
ActivityDisabled,_AuNwleLbEeCVSp8F0qHMxQ,ActionAddAttribute,n_actionAddAttribute_1;targetFollower_1;serialVersionUID_1;getTargetFollower_return_1;actionPerformed_ae_1;shouldBeEnabled_return_1
ActivityDisabled,_AxV9EOLbEeCVSp8F0qHMxQ,PropPanelTaggedValue,n_propPanelTaggedValue_1;modelElementSelector_1;typeSelector_1;referenceValuesScroll_1;dataValuesScroll_1;getReferenceValuesScroll_return_1;getDataValuesScroll_return_1;getModelElementSelector_return_1;getTypeSelector_return_1
ActivityDisabled,_Axo4AOLbEeCVSp8F0qHMxQ,UMLReferenceValueListModel,n_uMLReferenceValueListModel_1;buildModelList__1;isValidElement_element_return_1
ActivityDisabled,_A0nThOLbEeCVSp8F0qHMxQ,CollectionUtil,n_collectionUtil_1;getFirstItem_c_return_1;getFirstItemOrNull_c_return_1
CollabDisabled,__Hg4geLaEeCVSp8F0qHMxQ,ArgoFacade,n_argoFacade_1;target_1;getClassifier_name_return_1
CollabDisabled,__XeAEOLaEeCVSp8F0qHMxQ,StylePanelFig,n_stylePanelFig_1;LOG_1;CUSTOM_ITEM_1;bboxLabel_1;bboxField_1;fillLabel_1;fillField_1;lineLabel_1;lineField_1;stereoLabel_1;stereoField_1;serialVersionUID_1;initChoices__1;hasEditableBoundingBox_value_1;refresh__1;setTargetBBox__1;parseBBox_return_1;handleCustomColor_field_title_targetColor_1;setTargetFill__1;setTargetLine__1;getBBoxLabel_return_1;getBBoxField_return_1;getFillLabel_return_1;getFillField_return_1;getLineLabel_return_1;getLineField_return_1;getCustomItemName_return_1
CollabDisabled,__ZZ5wuLaEeCVSp8F0qHMxQ,NavigateTargetBackAction,n_navigateTargetBackAction_1;serialVersionUID_1;isEnabled_return_1
CollabDisabled,__av9kuLaEeCVSp8F0qHMxQ,ShortcutChangedEvent,n_shortcutChangedEvent_1;serialVersionUID_1;keyStroke_1;getKeyStroke_return_1
CollabDisabled,__ew64uLaEeCVSp8F0qHMxQ,ExplorerTreeNode,n_explorerTreeNode_1;serialVersionUID_1;expanded_1;pending_1;modifySet_1;isLeaf_return_1;getPending_return_1;setPending_value_1;setModifySet_set_1;nodeModified_node_1;remove__1;propertyChange_evt_1
CollabDisabled,__fghw-LaEeCVSp8F0qHMxQ,GoModelToNode,n_goModelToNode_1;getRuleName_return_1;getChildren_parent_return_1;getDependencies_parent_return_1
CollabDisabled,__lTnw-LaEeCVSp8F0qHMxQ,GoElementToMachine,n_goElementToMachine_1;getRuleName_return_1;getChildren_parent_return_1;getDependencies_parent_return_1
CollabDisabled,__-NP8OLaEeCVSp8F0qHMxQ,ClassdiagramLayouter,n_classdiagramLayouter_1;E_GAP_1;H_GAP_1;LOG_1;MAX_ROW_WIDTH_1;V_GAP_1;figNodes_1;layoutedClassNodes_1;layoutedEdges_1;layoutedObjects_1;nodeRows_1;xPos_1;yPos_1;getHGap_return_1;getMinimumDiagramSize_return_1;getVGap_return_1;layout__1;placeEdges__1;placeNodes__1;centerParents__1;xCenter_nodes_return_1;rankAndWeightNodes__1;setupLinks__1
CollabDisabled,__-NP8uLaEeCVSp8F0qHMxQ,NodeRow,n_nodeRow_1;nodes_1;rowNumber_1;doSplit_maxWidth_gap_return_1;getNodeList_return_1;getRowNumber_return_1;getWidth_gap_return_1;setRowNumber_rowNum_1;adjustRowNodes__1;iterator_return_1
CollabDisabled,_ABfNcOLbEeCVSp8F0qHMxQ,StylePanelFigInterface,n_stylePanelFigInterface_1;operCheckBox_1;refreshTransaction_1;serialVersionUID_1;refresh__1
CollabDisabled,_AJq5EOLbEeCVSp8F0qHMxQ,ActionModifierActive,n_actionModifierActive_1;serialVersionUID_1;valueOfTarget_t_return_1
CollabDisabled,_ANFZcuLbEeCVSp8F0qHMxQ,GeneratorHelper,n_generatorHelper_1
CollabDisabled,_AbPxQeLbEeCVSp8F0qHMxQ,PropPanelCallState,n_propPanelCallState_1;callActionEntryScroll_1;callActionEntryList_1;serialVersionUID_1;addExtraButtons__1;getCallActionEntryScroll_return_1
CollabDisabled,_AdVb8OLbEeCVSp8F0qHMxQ,PropPanelMessage,n_propPanelMessage_1;serialVersionUID_1
CollabDisabled,_AdVb8uLbEeCVSp8F0qHMxQ,ActionToolNewAction,n_actionToolNewAction_1;serialVersionUID_1
CollabDisabled,_AehHsOLbEeCVSp8F0qHMxQ,PropPanelStimulus,n_propPanelStimulus_1;serialVersionUID_1;getSender_return_1;setSender_element_1;getReceiver_return_1;setReceiver_element_1;isAcceptableAssociation_modelelement_return_1;getAssociation_return_1;setAssociation_element_1
CollabDisabled,_AkP8ROLbEeCVSp8F0qHMxQ,UMLStateDeferrableEventListModel,n_uMLStateDeferrableEventListModel_1;buildModelList__1;isValidElement_element_return_1;buildPopup_popup_index_return_1
CollabDisabled,_AxV9EOLbEeCVSp8F0qHMxQ,PropPanelTaggedValue,n_propPanelTaggedValue_1;modelElementSelector_1;typeSelector_1;referenceValuesScroll_1;dataValuesScroll_1;getReferenceValuesScroll_return_1;getDataValuesScroll_return_1;getModelElementSelector_return_1;getTypeSelector_return_1
CollabDisabled,_A06OcOLbEeCVSp8F0qHMxQ,FileConstants,n_fileConstants_1;COMPRESSED_FILE_EXT_1;UNCOMPRESSED_FILE_EXT_1;PROJECT_FILE_EXT_1
DeployDisabled,_-qzHUeLaEeCVSp8F0qHMxQ,PriorityNode,n_priorityNode_1;HIGH_1;MEDIUM_1;LOW_1;priorities_1;name_1;priority_1;getPriorityList_return_1;getName_return_1;getPriority_return_1;toString_return_1
DeployDisabled,_-3ccMOLaEeCVSp8F0qHMxQ,ExtensionMechanismsHelperEUMLImpl,n_extensionMechanismsHelperEUMLImpl_1;addBaseClass_handle_baseClass_1;addCopyStereotype_modelElement_stereotype_1;addExtendedElement_handle_extendedElement_1;addTaggedValue_handle_taggedValue_1;getAllPossibleStereotypes_models_modelElement_return_1;getMetaModelName_m_return_1;getMetaModelName_clazz_return_1;getStereotype_ns_stereo_return_1;getStereotype_models_stereo_return_1;getStereotypes_ns_return_1;getStereotypes_models_return_1;hasStereotype_handle_name_return_1;isStereotype_object_name_base_return_1;isStereotypeInh_object_name_base_return_1;isValidStereotype_theModelElement_theStereotype_return_1;removeBaseClass_handle_baseClass_1;removeTaggedValue_handle_taggedValue_1;setIcon_handle_icon_1;setTaggedValue_handle_taggedValues_1;setTagType_handle_tagType_1;setType_handle_type_1;setValueOfTag_handle_value_1;setDataValues_handle_value_1
DeployDisabled,__BRGk-LaEeCVSp8F0qHMxQ,NotationSettings,n_notationSettings_1;DEFAULT_SETTINGS_1;parent_1;notationLanguage_1;showAssociationNames_1;showAssociationNamesSet_1;showVisibilities_1;showVisibilitiesSet_1;showPaths_1;showPathsSet_1;fullyHandleStereotypes_1;fullyHandleStereotypesSet_1;useGuillemets_1;useGuillemetsSet_1;showMultiplicities_1;showMultiplicitiesSet_1;showSingularMultiplicities_1;showSingularMultiplicitiesSet_1;showTypes_1;showTypesSet_1;showProperties_1;showPropertiesSet_1;showInitialValues_1;showInitialValuesSet_1;initializeDefaultSettings_return_1;getDefaultSettings_return_1;getNotationLanguage_return_1;setNotationLanguage_newLanguage_return_1;isFullyHandleStereotypes_return_1;setFullyHandleStereotypes_newValue_1;isShowSingularMultiplicities_return_1;setShowSingularMultiplicities_showem_1;isUseGuillemets_return_1;setUseGuillemets_showem_1;isShowTypes_return_1;setShowTypes_showem_1;isShowProperties_return_1;setShowProperties_showem_1;isShowInitialValues_return_1;setShowInitialValues_showem_1;isShowMultiplicities_return_1;setShowMultiplicities_showem_1;isShowAssociationNames_return_1;setShowAssociationNames_showem_1;isShowVisibilities_return_1;setShowVisibilities_showem_1;isShowPaths_return_1;setShowPaths_showPaths_1;doUndoable_memento_1
DeployDisabled,__NT-hOLaEeCVSp8F0qHMxQ,ProfileLoader,n_profileLoader_1;LOG_1;JAR_PREFIX_1;FILE_PREFIX_1;doLoad__1;huntForProfilesInDir_dir_1;loadProfilesFromJarFile_manifest_file_classloader_1;loadManifestDependenciesForProfile_attr_return_1;loadJavaCriticsForProfile_attr_classloader_return_1
DeployDisabled,__RLx4eLaEeCVSp8F0qHMxQ,FigMessageSpline,n_figMessageSpline_1;translate_dx_dy_1;translateFig_dx_dy_1
DeployDisabled,__V1oYuLaEeCVSp8F0qHMxQ,ArgoToolbarManager,n_argoToolbarManager_1;KEY_NAME_1;instance_1;popup_1;menu_1;allMenuItems_1;getInstance_return_1;registerNew_key_newToolbar_prefferedMenuPosition_1;registerContainer_container_toolbars_1;registerToolbar_key_newToolbar_prefferedMenuPosition_1;getPopupMenu_return_1;getMenu_return_1;getConfiguredToolbarAppearance_toolbarName_return_1
DeployDisabled,__ciGQOLaEeCVSp8F0qHMxQ,PerspectiveConfigurator,n_perspectiveConfigurator_1;LOG_1;INSET_PX_1;configPanelNorth_1;configPanelSouth_1;splitPane_1;renameTextField_1;newPerspectiveButton_1;removePerspectiveButton_1;duplicatePerspectiveButton_1;moveUpButton_1;moveDownButton_1;addRuleButton_1;removeRuleButton_1;resetToDefaultButton_1;perspectiveList_1;perspectiveRulesList_1;ruleLibraryList_1;perspectiveListModel_1;perspectiveRulesListModel_1;ruleLibraryListModel_1;persLabel_1;ruleLibLabel_1;rulesLabel_1;makeLists__1;makeButtons__1;makeLayout__1;makeListeners__1;loadLibrary__1;loadPerspectives__1;updatePersLabel__1;updateLibLabel__1;updateRuleLabel__1;sortJListModel_list_1;doAddRule__1;doRemoveRule__1
DeployDisabled,__d3jAeLaEeCVSp8F0qHMxQ,PerspectiveListSelectionListener,n_perspectiveListSelectionListener_1;valueChanged_lse_1
DeployDisabled,__d3jA-LaEeCVSp8F0qHMxQ,RulesListSelectionListener,n_rulesListSelectionListener_1;valueChanged_lse_1
DeployDisabled,__zplwuLaEeCVSp8F0qHMxQ,ArgoDiagramImpl,n_argoDiagramImpl_1;namespace_1;LOG_1;serialVersionUID_1;constructorInit__1;getVetoMessage_propertyName_return_1;getContainingFig_obj_return_1;damage__1;getEdges_return_1;getNodes_return_1;toString_return_1;repair_return_1;repairFig_f_report_return_1;figDescription_f_return_1;presentationsFor_obj_return_1;remove__1;encloserChanged_enclosed_oldEncloser_newEncloser_1;getDependentElement_return_1;getNamespace_return_1;setNamespace_ns_1;setModelElementNamespace_modelElement_ns_1;propertyChange_evt_1;getOwner_return_1;getFigIterator_return_1;renderingChanged__1;vetoableChange_evt_1
DeployDisabled,___QY0OLaEeCVSp8F0qHMxQ,StylePanelFigPackage,n_stylePanelFigPackage_1;stereoCheckBox_1;visibilityCheckBox_1;refreshTransaction_1;serialVersionUID_1;refresh__1
DeployDisabled,_AJq5EeLbEeCVSp8F0qHMxQ,ActionSetMode,n_actionSetMode_1;LOG_1;putToolTip_key_1;putIcon_key_1
DeployDisabled,_AJONIuLbEeCVSp8F0qHMxQ,FigNameWithAbstract,n_figNameWithAbstract_1;getFigFontStyle_return_1
DeployDisabled,_AHIiceLbEeCVSp8F0qHMxQ,PathConvPercent2,n_pathConvPercent2_1;itemFig_1;percent_1;offset_1;serialVersionUID_1;stuffPoint_res_1;setPercentOffset_newPercent_newOffset_1;setClosestPoint_newPoint_1;applyOffsetAmount_p1_p2_theOffset_res_1;tanh_x_return_1
DeployDisabled,_AvQSYuLbEeCVSp8F0qHMxQ,UMLClassActiveCheckBox,n_uMLClassActiveCheckBox_1;buildModel__1
DeployDisabled,_Au9XcOLbEeCVSp8F0qHMxQ,PropPanelAssociationEnd,n_propPanelAssociationEnd_1;serialVersionUID_1;typeCombobox_1;associationScroll_1;navigabilityCheckBox_1;orderingCheckBox_1;targetScopeCheckBox_1;aggregationRadioButtonpanel_1;changeabilityRadioButtonpanel_1;visibilityRadioButtonPanel_1;specificationScroll_1;qualifiersScroll_1;associationLabel_1;createControls__1;positionStandardControls__1;positionControls__1;setAssociationLabel_label_1;getMultiplicityComboBox_return_1
DeployDisabled,_AxypAOLbEeCVSp8F0qHMxQ,PropPanelTagDefinition,n_propPanelTagDefinition_1;serialVersionUID_1;ownerSelector_1;tdNamespaceSelector_1;typedValuesScroll_1;multiplicityComboBox_1;getTDNamespaceSelector_return_1;getOwnerSelector_return_1;getMultiplicityComboBox_return_1;getTypedValuesScroll_return_1
DeployDisabled,_AxypA-LbEeCVSp8F0qHMxQ,ActionSetTagDefinitionNamespace,n_actionSetTagDefinitionNamespace_1;serialVersionUID_1
Original,_-iBl0OLaEeCVSp8F0qHMxQ,SubsystemUtility,n_subsystemUtility_1
Original,_-txi0-LaEeCVSp8F0qHMxQ,Translator,n_translator_1;LOG_1;BUNDLES_PATH_1;bundles_1;classLoaders_1;initialized_1;systemDefaultLocale_1;initForEclipse_locale_1;init_locale_1;getLocales_return_1;setLocale_name_1;setLocale_locale_1;getSystemDefaultLocale_return_1;addClassLoader_cl_1;loadBundle_name_1;getName_key_return_1;localize_key_args_return_1;localize_key_return_1;messageFormat_key_args_return_1
Original,_-3vXIuLaEeCVSp8F0qHMxQ,ModelManagementHelperEUMLImpl,n_modelManagementHelperEUMLImpl_1;getAllBehavioralFeatures_ns_return_1;getAllContents_element_return_1;getAllImportedElements_pack_return_1;getAllModelElementsOfKind_nsa_type_return_1;getAllModelElementsOfKind_nsa_kind_return_1;getAllModelElementsOfKindWithModel_model_type_return_1;getAllNamespaces_ns_return_1;getAllPossibleImports_pack_return_1;getAllSubSystems_ns_return_1;getAllSurroundingNamespaces_element_return_1;getContents_element_return_1;getElement_path_return_1;getElement_path_theRootNamespace_return_1;getPathList_element_return_1;isCyclicOwnership_parent_child_return_1;removeImportedElement_handle_me_1;setAlias_handle_alias_1;setImportedElements_pack_imports_1;setSpecification_handle_isSpecification_1;isReadOnly_element_return_1
Original,_-6H8wuLaEeCVSp8F0qHMxQ,CollectionHelper,n_collectionHelper_1;update_base_updates_1
Original,__D8AEOLaEeCVSp8F0qHMxQ,NotationUtilityJava,n_notationUtilityJava_1;generateVisibility_o_return_1;generateScope_f_return_1;generateChangeability_obj_return_1;generateClassifierRef_cls_return_1;generateExpression_expr_return_1;generateUninterpreted_un_return_1;generateParameter_parameter_return_1;generateAbstract_modelElement_args_return_1;generateAbstract_modelElement_return_1;generateLeaf_modelElement_args_return_1;generateLeaf_modelElement_return_1;generatePath_modelElement_args_return_1;generatePath_modelElement_return_1;generateVisibility_modelElement_args_return_1
Original,__KMZEOLaEeCVSp8F0qHMxQ,XMLTokenTableBase,n_xMLTokenTableBase_1;LOG_1;tokens_1;dbg_1;openTags_1;openTokens_1;numOpen_1;toToken_s_push_return_1;getDbg_return_1;contains_token_return_1;setupTokens__1
Original,__RCA4-LaEeCVSp8F0qHMxQ,FigLifeLine,n_figLifeLine_1;serialVersionUID_1;lineFig_1;rectFig_1;activations_1;stackedActivations_1;WIDTH_1;HEIGHT_1;createActivations_messages_1;addActivations_activationFigs_1;createStandardActivations_figMessages_return_1;createStackedActivations_figMessages_return_1;hasIncomingCallActionFirst_figMessages_return_1;clearActivations__1;setFilled_filled_1
Original,__Txy4OLaEeCVSp8F0qHMxQ,SettingsTabLayout,n_settingsTabLayout_1;serialVersionUID_1;createProperty_text_positions_tab_return_1;loadPosition_position_tab_1;savePosition_position_tab_1;handleSettingsTabRefresh__1;handleSettingsTabSave__1;handleSettingsTabCancel__1;handleResetToDefault__1;getTabKey_return_1;getTabPanel_return_1
Original,__uFwUOLaEeCVSp8F0qHMxQ,CrMultipleInitialStates,n_crMultipleInitialStates_1;LOG_1;serialVersionUID_1;getCriticizedDesignMaterials_return_1
Original,__7Ylc-LaEeCVSp8F0qHMxQ,FigShallowHistoryState,n_figShallowHistoryState_1;getH_return_1
Original,_AZKtoOLbEeCVSp8F0qHMxQ,SaveGraphicsManager,n_saveGraphicsManager_1;MIN_MARGIN_1;otherFilters_1;instance_1;setDefaultFilterBySuffix_suffix_1;getInstance_return_1;setFileChooserFilters_chooser_defaultName_1;getDefaultSuffix_return_1;fixExtension_in_return_1;getSaveActionBySuffix_suffix_return_1;getSettingsList_return_1;adjustDrawingArea_area_return_1
Original,_AaNPceLbEeCVSp8F0qHMxQ,PropPanelClassifierInState,n_propPanelClassifierInState_1;serialVersionUID_1;typeComboBox_1;statesScroll_1;getClassifierInStateTypeSelector_return_1
Original,_Aa82UOLbEeCVSp8F0qHMxQ,UMLActivityGraphContextComboBoxModel,n_uMLActivityGraphContextComboBoxModel_1;buildModelList__1;isValidElement_element_return_1;getSelectedModelElement_return_1
Original,_AiGAIuLbEeCVSp8F0qHMxQ,UMLStateExitListModel,n_uMLStateExitListModel_1;buildModelList__1;isValidElement_element_return_1
Original,_Asbn5OLbEeCVSp8F0qHMxQ,UMLClassifierParameterListModel,n_uMLClassifierParameterListModel_1;buildModelList__1;isValidElement_element_return_1;moveDown_index_1;moveToBottom_index_1;moveToTop_index_1
Original,_Av_5Q-LbEeCVSp8F0qHMxQ,PropPanelNamespace,n_propPanelNamespace_1;ownedElementsScroll_1;addClass__1;addInterface__1;addPackage__1;getOwnedElementsScroll_return_1
Original,_AyiP4eLbEeCVSp8F0qHMxQ,UMLElementImportIsSpecificationCheckbox,n_uMLElementImportIsSpecificationCheckbox_1;buildModel__1
SequenceDisabled,_-jgzk-LaEeCVSp8F0qHMxQ,ArgoProfileEvent,n_argoProfileEvent_1;getEventStartRange_return_1
SequenceDisabled,_-okSseLaEeCVSp8F0qHMxQ,ActionOpenDecisions,n_actionOpenDecisions_1;actionPerformed_ae_1
SequenceDisabled,_-u0EpOLaEeCVSp8F0qHMxQ,DefaultUndoManager,n_defaultUndoManager_1;LOG_1;undoMax_1;listeners_1;newInteraction_1;newInteractionLabel_1;setUndoMax_max_1;undo__1;redo__1;startInteraction_label_1;addPropertyChangeListener_listener_1;removePropertyChangeListener_listener_1;fire_property_value_1
SequenceDisabled,_-u91pOLaEeCVSp8F0qHMxQ,UndoStack,n_undoStack_1;push_item_return_1;pop_return_1;clear__1;getLabel_return_1
SequenceDisabled,_-wdDYOLaEeCVSp8F0qHMxQ,AbstractActivityGraphsHelperDecorator,n_abstractActivityGraphsHelperDecorator_1;findClassifierByName_ofs_s_return_1;findStateByName_c_s_return_1;isAddingActivityGraphAllowed_context_return_1;addInState_classifierInState_state_1;setInStates_classifierInState_newStates_1;setContents_partition_newContents_1;addContent_partition_modelElement_1;removeContent_partition_modelElement_1;setSynch_objectFlowState_isSynch_1;addParameter_objectFlowState_parameter_1;removeParameter_objectFlowState_parameter_1;setParameters_objectFlowState_parameters_1
SequenceDisabled,_-8zdU-LaEeCVSp8F0qHMxQ,UndoActivityGraphsHelperDecorator,n_undoActivityGraphsHelperDecorator_1
SequenceDisabled,__PizIOLaEeCVSp8F0qHMxQ,OclType,n_oclType_1;name_1;getName_return_1
SequenceDisabled,__XU2JeLaEeCVSp8F0qHMxQ,SystemInfoDialog,n_systemInfoDialog_1;serialVersionUID_1;INSET_PX_1;info_1;runGCButton_1;copyButton_1;defaultClipboardOwner_1;updateInfo__1;getInfo_return_1
SequenceDisabled,__Zs0tOLaEeCVSp8F0qHMxQ,ActionNew,n_actionNew_1;serialVersionUID_1
SequenceDisabled,__7rgYeLaEeCVSp8F0qHMxQ,ButtonActionNewCallEvent,n_buttonActionNewCallEvent_1;createEvent_ns_return_1;getKeyName_return_1;getIconName_return_1
SequenceDisabled,_AD3MAeLbEeCVSp8F0qHMxQ,ActionAddStereotype,n_actionAddStereotype_1;modelElement_1;stereotype_1;buildString_st_return_1;actionPerformed_ae_1;getValue_key_return_1
SequenceDisabled,_AI7SMuLbEeCVSp8F0qHMxQ,FigNodeAssociation,n_figNodeAssociation_1;X_1;Y_1;head_1;initFigs__1;clone_return_1;reduceToBinary__1;getGravityPoints_return_1;setLineColor_col_1;getLineColor_return_1;setFillColor_col_1;getFillColor_return_1;isFilled_return_1;getLineWidth_return_1;getMinimumSize_return_1;removeFromDiagramImpl__1
SequenceDisabled,_AWChIOLbEeCVSp8F0qHMxQ,UMLModelElementListModel2,n_uMLModelElementListModel2_1;LOG_1;eventName_1;listTarget_1;fireListEvents_1;buildingModel_1;metaType_1;reverseDropConnection_1;getMetaType_return_1;isReverseDropConnection_return_1;setBuildingModel_building_1;rebuildModelList__1;buildModelList__1;setAllElements_col_1;addAll_col_1;getTarget_return_1;getChangedElement_e_return_1;contains_elem_return_1;setTarget_theNewTarget_1;removeOtherModelEventListeners_oldTarget_1;addOtherModelEventListeners_newTarget_1;isValidElement_element_return_1;isValidEvent_e_return_1;addElement_obj_1;getEventName_return_1;setEventName_theEventName_1;fireContentsChanged_source_index0_index1_1;fireIntervalAdded_source_index0_index1_1;fireIntervalRemoved_source_index0_index1_1;buildPopup_popup_index_return_1;hasPopup_return_1
SequenceDisabled,_Ag5tUOLbEeCVSp8F0qHMxQ,PropPanelDestroyAction,n_propPanelDestroyAction_1
SequenceDisabled,_Av2vVOLbEeCVSp8F0qHMxQ,ActionAddClientDependencyAction,n_actionAddClientDependencyAction_1;doIt_selected_1;getChoices_return_1;getDialogTitle_return_1;getSelected_return_1
SequenceDisabled,_AoaqlOLbEeCVSp8F0qHMxQ,UMLComponentResidentListModel,n_uMLComponentResidentListModel_1;buildModelList__1;isValidElement_o_return_1
SequenceDisabled,_Ar1yAOLbEeCVSp8F0qHMxQ,UMLGeneralizableElementLeafCheckBox,n_uMLGeneralizableElementLeafCheckBox_1;buildModel__1
SequenceDisabled,_AzbAsOLbEeCVSp8F0qHMxQ,PredicateType,n_predicateType_1;patterns_1;patternCount_1;printString_1;create_return_1;create_c0_return_1;create_c0_c1_return_1;create_c0_c1_c2_return_1;evaluate_o_return_1;toString_return_1
StateDisabled,_-hk54eLaEeCVSp8F0qHMxQ,PostLoad,n_postLoad_1;LOG_1;postLoadActions_1;run__1
StateDisabled,_-mfPEOLaEeCVSp8F0qHMxQ,Critic,n_critic_1;LOG_1;PROBLEM_FOUND_1;NO_PROBLEM_1;ENABLED_1;SNOOZE_ORDER_1;KT_DESIGNERS_1;KT_CORRECTNESS_1;KT_COMPLETENESS_1;KT_CONSISTENCY_1;KT_SYNTAX_1;KT_SEMANTICS_1;KT_OPTIMIZATION_1;KT_PRESENTATION_1;KT_ORGANIZATIONAL_1;KT_EXPERIENCIAL_1;KT_TOOL_1;priority_1;headline_1;description_1;moreInfoURL_1;args_1;DEFAULT_CLARIFIER_1;clarifier_1;decisionCategory_1;supportedDecisions_1;supportedGoals_1;criticType_1;isActive_1;controlRecs_1;knowledgeTypes_1;triggerMask_1;defaultMoreInfoURL_return_1;getCriticCategory_return_1;getCriticName_return_1;getSupportedDecisions_return_1;getSupportedGoals_return_1;containsKnowledgeType_type_return_1;addKnowledgeType_type_1;setKnowledgeTypes_t1_1;setKnowledgeTypes_t1_t2_1;setKnowledgeTypes_t1_t2_t3_1;reasonCodeFor_s_return_1;getTriggerMask_return_1;matchReason_patternCode_return_1;getClarifier_return_1;isActive_return_1;beActive__1;beInactive__1;addControlRec_name_controlData_return_1;getControlRec_name_return_1;isEnabled_return_1;snooze__1;unsnooze__1;isSnoozed_return_1;getDecisionCategory_return_1;getCriticType_return_1;getHeadline_return_1;getPriority_return_1;getDescriptionTemplate_return_1;getMoreInfoURL_return_1;setArg_name_value_1;getArg_name_return_1;getArgs_return_1;getCriticizedDesignMaterials_return_1;toString_return_1
StateDisabled,_-1zdcuLaEeCVSp8F0qHMxQ,AggregationKindEUMLImpl,n_aggregationKindEUMLImpl_1;getAggregate_return_1;getComposite_return_1;getNone_return_1
StateDisabled,_-_Lb4uLaEeCVSp8F0qHMxQ,ActivityGraphsHelperMDRImpl,n_activityGraphsHelperMDRImpl_1;findClassifierByName_ofs_s_return_1;findStateByName_c_s_return_1;isAddingActivityGraphAllowed_context_return_1;addInState_classifierInState_state_1;setInStates_classifierInState_newStates_1;setContents_partition_contents_1;addContent_partition_modelElement_1;removeContent_partition_modelElement_1;setSynch_objectFlowState_isSynch_1;addParameter_objectFlowState_parameter_1;removeParameter_objectFlowState_parameter_1;setParameters_objectFlowState_parameters_1
StateDisabled,_-5-LwuLaEeCVSp8F0qHMxQ,UndoUmlHelperDecorator,n_undoUmlHelperDecorator_1
StateDisabled,__LO64-LaEeCVSp8F0qHMxQ,PersistenceException,n_persistenceException_1;serialVersionUID_1
StateDisabled,__TgGEOLaEeCVSp8F0qHMxQ,ProjectSettingsTabProfile,n_projectSettingsTabProfile_1;loadFromFile_1;unregisterProfile_1;addButton_1;removeButton_1;availableList_1;usedList_1;stereoLabel_1;stereoField_1;refreshLists__1;getUsedProfiles_return_1;getAvailableProfiles_return_1;actionPerformed_arg0_1;getTabKey_return_1;getTabPanel_return_1;handleResetToDefault__1;handleSettingsTabCancel__1;handleSettingsTabRefresh__1;handleSettingsTabSave__1
StateDisabled,__Z2lsuLaEeCVSp8F0qHMxQ,ShortcutField,n_shortcutField_1;serialVersionUID_1;listenerList_1;fireShortcutChangedEvent_text_1
StateDisabled,__acbkOLaEeCVSp8F0qHMxQ,GenericArgoMenuBar,n_genericArgoMenuBar_1;LOG_1;moduleMenus_1;moduleCreateDiagramActions_1;disableableActions_1;ZOOM_FACTOR_1;MENU_1;MENUITEM_1;fileToolbar_1;editToolbar_1;viewToolbar_1;createDiagramToolbar_1;edit_1;select_1;createDiagramMenu_1;tools_1;generate_1;help_1;navigateTargetForwardAction_1;navigateTargetBackAction_1;serialVersionUID_1;initActions__1;setMnemonic_item_key_1;menuLocalize_key_return_1;menuItemLocalize_key_return_1;initMenus__1;initModulesUI__1;initMenuFile__1;initMenuEdit__1;initMenuView__1;initMenuCreate__1;initMenuArrange__1;initAlignMenu_align_1;initDistributeMenu_distribute_1;initReorderMenu_reorder_1;initMenuGeneration__1;initMenuCritique__1;initMenuTools__1;initMenuHelp__1;initModulesMenus__1;initModulesActions__1;getCreateDiagramToolbar_return_1;getCreateDiagramMenu_return_1;getEditToolbar_return_1;getFileToolbar_return_1;getViewToolbar_return_1;prepareKey_str_return_1;addFileSaved_filename_1;getTools_return_1;setTarget__1;registerMenuItem_menu_1;registerCreateDiagramAction_action_1;registerForMacEvents__1;macQuit__1;macAbout__1;macPreferences__1;macOpenFile_filename_1
StateDisabled,__0iWkOLaEeCVSp8F0qHMxQ,FigActionState,n_figActionState_1;HEIGHT_1;STATE_WIDTH_1;PADDING_1;cover_1;serialVersionUID_1;initializeActionState__1;initNotationProviders_own_1;getNotationProviderType_return_1;clone_return_1;getMinimumSize_return_1;setLineColor_col_1;getLineColor_return_1;setFillColor_col_1;getFillColor_return_1;isFilled_return_1;getLineWidth_return_1;modelChanged_mee_1;removeFromDiagramImpl__1;updateNameText__1;updateStereotypeText__1;textEdited_ft_1;textEditStarted_ft_1
StateDisabled,__-NP8OLaEeCVSp8F0qHMxQ,ClassdiagramLayouter,n_classdiagramLayouter_1;E_GAP_1;H_GAP_1;LOG_1;MAX_ROW_WIDTH_1;V_GAP_1;figNodes_1;layoutedClassNodes_1;layoutedEdges_1;layoutedObjects_1;nodeRows_1;xPos_1;yPos_1;getHGap_return_1;getMinimumDiagramSize_return_1;getVGap_return_1;layout__1;placeEdges__1;placeNodes__1;centerParents__1;xCenter_nodes_return_1;rankAndWeightNodes__1;setupLinks__1
StateDisabled,__-NP8uLaEeCVSp8F0qHMxQ,NodeRow,n_nodeRow_1;nodes_1;rowNumber_1;doSplit_maxWidth_gap_return_1;getNodeList_return_1;getRowNumber_return_1;getWidth_gap_return_1;setRowNumber_rowNum_1;adjustRowNodes__1;iterator_return_1
StateDisabled,_AIU1QOLbEeCVSp8F0qHMxQ,ArgoFigText,n_argoFigText_1;notifier_1;deleteFromModel__1;removeNotificationListener_listener_filter_handback_1;addNotificationListener_listener_filter_handback_1;getNotificationInfo_return_1;removeNotificationListener_listener_1;renderingChanged__1;updateFont__1;getFigFontStyle_return_1;setOwner_own_1;updateListeners_oldOwner_newOwner_1;propertyChange_pce_1
StateDisabled,_AGY7keLbEeCVSp8F0qHMxQ,ActionVisibilityPrivate,n_actionVisibilityPrivate_1;serialVersionUID_1;valueOfTarget_t_return_1
StateDisabled,_AEwj4-LbEeCVSp8F0qHMxQ,ArgoFigUtil,n_argoFigUtil_1;markPosition_fe_pct_delta_angle_offset_color_1
StateDisabled,_AN-xUOLbEeCVSp8F0qHMxQ,Setting,n_setting_1;label_1;description_1;getLabel_return_1;getDescription_return_1;getLabel_return_2
StateDisabled,_AN-xVuLbEeCVSp8F0qHMxQ,PathSelection,n_pathSelection_1;path_1;defaultPath_1;getDefaultPath_return_1;getPath_return_1;setPath_newPath_1
StateDisabled,_ATqikOLbEeCVSp8F0qHMxQ,ActionGenerateProjectCode,n_actionGenerateProjectCode_1;actionPerformed_ae_1;isEnabled_return_1;isCodeRelevantClassifier_cls_return_1
StateDisabled,_Azt7ouLbEeCVSp8F0qHMxQ,EnumerationIterator,n_enumerationIterator_1;enumeration_1;hasNext_return_1;next_return_1;remove__1
UsecaseDisabled,_-u0EouLaEeCVSp8F0qHMxQ,AbstractCommand,n_abstractCommand_1;execute_return_1;undo__1;isUndoable_return_1;isRedoable_return_1
UsecaseDisabled,_-xflNOLaEeCVSp8F0qHMxQ,AbstractStateMachinesHelperDecorator,n_abstractStateMachinesHelperDecorator_1;getSource_trans_return_1;getDestination_trans_return_1;getStateMachine_handle_return_1;setEventAsTrigger_transition_event_1;isAddingStatemachineAllowed_context_return_1;isTopState_o_return_1;getAllPossibleStatemachines_model_oSubmachineState_return_1;getAllPossibleSubvertices_oState_return_1;setStatemachineAsSubmachine_oSubmachineState_oStatemachine_1;getTop_sm_return_1;getOutgoingStates_ostatevertex_return_1;findOperationByName_trans_opname_return_1;getAllSubStates_compState_return_1;removeSubvertex_handle_subvertex_1;addSubvertex_handle_subvertex_1;setBound_handle_bound_1;setConcurrent_handle_concurrent_1;setContainer_handle_compositeState_1;setDoActivity_handle_value_1;setEffect_handle_value_1;setEntry_handle_value_1;setExit_handle_value_1;setExpression_handle_value_1;setGuard_handle_guard_1;setInternalTransitions_handle_intTrans_1;setSource_handle_state_1;setState_handle_element_1;setStateMachine_handle_stm_1;setSubvertices_handle_subvertices_1;setTrigger_handle_event_1;setWhen_handle_value_1;setChangeExpression_handle_value_1;getPath_o_return_1;getStatebyName_path_container_return_1;setReferenceState_o_referenced_1;findNamespaceForEvent_trans_model_return_1;addDeferrableEvent_state_deferrableEvent_1;removeDeferrableEvent_state_deferrableEvent_1;setContext_statemachine_modelElement_1
UsecaseDisabled,__AqpouLaEeCVSp8F0qHMxQ,SettingsTabModules,n_settingsTabModules_1;table_1;fieldAllExtDirs_1;columnNames_1;elements_1;serialVersionUID_1;handleSettingsTabRefresh__1;handleSettingsTabSave__1;handleSettingsTabCancel__1;getTabKey_return_1;getTabPanel_return_1;handleResetToDefault__1
UsecaseDisabled,__LFJ4eLaEeCVSp8F0qHMxQ,ProfileConfigurationParser,n_profileConfigurationParser_1;LOG_1;model_1;filename_1;profiles_1;unresolvedFilenames_1;getProfiles_return_1;getUnresolvedFilenames_return_1
UsecaseDisabled,__LFJ4-LaEeCVSp8F0qHMxQ,ProfileConfigurationTokenTable,n_profileConfigurationTokenTable_1;STRING_PROFILE_1;STRING_PLUGIN_1;STRING_USER_DEFINED_1;STRING_FILENAME_1;STRING_MODEL_1;TOKEN_PROFILE_1;TOKEN_PLUGIN_1;TOKEN_USER_DEFINED_1;TOKEN_FILENAME_1;TOKEN_MODEL_1;TOKEN_LAST_1;TOKEN_UNDEFINED_1;setupTokens__1
UsecaseDisabled,__QcLAOLaEeCVSp8F0qHMxQ,ModeBroomMessages,n_modeBroomMessages_1;DIRECTION_UNDEFINED_1;DIRECTION_UPWARD_1;DIRECTION_DOWNWARD_1;currentDirection_1;shouldDraw_1;x1_1;x2_1;y_1;lastX1_1;lastX2_1;lastY_1;mousePressed_me_1;mouseDragged_me_1;mouseReleased_me_1;getAllFigMessagesDownward_position_return_1;getAllFigMessages_return_1
UsecaseDisabled,__ZG-0uLaEeCVSp8F0qHMxQ,ActionPrint,n_actionPrint_1;actionPerformed_ae_1
UsecaseDisabled,__xtsEOLaEeCVSp8F0qHMxQ,CrTooManyOper,n_crTooManyOper_1;OPERATIONS_THRESHOLD_1;serialVersionUID_1;getCriticizedDesignMaterials_return_1
UsecaseDisabled,__tpEYOLaEeCVSp8F0qHMxQ,CrProfile,n_crProfile_1;localizationPrefix_1;serialVersionUID_1;getLocalizedString_key_suffix_return_1
UsecaseDisabled,_AAS6ouLbEeCVSp8F0qHMxQ,FigDataType,n_figDataType_1;LOG_1;MIN_WIDTH_1;constructFigs__1;getKeyword_return_1;makeSelection_return_1;getMinimumSize_return_1;getLineWidth_return_1;translate_dx_dy_1;setEnclosingFig_encloser_1;classNameAndBounds_return_1
UsecaseDisabled,_AJXXEuLbEeCVSp8F0qHMxQ,StylePanelFigMessage,n_stylePanelFigMessage_1;arrowLabel_1;arrowField_1;refresh__1;setTargetArrow__1
UsecaseDisabled,_AJhIEuLbEeCVSp8F0qHMxQ,PropPanelString,n_propPanelString_1;target_1;nameLabel_1;nameField_1;getTarget_return_1;refresh__1;shouldBeEnabled_theTarget_return_1;setTargetName__1;propertyChange_evt_1
UsecaseDisabled,_AEdo8eLbEeCVSp8F0qHMxQ,PathItemPlacement,n_pathItemPlacement_1;LOG_1;useCollisionCheck_1;useAngle_1;angle_1;itemFig_1;percent_1;pathOffset_1;vectorOffset_1;offset_1;swap_1;getItemFig_return_1;stuffPoint_result_1;getPosition_return_1;getPoint_return_1;getAnchorPosition_return_1;getPathDistance_return_1;getPosition_result_return_1;intersects_points_center_size_return_1;setAnchor_newPercent_newOffset_1;setAnchorPercent_newPercent_1;setAnchorOffset_newOffset_1;setAbsoluteOffset_newOffset_1;setPoint_newPoint_1;computeVector_point_return_1;setDisplacementVector_vectorAngle_vectorDistance_1;setDisplacementVector_vectorAngle_vectorDistance_2;setDisplacementAngle_offsetAngle_1;setDisplacementAngle_offsetAngle_2;setDisplacementDistance_newDistance_1;setClosestPoint_newPoint_1;getSlope_return_1;getSlope_p1_p2_return_1;applyOffset_theta_theOffset_anchor_return_1;getRectLineIntersection_r_pOut_pIn_return_1;intersection_m_n_return_1;getPercent_return_1;getAngle_return_1;getVectorOffset_return_1
UsecaseDisabled,_AagKYuLbEeCVSp8F0qHMxQ,PropPanelObjectFlowState,n_propPanelObjectFlowState_1;classifierComboBox_1;statesScroll_1;addExtraButtons__1;propertyChange_evt_1;getClassifierComboBox_return_1;removeTopStateFrom_ret_1;getType_target_return_1
UsecaseDisabled,_AazFUeLbEeCVSp8F0qHMxQ,ActionAddOFSParameter,n_actionAddOFSParameter_1;choiceClass_1;doIt_selected_1;getChoices_return_1;getDialogTitle_return_1;getSelected_return_1
UsecaseDisabled,_AgKGcuLbEeCVSp8F0qHMxQ,ActionNewReturnAction,n_actionNewReturnAction_1;SINGLETON_1;createAction_return_1;getInstance_return_1
UsecaseDisabled,_ArsBBOLbEeCVSp8F0qHMxQ,UMLMethodProcedureExpressionModel,n_uMLMethodProcedureExpressionModel_1;LOG_1;getExpression_return_1;setExpression_expression_1;newExpression_return_1
UsecaseDisabled,_AxDCIOLbEeCVSp8F0qHMxQ,UMLStereotypeTagDefinitionListModel,n_uMLStereotypeTagDefinitionListModel_1;buildModelList__1;isValidElement_element_return_1
UsecaseDisabled,_AyOt4eLbEeCVSp8F0qHMxQ,UMLClassifierPackageImportsListModel,n_uMLClassifierPackageImportsListModel_1;buildModelList__1;isValidElement_elem_return_1
