ActivityDisabled,_-zko1OLaEeCVSp8F0qHMxQ,DummyModelCommand,n_dummyModelCommand_1;undo__1;execute_return_1;isUndoable_return_1;isRedoable_return_1
ActivityDisabled,__OgRVOLaEeCVSp8F0qHMxQ,EvaluateInvariant,n_evaluateInvariant_1;ok_1;modelElement_1;isOK_return_1;caseAConstraint_node_1
ActivityDisabled,__PskIOLaEeCVSp8F0qHMxQ,PropPanelCritic,n_propPanelCritic_1;criticClass_1;name_1;headline_1;priority_1;description_1;ocl_1;oclLabel_1;supportedDecision_1;knowledgeType_1;colToString_set_return_1
ActivityDisabled,__qN88uLaEeCVSp8F0qHMxQ,CrCompInstanceWithoutNode,n_crCompInstanceWithoutNode_1
ActivityDisabled,__wnf5OLaEeCVSp8F0qHMxQ,CrInvalidInitial,n_crInvalidInitial_1;getCriticizedDesignMaterials_return_1
ActivityDisabled,__ywN4uLaEeCVSp8F0qHMxQ,ChildGenDerivedClasses,n_childGenDerivedClasses_1;childIterator_o_return_1
ActivityDisabled,__7iWcOLaEeCVSp8F0qHMxQ,FigTransition,n_figTransition_1;endArrow_1;dashed_1;initializeTransition__1;setLayer_lay_1;setOwner_owner_1;initPorts_lay_owner_1;getNotationProviderType_return_1;renderingChanged__1;updateDashed__1;getPopUpActions_me_return_1;getDestination_return_1;getSource_return_1
ActivityDisabled,__8R9VOLaEeCVSp8F0qHMxQ,InitStateDiagram,n_initStateDiagram_1;getDetailsTabs_return_1;getProjectSettingsTabs_return_1;getSettingsTabs_return_1;init__1
ActivityDisabled,_ANPKceLbEeCVSp8F0qHMxQ,ClassGenerationDialog,n_classGenerationDialog_1;SOURCE_LANGUAGE_TAG_1;LOG_1;isPathInModel_1;languages_1;classTable_1;outputDirectoryComboBox_1;languageHistory_1;serialVersionUID_1;nameButtons__1;setClassTableColumnWidths__1;buildLanguages__1;getClasspathEntries_return_1;doBrowse__1
ActivityDisabled,_ANY7ceLbEeCVSp8F0qHMxQ,TableModelClassChecks,n_tableModelClassChecks_1;classes_1;checked_1;serialVersionUID_1;setTarget_nodes_1;getLanguagesCount_return_1;getChecked_return_1;getColumnCount_return_1;getColumnName_c_return_1;getColumnClass_c_return_1;isCellEditable_row_col_return_1;getRowCount_return_1;getValueAt_row_col_return_1;setValueAt_aValue_rowIndex_columnIndex_1;setAllChecks_value_1
ActivityDisabled,_AOqGwOLbEeCVSp8F0qHMxQ,ImporterManager,n_importerManager_1;LOG_1;INSTANCE_1;importers_1;getInstance_return_1;getImporters_return_1;hasImporters_return_1
ActivityDisabled,_ARbt8uLbEeCVSp8F0qHMxQ,TabConstraints,n_tabConstraints_1;LOG_1;mOcleEditor_1;mMmeiTarget_1;setToolbarRollover_enable_1;setToolbarFloatable_enable_1;getOclToolbar_return_1;shouldBeEnabled_target_return_1;getTarget_return_1;refresh__1;setTarget_oTarget_1;setTargetInternal_oTarget_1
ActivityDisabled,_ARk34eLbEeCVSp8F0qHMxQ,ConstraintModel,n_constraintModel_1;theMMmeiTarget_1;theMAlConstraints_1;theMEllListeners_1;getConstraintCount_return_1;getConstraintAt_nIdx_return_1;removeConstraintAt_nIdx_1;addConstraint__1;representationFor_nIdx_return_1;addConstraintChangeListener_ccl_1;removeConstraintChangeListener_ccl_1;fireConstraintRemoved_mc_nIdx_1;fireConstraintAdded__1;fireConstraintDataChanged_nIdx_mcOld_mcNew_1;fireConstraintNameChanged_nIdx_mcOld_mcNew_1
ActivityDisabled,_ARk34-LbEeCVSp8F0qHMxQ,CR,n_cR_1
ActivityDisabled,_AQiWEOLbEeCVSp8F0qHMxQ,UMLMultiplicityPanel,n_uMLMultiplicityPanel_1;multiplicityComboBox_1;checkBox_1;multiplicityList_1;getPreferredSize_return_1;itemStateChanged_event_1;getTarget_return_1
ActivityDisabled,_AQiWFOLbEeCVSp8F0qHMxQ,MultiplicityComboBoxModel,n_multiplicityComboBoxModel_1;isValidElement_element_return_1;buildModelList__1;setSelectedItem_anItem_1;getSelectedModelElement_return_1
ActivityDisabled,_Af3LgeLbEeCVSp8F0qHMxQ,ActionAddCreateActionInstantiation,n_actionAddCreateActionInstantiation_1;choiceClass_1;serialVersionUID_1;doIt_selected_1;getChoices_return_1;getDialogTitle_return_1;getSelected_return_1
ActivityDisabled,_AtU_wOLbEeCVSp8F0qHMxQ,UMLStructuralFeatureTypeComboBoxModel,n_uMLStructuralFeatureTypeComboBoxModel_1;isValidElement_element_return_1;buildModelList__1;buildMinimalModelList__1;isLazy_return_1;getSelectedModelElement_return_1;addOtherModelEventListeners_newTarget_1;removeOtherModelEventListeners_oldTarget_1
ActivityDisabled,_AtxEpOLbEeCVSp8F0qHMxQ,PropPanelConstraint,n_propPanelConstraint_1;serialVersionUID_1
ActivityDisabled,_AyFj8eLbEeCVSp8F0qHMxQ,ActionRemovePackageImport,n_actionRemovePackageImport_1
ActivityDisabled,_Azt7pOLbEeCVSp8F0qHMxQ,ThreadUtils,n_threadUtils_1;checkIfInterrupted__1
CollabDisabled,_-jNRkOLaEeCVSp8F0qHMxQ,ArgoEventPump,n_argoEventPump_1;LOG_1;listeners_1;SINGLETON_1;getInstance_return_1
CollabDisabled,_-qDgcOLaEeCVSp8F0qHMxQ,ToDoByPriority,n_toDoByPriority_1;LOG_1
CollabDisabled,_-o3NoOLaEeCVSp8F0qHMxQ,ToDoByType,n_toDoByType_1;LOG_1
CollabDisabled,_-qpWUeLaEeCVSp8F0qHMxQ,GoListToOffenderToItem,n_goListToOffenderToItem_1;lastParent_1;cachedChildrenList_1;getChild_parent_index_return_1;getChildCount_parent_return_1;getIndexOfChild_parent_child_return_1;isLeaf_node_return_1;getChildrenList_parent_return_1;valueForPathChanged_path_newValue_1
CollabDisabled,_-tB78-LaEeCVSp8F0qHMxQ,ArgoFigLine,n_argoFigLine_1;notifier_1;deleteFromModel__1;removeNotificationListener_listener_filter_handback_1;addNotificationListener_listener_filter_handback_1;getNotificationInfo_return_1;removeNotificationListener_listener_1
CollabDisabled,_-8zdUeLaEeCVSp8F0qHMxQ,UndoDataTypesHelperDecorator,n_undoDataTypesHelperDecorator_1
CollabDisabled,__QlU8uLaEeCVSp8F0qHMxQ,FigActivation,n_figActivation_1;DEFAULT_HEIGHT_1;DEFAULT_WIDTH_1;rectFig_1;initialize_bounds_destroy_1;setDestroy_isDestroy_1;isDestroy_return_1
CollabDisabled,__gZSkuLaEeCVSp8F0qHMxQ,AttributesNode,n_attributesNode_1;parent_1;getParent_return_1;toString_return_1;subsumes_obj_return_1
CollabDisabled,__n_IVOLaEeCVSp8F0qHMxQ,GenCompositeClasses2,n_genCompositeClasses2_1;SINGLETON_1;getInstance_return_1;childIterator_parent_return_1
CollabDisabled,__4__0uLaEeCVSp8F0qHMxQ,PropPanelUMLSequenceDiagram,n_propPanelUMLSequenceDiagram_1
CollabDisabled,__8R9VOLaEeCVSp8F0qHMxQ,InitStateDiagram,n_initStateDiagram_1;getDetailsTabs_return_1;getProjectSettingsTabs_return_1;getSettingsTabs_return_1;init__1
CollabDisabled,_AKta4uLbEeCVSp8F0qHMxQ,ModeCreateCommentEdge,n_modeCreateCommentEdge_1;isConnectionValid_source_dest_return_1;getMetaType_return_1
CollabDisabled,_ALTQweLbEeCVSp8F0qHMxQ,FigStereotype,n_figStereotype_1;initialize__1;setText__1;setText_text_1
CollabDisabled,_ARuo4uLbEeCVSp8F0qHMxQ,UMLStimulusActionTextField,n_uMLStimulusActionTextField_1;targetChanged__1;targetReasserted__1;propertyChange_event_1;update__1;changedUpdate_p1_1;removeUpdate_p1_1;insertUpdate_p1_1
CollabDisabled,_AaDecOLbEeCVSp8F0qHMxQ,PropPanelPartition,n_propPanelPartition_1;contentsScroll_1;activityGraphScroll_1;getContentsField_return_1;getActivityGraphField_return_1
CollabDisabled,_AaDecuLbEeCVSp8F0qHMxQ,ActionAddPartitionContent,n_actionAddPartitionContent_1;doIt_selected_1;getChoices_return_1;getDialogTitle_return_1;getSelected_return_1
CollabDisabled,_AwJqQOLbEeCVSp8F0qHMxQ,UMLParameterTypeComboBoxModel,n_uMLParameterTypeComboBoxModel_1;getSelectedModelElement_return_1
CollabDisabled,_AqpfMuLbEeCVSp8F0qHMxQ,ActionSetStructuralFeatureTargetScope,n_actionSetStructuralFeatureTargetScope_1;SINGLETON_1;getInstance_return_1
DeployDisabled,_-n0r0OLaEeCVSp8F0qHMxQ,InitCheckListUI,n_initCheckListUI_1;getDetailsTabs_return_1;getProjectSettingsTabs_return_1;getSettingsTabs_return_1;init__1
DeployDisabled,__ONWYuLaEeCVSp8F0qHMxQ,ContextApplicable,n_contextApplicable_1;LOG_1;applicable_1;modelElement_1;isApplicable_return_1;caseAClassifierContext_node_1;inAPreStereotype_node_1;inAPostStereotype_node_1
DeployDisabled,__WIjVOLaEeCVSp8F0qHMxQ,StylePanelFigRRect,n_stylePanelFigRRect_1;roundingLabel_1;roundingField_1;refresh__1;setTargetRounding__1
DeployDisabled,__W4KMeLaEeCVSp8F0qHMxQ,HeapMonitor,n_heapMonitor_1;ORANGE_THRESHOLD_1;RED_THRESHOLD_1;GREEN_1;ORANGE_1;RED_1;M_1;free_1;total_1;max_1;used_1;updateStats__1
DeployDisabled,__hllYOLaEeCVSp8F0qHMxQ,OperationsNode,n_operationsNode_1;parent_1;getParent_return_1;toString_return_1;subsumes_obj_return_1
DeployDisabled,__lKd1OLaEeCVSp8F0qHMxQ,GoProjectToDiagram,n_goProjectToDiagram_1;getRuleName_return_1;getChildren_parent_return_1;getDependencies_parent_return_1
DeployDisabled,__rQewOLaEeCVSp8F0qHMxQ,CrCrossNamespaceAssoc,n_crCrossNamespaceAssoc_1;getCriticizedDesignMaterials_return_1
DeployDisabled,__-gx8OLaEeCVSp8F0qHMxQ,ClassdiagramNote,n_classdiagramNote_1;getTypeOrderNumer_return_1;calculateWeight_return_1;getRank_return_1;getWeight_return_1;isStandalone_return_1
DeployDisabled,_AAl1kuLbEeCVSp8F0qHMxQ,ClassDiagramPropPanelFactory,n_classDiagramPropPanelFactory_1
DeployDisabled,_AIemQOLbEeCVSp8F0qHMxQ,ActionAddAllClassesFromModel,n_actionAddAllClassesFromModel_1;object_1;isEnabled_return_1;actionPerformed_ae_1
DeployDisabled,_AgAVdOLbEeCVSp8F0qHMxQ,PropPanelException,n_propPanelException_1
DeployDisabled,_AfkQkOLbEeCVSp8F0qHMxQ,ActionNewSendAction,n_actionNewSendAction_1;SINGLETON_1;createAction_return_1;getInstance_return_1
DeployDisabled,_Ae0pteLbEeCVSp8F0qHMxQ,UMLActionSequenceActionList,n_uMLActionSequenceActionList_1;getPopupMenu_return_1
DeployDisabled,_Af3Lg-LbEeCVSp8F0qHMxQ,UMLLinkConnectionListModel,n_uMLLinkConnectionListModel_1;serialVersionUID_1;buildModelList__1;isValidElement_element_return_1;moveDown_index_1;moveToBottom_index_1;moveToTop_index_1
DeployDisabled,_AksoMOLbEeCVSp8F0qHMxQ,ActionNewTimeEvent,n_actionNewTimeEvent_1;singleton_1;createEvent_ns_return_1;getSingleton_return_1
DeployDisabled,_AtxEouLbEeCVSp8F0qHMxQ,UMLAttributeInitialValueListModel,n_uMLAttributeInitialValueListModel_1;buildModelList__1;isValidElement_element_return_1
DeployDisabled,_AslY4OLbEeCVSp8F0qHMxQ,PropPanelPermission,n_propPanelPermission_1;serialVersionUID_1
Original,_-8zdUeLaEeCVSp8F0qHMxQ,UndoDataTypesHelperDecorator,n_undoDataTypesHelperDecorator_1
Original,__BaQgeLaEeCVSp8F0qHMxQ,InitNotation,n_initNotation_1;init__1;getProjectSettingsTabs_return_1;getSettingsTabs_return_1;getDetailsTabs_return_1
Original,__CcyUeLaEeCVSp8F0qHMxQ,OperationNotation,n_operationNotation_1;initialiseListener_listener_modelElement_1;updateListener_listener_modelElement_pce_1
Original,__G6bkOLaEeCVSp8F0qHMxQ,MultiplicityNotationUml,n_multiplicityNotationUml_1;getParsingHelp_return_1;parse_multiplicityOwner_text_1;parseMultiplicity_multiplicityOwner_s1_return_1;toString_multiplicityOwner_args_return_1
Original,__W4KM-LaEeCVSp8F0qHMxQ,SettingsTabUser,n_settingsTabUser_1;userFullname_1;userEmail_1;serialVersionUID_1;handleSettingsTabRefresh__1;handleSettingsTabSave__1;handleSettingsTabCancel__1;handleResetToDefault__1;getTabKey_return_1;getTabPanel_return_1
Original,__amMk-LaEeCVSp8F0qHMxQ,InitUiCmdSubsystem,n_initUiCmdSubsystem_1;getProjectSettingsTabs_return_1;getSettingsTabs_return_1;init__1;getDetailsTabs_return_1
Original,__lAs0uLaEeCVSp8F0qHMxQ,GoClassifierToCollaboration,n_goClassifierToCollaboration_1;getRuleName_return_1;getChildren_parent_return_1;getDependencies_parent_return_1
Original,__q9j1OLaEeCVSp8F0qHMxQ,InitCognitiveCritics,n_initCognitiveCritics_1;init__1;getProjectSettingsTabs_return_1;getSettingsTabs_return_1;getDetailsTabs_return_1
Original,__y5-5OLaEeCVSp8F0qHMxQ,DiagramSettings,n_diagramSettings_1;parent_1;fontName_1;fontSize_1;showBoldNames_1;fontPlain_1;fontItalic_1;fontBold_1;fontBoldItalic_1;showBidirectionalArrows_1;defaultShadowWidth_1;defaultStereotypeView_1;isShowBoldNames_return_1;setShowBoldNames_showem_1;isShowBidirectionalArrows_return_1;setShowBidirectionalArrows_showem_1;getDefaultShadowWidth_return_1;setDefaultShadowWidth_newWidth_1;getDefaultStereotypeView_return_1;getDefaultStereotypeViewInt_return_1;setDefaultStereotypeView_newView_1;setDefaultStereotypeView_newView_2;getFontName_return_1;setFontName_newFontName_1;getFontSize_return_1;setFontSize_newFontSize_1;recomputeFonts__1;getFontPlain_return_1;getFontItalic_return_1;getFontBold_return_1;getFontBoldItalic_return_1;getFont_fontStyle_return_1;doUndoable_memento_1
Original,_AChvQuLbEeCVSp8F0qHMxQ,FigMultiLineTextWithBold,n_figMultiLineTextWithBold_1;getFigFontStyle_return_1
Original,_ADRWJOLbEeCVSp8F0qHMxQ,ActionModifierAbstract,n_actionModifierAbstract_1;serialVersionUID_1;valueOfTarget_t_return_1
Original,_Ac4wBeLbEeCVSp8F0qHMxQ,UMLCollaborationInteractionListModel,n_uMLCollaborationInteractionListModel_1;buildModelList__1;isValidElement_elem_return_1
Original,_AjqGYeLbEeCVSp8F0qHMxQ,ActionNewSubmachineState,n_actionNewSubmachineState_1;SINGLETON_1;getInstance_return_1
Original,_AlSeEuLbEeCVSp8F0qHMxQ,ActionNewEvent,n_actionNewEvent_1;ROLE_1;createEvent_ns_return_1;getAction_role_t_return_1
Original,_AsR24uLbEeCVSp8F0qHMxQ,UMLDiagramNameDocument,n_uMLDiagramNameDocument_1;setProperty_text_1;getProperty_return_1
Original,_AtBdwOLbEeCVSp8F0qHMxQ,ActionSetModelElementVisibility,n_actionSetModelElementVisibility_1;SINGLETON_1;PUBLIC_COMMAND_1;PROTECTED_COMMAND_1;PRIVATE_COMMAND_1;PACKAGE_COMMAND_1;getInstance_return_1
Original,_A0nTguLbEeCVSp8F0qHMxQ,ArgoDialog,n_argoDialog_1;frame_1;MNEMONIC_KEY_SUFFIX_1;nameButtons__1;nameButton_button_key_1;init__1
SequenceDisabled,_-qgMY-LaEeCVSp8F0qHMxQ,WizStepChoice,n_wizStepChoice_1;instructions_1;choices_1;selectedIndex_1;serialVersionUID_1;getSelectedIndex_return_1
SequenceDisabled,_-8zdUeLaEeCVSp8F0qHMxQ,UndoDataTypesHelperDecorator,n_undoDataTypesHelperDecorator_1
SequenceDisabled,__BaQgeLaEeCVSp8F0qHMxQ,InitNotation,n_initNotation_1;init__1;getProjectSettingsTabs_return_1;getSettingsTabs_return_1;getDetailsTabs_return_1
SequenceDisabled,__CJ3ZOLaEeCVSp8F0qHMxQ,ObjectNotation,n_objectNotation_1;initialiseListener_listener_modelElement_1;updateListener_listener_modelElement_pce_1
SequenceDisabled,__G6bkOLaEeCVSp8F0qHMxQ,MultiplicityNotationUml,n_multiplicityNotationUml_1;getParsingHelp_return_1;parse_multiplicityOwner_text_1;parseMultiplicity_multiplicityOwner_s1_return_1;toString_multiplicityOwner_args_return_1
SequenceDisabled,__VPLceLaEeCVSp8F0qHMxQ,LoadSwingWorker,n_loadSwingWorker_1;LOG_1;showUi_1;file_1;finished__1
SequenceDisabled,__YXX8OLaEeCVSp8F0qHMxQ,FindDialog,n_findDialog_1;instance_1;nextResultNum_1;numFinds_1;INSET_PX_1;search_1;clearTabs_1;nameLocTab_1;elementName_1;diagramName_1;location_1;type_1;typeDetails_1;results_1;help_1;resultTabs_1;serialVersionUID_1;getInstance_return_1;initNameLocTab__1;initHelpTab__1;initTypes__1;nameButtons__1;doSearch__1;reset__1;doClearTabs__1;doResetFields_complete_1;doGoToSelection__1;mousePressed_me_1;mouseReleased_me_1;mouseEntered_me_1;mouseExited_me_1;mouseClicked_me_1;myDoubleClick_tab_1
SequenceDisabled,__pBqIOLaEeCVSp8F0qHMxQ,Init,n_init_1;init__1;createChecklists__1
SequenceDisabled,___QY0uLaEeCVSp8F0qHMxQ,StylePanelFigClass,n_stylePanelFigClass_1;attrCheckBox_1;operCheckBox_1;refreshTransaction_1;serialVersionUID_1;refresh__1
SequenceDisabled,___Gn0OLaEeCVSp8F0qHMxQ,FigComment,n_figComment_1;LOG_1;width_1;height_1;dogear_1;readyToEdit_1;bodyTextFig_1;outlineFig_1;urCorner_1;newlyCreated_1;serialVersionUID_1;initialize__1;placeString_return_1;clone_return_1;setOwner_own_1;updateBody__1;mouseClicked_me_1;vetoableChange_pce_1;delayedVetoableChange_pce_1;propertyChange_pve_1;keyPressed_ke_1;keyReleased_ke_1;keyTyped_ke_1;makeSelection_return_1;setLineColor_col_1;getLineColor_return_1;setFillColor_col_1;getFillColor_return_1;isFilled_return_1;getLineWidth_return_1;textEdited_ft_1;textEditStarted_ft_1;setEnclosingFig_encloser_1;storeBody_body_1;retrieveBody_return_1;getUseTrapRect_return_1;getNameBounds_return_1;getMinimumSize_return_1;updateBounds__1;updateStereotypeText__1;getBody_return_1;getClosestPoint_anotherPt_return_1
SequenceDisabled,_AJ0DBOLbEeCVSp8F0qHMxQ,ImageSelection,n_imageSelection_1;supportedFlavors_1;diagramImage_1;getTransferDataFlavors_return_1;isDataFlavorSupported_parFlavor_return_1;getTransferData_parFlavor_return_1
SequenceDisabled,_ACX-QeLbEeCVSp8F0qHMxQ,FigEditableCompartment,n_figEditableCompartment_1;LOG_1;MIN_HEIGHT_1;constructFigs__1;getSeperatorFig_return_1;setVisible_visible_1;addFig_fig_1;getUmlCollection_return_1;getNotationType_return_1;populate__1;getElementFigs_return_1;updateFigGroupSize_x_y_w_h_checkSize_rowHeight_return_1;getMinimumSize_return_1
SequenceDisabled,_ACX-Q-LbEeCVSp8F0qHMxQ,FigSeperator,n_figSeperator_1;serialVersionUID_1;getSize_return_1;getMinimumSize_return_1
SequenceDisabled,_AdLq8-LbEeCVSp8F0qHMxQ,ActionAddMessagePredecessor,n_actionAddMessagePredecessor_1;SINGLETON_1;getChoices_return_1;getSelected_return_1;getDialogTitle_return_1;doIt_selected_1;getInstance_return_1
SequenceDisabled,_An9-pOLbEeCVSp8F0qHMxQ,UMLClassifierFeatureListModel,n_uMLClassifierFeatureListModel_1;buildModelList__1;isValidElement_element_return_1;moveDown_index_1;moveToBottom_index_1;moveToTop_index_1
SequenceDisabled,_Av2vUOLbEeCVSp8F0qHMxQ,ActionSetAssociationEndNavigable,n_actionSetAssociationEndNavigable_1;SINGLETON_1;getInstance_return_1
SequenceDisabled,_AxypAOLbEeCVSp8F0qHMxQ,PropPanelTagDefinition,n_propPanelTagDefinition_1;serialVersionUID_1;ownerSelector_1;tdNamespaceSelector_1;typedValuesScroll_1;multiplicityComboBox_1;getTDNamespaceSelector_return_1;getOwnerSelector_return_1;getMultiplicityComboBox_return_1;getTypedValuesScroll_return_1
SequenceDisabled,_A1W6YOLbEeCVSp8F0qHMxQ,OsUtil,n_osUtil_1;isWin32_return_1;isMac_return_1;isMacOSX_return_1;isSunJdk_return_1
StateDisabled,_-x8RIeLaEeCVSp8F0qHMxQ,ModelCommand,n_modelCommand_1;execute_return_1;isUndoable_return_1;isRedoable_return_1;undo__1
StateDisabled,_-zbe4uLaEeCVSp8F0qHMxQ,AbstractCollaborationsHelperDecorator,n_abstractCollaborationsHelperDecorator_1;getAllClassifierRoles_ns_return_1;getAllPossibleAssociationRoles_role_return_1;getClassifierRoles_role_return_1;getAssociationRole_afrom_ato_return_1;getAllPossibleActivators_ames_return_1;hasAsActivator_message_activator_return_1;setActivator_ames_anactivator_1;getAllPossiblePredecessors_amessage_return_1;addBase_arole_abase_1;setBases_role_bases_1;allAvailableFeatures_arole_return_1;allAvailableContents_arole_return_1;getAllPossibleBases_role_return_1;setBase_arole_abase_1;isAddingCollaborationAllowed_context_return_1;removeConstrainingElement_handle_constraint_1;removeMessage_handle_message_1;removeMessage3_handle_mess_1;removeSuccessor_handle_mess_1;removePredecessor_handle_message_1;addConstrainingElement_handle_constraint_1;addInstance_classifierRole_instance_1;addMessage_handle_elem_1;addSuccessor_handle_mess_1;addPredecessor_handle_predecessor_1;setAction_handle_action_1;setContext_handle_col_1;setSuccessors_handle_messages_1;setPredecessors_handle_predecessors_1;setRepresentedClassifier_handle_classifier_1;setRepresentedOperation_handle_operation_1;setSender_handle_sender_1;removeInteraction_collab_interaction_1
StateDisabled,_-19OcOLaEeCVSp8F0qHMxQ,ModelManagementFactoryEUMLImpl,n_modelManagementFactoryEUMLImpl_1;editingDomain_1;theRootModel_1;buildElementImport_pack_me_return_1;buildPackage_name_return_1;copyPackage_source_ns_return_1;createElementImport_return_1;createPackage_return_1;createSubsystem_return_1;setRootModel_rootModel_1;getRootModel_return_1
StateDisabled,__BHVkeLaEeCVSp8F0qHMxQ,InitModuleLoader,n_initModuleLoader_1;getProjectSettingsTabs_return_1;getSettingsTabs_return_1;init__1;getDetailsTabs_return_1
StateDisabled,__MbNsuLaEeCVSp8F0qHMxQ,UserDefinedProfile,n_userDefinedProfile_1;LOG_1;displayName_1;modelFile_1;profilePackages_1;finishLoading__1;filterPackages_return_1;str2KnowledgeType_token_return_1;str2Priority_prioStr_return_1;getAllCritiquesInModel_return_1;getAllCommentsInModel_objs_return_1;getDisplayName_return_1;getModelFile_return_1;toString_return_1;getProfilePackages_return_1
StateDisabled,__ew65OLaEeCVSp8F0qHMxQ,TypeThenNameOrder,n_typeThenNameOrder_1;compare_obj1_obj2_return_1;toString_return_1
StateDisabled,__hSqcOLaEeCVSp8F0qHMxQ,GoSummaryToAssociation,n_goSummaryToAssociation_1;getRuleName_return_1;getChildren_parent_return_1;getDependencies_parent_return_1
StateDisabled,_AChvQOLbEeCVSp8F0qHMxQ,FigEdgeAssociationClass,n_figEdgeAssociationClass_1;serialVersionUID_1;LOG_1;canEdit_f_return_1;getRemoveDelegate_return_1;setDestFigNode_fn_1;setSourceFigNode_fn_1
StateDisabled,_ALdBweLbEeCVSp8F0qHMxQ,UseCaseDiagramGraphModel,n_useCaseDiagramGraphModel_1;LOG_1;serialVersionUID_1;getPorts_nodeOrEdge_return_1;getOwner_port_return_1;getInEdges_port_return_1;getOutEdges_port_return_1;canAddNode_node_return_1;canAddEdge_edge_return_1;addNode_node_1;addEdge_edge_1;addNodeRelatedEdges_node_1;canConnect_fromP_toP_return_1;vetoableChange_pce_1
StateDisabled,_AOIiVOLbEeCVSp8F0qHMxQ,Import,n_import_1;configPanel_1;descend_1;changedOnly_1;createDiagrams_1;minimiseFigs_1;layoutDiagrams_1;classOnly_1;classAndFeatures_1;fullImport_1;sourceEncoding_1;dialog_1;myFrame_1;getInputSourceEncoding_return_1;isAttributeSelected_return_1;isDatatypeSelected_return_1;disposeDialog__1;getConfigPanel_return_1;addConfigCheckboxes_panel_1;addDetailLevelButtons_panel_1;addSourceEncoding_panel_1;getConfigPanelExtension_return_1;doFile__1;getImportLevel_return_1;isCreateDiagramsSelected_return_1;isMinimizeFigsSelected_return_1;isDiagramLayoutSelected_return_1;isDescendSelected_return_1;isChangedOnlySelected_return_1;getChooser_return_1
StateDisabled,_AObdQOLbEeCVSp8F0qHMxQ,ConfigPanelExtension,n_configPanelExtension_1
StateDisabled,_ATEFouLbEeCVSp8F0qHMxQ,UMLList2,n_uMLList2_1;LOG_1;getTarget_return_1;showPopup_event_1;hasPopup_return_1
StateDisabled,_AlcPEeLbEeCVSp8F0qHMxQ,ActionSetSubmachineStateSubmachine,n_actionSetSubmachineStateSubmachine_1;SINGLETON_1;getInstance_return_1
StateDisabled,_AiwuhOLbEeCVSp8F0qHMxQ,ActionNewCompositeState,n_actionNewCompositeState_1;singleton_1;getSingleton_return_1
StateDisabled,_AjzQVOLbEeCVSp8F0qHMxQ,UMLTransitionGuardListModel,n_uMLTransitionGuardListModel_1;buildModelList__1;isValidElement_element_return_1;buildPopup_popup_index_return_1;hasPopup_return_1
StateDisabled,_Atn6suLbEeCVSp8F0qHMxQ,PropPanelEnumeration,n_propPanelEnumeration_1;literalsScroll_1;addEnumerationButtons__1;getLiteralsScroll_return_1
StateDisabled,_Au9XcOLbEeCVSp8F0qHMxQ,PropPanelAssociationEnd,n_propPanelAssociationEnd_1;serialVersionUID_1;typeCombobox_1;associationScroll_1;navigabilityCheckBox_1;orderingCheckBox_1;targetScopeCheckBox_1;aggregationRadioButtonpanel_1;changeabilityRadioButtonpanel_1;visibilityRadioButtonPanel_1;specificationScroll_1;qualifiersScroll_1;associationLabel_1;createControls__1;positionStandardControls__1;positionControls__1;setAssociationLabel_label_1;getMultiplicityComboBox_return_1
StateDisabled,_AxV9EOLbEeCVSp8F0qHMxQ,PropPanelTaggedValue,n_propPanelTaggedValue_1;modelElementSelector_1;typeSelector_1;referenceValuesScroll_1;dataValuesScroll_1;getReferenceValuesScroll_return_1;getDataValuesScroll_return_1;getModelElementSelector_return_1;getTypeSelector_return_1
StateDisabled,_AxV9EuLbEeCVSp8F0qHMxQ,ActionSetTaggedValueModelElement,n_actionSetTaggedValueModelElement_1
UsecaseDisabled,_-jzugOLaEeCVSp8F0qHMxQ,ArgoHelpEvent,n_argoHelpEvent_1;helpText_1;getEventStartRange_return_1;getHelpText_return_1
UsecaseDisabled,_-moZA-LaEeCVSp8F0qHMxQ,ToDoListEvent,n_toDoListEvent_1;items_1;getToDoItemList_return_1
UsecaseDisabled,_-wdDYOLaEeCVSp8F0qHMxQ,AbstractActivityGraphsHelperDecorator,n_abstractActivityGraphsHelperDecorator_1;findClassifierByName_ofs_s_return_1;findStateByName_c_s_return_1;isAddingActivityGraphAllowed_context_return_1;addInState_classifierInState_state_1;setInStates_classifierInState_newStates_1;setContents_partition_newContents_1;addContent_partition_modelElement_1;removeContent_partition_modelElement_1;setSynch_objectFlowState_isSynch_1;addParameter_objectFlowState_parameter_1;removeParameter_objectFlowState_parameter_1;setParameters_objectFlowState_parameters_1
UsecaseDisabled,__PizKOLaEeCVSp8F0qHMxQ,ProfilePropPanelFactory,n_profilePropPanelFactory_1
UsecaseDisabled,__Too8eLaEeCVSp8F0qHMxQ,GResolution,n_gResolution_1;resolution_1;label_1;getResolution_return_1;toString_return_1
UsecaseDisabled,__ZZ5wuLaEeCVSp8F0qHMxQ,NavigateTargetBackAction,n_navigateTargetBackAction_1;serialVersionUID_1;isEnabled_return_1
UsecaseDisabled,__aJgoOLaEeCVSp8F0qHMxQ,SettingsTabShortcuts,n_settingsTabShortcuts_1;serialVersionUID_1;NONE_NAME_1;DEFAULT_NAME_1;CUSTOM_NAME_1;table_1;selectedContainer_1;shortcutFieldDefaultBg_1;customButton_1;defaultButton_1;noneButton_1;warningLabel_1;lastRowSelected_1;columnNames_1;elements_1;getTabKey_return_1;getTabPanel_return_1;enableFields_enable_1;handleResetToDefault__1;handleSettingsTabCancel__1;handleSettingsTabRefresh__1;handleSettingsTabSave__1;valueChanged_lse_1;resetKeyStrokeConflict__1;setKeyStrokeValue_newKeyStroke_1;checkShortcutAlreadyAssigned_newKeyStroke_1
UsecaseDisabled,__ciGQOLaEeCVSp8F0qHMxQ,PerspectiveConfigurator,n_perspectiveConfigurator_1;LOG_1;INSET_PX_1;configPanelNorth_1;configPanelSouth_1;splitPane_1;renameTextField_1;newPerspectiveButton_1;removePerspectiveButton_1;duplicatePerspectiveButton_1;moveUpButton_1;moveDownButton_1;addRuleButton_1;removeRuleButton_1;resetToDefaultButton_1;perspectiveList_1;perspectiveRulesList_1;ruleLibraryList_1;perspectiveListModel_1;perspectiveRulesListModel_1;ruleLibraryListModel_1;persLabel_1;ruleLibLabel_1;rulesLabel_1;makeLists__1;makeButtons__1;makeLayout__1;makeListeners__1;loadLibrary__1;loadPerspectives__1;updatePersLabel__1;updateLibLabel__1;updateRuleLabel__1;sortJListModel_list_1;doAddRule__1;doRemoveRule__1
UsecaseDisabled,__dH8IeLaEeCVSp8F0qHMxQ,RuleListener,n_ruleListener_1
UsecaseDisabled,__uYrQOLaEeCVSp8F0qHMxQ,UMLWizard,n_uMLWizard_1;suggestion_1;getNumSteps_return_1;getModelElement_return_1;offerSuggestion_return_1;getSuggestion_return_1
UsecaseDisabled,__1upYOLaEeCVSp8F0qHMxQ,FigCallState,n_figCallState_1;getNotationProviderType_return_1;clone_return_1;makeSelection_return_1
UsecaseDisabled,__4tE4eLaEeCVSp8F0qHMxQ,MessageNode,n_messageNode_1;INITIAL_1;PRECREATED_1;DONE_SOMETHING_NO_CALL_1;CALLED_1;IMPLICIT_RETURNED_1;CREATED_1;RETURNED_1;DESTROYED_1;IMPLICIT_CREATED_1;state_1;callers_1;getState_return_1;setState_st_1;setCallers_theCallers_1;getCallers_return_1;getClassifierRole_return_1;canCall_return_1;canBeCalled_return_1;canReturn_caller_return_1;canBeReturnedTo_return_1;matchingCallerList_caller_callerIndex_return_1;canCreate_return_1;canDestroy_return_1;canBeCreated_return_1;canBeDestroyed_return_1
UsecaseDisabled,_AByIYOLbEeCVSp8F0qHMxQ,SelectionGeneralizableElement,n_selectionGeneralizableElement_1;inherit_1;icons_1;instructions_1;useComposite_1;getIcons_return_1;getInstructions_i_return_1;getNewEdgeType_i_return_1;isReverseEdge_i_return_1;isEdgePostProcessRequested_return_1;mouseEntered_me_1
UsecaseDisabled,_ANr2YuLbEeCVSp8F0qHMxQ,ImportCommon,n_importCommon_1;MAX_PROGRESS_PREPARE_1;MAX_PROGRESS_IMPORT_1;MAX_PROGRESS_1;modules_1;srcPath_1;selectedFiles_1;getImportLevel_return_1;initCurrentDiagram__1;getInputSourceEncoding_return_1;setSrcPath_path_1;getSrcPath_return_1;isCreateDiagramsSelected_return_1;isMinimizeFigsSelected_return_1;isDiagramLayoutSelected_return_1;isDescendSelected_return_1;isChangedOnlySelected_return_1;getModules_return_1;setSelectedFiles_files_1;getSelectedFiles_return_1;getLanguages_return_1;isDescend_return_1;isChangedOnly_return_1;isCreateDiagrams_return_1;isMinimizeFigs_return_1;skipTokens_st_count_1;isDiagramLayout_return_1;getEncoding_return_1;addFiguresToDiagrams_newElements_1;getQualifiedName_element_return_1;printToBuffer_e_return_1
UsecaseDisabled,_AOIiUuLbEeCVSp8F0qHMxQ,ImportException,n_importException_1
UsecaseDisabled,_APf0QOLbEeCVSp8F0qHMxQ,ImportClasspathDialog,n_importClasspathDialog_1;paths_1;pathsModel_1;addButton_1;removeButton_1;chooser_1;setting_1;updatePathList__1
UsecaseDisabled,_APo-MuLbEeCVSp8F0qHMxQ,AddListener,n_addListener_1
UsecaseDisabled,_AZdokeLbEeCVSp8F0qHMxQ,SaveGIFAction2,n_saveGIFAction2_1;saveGraphics_s_ce_drawingArea_1
UsecaseDisabled,_AxV9EOLbEeCVSp8F0qHMxQ,PropPanelTaggedValue,n_propPanelTaggedValue_1;modelElementSelector_1;typeSelector_1;referenceValuesScroll_1;dataValuesScroll_1;getReferenceValuesScroll_return_1;getDataValuesScroll_return_1;getModelElementSelector_return_1;getTypeSelector_return_1
UsecaseDisabled,_Axo4AeLbEeCVSp8F0qHMxQ,UMLDataValueListModel,n_uMLDataValueListModel_1;buildModelList__1;isValidElement_element_return_1
