ActivityDisabled,_-ll3MOLaEeCVSp8F0qHMxQ,ToDoList,n_toDoList_1;LOG_1;SLEEP_SECONDS_1;items_1;itemSet_1;allPosters_1;resolvedItems_1;validityChecker_1;listenerList_1;longestToDoList_1;numNotValid_1;isPaused_1;pausedMutex_1;run__1;forceValidityCheck__1;forceValidityCheck_removes_1;pause__1;resume__1;isPaused_return_1;setPaused_paused_1;notifyObservers_action_arg_1;notifyObservers__1;getToDoItemList_return_1;getResolvedItems_return_1;getDecisionList_return_1;getGoalList_return_1;removeAll_list_1;removeAllElements__1;elementListForOffender_offender_return_1;size_return_1;recomputeAllOffenders__1;recomputeAllPosters__1;fireToDoListChanged__1;fireToDoItemsAdded_theItems_1;fireToDoItemsRemoved_theItems_1;toString_return_1
ActivityDisabled,_--I6EuLaEeCVSp8F0qHMxQ,ActivityGraphsFactoryMDRImpl,n_activityGraphsFactoryMDRImpl_1;createActionState_return_1;createActivityGraph_return_1;createCallState_return_1;createClassifierInState_return_1;createObjectFlowState_return_1;createPartition_return_1;createSubactivityState_return_1;buildActivityGraph_theContext_return_1;buildObjectFlowState_compositeState_return_1;buildClassifierInState_classifier_state_return_1;deleteActionState_elem_1;deleteActivityGraph_elem_1;deleteCallState_elem_1;deleteClassifierInState_elem_1;deleteObjectFlowState_elem_1;deletePartition_elem_1;deleteSubactivityState_elem_1
ActivityDisabled,__CcyUeLaEeCVSp8F0qHMxQ,OperationNotation,n_operationNotation_1;initialiseListener_listener_modelElement_1;updateListener_listener_modelElement_pce_1
ActivityDisabled,__Lh10OLaEeCVSp8F0qHMxQ,ArgoParser,n_argoParser_1;LOG_1;memberList_1;isElementOfInterest_name_return_1;getMemberList_return_1
ActivityDisabled,__NT-hOLaEeCVSp8F0qHMxQ,ProfileLoader,n_profileLoader_1;LOG_1;JAR_PREFIX_1;FILE_PREFIX_1;doLoad__1;huntForProfilesInDir_dir_1;loadProfilesFromJarFile_manifest_file_classloader_1;loadManifestDependenciesForProfile_attr_return_1;loadJavaCriticsForProfile_attr_classloader_return_1
ActivityDisabled,__NdvgeLaEeCVSp8F0qHMxQ,JarFileFilter,n_jarFileFilter_1;accept_pathname_return_1
ActivityDisabled,__WuZMuLaEeCVSp8F0qHMxQ,ShadowComboBox,n_shadowComboBox_1;serialVersionUID_1
ActivityDisabled,__bC4gOLaEeCVSp8F0qHMxQ,ActionShowXMLDump,n_actionShowXMLDump_1;serialVersionUID_1;INSET_PX_1;init_pw_1
ActivityDisabled,__lmisOLaEeCVSp8F0qHMxQ,GoStateToIncomingTrans,n_goStateToIncomingTrans_1;getRuleName_return_1;getChildren_parent_return_1;getDependencies_parent_return_1
ActivityDisabled,__lTnw-LaEeCVSp8F0qHMxQ,GoElementToMachine,n_goElementToMachine_1;getRuleName_return_1;getChildren_parent_return_1;getDependencies_parent_return_1
ActivityDisabled,__ywN4OLaEeCVSp8F0qHMxQ,CrUselessAbstract,n_crUselessAbstract_1;getCriticizedDesignMaterials_return_1
ActivityDisabled,_AWfNEuLbEeCVSp8F0qHMxQ,ActionNavigateContainerElement,n_actionNavigateContainerElement_1;navigateTo_source_return_1
ActivityDisabled,_AaDecOLbEeCVSp8F0qHMxQ,PropPanelPartition,n_propPanelPartition_1;contentsScroll_1;activityGraphScroll_1;getContentsField_return_1;getActivityGraphField_return_1
ActivityDisabled,_Acu_BOLbEeCVSp8F0qHMxQ,UMLMessageActivatorComboBox,n_uMLMessageActivatorComboBox_1;doIt_event_1
ActivityDisabled,_Aeq4suLbEeCVSp8F0qHMxQ,ActionNewSignal,n_actionNewSignal_1
ActivityDisabled,_AvaDYuLbEeCVSp8F0qHMxQ,ActionSetBehavioralFeatureQuery,n_actionSetBehavioralFeatureQuery_1;SINGLETON_1;getInstance_return_1
ActivityDisabled,_AqMzQOLbEeCVSp8F0qHMxQ,PropPanelStructuralFeature,n_propPanelStructuralFeature_1;multiplicityComboBox_1;getMultiplicityComboBox_return_1
ActivityDisabled,_AxV9EOLbEeCVSp8F0qHMxQ,PropPanelTaggedValue,n_propPanelTaggedValue_1;modelElementSelector_1;typeSelector_1;referenceValuesScroll_1;dataValuesScroll_1;getReferenceValuesScroll_return_1;getDataValuesScroll_return_1;getModelElementSelector_return_1;getTypeSelector_return_1
ActivityDisabled,_AxV9E-LbEeCVSp8F0qHMxQ,UMLTaggedValueModelElementComboBoxModel,n_uMLTaggedValueModelElementComboBoxModel_1;buildModelList__1;getSelectedModelElement_return_1;isValidElement_element_return_1
CollabDisabled,_-iUgwuLaEeCVSp8F0qHMxQ,Argo,n_argo_1;ARGOINI_1;CONSOLE_LOG_1;ARGO_CONSOLE_SUPPRESS_1;ARGO_CONSOLE_PREFIX_1;DOCUMENTATION_TAG_1;AUTHOR_TAG_1;SINCE_TAG_1;SEE_TAG_1;DEPRECATED_TAG_1;VERSION_TAG_1;DOCUMENTATION_TAG_ALT_1;SCOPE_APPLICATION_1;SCOPE_PROJECT_1;setDirectory_dir_1;getDirectory_return_1;getEncoding_return_1
CollabDisabled,__MRcsOLaEeCVSp8F0qHMxQ,ProfileReference,n_profileReference_1;path_1;url_1;getPath_return_1;getPublicReference_return_1
CollabDisabled,__ShOoeLaEeCVSp8F0qHMxQ,LookAndFeelMgr,n_lookAndFeelMgr_1;LOG_1;SINGLETON_1;METAL_LAF_CLASS_NAME_1;DEFAULT_KEY_1;DEFAULT_THEME_1;BIG_THEME_1;HUGE_THEME_1;THEMES_1;defaultLafClass_1;getInstance_return_1;initializeLookAndFeel__1;getThemeClassNameFromArg_arg_return_1;printThemeArgs__1;getAvailableLookAndFeelNames_return_1;getAvailableThemeNames_return_1;getLookAndFeelFromName_name_return_1;getThemeFromName_name_return_1;isThemeCompatibleLookAndFeel_lafClass_return_1;getCurrentLookAndFeel_return_1;getCurrentLookAndFeelName_return_1;setCurrentLAFAndThemeByName_lafName_themeName_1;getCurrentThemeClassName_return_1;getCurrentThemeName_return_1;setCurrentTheme_themeClass_1;getStandardFont_return_1;getSmallFont_return_1;setLookAndFeel_lafClass_1;setTheme_theme_1;getMetalTheme_themeClass_return_1
CollabDisabled,__4__0uLaEeCVSp8F0qHMxQ,PropPanelUMLSequenceDiagram,n_propPanelUMLSequenceDiagram_1
CollabDisabled,_AGY7kuLbEeCVSp8F0qHMxQ,FigMultiLineText,n_figMultiLineText_1;initFigs__1
CollabDisabled,_AEKG9OLbEeCVSp8F0qHMxQ,FigCompartmentBox,n_figCompartmentBox_1;DEFAULT_COMPARTMENT_BOUNDS_1;borderFig_1;initialize__1;translate_dx_dy_1;mouseClicked_mouseEvent_1;createContainedModelElement_fg_ie_1;getBorderFig_return_1;addChildDimensions_size_child_return_1
CollabDisabled,_ADkREOLbEeCVSp8F0qHMxQ,FigNameWithAbstractAndBold,n_figNameWithAbstractAndBold_1;getFigFontStyle_return_1
CollabDisabled,_AEwj4eLbEeCVSp8F0qHMxQ,ArgoEditor,n_argoEditor_1;argoRenderingHints_1;serialVersionUID_1;mouseEntered_me_1;mouseMoved_me_1;setupRenderingHints__1
CollabDisabled,_AHcEceLbEeCVSp8F0qHMxQ,FigNodeModelElement,n_figNodeModelElement_1;LOG_1;WIDTH_1;NAME_FIG_HEIGHT_1;NAME_V_PADDING_1;npArguments_1;invisibleAllowed_1;checkSize_1;popupAddOffset_1;ROOT_1;ABSTRACT_1;LEAF_1;ACTIVE_1;bigPort_1;nameFig_1;floatingStereotypes_1;stereotypeStyle_1;ICON_WIDTH_1;originalNameFig_1;enclosedFigs_1;encloser_1;readyToEdit_1;suppressCalcBounds_1;showBoldName_1;removeFromDiagram_1;editable_1;listeners_1;constructFigs__1;setLayer_lay_1;clone_return_1;placeString_return_1;getNameFig_return_1;getNameBounds_return_1;setNameFig_fig_1;getName_return_1;getPopUpActions_me_return_1;buildVisibilityPopUp_return_1;buildModifierPopUp_items_return_1;getEnclosingFig_return_1;setEnclosingFig_newEncloser_1;moveIntoComponent_newEncloser_1;addEnclosedFig_fig_1;removeEnclosedFig_fig_1;getEnclosedFigs_return_1;makeSelection_return_1;getTipString_me_return_1;vetoableChange_pce_1;delayedVetoableChange_pce_1;updateBounds__1;propertyChange_pve_1;formatEvent_event_return_1;isReadOnly_return_1;textEditStarted_ft_1;textEdited_ft_1;mouseClicked_me_1;keyPressed_ke_1;keyReleased_ke_1;keyTyped_ke_1;modelChanged_event_1;createContainedModelElement_fg_me_1;isPartlyOwner_o_return_1;isPartlyOwner_fig_o_return_1;deleteFromModel__1;setOwner_owner_1;initNotationProviders_own_1;getNotationProviderType_return_1;updateStereotypeText__1;updateNameText__1;isPathVisible_return_1;setPathVisible_visible_1;determineDefaultPathVisible__1;classNameAndBounds_return_1;updateListeners_oldOwner_newOwner_1;renderingChanged__1;updateStereotypeIcon__1;calcBounds__1;enableSizeChecking_flag_1;hit_r_return_1;removeFromDiagram__1;getRemoveDelegate_return_1;removeFromDiagramImpl__1;setBigPort_bp_1;getBigPort_return_1;isCheckSize_return_1;isDragConnectable_return_1;getEncloser_return_1;isReadyToEdit_return_1;setSuppressCalcBounds_scb_1;setVisible_visible_1;displace_xInc_yInc_1;allowRemoveFromDiagram_allowed_1;getPopupAddOffset_return_1;isEditable_return_1;setEditable_canEdit_1;addElementListener_element_1;addElementListener_element_property_1;addElementListener_element_property_2;removeElementListener_element_1;removeAllElementListeners__1;removeElementListeners_listenerSet_1;addElementListeners_listenerSet_1;updateElementListeners_listenerSet_1;getNotationArguments_return_1;putNotationArgument_key_value_1;isSingleTarget_return_1;getStereotypeView_return_1;getStereotypeStyle_return_1;getPracticalView_return_1;getStereotypeCount_return_1;setStereotypeStyle_style_1;updateSmallIcons_wid_1;updateFont__1;getNameFigFontStyle_return_1;deepUpdateFont_fg_1
CollabDisabled,_AHu_YeLbEeCVSp8F0qHMxQ,SelectionDefaultClarifiers,n_selectionDefaultClarifiers_1;getIcons_return_1;getInstructions_index_return_1;getNewNodeType_index_return_1;getNewEdgeType_index_return_1;isReverseEdge_index_return_1
CollabDisabled,_ARIL8OLbEeCVSp8F0qHMxQ,AbstractActionNewModelElement,n_abstractActionNewModelElement_1;target_1;getTarget_return_1;setTarget_theTarget_1
CollabDisabled,_AZKtoOLbEeCVSp8F0qHMxQ,SaveGraphicsManager,n_saveGraphicsManager_1;MIN_MARGIN_1;otherFilters_1;instance_1;setDefaultFilterBySuffix_suffix_1;getInstance_return_1;setFileChooserFilters_chooser_defaultName_1;getDefaultSuffix_return_1;fixExtension_in_return_1;getSaveActionBySuffix_suffix_return_1;getSettingsList_return_1;adjustDrawingArea_area_return_1
CollabDisabled,_AgAVcuLbEeCVSp8F0qHMxQ,ActionNewArgument,n_actionNewArgument_1
CollabDisabled,_AdoW4OLbEeCVSp8F0qHMxQ,ActionAddContextSignal,n_actionAddContextSignal_1;getChoices_return_1;getSelected_return_1;getDialogTitle_return_1;doIt_selected_1
CollabDisabled,_Am7c1OLbEeCVSp8F0qHMxQ,ActionAddExtendExtensionPoint,n_actionAddExtendExtensionPoint_1;SINGLETON_1;doIt_selected_1;getChoices_return_1;getDialogTitle_return_1;getSelected_return_1;getInstance_return_1
CollabDisabled,_Au0NgeLbEeCVSp8F0qHMxQ,ActionSetParameterType,n_actionSetParameterType_1;SINGLETON_1;getInstance_return_1
CollabDisabled,_Aw5RIOLbEeCVSp8F0qHMxQ,UMLMetaClassComboBoxModel,n_uMLMetaClassComboBoxModel_1;metaClasses_1;getSelectedModelElement_return_1;buildModelList__1;isValidElement_element_return_1
CollabDisabled,_AxV9EOLbEeCVSp8F0qHMxQ,PropPanelTaggedValue,n_propPanelTaggedValue_1;modelElementSelector_1;typeSelector_1;referenceValuesScroll_1;dataValuesScroll_1;getReferenceValuesScroll_return_1;getDataValuesScroll_return_1;getModelElementSelector_return_1;getTypeSelector_return_1
DeployDisabled,_-w5vVOLaEeCVSp8F0qHMxQ,AttributeChangeEvent,n_attributeChangeEvent_1;serialVersionUID_1
DeployDisabled,_-y1B9OLaEeCVSp8F0qHMxQ,AddAssociationEvent,n_addAssociationEvent_1;serialVersionUID_1
DeployDisabled,_-5Fa8OLaEeCVSp8F0qHMxQ,RunnableClass,n_runnableClass_1;params_1;getParams_return_1
DeployDisabled,__TthcOLaEeCVSp8F0qHMxQ,ProgressMonitorWindow,n_progressMonitorWindow_1;updateProgress_progress_1;isCanceled_return_1;close__1;notifyMessage_title_introduction_message_1;notifyNullAction__1;setMaximumProgress_max_1;updateSubTask_action_1;updateMainTask_name_1
DeployDisabled,__Zs0sOLaEeCVSp8F0qHMxQ,ActionAboutArgoUML,n_actionAboutArgoUML_1;serialVersionUID_1;actionPerformed_ae_1
DeployDisabled,__h4gU-LaEeCVSp8F0qHMxQ,GoModelElementToBehavior,n_goModelElementToBehavior_1;getRuleName_return_1;getChildren_parent_return_1;getDependencies_parent_return_1
DeployDisabled,__hSqdOLaEeCVSp8F0qHMxQ,GoCompositeStateToSubvertex,n_goCompositeStateToSubvertex_1;getRuleName_return_1;getChildren_parent_return_1;getDependencies_parent_return_1
DeployDisabled,__7rgY-LaEeCVSp8F0qHMxQ,FigInitialState,n_figInitialState_1;X_1;Y_1;STATE_WIDTH_1;HEIGHT_1;head_1;serialVersionUID_1;initFigs__1;clone_return_1;makeSelection_return_1;isResizable_return_1;setLineColor_col_1;getLineColor_return_1;setFillColor_col_1;getFillColor_return_1;isFilled_return_1;getLineWidth_return_1;mouseClicked_me_1;getGravityPoints_return_1
DeployDisabled,_AXhu4-LbEeCVSp8F0qHMxQ,ActionRemoveModelElement,n_actionRemoveModelElement_1;SINGLETON_1;isEnabled_return_1
DeployDisabled,_AVS6QuLbEeCVSp8F0qHMxQ,ActionCopy,n_actionCopy_1;instance_1;LOCALIZE_KEY_1;textSource_1;getInstance_return_1;actionPerformed_ae_1;isSystemClipBoardEmpty_return_1
DeployDisabled,_AWyIAuLbEeCVSp8F0qHMxQ,UMLRadioButtonPanel,n_uMLRadioButtonPanel_1;stdFont_1;panelTarget_1;propertySetName_1;buttonGroup_1;toList_map_return_1;setButtons_labeltextsActioncommands_setAction_1;getTarget_return_1;setTarget_target_1;getPropertySetName_return_1;setPropertySetName_name_1;buildModel__1;setSelected_actionCommand_1
DeployDisabled,_Aa82UuLbEeCVSp8F0qHMxQ,ActionSetSynch,n_actionSetSynch_1;SINGLETON_1;getInstance_return_1
DeployDisabled,_AagKYOLbEeCVSp8F0qHMxQ,PropPanelSubactivityState,n_propPanelSubactivityState_1
DeployDisabled,_AbZiQ-LbEeCVSp8F0qHMxQ,ActionSetRepresentedClassifierCollaboration,n_actionSetRepresentedClassifierCollaboration_1
DeployDisabled,_AhfjNeLbEeCVSp8F0qHMxQ,ActionNavigateOppositeLinkEnd,n_actionNavigateOppositeLinkEnd_1;navigateTo_source_return_1
DeployDisabled,_As4T0uLbEeCVSp8F0qHMxQ,UMLAssociationEndTargetScopeCheckbox,n_uMLAssociationEndTargetScopeCheckbox_1;buildModel__1
DeployDisabled,_As4T0OLbEeCVSp8F0qHMxQ,ActionSetParameterDirectionKind,n_actionSetParameterDirectionKind_1;SINGLETON_1;IN_COMMAND_1;OUT_COMMAND_1;INOUT_COMMAND_1;RETURN_COMMAND_1;getInstance_return_1
Original,_--SrEOLaEeCVSp8F0qHMxQ,XmiReferenceException,n_xmiReferenceException_1;reference_1;getReference_return_1
Original,__MbNsuLaEeCVSp8F0qHMxQ,UserDefinedProfile,n_userDefinedProfile_1;LOG_1;displayName_1;modelFile_1;profilePackages_1;finishLoading__1;filterPackages_return_1;str2KnowledgeType_token_return_1;str2Priority_prioStr_return_1;getAllCritiquesInModel_return_1;getAllCommentsInModel_objs_return_1;getDisplayName_return_1;getModelFile_return_1;toString_return_1;getProfilePackages_return_1
Original,__MkXoeLaEeCVSp8F0qHMxQ,UserDefinedFigNodeStrategy,n_userDefinedFigNodeStrategy_1;images_1;getIconForStereotype_stereotype_return_1;addDesrciptor_fnd_1
Original,__QJQEuLaEeCVSp8F0qHMxQ,FigMessage,n_figMessage_1;serialVersionUID_1;LOG_1;action_1;initialize__1;getNotationProviderType_return_1;initNotationProviders_own_1;textEditStarted_ft_1;setOwner_owner_1;isCallAction_return_1;isCreateAction_return_1;isDestroyAction_return_1;isReturnAction_return_1;isSendAction_return_1;updateArrow__1;getAction_return_1;getPopUpActions_me_return_1;makeSelection_return_1;getFinalY_return_1;getStartY_return_1;isSelfMessage_return_1;convertToArc__1;computeRouteImpl__1;calcBounds__1;updateActivations__1;deleteFromModel__1;determineFigNodes_return_1;translate_dx_dy_1;updateListeners_oldOwner_newOwner_1;getReceiverOperations_return_1;determineActivator_return_1
Original,__VPLceLaEeCVSp8F0qHMxQ,LoadSwingWorker,n_loadSwingWorker_1;LOG_1;showUi_1;file_1;finished__1
Original,__uO6QuLaEeCVSp8F0qHMxQ,CrFinalSubclassed,n_crFinalSubclassed_1;getCriticizedDesignMaterials_return_1
Original,__1upYOLaEeCVSp8F0qHMxQ,FigCallState,n_figCallState_1;getNotationProviderType_return_1;clone_return_1;makeSelection_return_1
Original,__2BkUeLaEeCVSp8F0qHMxQ,InitCollaborationDiagram,n_initCollaborationDiagram_1;getDetailsTabs_return_1;getProjectSettingsTabs_return_1;getSettingsTabs_return_1;init__1
Original,__39eAuLaEeCVSp8F0qHMxQ,AbstractFigNode,n_abstractFigNode_1;DEPTH_1;cover_1;DEFAULT_WIDTH_1;DEFAULT_HEIGHT_1;initFigs__1;clone_return_1;isFilled_return_1;makeSelection_return_1;getMinimumSize_return_1;updateStereotypeText__1;mouseClicked_me_1;setEnclosingFig_encloser_1;getUseTrapRect_return_1;modelChanged_mee_1;updateListeners_oldOwner_newOwner_1;getClosestPoint_anotherPt_return_1
Original,__-820OLaEeCVSp8F0qHMxQ,FigClassifierBox,n_figClassifierBox_1;borderFig_1;constructFigs__1;getDefaultBounds_return_1;clone_return_1;updateOperations__1;renderingChanged__1;propertyChange_event_1;getOperationsBounds_return_1;isOperationsVisible_return_1;setOperationsVisible_isVisible_1;translate_dx_dy_1;getPopUpActions_me_return_1;classNameAndBounds_return_1;buildModifierPopUp_return_1
Original,_AMpUkOLbEeCVSp8F0qHMxQ,FigActor,n_figActor_1;serialVersionUID_1;MIN_VERT_PADDING_1;HEAD_POSN_1;BODY_POSN_1;ARMS_POSN_1;LEFT_LEG_POSN_1;RIGHT_LEG_POSN_1;constructFigs__1;setLineWidth_width_1;setFilled_filled_1;makeSelection_return_1;getPopUpActions_me_return_1;isResizable_return_1;getMinimumSize_return_1;updateBounds__1;deepHitPort_x_y_return_1;getGravityPoints_return_1;modelChanged_mee_1;getNameFigFontStyle_return_1
Original,_AQiWEOLbEeCVSp8F0qHMxQ,UMLMultiplicityPanel,n_uMLMultiplicityPanel_1;multiplicityComboBox_1;checkBox_1;multiplicityList_1;getPreferredSize_return_1;itemStateChanged_event_1;getTarget_return_1
Original,_AQiWFuLbEeCVSp8F0qHMxQ,MultiplicityCheckBox,n_multiplicityCheckBox_1
Original,_ASePxOLbEeCVSp8F0qHMxQ,UMLExpressionLanguageField,n_uMLExpressionLanguageField_1;notifyModel_1;targetChanged__1;targetReasserted__1;update__1;changedUpdate_p1_1;removeUpdate_p1_1;insertUpdate_p1_1
Original,_AWChIOLbEeCVSp8F0qHMxQ,UMLModelElementListModel2,n_uMLModelElementListModel2_1;LOG_1;eventName_1;listTarget_1;fireListEvents_1;buildingModel_1;metaType_1;reverseDropConnection_1;getMetaType_return_1;isReverseDropConnection_return_1;setBuildingModel_building_1;rebuildModelList__1;buildModelList__1;setAllElements_col_1;addAll_col_1;getTarget_return_1;getChangedElement_e_return_1;contains_elem_return_1;setTarget_theNewTarget_1;removeOtherModelEventListeners_oldTarget_1;addOtherModelEventListeners_newTarget_1;isValidElement_element_return_1;isValidEvent_e_return_1;addElement_obj_1;getEventName_return_1;setEventName_theEventName_1;fireContentsChanged_source_index0_index1_1;fireIntervalAdded_source_index0_index1_1;fireIntervalRemoved_source_index0_index1_1;buildPopup_popup_index_return_1;hasPopup_return_1
Original,_AZ6UguLbEeCVSp8F0qHMxQ,PropPanelActionState,n_propPanelActionState_1;serialVersionUID_1
Original,_Aki3MOLbEeCVSp8F0qHMxQ,UMLTransitionTriggerList,n_uMLTransitionTriggerList_1
Original,_AmU_4uLbEeCVSp8F0qHMxQ,UMLUseCaseExtendListModel,n_uMLUseCaseExtendListModel_1;buildModelList__1;isValidElement_o_return_1
Original,_A0digOLbEeCVSp8F0qHMxQ,ToolBarUtility,n_toolBarUtility_1;LOG_1;manageDefault_actions_key_1;addItemsToToolBar_buttonPanel_actions_1;addItemsToToolBar_buttonPanel_actions_2;buildPopupToolBoxButton_actions_rollover_return_1
SequenceDisabled,_-2QJYeLaEeCVSp8F0qHMxQ,CopyHelperEUMLImpl,n_copyHelperEUMLImpl_1;copy_source_destination_return_1
SequenceDisabled,__CcyVeLaEeCVSp8F0qHMxQ,AttributeNotation,n_attributeNotation_1;initialiseListener_listener_modelElement_1;updateListener_listener_modelElement_pce_1
SequenceDisabled,__VitcuLaEeCVSp8F0qHMxQ,MultiEditorPane,n_multiEditorPane_1;LOG_1;tabInstances_1;tabs_1;tabPanels_1;lastTab_1;getPreferredSize_return_1;getMinimumSize_return_1;getIndexOfNamedTab_tabName_return_1;selectTabNamed_tabName_1;selectNextTab__1;mousePressed_me_1;mouseReleased_me_1;mouseEntered_me_1;mouseExited_me_1;mouseClicked_me_1;mySingleClick_tab_1;myDoubleClick_tab_1;getTabs_return_1
SequenceDisabled,__ZQv0uLaEeCVSp8F0qHMxQ,PrintManager,n_printManager_1;printCmd_1;INSTANCE_1;getInstance_return_1;print__1;showPageSetupDialog__1
SequenceDisabled,__aJgoOLaEeCVSp8F0qHMxQ,SettingsTabShortcuts,n_settingsTabShortcuts_1;serialVersionUID_1;NONE_NAME_1;DEFAULT_NAME_1;CUSTOM_NAME_1;table_1;selectedContainer_1;shortcutFieldDefaultBg_1;customButton_1;defaultButton_1;noneButton_1;warningLabel_1;lastRowSelected_1;columnNames_1;elements_1;getTabKey_return_1;getTabPanel_return_1;enableFields_enable_1;handleResetToDefault__1;handleSettingsTabCancel__1;handleSettingsTabRefresh__1;handleSettingsTabSave__1;valueChanged_lse_1;resetKeyStrokeConflict__1;setKeyStrokeValue_newKeyStroke_1;checkShortcutAlreadyAssigned_newKeyStroke_1
SequenceDisabled,__aJgouLaEeCVSp8F0qHMxQ,ShortcutTableModel,n_shortcutTableModel_1;getColumnCount_return_1;getColumnName_col_return_1;getRowCount_return_1;getValueAt_row_col_return_1;setValueAt_ob_row_col_1;getColumnClass_col_return_1;isCellEditable_row_col_return_1
SequenceDisabled,__ew65OLaEeCVSp8F0qHMxQ,TypeThenNameOrder,n_typeThenNameOrder_1;compare_obj1_obj2_return_1;toString_return_1
SequenceDisabled,__jrQEOLaEeCVSp8F0qHMxQ,GoProjectToCollaboration,n_goProjectToCollaboration_1;getRuleName_return_1;getChildren_parent_return_1;getDependencies_parent_return_1
SequenceDisabled,__7-bUOLaEeCVSp8F0qHMxQ,ButtonActionNewSignalEvent,n_buttonActionNewSignalEvent_1;createEvent_ns_return_1;getKeyName_return_1;getIconName_return_1
SequenceDisabled,__8k4QOLaEeCVSp8F0qHMxQ,ActionCreatePseudostate,n_actionCreatePseudostate_1;makeNode_return_1
SequenceDisabled,_ABfNdOLbEeCVSp8F0qHMxQ,FigFeature,n_figFeature_1;EVENT_NAME_1;setOwner_owner_1;removeFromDiagram__1;propertyChange_pce_1;makeSelection_return_1;setTextFilled_filled_1;setFilled_filled_1;updateOwnerScope_isClassifier_1
SequenceDisabled,_ABfNduLbEeCVSp8F0qHMxQ,SelectionFeature,n_selectionFeature_1;serialVersionUID_1
SequenceDisabled,_ADagEOLbEeCVSp8F0qHMxQ,ModeCreateGeneralization,n_modeCreateGeneralization_1;getMetaType_return_1
SequenceDisabled,_APf0QOLbEeCVSp8F0qHMxQ,ImportClasspathDialog,n_importClasspathDialog_1;paths_1;pathsModel_1;addButton_1;removeButton_1;chooser_1;setting_1;updatePathList__1
SequenceDisabled,_AVcrQOLbEeCVSp8F0qHMxQ,ActionRevertToSaved,n_actionRevertToSaved_1
SequenceDisabled,_AftagOLbEeCVSp8F0qHMxQ,UMLStimulusReceiverListModel,n_uMLStimulusReceiverListModel_1;buildModelList__1;isValidElement_element_return_1
SequenceDisabled,_Av_5Q-LbEeCVSp8F0qHMxQ,PropPanelNamespace,n_propPanelNamespace_1;ownedElementsScroll_1;addClass__1;addInterface__1;addPackage__1;getOwnedElementsScroll_return_1
SequenceDisabled,_AyOt4eLbEeCVSp8F0qHMxQ,UMLClassifierPackageImportsListModel,n_uMLClassifierPackageImportsListModel_1;buildModelList__1;isValidElement_elem_return_1
SequenceDisabled,_A0KnkeLbEeCVSp8F0qHMxQ,QuotedStringSeparator,n_quotedStringSeparator_1;escChr_1;startChr_1;stopChr_1;esced_1;tokLen_1;level_1;reset__1;tokenLength_return_1;hasFreePart_return_1;endChar_c_return_1
StateDisabled,_-mCjIeLaEeCVSp8F0qHMxQ,ResolvedCritic,n_resolvedCritic_1;LOG_1;critic_1;offenders_1;hashCode_return_1;equals_obj_return_1;getCritic_return_1;getOffenderList_return_1;toString_return_1
StateDisabled,_-qNRceLaEeCVSp8F0qHMxQ,ActionResolve,n_actionResolve_1;actionPerformed_ae_1
StateDisabled,_-pT5kuLaEeCVSp8F0qHMxQ,AbstractGoList,n_abstractGoList_1;getRoot_return_1
StateDisabled,__B28cuLaEeCVSp8F0qHMxQ,NotationProvider,n_notationProvider_1;LOG_1;LIST_SEPARATOR_1;listeners_1;getParsingHelp_return_1;isValue_key_map_return_1;parse_modelElement_text_1;toString_modelElement_args_return_1;initialiseListener_listener_modelElement_1;cleanListener_listener_modelElement_1;updateListener_listener_modelElement_pce_1;addElementListener_listener_element_1;addElementListener_listener_element_property_1;addElementListener_listener_element_property_2;removeElementListener_listener_element_1;removeAllElementListeners_listener_1;formatNameList_modelElements_return_1;formatNameList_modelElements_separator_return_1
StateDisabled,__EPiEOLaEeCVSp8F0qHMxQ,StateBodyNotationUml,n_stateBodyNotationUml_1;LANGUAGE_1;parse_modelElement_text_1;getParsingHelp_return_1;toString_modelElement_args_return_1;toString_modelElement_return_1;buildNewCallAction_s_return_1;delete_obj_1
StateDisabled,__PizKOLaEeCVSp8F0qHMxQ,ProfilePropPanelFactory,n_profilePropPanelFactory_1
StateDisabled,__V1oYuLaEeCVSp8F0qHMxQ,ArgoToolbarManager,n_argoToolbarManager_1;KEY_NAME_1;instance_1;popup_1;menu_1;allMenuItems_1;getInstance_return_1;registerNew_key_newToolbar_prefferedMenuPosition_1;registerContainer_container_toolbars_1;registerToolbar_key_newToolbar_prefferedMenuPosition_1;getPopupMenu_return_1;getMenu_return_1;getConfiguredToolbarAppearance_toolbarName_return_1
StateDisabled,__0sHkOLaEeCVSp8F0qHMxQ,ActivityDiagramRenderer,n_activityDiagramRenderer_1;getFigNodeFor_gm_lay_node_styleAttributes_return_1
StateDisabled,_ADRWIuLbEeCVSp8F0qHMxQ,FigEdgePort,n_figEdgePort_1;bigPort_1;serialVersionUID_1;initialize__1;hit_r_return_1;setOwner_own_1;getOwner_return_1;classNameAndBounds_return_1;hitPort_x_y_return_1;hitFig_r_return_1;isSelectable_return_1;getPortFig_port_return_1
StateDisabled,_ALTQw-LbEeCVSp8F0qHMxQ,ActionAddExtensionPoint,n_actionAddExtensionPoint_1;singleton_1;singleton_return_1;actionPerformed_ae_1;isEnabled_return_1
StateDisabled,_AWo-EOLbEeCVSp8F0qHMxQ,ActionReopenProject,n_actionReopenProject_1;filename_1;getFilename_return_1
StateDisabled,_ATN2oOLbEeCVSp8F0qHMxQ,UMLExpressionBodyField,n_uMLExpressionBodyField_1;LOG_1;notifyModel_1;targetChanged__1;targetReasserted__1;propertyChange_event_1;update__1;changedUpdate_p1_1;removeUpdate_p1_1;insertUpdate_p1_1
StateDisabled,_AQPbIOLbEeCVSp8F0qHMxQ,ActionNavigateAssociation,n_actionNavigateAssociation_1;navigateTo_source_return_1
StateDisabled,_AXFC9eLbEeCVSp8F0qHMxQ,ActionClassDiagram,n_actionClassDiagram_1;LOG_1;serialVersionUID_1;isValidNamespace_handle_return_1
StateDisabled,_AaDecOLbEeCVSp8F0qHMxQ,PropPanelPartition,n_propPanelPartition_1;contentsScroll_1;activityGraphScroll_1;getContentsField_return_1;getActivityGraphField_return_1
StateDisabled,_AkP8ROLbEeCVSp8F0qHMxQ,UMLStateDeferrableEventListModel,n_uMLStateDeferrableEventListModel_1;buildModelList__1;isValidElement_element_return_1;buildPopup_popup_index_return_1
StateDisabled,_AlJUIuLbEeCVSp8F0qHMxQ,UMLStateEntryList,n_uMLStateEntryList_1;getPopupMenu_return_1
UsecaseDisabled,_-kQacuLaEeCVSp8F0qHMxQ,ApplicationVersion,n_applicationVersion_1;version_1;stableVersion_1;getVersion_return_1;getManualForCritic_return_1;getOnlineManual_return_1;getOnlineSupport_return_1;init_v_sv_1
UsecaseDisabled,_-mfPEOLaEeCVSp8F0qHMxQ,Critic,n_critic_1;LOG_1;PROBLEM_FOUND_1;NO_PROBLEM_1;ENABLED_1;SNOOZE_ORDER_1;KT_DESIGNERS_1;KT_CORRECTNESS_1;KT_COMPLETENESS_1;KT_CONSISTENCY_1;KT_SYNTAX_1;KT_SEMANTICS_1;KT_OPTIMIZATION_1;KT_PRESENTATION_1;KT_ORGANIZATIONAL_1;KT_EXPERIENCIAL_1;KT_TOOL_1;priority_1;headline_1;description_1;moreInfoURL_1;args_1;DEFAULT_CLARIFIER_1;clarifier_1;decisionCategory_1;supportedDecisions_1;supportedGoals_1;criticType_1;isActive_1;controlRecs_1;knowledgeTypes_1;triggerMask_1;defaultMoreInfoURL_return_1;getCriticCategory_return_1;getCriticName_return_1;getSupportedDecisions_return_1;getSupportedGoals_return_1;containsKnowledgeType_type_return_1;addKnowledgeType_type_1;setKnowledgeTypes_t1_1;setKnowledgeTypes_t1_t2_1;setKnowledgeTypes_t1_t2_t3_1;reasonCodeFor_s_return_1;getTriggerMask_return_1;matchReason_patternCode_return_1;getClarifier_return_1;isActive_return_1;beActive__1;beInactive__1;addControlRec_name_controlData_return_1;getControlRec_name_return_1;isEnabled_return_1;snooze__1;unsnooze__1;isSnoozed_return_1;getDecisionCategory_return_1;getCriticType_return_1;getHeadline_return_1;getPriority_return_1;getDescriptionTemplate_return_1;getMoreInfoURL_return_1;setArg_name_value_1;getArg_name_return_1;getArgs_return_1;getCriticizedDesignMaterials_return_1;toString_return_1
UsecaseDisabled,_-u0EpOLaEeCVSp8F0qHMxQ,DefaultUndoManager,n_defaultUndoManager_1;LOG_1;undoMax_1;listeners_1;newInteraction_1;newInteractionLabel_1;setUndoMax_max_1;undo__1;redo__1;startInteraction_label_1;addPropertyChangeListener_listener_1;removePropertyChangeListener_listener_1;fire_property_value_1
UsecaseDisabled,_-u91oeLaEeCVSp8F0qHMxQ,Interaction,n_interaction_1;commands_1;label_1;undo__1;execute_return_1;isUndoable_return_1;isRedoable_return_1;getUndoLabel_return_1;getRedoLabel_return_1;getCommands_return_1
UsecaseDisabled,__DpFIeLaEeCVSp8F0qHMxQ,AssociationNameNotationJava,n_associationNameNotationJava_1;initialiseListener_listener_modelElement_1;getParsingHelp_return_1;parse_modelElement_text_1;toString_modelElement_args_return_1
UsecaseDisabled,__Lh10uLaEeCVSp8F0qHMxQ,SaveException,n_saveException_1
UsecaseDisabled,__MbNsuLaEeCVSp8F0qHMxQ,UserDefinedProfile,n_userDefinedProfile_1;LOG_1;displayName_1;modelFile_1;profilePackages_1;finishLoading__1;filterPackages_return_1;str2KnowledgeType_token_return_1;str2Priority_prioStr_return_1;getAllCritiquesInModel_return_1;getAllCommentsInModel_objs_return_1;getDisplayName_return_1;getModelFile_return_1;toString_return_1;getProfilePackages_return_1
UsecaseDisabled,__MkXoeLaEeCVSp8F0qHMxQ,UserDefinedFigNodeStrategy,n_userDefinedFigNodeStrategy_1;images_1;getIconForStereotype_stereotype_return_1;addDesrciptor_fnd_1
UsecaseDisabled,__SOTsOLaEeCVSp8F0qHMxQ,SplashScreen,n_splashScreen_1;paintCalled_1;setPaintCalled_called_1;isPaintCalled_return_1
UsecaseDisabled,__ZQv0uLaEeCVSp8F0qHMxQ,PrintManager,n_printManager_1;printCmd_1;INSTANCE_1;getInstance_return_1;print__1;showPageSetupDialog__1
UsecaseDisabled,__j-LA-LaEeCVSp8F0qHMxQ,GoClassifierToStateMachine,n_goClassifierToStateMachine_1;getRuleName_return_1;getChildren_parent_return_1;getDependencies_parent_return_1
UsecaseDisabled,__gZSkOLaEeCVSp8F0qHMxQ,GoLinkToStimuli,n_goLinkToStimuli_1;getChildren_parent_return_1;getRuleName_return_1;getDependencies_parent_return_1
UsecaseDisabled,__t7_UOLaEeCVSp8F0qHMxQ,CrConstructorNeeded,n_crConstructorNeeded_1
UsecaseDisabled,__-NP8OLaEeCVSp8F0qHMxQ,ClassdiagramLayouter,n_classdiagramLayouter_1;E_GAP_1;H_GAP_1;LOG_1;MAX_ROW_WIDTH_1;V_GAP_1;figNodes_1;layoutedClassNodes_1;layoutedEdges_1;layoutedObjects_1;nodeRows_1;xPos_1;yPos_1;getHGap_return_1;getMinimumDiagramSize_return_1;getVGap_return_1;layout__1;placeEdges__1;placeNodes__1;centerParents__1;xCenter_nodes_return_1;rankAndWeightNodes__1;setupLinks__1
UsecaseDisabled,_AFgKw-LbEeCVSp8F0qHMxQ,ActionAddExistingEdge,n_actionAddExistingEdge_1;serialVersionUID_1;edge_1;actionPerformed_arg0_1;isEnabled_return_1
UsecaseDisabled,_AVJwUuLbEeCVSp8F0qHMxQ,ActionNavigateContext,n_actionNavigateContext_1;navigateTo_source_return_1
UsecaseDisabled,_AU2OUOLbEeCVSp8F0qHMxQ,UMLMutableLinkedList,n_uMLMutableLinkedList_1;LOG_1;deletePossible_1;addPossible_1;newPossible_1;popupMenu_1;isAdd_return_1;isDelete_return_1;isNew_return_1;setDelete_delete_1;initActions__1;getPopupMenu_return_1;setPopupMenu_menu_1
UsecaseDisabled,_AWMSIOLbEeCVSp8F0qHMxQ,UMLModelElementTaggedValueProxy,n_uMLModelElementTaggedValueProxy_1;panelTarget_1;tagName_1;EVENT_NAME_1;propertyChange_evt_1;setProperty_text_1;getProperty_return_1;getTarget_return_1;setTarget_target_1;remove_offs_len_1;getDefaultRootElement_return_1;getLength_return_1;getText_offset_length_return_1;addDocumentListener_listener_1;removeDocumentListener_listener_1;addUndoableEditListener_listener_1;removeUndoableEditListener_listener_1;getRootElements_return_1;getEndPosition_return_1;getStartPosition_return_1;createPosition_offs_return_1;getText_offset_length_txt_1;getProperty_key_return_1;putProperty_key_value_1
UsecaseDisabled,_AwTbQuLbEeCVSp8F0qHMxQ,PropPanelOperation,n_propPanelOperation_1;serialVersionUID_1;addRaisedSignal__1;addMethod__1;getDisplayNamespace_return_1
