ActivityDisabled,_-mVeEOLaEeCVSp8F0qHMxQ,ListSet,n_listSet_1;TC_LIMIT_1;list_1;set_1;mutex_1;addAllElements_iter_1;addAllElements_iter_2;remove_o_return_1;removeAllElements__1;contains_o_return_1;hashCode_return_1;equals_o_return_1;size_return_1;toString_return_1;isEmpty_return_1;iterator_return_1;mutex_return_1;toArray_return_1;containsAll_arg0_return_1;addAll_arg0_return_1;retainAll_arg0_return_1;removeAll_arg0_return_1;clear__1;addAll_arg0_arg1_return_1;indexOf_o_return_1;lastIndexOf_o_return_1;listIterator_return_1;listIterator_index_return_1;subList_fromIndex_toIndex_return_1
ActivityDisabled,_-yr4AuLaEeCVSp8F0qHMxQ,AbstractUseCasesHelperDecorator,n_abstractUseCasesHelperDecorator_1;getExtensionPoints_useCase_return_1;getAllUseCases_ns_return_1;getAllActors_ns_return_1;getExtendedUseCases_ausecase_return_1;getExtends_abase_anextension_return_1;getIncludedUseCases_ausecase_return_1;getIncludes_abase_aninclusion_return_1;getSpecificationPath_ausecase_return_1;setBase_extend_base_1;removeExtend_elem_extend_1;removeExtensionPoint_elem_ep_1;removeInclude_usecase_include_1;addExtend_elem_extend_1;addExtensionPoint_handle_extensionPoint_1;addExtensionPoint_handle_position_extensionPoint_1;addInclude_usecase_include_1;setAddition_handle_useCase_1;setCondition_handle_booleanExpression_1;setExtension_handle_ext_1;setExtensionPoints_handle_extensionPoints_1;setIncludes_handle_includes_1;setLocation_handle_loc_1;setUseCase_elem_usecase_1
ActivityDisabled,__EPiEOLaEeCVSp8F0qHMxQ,StateBodyNotationUml,n_stateBodyNotationUml_1;LANGUAGE_1;parse_modelElement_text_1;getParsingHelp_return_1;toString_modelElement_args_return_1;toString_modelElement_return_1;buildNewCallAction_s_return_1;delete_obj_1
ActivityDisabled,__L0wxOLaEeCVSp8F0qHMxQ,ToDoItemXMLHelper,n_toDoItemXMLHelper_1;getHeadline_return_1;getPriority_return_1;getMoreInfoURL_return_1;getDescription_return_1
ActivityDisabled,__XU2JeLaEeCVSp8F0qHMxQ,SystemInfoDialog,n_systemInfoDialog_1;serialVersionUID_1;INSET_PX_1;info_1;runGCButton_1;copyButton_1;defaultClipboardOwner_1;updateInfo__1;getInfo_return_1
ActivityDisabled,__XU2J-LaEeCVSp8F0qHMxQ,ClipboardObserver,n_clipboardObserver_1;lostOwnership_clipboard_contents_1
ActivityDisabled,__enJ4OLaEeCVSp8F0qHMxQ,PerspectiveManager,n_perspectiveManager_1;LOG_1;instance_1;perspectiveListeners_1;perspectives_1;rules_1;getInstance_return_1;addAllPerspectives_newPerspectives_1;removeAllPerspectives__1;getPerspectives_return_1;loadUserPerspectives__1;loadDefaultPerspectives__1;getDefaultPerspectives_return_1;loadRules__1;getRules_return_1;saveUserPerspectives__1;toString_return_1
ActivityDisabled,__jEzIuLaEeCVSp8F0qHMxQ,GoProfileConfigurationToProfile,n_goProfileConfigurationToProfile_1;getRuleName_return_1;getChildren_parent_return_1;getDependencies_parent_return_1
ActivityDisabled,__rtKsuLaEeCVSp8F0qHMxQ,CrMultipleDeepHistoryStates,n_crMultipleDeepHistoryStates_1;LOG_1;serialVersionUID_1;computeOffenders_ps_return_1;getCriticizedDesignMaterials_return_1
ActivityDisabled,__vbNE-LaEeCVSp8F0qHMxQ,CrMultiComposite,n_crMultiComposite_1;getCriticizedDesignMaterials_return_1
ActivityDisabled,__83zM-LaEeCVSp8F0qHMxQ,FigDeepHistoryState,n_figDeepHistoryState_1;getH_return_1
ActivityDisabled,__96VAuLaEeCVSp8F0qHMxQ,ClassdiagramRealizationEdge,n_classdiagramRealizationEdge_1
ActivityDisabled,_APf0QOLbEeCVSp8F0qHMxQ,ImportClasspathDialog,n_importClasspathDialog_1;paths_1;pathsModel_1;addButton_1;removeButton_1;chooser_1;setting_1;updatePathList__1
ActivityDisabled,_APo-MuLbEeCVSp8F0qHMxQ,AddListener,n_addListener_1
ActivityDisabled,_AVcrQOLbEeCVSp8F0qHMxQ,ActionRevertToSaved,n_actionRevertToSaved_1
ActivityDisabled,_AWyIAOLbEeCVSp8F0qHMxQ,UMLLinkedList,n_uMLLinkedList_1
ActivityDisabled,_AmL18uLbEeCVSp8F0qHMxQ,PropPanelInclude,n_propPanelInclude_1;serialVersionUID_1;getBase_return_1;setBase_base_1;getAddition_return_1;setAddition_addition_1;isAcceptableUseCase_modElem_return_1
ActivityDisabled,_AotlguLbEeCVSp8F0qHMxQ,ActionSetGeneralizableElementAbstract,n_actionSetGeneralizableElementAbstract_1;SINGLETON_1;getInstance_return_1
ActivityDisabled,_Asbn5OLbEeCVSp8F0qHMxQ,UMLClassifierParameterListModel,n_uMLClassifierParameterListModel_1;buildModelList__1;isValidElement_element_return_1;moveDown_index_1;moveToBottom_index_1;moveToTop_index_1
CollabDisabled,_-hk54eLaEeCVSp8F0qHMxQ,PostLoad,n_postLoad_1;LOG_1;postLoadActions_1;run__1
CollabDisabled,_-u0EpOLaEeCVSp8F0qHMxQ,DefaultUndoManager,n_defaultUndoManager_1;LOG_1;undoMax_1;listeners_1;newInteraction_1;newInteractionLabel_1;setUndoMax_max_1;undo__1;redo__1;startInteraction_label_1;addPropertyChangeListener_listener_1;removePropertyChangeListener_listener_1;fire_property_value_1
CollabDisabled,_-vG_kOLaEeCVSp8F0qHMxQ,RedoStack,n_redoStack_1;push_item_return_1;pop_return_1;clear__1;getLabel_return_1
CollabDisabled,_-3ccMOLaEeCVSp8F0qHMxQ,ExtensionMechanismsHelperEUMLImpl,n_extensionMechanismsHelperEUMLImpl_1;addBaseClass_handle_baseClass_1;addCopyStereotype_modelElement_stereotype_1;addExtendedElement_handle_extendedElement_1;addTaggedValue_handle_taggedValue_1;getAllPossibleStereotypes_models_modelElement_return_1;getMetaModelName_m_return_1;getMetaModelName_clazz_return_1;getStereotype_ns_stereo_return_1;getStereotype_models_stereo_return_1;getStereotypes_ns_return_1;getStereotypes_models_return_1;hasStereotype_handle_name_return_1;isStereotype_object_name_base_return_1;isStereotypeInh_object_name_base_return_1;isValidStereotype_theModelElement_theStereotype_return_1;removeBaseClass_handle_baseClass_1;removeTaggedValue_handle_taggedValue_1;setIcon_handle_icon_1;setTaggedValue_handle_taggedValues_1;setTagType_handle_tagType_1;setType_handle_type_1;setValueOfTag_handle_value_1;setDataValues_handle_value_1
CollabDisabled,_-19OcOLaEeCVSp8F0qHMxQ,ModelManagementFactoryEUMLImpl,n_modelManagementFactoryEUMLImpl_1;editingDomain_1;theRootModel_1;buildElementImport_pack_me_return_1;buildPackage_name_return_1;copyPackage_source_ns_return_1;createElementImport_return_1;createPackage_return_1;createSubsystem_return_1;setRootModel_rootModel_1;getRootModel_return_1
CollabDisabled,__OWgU-LaEeCVSp8F0qHMxQ,CrOCL,n_crOCL_1;ocl_1;designMaterials_1;getCriticizedDesignMaterials_return_1;getOCL_return_1
CollabDisabled,__ciGQOLaEeCVSp8F0qHMxQ,PerspectiveConfigurator,n_perspectiveConfigurator_1;LOG_1;INSET_PX_1;configPanelNorth_1;configPanelSouth_1;splitPane_1;renameTextField_1;newPerspectiveButton_1;removePerspectiveButton_1;duplicatePerspectiveButton_1;moveUpButton_1;moveDownButton_1;addRuleButton_1;removeRuleButton_1;resetToDefaultButton_1;perspectiveList_1;perspectiveRulesList_1;ruleLibraryList_1;perspectiveListModel_1;perspectiveRulesListModel_1;ruleLibraryListModel_1;persLabel_1;ruleLibLabel_1;rulesLabel_1;makeLists__1;makeButtons__1;makeLayout__1;makeListeners__1;loadLibrary__1;loadPerspectives__1;updatePersLabel__1;updateLibLabel__1;updateRuleLabel__1;sortJListModel_list_1;doAddRule__1;doRemoveRule__1
CollabDisabled,__ciGQuLaEeCVSp8F0qHMxQ,OkListener,n_okListener_1
CollabDisabled,__7Ylc-LaEeCVSp8F0qHMxQ,FigShallowHistoryState,n_figShallowHistoryState_1;getH_return_1
CollabDisabled,__-XA8-LaEeCVSp8F0qHMxQ,ClassdiagramNoteEdge,n_classdiagramNoteEdge_1;layout__1;addPoints_fs_fd_1
CollabDisabled,_AKjp4eLbEeCVSp8F0qHMxQ,ActionRemoveFromDiagram,n_actionRemoveFromDiagram_1;actionPerformed_ae_1
CollabDisabled,_AJ0DAOLbEeCVSp8F0qHMxQ,ActionSetAddAssociationMode,n_actionSetAddAssociationMode_1;serialVersionUID_1
CollabDisabled,_AL5ts-LbEeCVSp8F0qHMxQ,SelectionUseCase,n_selectionUseCase_1;inherit_1;assoc_1;icons_1;instructions_1;edgeType_1;getIcons_return_1;getInstructions_index_return_1;getNewEdgeType_index_return_1;getNewNode_index_return_1;getNewNodeType_index_return_1;isReverseEdge_index_return_1
CollabDisabled,_ALmLs-LbEeCVSp8F0qHMxQ,InitUseCaseDiagram,n_initUseCaseDiagram_1;getDetailsTabs_return_1;getProjectSettingsTabs_return_1;getSettingsTabs_return_1;init__1
CollabDisabled,_AhfjNeLbEeCVSp8F0qHMxQ,ActionNavigateOppositeLinkEnd,n_actionNavigateOppositeLinkEnd_1;navigateTo_source_return_1
CollabDisabled,_AlvKAuLbEeCVSp8F0qHMxQ,PropPanelSignalEvent,n_propPanelSignalEvent_1;initialize__1
CollabDisabled,_AiGAJOLbEeCVSp8F0qHMxQ,ActionNewSignalEvent,n_actionNewSignalEvent_1;singleton_1;createEvent_ns_return_1;getSingleton_return_1
CollabDisabled,_AqWkQOLbEeCVSp8F0qHMxQ,UMLNamespaceOwnedElementListModel,n_uMLNamespaceOwnedElementListModel_1;buildModelList__1;isValidElement_element_return_1
CollabDisabled,_AzIFwuLbEeCVSp8F0qHMxQ,Tools,n_tools_1;LOG_1;PACKAGELIST_1;getComponentVersionInfo_sb_pn_1;getVersionInfo_return_1;logVersionInfo__1;getFileExtension_file_return_1
DeployDisabled,_-nq60OLaEeCVSp8F0qHMxQ,TabChecklist,n_tabChecklist_1;target_1;shouldBeEnabled_1;table_1;findTarget_t_return_1;getTarget_return_1;refresh__1;shouldBeEnabled_t_return_1;resizeColumns__1;actionPerformed_ae_1;valueChanged_lse_1
DeployDisabled,__FbN0uLaEeCVSp8F0qHMxQ,MessageNotationUml,n_messageNotationUml_1;LOG_1;toString_modelElement_args_return_1
DeployDisabled,__I2VROLaEeCVSp8F0qHMxQ,PersistenceManager,n_persistenceManager_1;INSTANCE_1;otherPersisters_1;getInstance_return_1;setSaveFileChooserFilters_chooser_fileName_1;setOpenFileChooserFilter_chooser_1;setXmiFileChooserFilter_chooser_1;getDefaultExtension_return_1;getXmiExtension_return_1;fixExtension_in_return_1;fixXmiExtension_in_return_1;fixUriExtension_in_return_1;getBaseName_n_return_1;confirmOverwrite_frame_overwrite_file_return_1;addTranslation_originalClassName_newClassName_1
DeployDisabled,__Nm5c-LaEeCVSp8F0qHMxQ,JavaFormatingStrategy,n_javaFormatingStrategy_1;formatElement_element_namespace_return_1;defaultAssocEndName_assocEnd_namespace_return_1;defaultAssocName_assoc_ns_return_1;defaultGeneralizationName_gen_namespace_return_1;defaultName_element_namespace_return_1;getPathSeparator_return_1;buildPath_buffer_element_pathSep_1;getElementSeparator_return_1;getEmptyCollection_return_1;formatCollection_iter_namespace_return_1
DeployDisabled,__Rxnw-LaEeCVSp8F0qHMxQ,SpacerPanel,n_spacerPanel_1;w_1;h_1;getMinimumSize_return_1;getPreferredSize_return_1;getSize_return_1
DeployDisabled,__WuZMuLaEeCVSp8F0qHMxQ,ShadowComboBox,n_shadowComboBox_1;serialVersionUID_1
DeployDisabled,__WuZNuLaEeCVSp8F0qHMxQ,ShadowFig,n_shadowFig_1;serialVersionUID_1;setName_text_1;setShadowSize_size_1
DeployDisabled,__XeAEOLaEeCVSp8F0qHMxQ,StylePanelFig,n_stylePanelFig_1;LOG_1;CUSTOM_ITEM_1;bboxLabel_1;bboxField_1;fillLabel_1;fillField_1;lineLabel_1;lineField_1;stereoLabel_1;stereoField_1;spacer_1;spacer2_1;spacer3_1;serialVersionUID_1;initChoices__1;hasEditableBoundingBox_value_1;refresh__1;setTargetBBox__1;parseBBox_return_1;handleCustomColor_field_title_targetColor_1;setTargetFill__1;setTargetLine__1;getBBoxLabel_return_1;getBBoxField_return_1;getFillLabel_return_1;getFillField_return_1;getLineLabel_return_1;getLineField_return_1;getSpacer_return_1;getSpacer2_return_1;getSpacer3_return_1;getCustomItemName_return_1
DeployDisabled,__qqo4eLaEeCVSp8F0qHMxQ,WizAddConstructor,n_wizAddConstructor_1;label_1;instructions_1;serialVersionUID_1;doAction_oldStep_1;getCreateStereotype_obj_return_1;makePanel_newStep_return_1
DeployDisabled,__uYrQOLaEeCVSp8F0qHMxQ,UMLWizard,n_uMLWizard_1;suggestion_1;getNumSteps_return_1;getModelElement_return_1;offerSuggestion_return_1;getSuggestion_return_1
DeployDisabled,__svsg-LaEeCVSp8F0qHMxQ,CrInvalidSynch,n_crInvalidSynch_1;getCriticizedDesignMaterials_return_1
DeployDisabled,_AG_YgOLbEeCVSp8F0qHMxQ,FigDependency,n_figDependency_1;serialVersionUID_1;constructFigs__1;createEndArrow_return_1;canEdit_f_return_1;setLineColor_color_1;updateNameText__1;updateStereotypeText__1
DeployDisabled,_AKta5OLbEeCVSp8F0qHMxQ,SPFigEdgeModelElement,n_sPFigEdgeModelElement_1
DeployDisabled,_AFWZwuLbEeCVSp8F0qHMxQ,ModeCreateGraphEdge,n_modeCreateGraphEdge_1;LOG_1;sourceFig_1;mousePressed_me_1;mouseReleased_me_1;getMetaType_return_1;isConnectionValid_source_dest_return_1;buildConnection_graphModel_edgeType_fromElement_destFigNode_return_1
DeployDisabled,_AagKYOLbEeCVSp8F0qHMxQ,PropPanelSubactivityState,n_propPanelSubactivityState_1
DeployDisabled,_AehHsOLbEeCVSp8F0qHMxQ,PropPanelStimulus,n_propPanelStimulus_1;serialVersionUID_1;getSender_return_1;setSender_element_1;getReceiver_return_1;setReceiver_element_1;isAcceptableAssociation_modelelement_return_1;getAssociation_return_1;setAssociation_element_1
DeployDisabled,_AsR24OLbEeCVSp8F0qHMxQ,UMLAssociationEndTypeComboBoxModel,n_uMLAssociationEndTypeComboBoxModel_1;getSelectedModelElement_return_1
DeployDisabled,_AteJsOLbEeCVSp8F0qHMxQ,UMLBehavioralFeatureQueryCheckBox,n_uMLBehavioralFeatureQueryCheckBox_1;buildModel__1
Original,_-u0EouLaEeCVSp8F0qHMxQ,AbstractCommand,n_abstractCommand_1;execute_return_1;undo__1;isUndoable_return_1;isRedoable_return_1
Original,_-zIj8OLaEeCVSp8F0qHMxQ,NotImplementedException,n_notImplementedException_1;serialVersionUID_1
Original,__C5eQOLaEeCVSp8F0qHMxQ,ActionStateNotation,n_actionStateNotation_1;initialiseListener_listener_modelElement_1
Original,__GxRouLaEeCVSp8F0qHMxQ,ModelElementNameNotationUml,n_modelElementNameNotationUml_1;parse_modelElement_text_1;getParsingHelp_return_1;toString_modelElement_args_return_1;toString_modelElement_handleStereotypes_useGuillemets_showVisibility_showPath_return_1;generateStereotypes_modelElement_args_return_1;generatePath_modelElement_args_return_1;generateVisibility_modelElement_args_return_1;generateVisibility_modelElement_return_1
Original,__H9kcuLaEeCVSp8F0qHMxQ,CrSingletonViolatedOnlyPrivateConstructors,n_crSingletonViolatedOnlyPrivateConstructors_1
Original,__RCA4eLaEeCVSp8F0qHMxQ,SequenceDiagramRenderer,n_sequenceDiagramRenderer_1;LOG_1;getFigNodeFor_gm_lay_node_styleAttributes_return_1;getFigEdgeFor_gm_lay_edge_styleAttributes_return_1
Original,__XxiEuLaEeCVSp8F0qHMxQ,ExceptionDialog,n_exceptionDialog_1;closeButton_1;copyButton_1;northLabel_1;textArea_1;serialVersionUID_1;formatException_message_e_highlightCause_return_1;disposeDialog__1
Original,__g_vguLaEeCVSp8F0qHMxQ,GoCriticsToCritic,n_goCriticsToCritic_1;getRuleName_return_1;getChildren_parent_return_1;getDependencies_parent_return_1
Original,__l6EseLaEeCVSp8F0qHMxQ,GoModelToDiagrams,n_goModelToDiagrams_1;getRuleName_return_1;getChildren_model_return_1;isInPath_namespace_model_return_1;getDependencies_parent_return_1
Original,__nPhcuLaEeCVSp8F0qHMxQ,ChildGenRelated,n_childGenRelated_1;SINGLETON_1;serialVersionUID_1;getSingleton_return_1;gen_o_return_1
Original,__xaxJOLaEeCVSp8F0qHMxQ,CrAlreadyRealizes,n_crAlreadyRealizes_1;serialVersionUID_1;getCriticizedDesignMaterials_return_1
Original,__3qjEOLaEeCVSp8F0qHMxQ,FigNodeInstance,n_figNodeInstance_1;getNotationProviderType_return_1;clone_return_1;makeSelection_return_1;setEnclosingFig_encloser_1;updateListeners_oldOwner_newOwner_1
Original,__8R9VOLaEeCVSp8F0qHMxQ,InitStateDiagram,n_initStateDiagram_1;getDetailsTabs_return_1;getProjectSettingsTabs_return_1;getSettingsTabs_return_1;init__1
Original,_APM5VeLbEeCVSp8F0qHMxQ,ProblemsDialog,n_problemsDialog_1;parentFrame_1;abortButton_1;continueButton_1;northLabel_1;aborted_1;serialVersionUID_1;isAborted_return_1;disposeDialog__1
Original,_AX-a0OLbEeCVSp8F0qHMxQ,TabSrc,n_tabSrc_1;serialVersionUID_1;LOG_1;fileName_1;cbFiles_1;predicates_1;finalize__1;generateSource_elem_1;genText_modelObject_return_1;shouldBeEnabled_target_return_1;itemStateChanged_event_1;refresh__1
Original,_AigP0OLbEeCVSp8F0qHMxQ,ActionSetStubStateReferenceState,n_actionSetStubStateReferenceState_1;SINGLETON_1;getInstance_return_1
Original,_AzR2w-LbEeCVSp8F0qHMxQ,FileFilters,n_fileFilters_1;getSuffix_filter_return_1
SequenceDisabled,_-nX_4OLaEeCVSp8F0qHMxQ,ChecklistStatus,n_checklistStatus_1;numChecks_1
SequenceDisabled,_-wAXdOLaEeCVSp8F0qHMxQ,Model,n_model_1;initialise_modelName_return_1;isInitiated_return_1
SequenceDisabled,_-19OcOLaEeCVSp8F0qHMxQ,ModelManagementFactoryEUMLImpl,n_modelManagementFactoryEUMLImpl_1;editingDomain_1;theRootModel_1;buildElementImport_pack_me_return_1;buildPackage_name_return_1;copyPackage_source_ns_return_1;createElementImport_return_1;createModel_return_1;createPackage_return_1;createSubsystem_return_1;setRootModel_rootModel_1;getRootModel_return_1
SequenceDisabled,__GK0sOLaEeCVSp8F0qHMxQ,NotationUtilityUml,n_notationUtilityUml_1;attributeCustomSep_1;operationCustomSep_1;parameterCustomSep_1;VISIBILITYCHARS_1;init__1;parseModelElement_me_text_1;generateVisibility_o_return_1;generateVisibility_modelElement_args_return_1;isValue_key_map_return_1;generateVisibility2_o_return_1;generatePath_modelElement_return_1;parseParamList_op_param_paramOffset_1;setParamKind_parameter_description_1;getType_name_defaultSpace_return_1;indexOfNextCheckedSemicolon_s_start_return_1;getVisibility_name_return_1;generateStereotype_st_args_return_1;formatSingleStereotype_name_args_return_1;generateStereotype_st_useGuillemets_return_1;formatStereotype_name_useGuillemets_return_1;generateParameter_parameter_return_1;generateExpression_expr_return_1;generateUninterpreted_un_return_1;generateClassifierRef_cls_return_1;generateKind_kind_return_1;generateTaggedValue_tv_return_1;generateMultiplicity_element_showSingularMultiplicity_return_1;generateMultiplicity_multiplicityOwner_args_return_1;generateAction_umlAction_return_1;generateActionSequence_a_return_1
SequenceDisabled,__IQfY-LaEeCVSp8F0qHMxQ,ZargoFilePersister,n_zargoFilePersister_1;LOG_1;getExtension_return_1;getDesc_return_1;isSaveEnabled_return_1;toURL_file_return_1;zargoToUml_file_progressMgr_return_1;copyArgo_file_encoding_writer_1;copyXmi_file_encoding_writer_1;copyDiagrams_file_encoding_writer_1;copyMember_file_tag_outputEncoding_writer_1;readerToWriter_reader_writer_1;openZipStreamAt_url_ext_return_1;openZipEntry_url_entryName_return_1;makeZipEntryUrl_url_entryName_return_1;getPgmlCount_file_return_1;containsTodo_file_return_1;containsProfile_file_return_1;getEntryNames_file_extension_return_1
SequenceDisabled,__IZpUeLaEeCVSp8F0qHMxQ,SubInputStream,n_subInputStream_1;in_1;close__1;getNextEntry_return_1
SequenceDisabled,__e6E0OLaEeCVSp8F0qHMxQ,ExplorerPopup,n_explorerPopup_1;createDiagrams_1;LOG_1;MODEL_ELEMENT_MENUITEMS_1;serialVersionUID_1;initMenuCreateDiagrams__1;initMenuCreateModelElements__1;addCreateModelElementAction_menuItems_metaType_relationshipDescr_1;buildDirectionalCreateMenuItem_metaType_source_dest_relationshipDescr_menu_1;menuLocalize_key_return_1;addMenuItemForBothEndsOf_edge_1
SequenceDisabled,__fNm0eLaEeCVSp8F0qHMxQ,OrderedMenu,n_orderedMenu_1;compareTo_o_return_1
SequenceDisabled,__j0aAuLaEeCVSp8F0qHMxQ,GoInteractionToMessages,n_goInteractionToMessages_1;getRuleName_return_1;getChildren_parent_return_1;getDependencies_parent_return_1
SequenceDisabled,__xaxIuLaEeCVSp8F0qHMxQ,CrNoAssociations,n_crNoAssociations_1;findAssociation_dm_depth_return_1;getCriticizedDesignMaterials_return_1
SequenceDisabled,__sAFouLaEeCVSp8F0qHMxQ,CrNWayAgg,n_crNWayAgg_1;serialVersionUID_1;getCriticizedDesignMaterials_return_1
SequenceDisabled,_AFgKw-LbEeCVSp8F0qHMxQ,ActionAddExistingEdge,n_actionAddExistingEdge_1;serialVersionUID_1;edge_1;actionPerformed_arg0_1;isEnabled_return_1
SequenceDisabled,_ALAV0-LbEeCVSp8F0qHMxQ,ActionAddNote,n_actionAddNote_1;DEFAULT_POS_1;DISTANCE_1;serialVersionUID_1;actionPerformed_ae_1
SequenceDisabled,_AKG98OLbEeCVSp8F0qHMxQ,FigAssociation,n_figAssociation_1;LOG_1;setOwner_owner_1;renderingChanged__1;initNotationProviders_own_1;initializeNotationProvidersInternal_own_1;updateListeners_oldOwner_newOwner_1;getNotationProviderType_return_1;textEdited_ft_1;textEditStarted_ft_1;applyArrowHeads__1;getPopUpActions_me_return_1;updateMultiplicity__1;layoutEdge__1;updateNameText__1
SequenceDisabled,_ASxKsuLbEeCVSp8F0qHMxQ,UMLStimulusActionTextProperty,n_uMLStimulusActionTextProperty_1;thePropertyName_1;isAffected_event_return_1;targetChanged__1
SequenceDisabled,_AgAVcuLbEeCVSp8F0qHMxQ,ActionNewArgument,n_actionNewArgument_1
SequenceDisabled,_AllZAuLbEeCVSp8F0qHMxQ,UMLCompositeStateSubvertexList,n_uMLCompositeStateSubvertexList_1;getPopupMenu_return_1
SequenceDisabled,_AllZBOLbEeCVSp8F0qHMxQ,PopupMenu,n_popupMenu_1
SequenceDisabled,_AnOXweLbEeCVSp8F0qHMxQ,UMLIncludeBaseListModel,n_uMLIncludeBaseListModel_1;buildModelList__1
SequenceDisabled,_Ap54UeLbEeCVSp8F0qHMxQ,UMLModelElementNameDocument,n_uMLModelElementNameDocument_1;setProperty_text_1;getProperty_return_1
StateDisabled,_-iUgwuLaEeCVSp8F0qHMxQ,Argo,n_argo_1;ARGOINI_1;CONSOLE_LOG_1;ARGO_CONSOLE_SUPPRESS_1;ARGO_CONSOLE_PREFIX_1;DOCUMENTATION_TAG_1;AUTHOR_TAG_1;SINCE_TAG_1;SEE_TAG_1;DEPRECATED_TAG_1;VERSION_TAG_1;DOCUMENTATION_TAG_ALT_1;SCOPE_APPLICATION_1;SCOPE_PROJECT_1;setDirectory_dir_1;getDirectory_return_1;getEncoding_return_1
StateDisabled,_-xMqQ-LaEeCVSp8F0qHMxQ,AbstractCoreHelperDecorator,n_abstractCoreHelperDecorator_1;clearStereotypes_modelElement_1;isSubType_type_subType_return_1;getAllSupertypes_cls1_return_1;getSupertypes_generalizableElement_return_1;getAssociateEndsInh_classifier1_return_1;removeFeature_cls_feature_1;removeLiteral_enu_literal_1;setOperations_classifier_operations_1;setAttributes_classifier_attributes_1;getAttributesInh_classifier_return_1;getOperationsInh_classifier_return_1;getParents_generalizableElement_return_1;getReturnParameters_operation_return_1;getSpecification_object_return_1;getSubtypes_cls_return_1;getAllBehavioralFeatures_element_return_1;getBehavioralFeatures_clazz_return_1;getAllInterfaces_ns_return_1;getAllClasses_ns_return_1;getRealizedInterfaces_cls_return_1;getExtendedClassifiers_clazz_return_1;getGeneralization_child_parent_return_1;getBody_comment_return_1;getFlows_source_target_return_1;getExtendingElements_clazz_return_1;getExtendingClassifiers_clazz_return_1;getAllComponents_ns_return_1;getAllDataTypes_ns_return_1;getAllNodes_ns_return_1;getAssociatedClassifiers_classifier_return_1;getAssociations_from_to_return_1;getAllClassifiers_namespace_return_1;getAssociations_classifier_return_1;getAssociationEnd_type_assoc_return_1;getAllAttributes_clazz_return_1;getAllVisibleElements_ns_return_1;getSource_relationship_return_1;getDestination_relationship_return_1;getDependencies_supplier_client_return_1;getPackageImport_supplier_client_return_1;getPackageImports_client_return_1;getRelationships_source_dest_return_1;isValidNamespace_mObj_nsObj_return_1;getFirstSharedNamespace_ns1_ns2_return_1;getAllPossibleNamespaces_modelElement_model_return_1;getChildren_o_return_1;getAllRealizedInterfaces_o_return_1;hasCompositeEnd_association_return_1;equalsAggregationKind_associationEnd_kindType_return_1;removeAnnotatedElement_handle_me_1;removeClientDependency_handle_dep_1;removeConstraint_handle_cons_1;removeOwnedElement_handle_value_1;removeParameter_handle_parameter_1;removeQualifier_handle_parameter_1;removeSourceFlow_handle_flow_1;removeSupplierDependency_supplier_dependency_1;removeStereotype_modelElement_stereotype_1;removeTargetFlow_handle_flow_1;removeTemplateArgument_handle_argument_1;removeTemplateParameter_handle_parameter_1;addAnnotatedElement_comment_annotatedElement_1;addClient_handle_element_1;addClientDependency_handle_dependency_1;addComment_element_comment_1;addConnection_handle_connection_1;addConnection_handle_position_connection_1;addConstraint_handle_mc_1;addDeploymentLocation_handle_node_1;addLiteral_handle_index_literal_1;addLink_handle_link_1;addOwnedElement_handle_me_1;addParameter_handle_index_parameter_1;addParameter_handle_parameter_1;addQualifier_handle_index_qualifier_1;addRaisedSignal_handle_sig_1;addSourceFlow_handle_flow_1;addAllStereotypes_modelElement_stereotypes_1;addStereotype_modelElement_stereotype_1;addSupplier_handle_element_1;addSupplierDependency_supplier_dependency_1;addTargetFlow_handle_flow_1;addTemplateArgument_handle_index_argument_1;addTemplateArgument_handle_argument_1;addTemplateParameter_handle_index_parameter_1;addTemplateParameter_handle_parameter_1;setAnnotatedElements_handle_elems_1;setAssociation_handle_association_1;setRaisedSignals_handle_raisedSignals_1;setBody_handle_expr_1;setChild_handle_child_1;setConnections_handle_elems_1;setDefaultElement_handle_element_1;setDefaultValue_handle_expr_1;setDiscriminator_handle_discriminator_1;setFeature_elem_i_feature_1;setFeatures_handle_features_1;setContainer_handle_component_1;setInitialValue_at_expr_1;setModelElementContainer_handle_container_1;setNamespace_handle_ns_1;setOwner_handle_owner_1;setStatic_handle_isStatic_1;setParameter_handle_parameter_1;setParameters_handle_parameters_1;setParent_handle_parent_1;setQualifiers_handle_elems_1;setResident_handle_resident_1;setResidents_handle_residents_1;setSources_handle_specifications_1;setSpecifications_handle_specifications_1;setTaggedValue_handle_tag_value_1;setType_handle_type_1;removeDeploymentLocation_handle_node_1;setAbstract_handle_flag_1;setActive_handle_active_1;setAggregation_handle_aggregationKind_1;setLeaf_handle_flag_1;setChangeability_handle_ck_1;setReadOnly_handle_isReadOnly_1;setConcurrency_handle_concurrencyKind_1;setKind_handle_kind_1;setMultiplicity_handle_arg_1;setName_handle_name_1;setBody_handle_body_1;setNavigable_handle_flag_1;setOrdering_handle_ok_1;setPowertype_handle_pt_1;setQuery_handle_flag_1;setRoot_handle_flag_1;setSpecification_handle_specification_1;setTargetScope_handle_scopeKind_1;setVisibility_handle_visibility_1;removeConnection_handle_connection_1;addElementResidence_handle_residence_1;removeElementResidence_handle_residence_1;setEnumerationLiterals_enumeration_literals_1;getAllMetatypeNames_return_1;getAllMetaDatatypeNames_return_1
StateDisabled,_-1zdcOLaEeCVSp8F0qHMxQ,StateMachinesFactoryEUMLImpl,n_stateMachinesFactoryEUMLImpl_1;buildCallEvent_ns_return_1;buildCallEvent_trans_name_ns_return_1;buildChangeEvent_ns_return_1;buildChangeEvent_s_ns_return_1;buildCompositeState_compositeState_return_1;buildCompositeStateOnStateMachine_statemachine_return_1;buildFinalState_compositeState_return_1;buildGuard_transition_return_1;buildInternalTransition_state_return_1;buildPseudoState_compositeState_return_1;buildSignalEvent_ns_return_1;buildSignalEvent_name_ns_return_1;buildSimpleState_compositeState_return_1;buildStateMachine_oContext_return_1;buildStubState_compositeState_return_1;buildSubmachineState_compositeState_return_1;buildSynchState_compositeState_return_1;buildTimeEvent_ns_return_1;buildTimeEvent_s_ns_return_1;buildTransition_owningState_source_dest_return_1;buildTransition_source_target_return_1;createCallEvent_return_1;createChangeEvent_return_1;createCompositeState_return_1;createFinalState_return_1;createGuard_return_1;createPseudostate_return_1;createSignalEvent_return_1;createSimpleState_return_1;createStateMachine_return_1;createStubState_return_1;createSubmachineState_return_1;createSynchState_return_1;createTimeEvent_return_1;createTransition_return_1
StateDisabled,_--lmAOLaEeCVSp8F0qHMxQ,UseCasesFactoryMDRImpl,n_useCasesFactoryMDRImpl_1;createExtend_return_1;createExtensionPoint_return_1;createActor_return_1;createInclude_return_1;createUseCase_return_1;buildExtend_abase_anextension_return_1;buildExtend_abase_anextension_apoint_return_1;buildExtensionPoint_modelElement_return_1;buildInclude_abase_anaddition_return_1;buildActor_actor_model_return_1;deleteActor_elem_1;deleteExtend_elem_1;deleteExtensionPoint_elem_1;deleteInclude_elem_1;deleteUseCase_elem_1;deleteUseCaseInstance_elem_1
StateDisabled,__CwUUeLaEeCVSp8F0qHMxQ,ObjectFlowStateStateNotation,n_objectFlowStateStateNotation_1
StateDisabled,__FbN0uLaEeCVSp8F0qHMxQ,MessageNotationUml,n_messageNotationUml_1;LOG_1;toString_modelElement_args_return_1
StateDisabled,__Hg4geLaEeCVSp8F0qHMxQ,ArgoFacade,n_argoFacade_1;target_1;getClassifier_name_return_1
StateDisabled,__tpEYOLaEeCVSp8F0qHMxQ,CrProfile,n_crProfile_1;localizationPrefix_1;serialVersionUID_1;getLocalizedString_key_suffix_return_1
StateDisabled,__-gx9OLaEeCVSp8F0qHMxQ,ClassdiagramInheritanceEdge,n_classdiagramInheritanceEdge_1;LOG_1;EPSILON_1;high_1;low_1;offset_1;getVerticalOffset_return_1;getCenterHigh_return_1;getCenterLow_return_1;getDownGap_return_1;layout__1;setOffset_anOffset_1;getOffset_return_1
StateDisabled,_ABoXYuLbEeCVSp8F0qHMxQ,FigAttribute,n_figAttribute_1;getNotationProviderType_return_1
StateDisabled,_AFpUsOLbEeCVSp8F0qHMxQ,FigSingleLineTextWithNotation,n_figSingleLineTextWithNotation_1;npArguments_1;setOwner_owner_1;removeFromDiagram__1;propertyChange_pce_1;getNotationProviderType_return_1;getNpArguments_return_1;initNotationProviders__1;initNotationArguments__1;putNotationArgument_key_element_1;textEditStarted__1;textEdited__1;renderingChanged__1;setText__1
StateDisabled,_AFNP0uLbEeCVSp8F0qHMxQ,ActionStereotypeView,n_actionStereotypeView_1;selectedStereotypeView_1;updateSelection__1;valueOfTarget_t_return_1
StateDisabled,_ADuCEuLbEeCVSp8F0qHMxQ,FigMessage,n_figMessage_1;arrowDirections_1;figPoly_1;SOUTH_1;EAST_1;WEST_1;NORTH_1;arrowDirection_1;initFigs__1;initArrows__1;getNotationProviderType_return_1;updateListeners_oldOwner_newOwner_1;clone_return_1;setLineColor_col_1;getLineColor_return_1;setFillColor_col_1;getFillColor_return_1;isFilled_return_1;getLineWidth_return_1;setArrow_direction_1;getArrow_return_1;getMinimumSize_return_1;modelChanged_mee_1;updateArgumentsFromParameter_newOwner_parameter_1;updateListeners_newOwner_1;updateArrow__1;addPathItemToFigAssociationRole_lay_1;renderingChanged__1;getArrowDirections_return_1
StateDisabled,_AYIL0OLbEeCVSp8F0qHMxQ,UMLComboBoxModel2,n_uMLComboBoxModel2_1;LOG_1;CLEARED_1;comboBoxTarget_1;objects_1;selectedObject_1;isClearable_1;propertySetName_1;fireListEvents_1;buildingModel_1;processingWillBecomeVisible_1;modelValid_1;propertyChange_pve_1;isValidElement_element_return_1;buildModelList__1;getName_obj_return_1;setElements_elements_1;getTarget_return_1;removeAll_col_1;addAll_col_1;getChangedElement_e_return_1;setTarget_theNewTarget_1;buildMinimalModelList__1;buildModelListTimed__1;removeOtherModelEventListeners_oldTarget_1;addOtherModelEventListeners_newTarget_1;getSelectedModelElement_return_1;getElementAt_index_return_1;getSize_return_1;getIndexOf_o_return_1;removeAllElements__1;getSelectedItem_return_1;external2internal_o_return_1;internal2external_o_return_1;contains_elem_return_1;isValidEvent_e_return_1;fireContentsChanged_source_index0_index1_1;fireIntervalAdded_source_index0_index1_1;fireIntervalRemoved_source_index0_index1_1;isClearable_return_1;getPropertySetName_return_1;isFireListEvents_return_1;setFireListEvents_events_1;isLazy_return_1;setModelInvalid__1;popupMenuWillBecomeVisible_ev_1
StateDisabled,_AV5XNOLbEeCVSp8F0qHMxQ,UMLLinkedListCellRenderer,n_uMLLinkedListCellRenderer_1;serialVersionUID_1;getListCellRendererComponent_list_value_index_isSelected_cellHasFocus_return_1
StateDisabled,_AcSTEeLbEeCVSp8F0qHMxQ,UMLInteractionContextListModel,n_uMLInteractionContextListModel_1;buildModelList__1;isValidElement_elem_return_1
StateDisabled,_AjzQUuLbEeCVSp8F0qHMxQ,UMLSignalEventSignalListModel,n_uMLSignalEventSignalListModel_1;buildModelList__1;isValidElement_element_return_1
UsecaseDisabled,_-k2QVOLaEeCVSp8F0qHMxQ,EnabledCM,n_enabledCM_1
UsecaseDisabled,_-txi0OLaEeCVSp8F0qHMxQ,ArgoModeCreateFigRect,n_argoModeCreateFigRect_1;createNewItem_me_snapX_snapY_return_1;instructions_return_1
UsecaseDisabled,__TgGEOLaEeCVSp8F0qHMxQ,ProjectSettingsTabProfile,n_projectSettingsTabProfile_1;loadFromFile_1;unregisterProfile_1;addButton_1;removeButton_1;availableList_1;usedList_1;stereoLabel_1;stereoField_1;refreshLists__1;getUsedProfiles_return_1;getAvailableProfiles_return_1;actionPerformed_arg0_1;getTabKey_return_1;getTabPanel_return_1;handleResetToDefault__1;handleSettingsTabCancel__1;handleSettingsTabRefresh__1;handleSettingsTabSave__1
UsecaseDisabled,__XLFIeLaEeCVSp8F0qHMxQ,SwingWorker,n_swingWorker_1;LOG_1;value_1;timer_1;getValue_return_1;doConstruct_return_1;activateGlassPane__1;deactivateGlassPane__1;finished__1;interrupt__1;get_return_1;start__1
UsecaseDisabled,__XxiEOLaEeCVSp8F0qHMxQ,ProjectActions,n_projectActions_1;theInstance_1;redoAction_1;getInstance_return_1;getUndoAction_return_1;getRedoAction_return_1;getRemoveFromDiagramAction_return_1;determineRemoveEnabled__1;jumpToDiagramShowing_targets_1;propertyChange_evt_1
UsecaseDisabled,__ciGQOLaEeCVSp8F0qHMxQ,PerspectiveConfigurator,n_perspectiveConfigurator_1;LOG_1;INSET_PX_1;configPanelNorth_1;configPanelSouth_1;splitPane_1;renameTextField_1;newPerspectiveButton_1;removePerspectiveButton_1;duplicatePerspectiveButton_1;moveUpButton_1;moveDownButton_1;addRuleButton_1;removeRuleButton_1;resetToDefaultButton_1;perspectiveList_1;perspectiveRulesList_1;ruleLibraryList_1;perspectiveListModel_1;perspectiveRulesListModel_1;ruleLibraryListModel_1;persLabel_1;ruleLibLabel_1;rulesLabel_1;makeLists__1;makeButtons__1;makeLayout__1;makeListeners__1;loadLibrary__1;loadPerspectives__1;updatePersLabel__1;updateLibLabel__1;updateRuleLabel__1;sortJListModel_list_1;doAddRule__1;doRemoveRule__1
UsecaseDisabled,__crQM-LaEeCVSp8F0qHMxQ,NewPerspectiveListener,n_newPerspectiveListener_1
UsecaseDisabled,__nicYeLaEeCVSp8F0qHMxQ,CommentEdge,n_commentEdge_1;source_1;dest_1;uuid_1;comment_1;annotatedElement_1;getSource_return_1;getDestination_return_1;getUUID_return_1;setDestination_destination_1;setSource_theSource_1;delete__1;toString_return_1;getAnnotatedElement_return_1;setAnnotatedElement_theAnnotatedElement_1;getComment_return_1;setComment_theComment_1
UsecaseDisabled,__ouvMOLaEeCVSp8F0qHMxQ,ChildGenFind,n_childGenFind_1;SINGLETON_1;gen_o_return_1;getSingleton_return_1
UsecaseDisabled,__0sHkOLaEeCVSp8F0qHMxQ,ActivityDiagramRenderer,n_activityDiagramRenderer_1;getFigNodeFor_gm_lay_node_styleAttributes_return_1
UsecaseDisabled,__2VGUuLaEeCVSp8F0qHMxQ,ActionAddClassifierRole,n_actionAddClassifierRole_1;serialVersionUID_1;makeNode_return_1
UsecaseDisabled,_ANFZcOLbEeCVSp8F0qHMxQ,AbstractSection,n_abstractSection_1;LOG_1;LINE_SEPARATOR_1;mAry_1;generate_id_indent_return_1;write_filename_indent_outputLostSections_1;read_filename_1;getSectId_line_return_1
UsecaseDisabled,_AV5XMOLbEeCVSp8F0qHMxQ,InitUmlUI,n_initUmlUI_1;init__1;getDetailsTabs_return_1;getProjectSettingsTabs_return_1;getSettingsTabs_return_1
UsecaseDisabled,_AagKYuLbEeCVSp8F0qHMxQ,PropPanelObjectFlowState,n_propPanelObjectFlowState_1;classifierComboBox_1;statesScroll_1;addExtraButtons__1;propertyChange_evt_1;getClassifierComboBox_return_1;removeTopStateFrom_ret_1;getType_target_return_1
UsecaseDisabled,_Aap7YOLbEeCVSp8F0qHMxQ,ActionAddOFSState,n_actionAddOFSState_1;choiceClass_1;serialVersionUID_1;doIt_selected_1;getChoices_return_1;getDialogTitle_return_1;getSelected_return_1
UsecaseDisabled,_AvaDYOLbEeCVSp8F0qHMxQ,PropPanelDependency,n_propPanelDependency_1;serialVersionUID_1;supplierScroll_1;clientScroll_1;getSupplierScroll_return_1;getClientScroll_return_1
UsecaseDisabled,_AyFj8eLbEeCVSp8F0qHMxQ,ActionRemovePackageImport,n_actionRemovePackageImport_1
UsecaseDisabled,_AyiP4-LbEeCVSp8F0qHMxQ,UMLElementImportAliasDocument,n_uMLElementImportAliasDocument_1;setProperty_text_1;getProperty_return_1
UsecaseDisabled,_A0dig-LbEeCVSp8F0qHMxQ,UIUtils,n_uIUtils_1;ACTION_KEY_ESCAPE_1;loadCommonKeyMap_dialog_1
