ActivityDisabled,_-rsfMuLaEeCVSp8F0qHMxQ,ActionGoToCritique,n_actionGoToCritique_1;actionPerformed_ae_1
ActivityDisabled,__EFxEOLaEeCVSp8F0qHMxQ,ObjectNotationUml,n_objectNotationUml_1;getParsingHelp_return_1;parse_modelElement_text_1;toString_modelElement_args_return_1;toString_modelElement_return_1
ActivityDisabled,__IZpU-LaEeCVSp8F0qHMxQ,ResolvedCriticXMLHelper,n_resolvedCriticXMLHelper_1;getCritic_return_1;getOffenderList_return_1
ActivityDisabled,__JvtIuLaEeCVSp8F0qHMxQ,XmlInputStream,n_xmlInputStream_1;xmlStarted_1;inTag_1;currentTag_1;endStream_1;tagName_1;endTagName_1;attributes_1;childOnly_1;instanceCount_1;LOG_1;reopen_theTag_attribs_child_1;reopen_theTag_1;read_return_1;read_b_off_len_return_1;isLastTag_ch_return_1;skipToTag__1;isNameTerminator_ch_return_1;readAttributes_return_1;close__1;realClose__1;realRead_return_1
ActivityDisabled,__ciGQOLaEeCVSp8F0qHMxQ,PerspectiveConfigurator,n_perspectiveConfigurator_1;LOG_1;INSET_PX_1;configPanelNorth_1;configPanelSouth_1;splitPane_1;renameTextField_1;newPerspectiveButton_1;removePerspectiveButton_1;duplicatePerspectiveButton_1;moveUpButton_1;moveDownButton_1;addRuleButton_1;removeRuleButton_1;resetToDefaultButton_1;perspectiveList_1;perspectiveRulesList_1;ruleLibraryList_1;perspectiveListModel_1;perspectiveRulesListModel_1;ruleLibraryListModel_1;persLabel_1;ruleLibLabel_1;rulesLabel_1;makeLists__1;makeButtons__1;makeLayout__1;makeListeners__1;loadLibrary__1;loadPerspectives__1;updatePersLabel__1;updateLibLabel__1;updateRuleLabel__1;sortJListModel_list_1;doAddRule__1;doRemoveRule__1
ActivityDisabled,__crQM-LaEeCVSp8F0qHMxQ,NewPerspectiveListener,n_newPerspectiveListener_1
ActivityDisabled,__byfYOLaEeCVSp8F0qHMxQ,DnDExplorerTree,n_dnDExplorerTree_1;LOG_1;DIAGRAM_TO_CLIPBOARD_ACTION_1;clickOffset_1;sourcePath_1;ghostImage_1;selectedTreePath_1;dragSource_1;AUTOSCROLL_MARGIN_1;serialVersionUID_1;dragGestureRecognized_dragGestureEvent_1;isValidDrag_destinationPath_tf_return_1;dragDropEnd_dragSourceDropEvent_1;dragEnter_dragSourceDragEvent_1;dragExit_dragSourceEvent_1;dragOver_dragSourceDragEvent_1;dropActionChanged_dragSourceDragEvent_1;autoscroll_pt_1;getAutoscrollInsets_return_1
ActivityDisabled,__lTnw-LaEeCVSp8F0qHMxQ,GoElementToMachine,n_goElementToMachine_1;getRuleName_return_1;getChildren_parent_return_1;getDependencies_parent_return_1
ActivityDisabled,__mf6kuLaEeCVSp8F0qHMxQ,TargetManager,n_targetManager_1;LOG_1;targets_1;modelTarget_1;figTarget_1;listenerList_1;inTransaction_1;internalOnSetTarget_eventName_oldTargets_1;getTarget_return_1;setTargets_targetsCollection_1;addTarget_target_1;removeTarget_target_1;getOwnerAndAllFigs_o_return_1;getOwner_o_return_1;getTargets_return_1;getSingleTarget_return_1;getModelTargets_return_1;getSingleModelTarget_return_1;startTargetTransaction__1;isInTargetTransaction_return_1;endTargetTransaction__1;getFigTarget_return_1;determineFigTarget_target_return_1;getModelTarget_return_1;determineModelTarget_target_return_1;navigateForward__1;navigateBackward__1;navigateForwardPossible_return_1;navigateBackPossible_return_1;cleanHistory__1
ActivityDisabled,__m8mgOLaEeCVSp8F0qHMxQ,HistoryRemover,n_historyRemover_1;remove_obj_1
ActivityDisabled,__pxRAuLaEeCVSp8F0qHMxQ,CrMissingOperName,n_crMissingOperName_1;getCriticizedDesignMaterials_return_1
ActivityDisabled,__4HPAeLaEeCVSp8F0qHMxQ,InitDeploymentDiagram,n_initDeploymentDiagram_1;getDetailsTabs_return_1;getProjectSettingsTabs_return_1;getSettingsTabs_return_1;init__1
ActivityDisabled,_ACFDU-LbEeCVSp8F0qHMxQ,PropPanelDiagram,n_propPanelDiagram_1;homeModelSelector_1;getHomeModelSelector_return_1
ActivityDisabled,_AW75AOLbEeCVSp8F0qHMxQ,UMLComboBox2,n_uMLComboBox2_1;actionPerformed_arg0_1;doIt_event_1;getTarget_return_1
ActivityDisabled,_AU__UOLbEeCVSp8F0qHMxQ,ActionDeploymentDiagram,n_actionDeploymentDiagram_1;LOG_1;serialVersionUID_1;isValidNamespace_namespace_return_1;findNamespace_return_1
ActivityDisabled,_AagKYuLbEeCVSp8F0qHMxQ,PropPanelObjectFlowState,n_propPanelObjectFlowState_1;classifierComboBox_1;statesScroll_1;addExtraButtons__1;propertyChange_evt_1;getClassifierComboBox_return_1;removeTopStateFrom_ret_1;getType_target_return_1
ActivityDisabled,_Aap7YOLbEeCVSp8F0qHMxQ,ActionAddOFSState,n_actionAddOFSState_1;choiceClass_1;serialVersionUID_1;doIt_selected_1;getChoices_return_1;getDialogTitle_return_1;getSelected_return_1
ActivityDisabled,_Al47BOLbEeCVSp8F0qHMxQ,PropPanelStateMachine,n_propPanelStateMachine_1;serialVersionUID_1;initialize__1
ActivityDisabled,_AnOXw-LbEeCVSp8F0qHMxQ,ActionNewExtendExtensionPoint,n_actionNewExtendExtensionPoint_1;SINGLETON_1
ActivityDisabled,_Axo4AuLbEeCVSp8F0qHMxQ,ActionSetTagDefinitionOwner,n_actionSetTagDefinitionOwner_1;LOG_1;SINGLETON_1;serialVersionUID_1
CollabDisabled,_-nO18eLaEeCVSp8F0qHMxQ,CheckManager,n_checkManager_1;lists_1;statuses_1
CollabDisabled,_-0BUxOLaEeCVSp8F0qHMxQ,DummyModelMemento,n_dummyModelMemento_1;undo__1;redo__1
CollabDisabled,__P1uE-LaEeCVSp8F0qHMxQ,SequenceDiagramModule,n_sequenceDiagramModule_1;LOG_1;enable_return_1;disable_return_1;getName_return_1;getInfo_type_return_1
CollabDisabled,__QJQEOLaEeCVSp8F0qHMxQ,UMLSequenceDiagram,n_uMLSequenceDiagram_1;actions_1;LOG_1;initialize_owner_1;getUmlActions_return_1;getLabelName_return_1;encloserChanged_enclosed_oldEncloser_newEncloser_1;isRelocationAllowed_base_return_1;getRelocationCandidates_root_return_1;relocate_base_return_1;doesAccept_objectToAccept_return_1;makeNewCR_base_return_1;drop_droppedObject_location_return_1;getInstructions_droppedObject_return_1;getModePlace_gf_instructions_return_1;postLoad__1
CollabDisabled,__qN88uLaEeCVSp8F0qHMxQ,CrCompInstanceWithoutNode,n_crCompInstanceWithoutNode_1
CollabDisabled,__s5dguLaEeCVSp8F0qHMxQ,CrIllegalGeneralization,n_crIllegalGeneralization_1;getCriticizedDesignMaterials_return_1
CollabDisabled,__3qjEuLaEeCVSp8F0qHMxQ,SelectionComponentInstance,n_selectionComponentInstance_1;dep_1;depRight_1;icons_1;instructions_1;getIcons_return_1;getInstructions_index_return_1;getNewEdgeType_index_return_1;getNewNode_index_return_1;getNewNodeType_index_return_1;isReverseEdge_index_return_1
CollabDisabled,_____suLaEeCVSp8F0qHMxQ,FigOperation,n_figOperation_1;setOwner_owner_1;removeFromDiagram__1;propertyChange_pce_1;getFigFontStyle_return_1;getNotationProviderType_return_1
CollabDisabled,_AXrf4OLbEeCVSp8F0qHMxQ,UMLEditableComboBox,n_uMLEditableComboBox_1;doOnEdit_item_1;focusGained_arg0_1;focusLost_arg0_1
CollabDisabled,_AXrf4uLbEeCVSp8F0qHMxQ,UMLComboBoxEditor,n_uMLComboBoxEditor_1;theShowIcon_1;setItem_anObject_1;isShowIcon_return_1;setShowIcon_showIcon_1;getEditorComponent_return_1;selectAll__1;getItem_return_1
CollabDisabled,_AQiWEOLbEeCVSp8F0qHMxQ,UMLMultiplicityPanel,n_uMLMultiplicityPanel_1;multiplicityComboBox_1;checkBox_1;multiplicityList_1;getPreferredSize_return_1;itemStateChanged_event_1;getTarget_return_1
CollabDisabled,_ASnZs-LbEeCVSp8F0qHMxQ,UMLTextField2,n_uMLTextField2_1;serialVersionUID_1;propertyChange_evt_1
CollabDisabled,_AeFC0OLbEeCVSp8F0qHMxQ,ActionNewCreateAction,n_actionNewCreateAction_1;SINGLETON_1;createAction_return_1;getInstance_return_1
CollabDisabled,_Aij6MOLbEeCVSp8F0qHMxQ,ActionNewFinalState,n_actionNewFinalState_1;singleton_1;getSingleton_return_1
CollabDisabled,_Ai6fhOLbEeCVSp8F0qHMxQ,ActionNewGuard,n_actionNewGuard_1;singleton_1;getSingleton_return_1;isEnabled_return_1
CollabDisabled,_AuXhkeLbEeCVSp8F0qHMxQ,UMLModelElementSupplierDependencyListModel,n_uMLModelElementSupplierDependencyListModel_1;buildModelList__1;isValidElement_o_return_1
CollabDisabled,_Avj0YeLbEeCVSp8F0qHMxQ,UMLDependencySupplierListModel,n_uMLDependencySupplierListModel_1;buildModelList__1;isValidElement_o_return_1
CollabDisabled,_At61oOLbEeCVSp8F0qHMxQ,UMLDependencyClientListModel,n_uMLDependencyClientListModel_1;buildModelList__1;isValidElement_o_return_1
DeployDisabled,_-jzugOLaEeCVSp8F0qHMxQ,ArgoHelpEvent,n_argoHelpEvent_1;helpText_1;getEventStartRange_return_1;getHelpText_return_1
DeployDisabled,_-svBAeLaEeCVSp8F0qHMxQ,ArgoModeCreateFigSpline,n_argoModeCreateFigSpline_1;instructions_return_1;createNewItem_me_snapX_snapY_return_1
DeployDisabled,_-6tyouLaEeCVSp8F0qHMxQ,MetaTypesMDRImpl,n_metaTypesMDRImpl_1;getName_modelElement_return_1;getAbstraction_return_1;getAction_return_1;getActionExpression_return_1;getActionState_return_1;getActor_return_1;getAggregationKind_return_1;getArtifact_return_1;getAssociation_return_1;getAssociationClass_return_1;getAssociationEnd_return_1;getAssociationEndRole_return_1;getAssociationRole_return_1;getAttribute_return_1;getBehavioralFeature_return_1;getBinding_return_1;getBooleanExpression_return_1;getCallAction_return_1;getCallConcurrencyKind_return_1;getCallState_return_1;getUMLClass_return_1;getClassifier_return_1;getClassifierRole_return_1;getCollaboration_return_1;getComment_return_1;getComponent_return_1;getComponentInstance_return_1;getCompositeState_return_1;getConstraint_return_1;getCreateAction_return_1;getDataType_return_1;getDependency_return_1;getDestroyAction_return_1;getEnumeration_return_1;getEnumerationLiteral_return_1;getElementImport_return_1;getEvent_return_1;getException_return_1;getExtend_return_1;getExtensionPoint_return_1;getFinalState_return_1;getGeneralizableElement_return_1;getGeneralization_return_1;getGuard_return_1;getInclude_return_1;getInstance_return_1;getInterface_return_1;getLink_return_1;getMessage_return_1;getModel_return_1;getModelElement_return_1;getMultiplicity_return_1;getNamespace_return_1;getNode_return_1;getNodeInstance_return_1;getObject_return_1;getObjectFlowState_return_1;getOperation_return_1;getPackage_return_1;getParameter_return_1;getParameterDirectionKind_return_1;getPartition_return_1;getPackageImport_return_1;getPseudostate_return_1;getPseudostateKind_return_1;getReception_return_1;getReturnAction_return_1;getScopeKind_return_1;getSendAction_return_1;getSignal_return_1;getSimpleState_return_1;getState_return_1;getStateMachine_return_1;getStateVertex_return_1;getStereotype_return_1;getStimulus_return_1;getStubState_return_1;getSubactivityState_return_1;getSubmachineState_return_1;getSubsystem_return_1;getSynchState_return_1;getTemplateArgument_return_1;getTemplateParameter_return_1;getTerminateAction_return_1;getTransition_return_1;getUsage_return_1;getUseCase_return_1;getVisibilityKind_return_1;getTagDefinition_return_1;getTaggedValue_return_1;getInteraction_return_1;getActionSequence_return_1;getArgument_return_1;getAttributeLink_return_1;getCallEvent_return_1;getChangeEvent_return_1;getClassifierInState_return_1;getCollaborationInstanceSet_return_1;getDataValue_return_1;getElement_return_1;getElementResidence_return_1;getExpression_return_1;getFeature_return_1;getFlow_return_1;getInteractionInstanceSet_return_1;getLinkEnd_return_1;getLinkObject_return_1;getMethod_return_1;getMultiplicityRange_return_1;getPrimitiveType_return_1;getRelationship_return_1;getSignalEvent_return_1;getStructuralFeature_return_1;getSubsystemInstance_return_1;getTimeEvent_return_1;getUninterpretedAction_return_1
DeployDisabled,__CAtceLaEeCVSp8F0qHMxQ,EnumerationLiteralNotation,n_enumerationLiteralNotation_1;initialiseListener_listener_modelElement_1
DeployDisabled,__IGuYuLaEeCVSp8F0qHMxQ,CrConsiderFacade,n_crConsiderFacade_1;serialVersionUID_1
DeployDisabled,__ItLUeLaEeCVSp8F0qHMxQ,InterruptedIOException,n_interruptedIOException_1;serialVersionUID_1;cause_1;getInterruptedException_return_1
DeployDisabled,__ONWYuLaEeCVSp8F0qHMxQ,ContextApplicable,n_contextApplicable_1;LOG_1;applicable_1;modelElement_1;isApplicable_return_1;caseAClassifierContext_node_1;inAPreStereotype_node_1;inAPostStereotype_node_1
DeployDisabled,__byfYOLaEeCVSp8F0qHMxQ,DnDExplorerTree,n_dnDExplorerTree_1;LOG_1;DIAGRAM_TO_CLIPBOARD_ACTION_1;clickOffset_1;sourcePath_1;ghostImage_1;selectedTreePath_1;dragSource_1;AUTOSCROLL_MARGIN_1;serialVersionUID_1;dragGestureRecognized_dragGestureEvent_1;isValidDrag_destinationPath_tf_return_1;dragDropEnd_dragSourceDropEvent_1;dragEnter_dragSourceDragEvent_1;dragExit_dragSourceEvent_1;dragOver_dragSourceDragEvent_1;dropActionChanged_dragSourceDragEvent_1;autoscroll_pt_1;getAutoscrollInsets_return_1
DeployDisabled,__eUO8OLaEeCVSp8F0qHMxQ,ExplorerTreeModel,n_explorerTreeModel_1;LOG_1;rules_1;modelElementMap_1;order_1;updatingChildren_1;serialVersionUID_1;modelElementChanged_node_1;modelElementAdded_node_1;traverseModified_start_node_1;modelElementRemoved_node_1;structureChanged__1;updateChildren_path_1;collectChildren_modelElement_newChildren_deps_1;prepareAddRemoveSets_children_newChildren_return_1;insertNodeInto_newChild_parent_index_1;removeNodeFromParent_node_1;findNodes_modelElement_return_1
DeployDisabled,__o4gMOLaEeCVSp8F0qHMxQ,UMLDecision,n_uMLDecision_1;INHERITANCE_1;CONTAINMENT_1;PATTERNS_1;RELATIONSHIPS_1;STORAGE_1;BEHAVIOR_1;INSTANCIATION_1;NAMING_1;MODULARITY_1;CLASS_SELECTION_1;EXPECTED_USAGE_1;METHODS_1;CODE_GEN_1;PLANNED_EXTENSIONS_1;STEREOTYPES_1;STATE_MACHINES_1
DeployDisabled,__xaxIuLaEeCVSp8F0qHMxQ,CrNoAssociations,n_crNoAssociations_1;findAssociation_dm_depth_return_1;getCriticizedDesignMaterials_return_1
DeployDisabled,__0iWkOLaEeCVSp8F0qHMxQ,FigActionState,n_figActionState_1;HEIGHT_1;STATE_WIDTH_1;PADDING_1;cover_1;serialVersionUID_1;initializeActionState__1;initNotationProviders_own_1;getNotationProviderType_return_1;clone_return_1;getMinimumSize_return_1;setLineColor_col_1;getLineColor_return_1;setFillColor_col_1;getFillColor_return_1;isFilled_return_1;getLineWidth_return_1;modelChanged_mee_1;removeFromDiagramImpl__1;updateNameText__1;updateStereotypeText__1;textEdited_ft_1;textEditStarted_ft_1
DeployDisabled,__5Th0OLaEeCVSp8F0qHMxQ,ModeContract,n_modeContract_1;startX_1;startY_1;currentY_1;editor_1;rubberbandColor_1;mousePressed_me_1;mouseDragged_me_1;mouseReleased_me_1;instructions_return_1
DeployDisabled,_AHSTd-LbEeCVSp8F0qHMxQ,FigAssociationEnd,n_figAssociationEnd_1;setOwner_owner_1;getNotationProviderType_return_1;initNotationProviders_own_1;initializeNotationProvidersInternal_own_1;initNotationArguments__1;updateListeners_oldOwner_newOwner_1;textEdited_ft_1;textEditStarted_ft_1;renderingChanged__1;updateStereotypeText__1;updateMultiplicity__1
DeployDisabled,_AdVb8OLbEeCVSp8F0qHMxQ,PropPanelMessage,n_propPanelMessage_1;serialVersionUID_1
DeployDisabled,_AdVb8uLbEeCVSp8F0qHMxQ,ActionToolNewAction,n_actionToolNewAction_1;serialVersionUID_1
DeployDisabled,_AkP8QuLbEeCVSp8F0qHMxQ,UMLTransitionTriggerListModel,n_uMLTransitionTriggerListModel_1;buildModelList__1;isValidElement_element_return_1;buildPopup_popup_index_return_1;hasPopup_return_1
DeployDisabled,_AxV9EOLbEeCVSp8F0qHMxQ,PropPanelTaggedValue,n_propPanelTaggedValue_1;modelElementSelector_1;typeSelector_1;referenceValuesScroll_1;dataValuesScroll_1;getReferenceValuesScroll_return_1;getDataValuesScroll_return_1;getModelElementSelector_return_1;getTypeSelector_return_1
DeployDisabled,_AxfHAeLbEeCVSp8F0qHMxQ,UMLTaggedValueTypeComboBoxModel,n_uMLTaggedValueTypeComboBoxModel_1;buildModelList__1;getSelectedModelElement_return_1;isValidElement_element_return_1
Original,_-pm0guLaEeCVSp8F0qHMxQ,ToDoItemAction,n_toDoItemAction_1;rememberedTarget_1;getRememberedTarget_return_1;updateEnabled_target_1;isEnabled_target_return_1
Original,_-txi0-LaEeCVSp8F0qHMxQ,Translator,n_translator_1;LOG_1;BUNDLES_PATH_1;bundles_1;classLoaders_1;initialized_1;systemDefaultLocale_1;initForEclipse_locale_1;init_locale_1;getLocales_return_1;setLocale_name_1;setLocale_locale_1;getSystemDefaultLocale_return_1;addClassLoader_cl_1;loadBundle_name_1;getName_key_return_1;localize_key_args_return_1;localize_key_return_1;messageFormat_key_args_return_1
Original,__Lrm0OLaEeCVSp8F0qHMxQ,XMLElement,n_xMLElement_1;name_1;text_1;attributes_1;getName_return_1;addText_c_offset_len_1;resetText__1;getText_return_1;length_return_1;getAttribute_attribute_return_1;getAttributeName_i_return_1;getAttributeValue_i_return_1;getNumAttributes_return_1
Original,__NwqceLaEeCVSp8F0qHMxQ,ProfileMeta,n_profileMeta_1;PROFILE_FILE_1;model_1;loadWellFormednessRules__1;getDisplayName_return_1;getProfilePackages_return_1
Original,__e6E0OLaEeCVSp8F0qHMxQ,ExplorerPopup,n_explorerPopup_1;createDiagrams_1;LOG_1;MODEL_ELEMENT_MENUITEMS_1;serialVersionUID_1;initMenuCreateDiagrams__1;initMenuCreateModelElements__1;addCreateModelElementAction_menuItems_metaType_relationshipDescr_1;buildDirectionalCreateMenuItem_metaType_source_dest_relationshipDescr_menu_1;menuLocalize_key_return_1;addMenuItemForBothEndsOf_edge_1
Original,__fD10eLaEeCVSp8F0qHMxQ,OrderedMenuItem,n_orderedMenuItem_1;compareTo_o_return_1
Original,__g_vhOLaEeCVSp8F0qHMxQ,GoCollaborationToInteraction,n_goCollaborationToInteraction_1;getRuleName_return_1;getChildren_parent_return_1;getDependencies_parent_return_1
Original,__rQewOLaEeCVSp8F0qHMxQ,CrCrossNamespaceAssoc,n_crCrossNamespaceAssoc_1;getCriticizedDesignMaterials_return_1
Original,__3N3IOLaEeCVSp8F0qHMxQ,PropPanelUMLDeploymentDiagram,n_propPanelUMLDeploymentDiagram_1
Original,__7O0cuLaEeCVSp8F0qHMxQ,PredIsStartState,n_predIsStartState_1;theInstance_1;predicate_obj_return_1;getTheInstance_return_1
Original,__9dpEOLaEeCVSp8F0qHMxQ,FigStateVertex,n_figStateVertex_1;CIRCLE_POINTS_1;setEnclosingFig_encloser_1;redrawEnclosedFigs__1;makeSelection_return_1;getCircleGravityPoints_return_1
Original,_AIB6UuLbEeCVSp8F0qHMxQ,ActionNavigability,n_actionNavigability_1;BIDIRECTIONAL_1;STARTTOEND_1;ENDTOSTART_1;nav_1;assocStart_1;assocEnd_1;newActionNavigability_assocStart_assocEnd_nav_return_1;getDescription_assocStart_assocEnd_nav_return_1;actionPerformed_ae_1;isEnabled_return_1
Original,_AfQukeLbEeCVSp8F0qHMxQ,PropPanelCallAction,n_propPanelCallAction_1;serialVersionUID_1;initialize__1
Original,_AfQuk-LbEeCVSp8F0qHMxQ,UMLCallActionOperationComboBox2,n_uMLCallActionOperationComboBox2_1;serialVersionUID_1
Original,_Ah8PJOLbEeCVSp8F0qHMxQ,UMLChangeExpressionModel,n_uMLChangeExpressionModel_1;LOG_1;getExpression_return_1;setExpression_expression_1;newExpression_return_1
Original,_AlvKAOLbEeCVSp8F0qHMxQ,PropPanelFinalState,n_propPanelFinalState_1;serialVersionUID_1
Original,_Ao3WgeLbEeCVSp8F0qHMxQ,UMLModelElementClientDependencyListModel,n_uMLModelElementClientDependencyListModel_1;buildModelList__1;isValidElement_o_return_1
Original,_Avs-VOLbEeCVSp8F0qHMxQ,PropPanelUsage,n_propPanelUsage_1;serialVersionUID_1
SequenceDisabled,__MRcsuLaEeCVSp8F0qHMxQ,CoreProfileReference,n_coreProfileReference_1;PROFILES_RESOURCE_PATH_1;PROFILES_BASE_URL_1
SequenceDisabled,__OWgU-LaEeCVSp8F0qHMxQ,CrOCL,n_crOCL_1;ocl_1;designMaterials_1;getCriticizedDesignMaterials_return_1;getOCL_return_1
SequenceDisabled,__WbeQOLaEeCVSp8F0qHMxQ,StylePanelFigText,n_stylePanelFigText_1;FONT_NAMES_1;COMMON_SIZES_1;STYLES_1;JUSTIFIES_1;fontLabel_1;fontField_1;sizeLabel_1;sizeField_1;styleLabel_1;styleField_1;justLabel_1;justField_1;textColorLabel_1;textColorField_1;serialVersionUID_1;initChoices2__1;refresh__1;setTargetFont__1;setTargetSize__1;setTargetStyle__1;setTargetJustification__1;setTargetTextColor__1
SequenceDisabled,__wBC8OLaEeCVSp8F0qHMxQ,CrUnnavigableAssoc,n_crUnnavigableAssoc_1;getCriticizedDesignMaterials_return_1
SequenceDisabled,__p7CAeLaEeCVSp8F0qHMxQ,CrInterfaceWithoutComponent,n_crInterfaceWithoutComponent_1
SequenceDisabled,_ACX-QeLbEeCVSp8F0qHMxQ,FigEditableCompartment,n_figEditableCompartment_1;LOG_1;MIN_HEIGHT_1;constructFigs__1;setVisible_visible_1;addFig_fig_1;getUmlCollection_return_1;getNotationType_return_1;populate__1;getElementFigs_return_1;updateFigGroupSize_x_y_w_h_checkSize_rowHeight_return_1;getMinimumSize_return_1
SequenceDisabled,_ANFZcuLbEeCVSp8F0qHMxQ,GeneratorHelper,n_generatorHelper_1
SequenceDisabled,_ASePxOLbEeCVSp8F0qHMxQ,UMLExpressionLanguageField,n_uMLExpressionLanguageField_1;notifyModel_1;targetChanged__1;targetReasserted__1;update__1;changedUpdate_p1_1;removeUpdate_p1_1;insertUpdate_p1_1
SequenceDisabled,_Ae9zpuLbEeCVSp8F0qHMxQ,ActionRemoveContextSignal,n_actionRemoveContextSignal_1;serialVersionUID_1
SequenceDisabled,_AgdBZOLbEeCVSp8F0qHMxQ,UMLInstanceLinkEndListModel,n_uMLInstanceLinkEndListModel_1;buildModelList__1;isValidElement_element_return_1
SequenceDisabled,_AjzQUuLbEeCVSp8F0qHMxQ,UMLSignalEventSignalListModel,n_uMLSignalEventSignalListModel_1;buildModelList__1;isValidElement_element_return_1
SequenceDisabled,_Aij6MOLbEeCVSp8F0qHMxQ,ActionNewFinalState,n_actionNewFinalState_1;singleton_1;getSingleton_return_1
SequenceDisabled,_Am7c0uLbEeCVSp8F0qHMxQ,UMLExtensionPointLocationDocument,n_uMLExtensionPointLocationDocument_1;setProperty_text_1;getProperty_return_1
SequenceDisabled,_AmL18uLbEeCVSp8F0qHMxQ,PropPanelInclude,n_propPanelInclude_1;serialVersionUID_1;getBase_return_1;setBase_base_1;getAddition_return_1;setAddition_addition_1;isAcceptableUseCase_modElem_return_1
SequenceDisabled,_Am7c1OLbEeCVSp8F0qHMxQ,ActionAddExtendExtensionPoint,n_actionAddExtendExtensionPoint_1;SINGLETON_1;doIt_selected_1;getChoices_return_1;getDialogTitle_return_1;getSelected_return_1;getInstance_return_1
SequenceDisabled,_ApAgcOLbEeCVSp8F0qHMxQ,UMLModelElementVisibilityRadioButtonPanel,n_uMLModelElementVisibilityRadioButtonPanel_1;serialVersionUID_1;labelTextsAndActionCommands_1;buildModel__1;setEnabled_enabled_1
SequenceDisabled,_AuEmpOLbEeCVSp8F0qHMxQ,UMLGeneralizationPowertypeComboBoxModel,n_uMLGeneralizationPowertypeComboBoxModel_1;getSelectedModelElement_return_1;buildModelList__1;buildMinimalModelList__1;isLazy_return_1;isValidElement_element_return_1
StateDisabled,_-u0EpOLaEeCVSp8F0qHMxQ,DefaultUndoManager,n_defaultUndoManager_1;LOG_1;undoMax_1;listeners_1;newInteraction_1;newInteractionLabel_1;setUndoMax_max_1;undo__1;redo__1;startInteraction_label_1;addPropertyChangeListener_listener_1;removePropertyChangeListener_listener_1;fire_property_value_1
StateDisabled,_-u91o-LaEeCVSp8F0qHMxQ,InteractionStack,n_interactionStack_1;labelProperty_1;addedProperty_1;removedProperty_1;sizeProperty_1;push_item_return_1;pop_return_1;fireLabel__1;getLabel_return_1
StateDisabled,__CToZOLaEeCVSp8F0qHMxQ,TransitionNotation,n_transitionNotation_1
StateDisabled,__CcyUeLaEeCVSp8F0qHMxQ,OperationNotation,n_operationNotation_1;initialiseListener_listener_modelElement_1;updateListener_listener_modelElement_pce_1
StateDisabled,__amMkeLaEeCVSp8F0qHMxQ,ActionAdjustGrid,n_actionAdjustGrid_1;myMap_1;DEFAULT_ID_1;myGroup_1;DEFAULT_MASK_1;setGroup_group_1;init__1;createAdjustGridActions_longStrings_return_1;buildGridAction_property_spacing_paintLines_paintDots_id_key_return_1
StateDisabled,__bouY-LaEeCVSp8F0qHMxQ,PerspectiveComboBox,n_perspectiveComboBox_1;addPerspective_perspective_1;removePerspective_perspective_1
StateDisabled,__mf6kuLaEeCVSp8F0qHMxQ,TargetManager,n_targetManager_1;LOG_1;targets_1;modelTarget_1;figTarget_1;listenerList_1;inTransaction_1;internalOnSetTarget_eventName_oldTargets_1;getTarget_return_1;setTargets_targetsCollection_1;addTarget_target_1;removeTarget_target_1;getOwnerAndAllFigs_o_return_1;getOwner_o_return_1;getTargets_return_1;getSingleTarget_return_1;getModelTargets_return_1;getSingleModelTarget_return_1;startTargetTransaction__1;isInTargetTransaction_return_1;endTargetTransaction__1;getFigTarget_return_1;determineFigTarget_target_return_1;getModelTarget_return_1;determineModelTarget_target_return_1;navigateForward__1;navigateBackward__1;navigateForwardPossible_return_1;navigateBackPossible_return_1;cleanHistory__1
StateDisabled,__mprk-LaEeCVSp8F0qHMxQ,Remover,n_remover_1;propertyChange_evt_1;handleNotification_notification_handback_1;remove_obj_1
StateDisabled,__xNVxOLaEeCVSp8F0qHMxQ,ProfileCodeGeneration,n_profileCodeGeneration_1;critics_1;getDisplayName_return_1;getProfileIdentifier_return_1
StateDisabled,__y5-4OLaEeCVSp8F0qHMxQ,ProjectMemberDiagram,n_projectMemberDiagram_1;MEMBER_TYPE_1;FILE_EXT_1;getType_return_1;getZipFileExtension_return_1;repair_return_1
StateDisabled,__3XoIuLaEeCVSp8F0qHMxQ,FigMNode,n_figMNode_1;textEditStarted_ft_1;getPopUpActions_me_return_1
StateDisabled,_AAS6ouLbEeCVSp8F0qHMxQ,FigDataType,n_figDataType_1;LOG_1;MIN_WIDTH_1;constructFigs__1;getKeyword_return_1;makeSelection_return_1;getMinimumSize_return_1;getLineWidth_return_1;translate_dx_dy_1;setEnclosingFig_encloser_1;classNameAndBounds_return_1
StateDisabled,_AIU1QOLbEeCVSp8F0qHMxQ,ArgoFigText,n_argoFigText_1;notifier_1;deleteFromModel__1;removeNotificationListener_listener_filter_handback_1;addNotificationListener_listener_filter_handback_1;getNotificationInfo_return_1;removeNotificationListener_listener_1;renderingChanged__1;updateFont__1;getFigFontStyle_return_1;setOwner_own_1;updateListeners_oldOwner_newOwner_1;propertyChange_pce_1
StateDisabled,_AJhIFOLbEeCVSp8F0qHMxQ,ActionVisibilityProtected,n_actionVisibilityProtected_1;serialVersionUID_1;valueOfTarget_t_return_1
StateDisabled,_ANFZcOLbEeCVSp8F0qHMxQ,AbstractSection,n_abstractSection_1;LOG_1;LINE_SEPARATOR_1;mAry_1;generate_id_indent_return_1;write_filename_indent_outputLostSections_1;read_filename_1;getSectId_line_return_1
StateDisabled,_AN-xUOLbEeCVSp8F0qHMxQ,Setting,n_setting_1;label_1;description_1;getLabel_return_1;getDescription_return_1;getLabel_return_2
StateDisabled,_AN-xVuLbEeCVSp8F0qHMxQ,PathSelection,n_pathSelection_1;path_1;defaultPath_1;getDefaultPath_return_1;getPath_return_1;setPath_newPath_1
StateDisabled,_AkP8ROLbEeCVSp8F0qHMxQ,UMLStateDeferrableEventListModel,n_uMLStateDeferrableEventListModel_1;buildModelList__1;isValidElement_element_return_1;buildPopup_popup_index_return_1
StateDisabled,_AxDCIuLbEeCVSp8F0qHMxQ,ActionNewTagDefinition,n_actionNewTagDefinition_1
StateDisabled,_AyFj9eLbEeCVSp8F0qHMxQ,ActionDialogElementImport,n_actionDialogElementImport_1;getChoices_target_return_1;getSelected_target_return_1;getDialogTitle_return_1;isMultiSelect_return_1;isExclusive_return_1;doIt_target_selected_1
UsecaseDisabled,_-n0r0OLaEeCVSp8F0qHMxQ,InitCheckListUI,n_initCheckListUI_1;getDetailsTabs_return_1;getProjectSettingsTabs_return_1;getSettingsTabs_return_1;init__1
UsecaseDisabled,_-tU25OLaEeCVSp8F0qHMxQ,ArgoFigInk,n_argoFigInk_1;notifier_1;deleteFromModel__1;removeNotificationListener_listener_filter_handback_1;addNotificationListener_listener_filter_handback_1;getNotificationInfo_return_1;removeNotificationListener_listener_1
UsecaseDisabled,__F35w-LaEeCVSp8F0qHMxQ,TransitionNotationUml,n_transitionNotationUml_1;parse_modelElement_text_1;parseTransition_trans_s_return_1;parseTrigger_trans_trigger_1;parseGuard_trans_guard_1;parseEffect_trans_actions_1;delete_obj_1;getParsingHelp_return_1;toString_modelElement_args_return_1;toString_modelElement_return_1;generateEvent_m_return_1;generateGuard_m_return_1;generateParameterList_parameterListOwner_return_1;generateExpression_expr_return_1;generateParameter_parameter_return_1;generateKind_kind_return_1;generateClassifierRef_cls_return_1;initialiseListener_listener_modelElement_1;addListenersForAction_listener_action_1;addListenersForEvent_listener_event_1;addListenersForTransition_listener_transition_1
UsecaseDisabled,__MRctOLaEeCVSp8F0qHMxQ,StreamModelLoader,n_streamModelLoader_1;LOG_1;loadModel_inputStream_publicReference_return_1
UsecaseDisabled,__SYEsOLaEeCVSp8F0qHMxQ,SettingsDialog,n_settingsDialog_1;applyButton_1;tabs_1;windowOpen_1;serialVersionUID_1;settingsTabs_1;setVisible_show_1;actionPerformed_ev_1;handleSave__1;handleCancel__1;handleRefresh__1;handleOpen__1
UsecaseDisabled,__a5HgeLaEeCVSp8F0qHMxQ,ShortcutMgr,n_shortcutMgr_1;ACTION_NEW_PROJECT_1;ACTION_OPEN_PROJECT_1;ACTION_SAVE_PROJECT_1;ACTION_SAVE_PROJECT_AS_1;ACTION_PRINT_1;ACTION_SELECT_ALL_1;ACTION_UNDO_1;ACTION_REDO_1;ACTION_REMOVE_FROM_DIAGRAM_1;ACTION_DELETE_MODEL_ELEMENTS_1;ACTION_ZOOM_OUT_1;ACTION_ZOOM_IN_1;ACTION_FIND_1;ACTION_GENERATE_ALL_CLASSES_1;ACTION_ALIGN_RIGHTS_1;ACTION_ALIGN_LEFTS_1;ACTION_REVERT_TO_SAVED_1;ACTION_IMPORT_XMI_1;ACTION_EXPORT_XMI_1;ACTION_IMPORT_FROM_SOURCES_1;ACTION_PROJECT_SETTINGS_1;ACTION_PAGE_SETUP_1;ACTION_SAVE_GRAPHICS_1;ACTION_SAVE_ALL_GRAPHICS_1;ACTION_NAVIGATE_FORWARD_1;ACTION_NAVIGATE_BACK_1;ACTION_SELECT_INVERT_1;ACTION_PERSPECTIVE_CONFIG_1;ACTION_SETTINGS_1;ACTION_NOTATION_1;ACTION_GO_TO_DIAGRAM_1;ACTION_ZOOM_RESET_1;ACTION_ADJUST_GRID_1;ACTION_ADJUST_GUIDE_1;ACTION_ADJUST_PAGE_BREAKS_1;ACTION_SHOW_XML_DUMP_1;ACTION_CLASS_DIAGRAM_1;ACTION_SEQUENCE_DIAGRAM_1;ACTION_COLLABORATION_DIAGRAM_1;ACTION_STATE_DIAGRAM_1;ACTION_ACTIVITY_DIAGRAM_1;ACTION_DEPLOYMENT_DIAGRAM_1;ACTION_GENERATE_ONE_1;ACTION_GENERATE_PROJECT_CODE_1;ACTION_GENERATION_SETTINGS_1;ACTION_PREFERRED_SIZE_1;ACTION_AUTO_CRITIQUE_1;ACTION_OPEN_DECISIONS_1;ACTION_OPEN_GOALS_1;ACTION_OPEN_CRITICS_1;ACTION_HELP_1;ACTION_SYSTEM_INFORMATION_1;ACTION_ABOUT_ARGOUML_1;ACTION_ALIGN_TOPS_1;ACTION_ALIGN_BOTTOMS_1;ACTION_ALIGN_H_CENTERS_1;ACTION_ALIGN_V_CENTERS_1;ACTION_ALIGN_TO_GRID_1;ACTION_DISTRIBUTE_H_SPACING_1;ACTION_DISTRIBUTE_H_CENTERS_1;ACTION_DISTRIBUTE_V_SPACING_1;ACTION_DISTRIBUTE_V_CENTERS_1;ACTION_REORDER_FORWARD_1;ACTION_REORDER_BACKWARD_1;ACTION_REORDER_TO_FRONT_1;ACTION_REORDER_TO_BACK_1;LOG_1;DEFAULT_MASK_1;SHIFTED_DEFAULT_MASK_1;shortcutHash_1;duplicate_1;assignAccelerator_menuItem_shortcutKey_1;assignAccelerator_panel_shortcutKey_1;getDuplicate_keyStroke_return_1;putDefaultShortcut_shortcutKey_defaultKeyStroke_action_1;putDefaultShortcut_shortcutKey_defaultKeyStroke_action_actionName_1;decodeKeyStroke_strKeyStroke_return_1;decodeModifier_modifier_return_1;getActionDefaultName_action_return_1
UsecaseDisabled,__yAnAOLaEeCVSp8F0qHMxQ,CrEmptyPackage,n_crEmptyPackage_1;LOG_1;getCriticizedDesignMaterials_return_1
UsecaseDisabled,__uYrQuLaEeCVSp8F0qHMxQ,CrInvalidJoinTriggerOrGuard,n_crInvalidJoinTriggerOrGuard_1;serialVersionUID_1;getCriticizedDesignMaterials_return_1
UsecaseDisabled,__2oBQOLaEeCVSp8F0qHMxQ,PropPanelUMLCollaborationDiagram,n_propPanelUMLCollaborationDiagram_1
UsecaseDisabled,__71RYOLaEeCVSp8F0qHMxQ,FigHistoryState,n_figHistoryState_1;X_1;Y_1;WIDTH_1;HEIGHT_1;h_1;head_1;serialVersionUID_1;initFigs__1;setStandardBounds_x_y_width_height_1;getH_return_1;placeString_return_1;clone_return_1;isResizable_return_1;setLineColor_col_1;getLineColor_return_1;setFillColor_col_1;getFillColor_return_1;isFilled_return_1;getLineWidth_return_1;mouseClicked_me_1
UsecaseDisabled,_AET38eLbEeCVSp8F0qHMxQ,SelectionMoveClarifiers,n_selectionMoveClarifiers_1
UsecaseDisabled,_AILrUeLbEeCVSp8F0qHMxQ,ModeLabelDrag,n_modeLabelDrag_1;dragFig_1;figEdge_1;dragBasePoint_1;deltax_1;deltay_1;instructions_return_1;mousePressed_me_1;mouseReleased_me_1;mouseDragged_me_1
UsecaseDisabled,_AdVb8OLbEeCVSp8F0qHMxQ,PropPanelMessage,n_propPanelMessage_1;serialVersionUID_1
UsecaseDisabled,_AdVb8uLbEeCVSp8F0qHMxQ,ActionToolNewAction,n_actionToolNewAction_1;serialVersionUID_1
UsecaseDisabled,_AhMoRuLbEeCVSp8F0qHMxQ,UMLSignalContextListModel,n_uMLSignalContextListModel_1;buildModelList__1;isValidElement_element_return_1
UsecaseDisabled,_Aim9gOLbEeCVSp8F0qHMxQ,UMLTransitionTargetListModel,n_uMLTransitionTargetListModel_1;buildModelList__1;isValidElement_element_return_1
UsecaseDisabled,_AllZAuLbEeCVSp8F0qHMxQ,UMLCompositeStateSubvertexList,n_uMLCompositeStateSubvertexList_1;getPopupMenu_return_1
UsecaseDisabled,_AzIFwuLbEeCVSp8F0qHMxQ,Tools,n_tools_1;LOG_1;PACKAGELIST_1;getComponentVersionInfo_sb_pn_1;getVersionInfo_return_1;logVersionInfo__1;getFileExtension_file_return_1
