ActivityDisabled,_-oahseLaEeCVSp8F0qHMxQ,ActionOpenCritics,n_actionOpenCritics_1;actionPerformed_ae_1
ActivityDisabled,_-pT5kOLaEeCVSp8F0qHMxQ,DesignIssuesDialog,n_designIssuesDialog_1;mainPanel_1;slidersToDecisions_1;slidersToDigits_1;initMainPanel__1;stateChanged_ce_1;getValueText_priority_return_1
ActivityDisabled,_-txi0-LaEeCVSp8F0qHMxQ,Translator,n_translator_1;LOG_1;BUNDLES_PATH_1;bundles_1;classLoaders_1;initialized_1;systemDefaultLocale_1;initForEclipse_locale_1;init_locale_1;getLocales_return_1;setLocale_name_1;setLocale_locale_1;getSystemDefaultLocale_return_1;addClassLoader_cl_1;loadBundle_name_1;getName_key_return_1;localize_key_args_return_1;localize_key_return_1;messageFormat_key_args_return_1
ActivityDisabled,_-0BUwuLaEeCVSp8F0qHMxQ,InstanceChangeEvent,n_instanceChangeEvent_1
ActivityDisabled,__M3SkuLaEeCVSp8F0qHMxQ,ResourceModelLoader,n_resourceModelLoader_1;LOG_1;clazz_1
ActivityDisabled,__PGHMeLaEeCVSp8F0qHMxQ,HashBag,n_hashBag_1;map_1;count_element_return_1;addAll_c_return_1;clear__1;contains_o_return_1;containsAll_c_return_1;isEmpty_return_1;iterator_return_1;remove_o_return_1;removeAll_c_return_1;retainAll_c_return_1;size_return_1;toArray_return_1;toString_return_1;equals_obj_return_1;hashCode_return_1
ActivityDisabled,__ciGQOLaEeCVSp8F0qHMxQ,PerspectiveConfigurator,n_perspectiveConfigurator_1;LOG_1;INSET_PX_1;configPanelNorth_1;configPanelSouth_1;splitPane_1;renameTextField_1;newPerspectiveButton_1;removePerspectiveButton_1;duplicatePerspectiveButton_1;moveUpButton_1;moveDownButton_1;addRuleButton_1;removeRuleButton_1;resetToDefaultButton_1;perspectiveList_1;perspectiveRulesList_1;ruleLibraryList_1;perspectiveListModel_1;perspectiveRulesListModel_1;ruleLibraryListModel_1;persLabel_1;ruleLibLabel_1;rulesLabel_1;makeLists__1;makeButtons__1;makeLayout__1;makeListeners__1;loadLibrary__1;loadPerspectives__1;updatePersLabel__1;updateLibLabel__1;updateRuleLabel__1;sortJListModel_list_1;doAddRule__1;doRemoveRule__1
ActivityDisabled,__dH8IeLaEeCVSp8F0qHMxQ,RuleListener,n_ruleListener_1
ActivityDisabled,__yKYAeLaEeCVSp8F0qHMxQ,WizAssocComposite,n_wizAssocComposite_1;LOG_1;instructions_1;triggerAssociation_1;getTriggerAssociation_return_1;buildOptions_return_1;makePanel_newStep_return_1;doAction_oldStep_1;canFinish_return_1
ActivityDisabled,__xEL0-LaEeCVSp8F0qHMxQ,CrNoIncomingTransitions,n_crNoIncomingTransitions_1;getCriticizedDesignMaterials_return_1
ActivityDisabled,__6MSouLaEeCVSp8F0qHMxQ,FigBirthActivation,n_figBirthActivation_1;serialVersionUID_1
ActivityDisabled,_AAS6oOLbEeCVSp8F0qHMxQ,InitClassDiagram,n_initClassDiagram_1;getDetailsTabs_return_1;getProjectSettingsTabs_return_1;getSettingsTabs_return_1;init__1
ActivityDisabled,_AIxhNOLbEeCVSp8F0qHMxQ,ActionMultiplicity,n_actionMultiplicity_1;str_1;mult_1;actionPerformed_ae_1;isEnabled_return_1
ActivityDisabled,_AZwjguLbEeCVSp8F0qHMxQ,UMLCallStateEntryList,n_uMLCallStateEntryList_1;getPopupMenu_return_1
ActivityDisabled,_AZwjhOLbEeCVSp8F0qHMxQ,PopupMenuNewCallAction,n_popupMenuNewCallAction_1
ActivityDisabled,_AagKYuLbEeCVSp8F0qHMxQ,PropPanelObjectFlowState,n_propPanelObjectFlowState_1;classifierComboBox_1;statesScroll_1;addExtraButtons__1;propertyChange_evt_1;getClassifierComboBox_return_1;removeTopStateFrom_ret_1;getType_target_return_1
ActivityDisabled,_Aap7YeLbEeCVSp8F0qHMxQ,ActionRemoveOFSState,n_actionRemoveOFSState_1;serialVersionUID_1
ActivityDisabled,_AfQukeLbEeCVSp8F0qHMxQ,PropPanelCallAction,n_propPanelCallAction_1;serialVersionUID_1;initialize__1
ActivityDisabled,_AfQulOLbEeCVSp8F0qHMxQ,SetActionOperationAction,n_setActionOperationAction_1;serialVersionUID_1
ActivityDisabled,_AnhSsuLbEeCVSp8F0qHMxQ,ActionNewUseCase,n_actionNewUseCase_1
ActivityDisabled,_AriQAOLbEeCVSp8F0qHMxQ,UMLModelElementTargetFlowListModel,n_uMLModelElementTargetFlowListModel_1;buildModelList__1;isValidElement_o_return_1
CollabDisabled,_-jzugOLaEeCVSp8F0qHMxQ,ArgoHelpEvent,n_argoHelpEvent_1;helpText_1;getEventStartRange_return_1;getHelpText_return_1
CollabDisabled,_-vG_k-LaEeCVSp8F0qHMxQ,ProjectFactory,n_projectFactory_1;INSTANCE_1;getInstance_return_1
CollabDisabled,_-6H8wuLaEeCVSp8F0qHMxQ,CollectionHelper,n_collectionHelper_1;update_base_updates_1
CollabDisabled,__Lh10uLaEeCVSp8F0qHMxQ,SaveException,n_saveException_1
CollabDisabled,__JcyMOLaEeCVSp8F0qHMxQ,AbstractFilePersister,n_abstractFilePersister_1;LOG_1;persistersByClass_1;persistersByTag_1;listenerList_1;registerPersister_target_tag_persister_return_1;createTempFile_file_return_1;copyFile_src_dest_return_1;accept_f_return_1;getExtension_return_1;getDesc_return_1;getExtension_f_return_1;getExtension_filename_return_1;isFileExtensionApplicable_filename_return_1;getDescription_return_1;isSaveEnabled_return_1;isLoadEnabled_return_1;hasAnIcon_return_1
CollabDisabled,__L-hxOLaEeCVSp8F0qHMxQ,Profile,n_profile_1;dependencies_1;critics_1;addProfileDependency_profileIdentifier_1;getDependencies_return_1;getDependenciesID_return_1;getDisplayName_return_1;getProfilePackages_return_1;toString_return_1;getCritics_return_1;getProfileIdentifier_return_1;setCritics_criticsSet_1
CollabDisabled,__MbNsuLaEeCVSp8F0qHMxQ,UserDefinedProfile,n_userDefinedProfile_1;LOG_1;displayName_1;modelFile_1;profilePackages_1;finishLoading__1;filterPackages_return_1;str2KnowledgeType_token_return_1;str2Priority_prioStr_return_1;getAllCritiquesInModel_return_1;getAllCommentsInModel_objs_return_1;getDisplayName_return_1;getModelFile_return_1;toString_return_1;getProfilePackages_return_1;loadImage_stereotype_f_return_1
CollabDisabled,__MkXouLaEeCVSp8F0qHMxQ,FigNodeDescriptor,n_figNodeDescriptor_1;stereotype_1;img_1;src_1;length_1;isValid_return_1
CollabDisabled,__mM_o-LaEeCVSp8F0qHMxQ,GoStateToExit,n_goStateToExit_1;getChildren_parent_return_1;getDependencies_parent_return_1;getRuleName_return_1
CollabDisabled,__uYrQOLaEeCVSp8F0qHMxQ,UMLWizard,n_uMLWizard_1;suggestion_1;getNumSteps_return_1;getModelElement_return_1;offerSuggestion_return_1;getSuggestion_return_1
CollabDisabled,__uYrQuLaEeCVSp8F0qHMxQ,CrInvalidJoinTriggerOrGuard,n_crInvalidJoinTriggerOrGuard_1;serialVersionUID_1;getCriticizedDesignMaterials_return_1
CollabDisabled,_AF82s-LbEeCVSp8F0qHMxQ,FigOperationsCompartment,n_figOperationsCompartment_1;serialVersionUID_1;getUmlCollection_return_1;getNotationType_return_1;createModelElement__1
CollabDisabled,_ADRWIOLbEeCVSp8F0qHMxQ,DiagramNameDocument,n_diagramNameDocument_1;LOG_1;field_1;stopEvents_1;highlightTag_1
CollabDisabled,_AXYk8uLbEeCVSp8F0qHMxQ,UMLAddDialog,n_uMLAddDialog_1;choicesList_1;selectedList_1;addButton_1;removeButton_1;okButton_1;cancelButton_1;dialog_1;title_1;multiSelectAllowed_1;returnValue_1;exclusive_1;update__1;constructListModel_list_return_1;showDialog_parent_return_1;getChoices_return_1;getSelectedChoices_return_1;getSelected_return_1;addSelection__1;removeSelection__1;ok__1;cancel__1
CollabDisabled,_AdoW4uLbEeCVSp8F0qHMxQ,UMLInstanceClassifierListModel,n_uMLInstanceClassifierListModel_1;buildModelList__1;isValidElement_o_return_1
CollabDisabled,_AjgVYOLbEeCVSp8F0qHMxQ,UMLCompositeStateSubvertexListModel,n_uMLCompositeStateSubvertexListModel_1;buildModelList__1;isValidElement_element_return_1
CollabDisabled,_Asui0OLbEeCVSp8F0qHMxQ,UMLConstraintConstrainedElementListModel,n_uMLConstraintConstrainedElementListModel_1;buildModelList__1;isValidElement_element_return_1
CollabDisabled,_AxDCJOLbEeCVSp8F0qHMxQ,PropPanelStereotype,n_propPanelStereotype_1;serialVersionUID_1;metaClasses_1;generalizationScroll_1;specializationScroll_1;tagDefinitionScroll_1;extendedElementsScroll_1;getGeneralizationScroll_return_1;getSpecializationScroll_return_1;getTagDefinitionScroll_return_1;getExtendedElementsScroll_return_1;initMetaClasses__1
CollabDisabled,_AxMMFeLbEeCVSp8F0qHMxQ,ActionDeleteStereotypeBaseClass,n_actionDeleteStereotypeBaseClass_1
DeployDisabled,_-4x49OLaEeCVSp8F0qHMxQ,ActivityGraphsHelperEUMLImpl,n_activityGraphsHelperEUMLImpl_1;addContent_partition_modeElement_1;addInState_classifierInState_state_1;addParameter_objectFlowState_parameter_1;findClassifierByName_ofs_s_return_1;findStateByName_c_s_return_1;isAddingActivityGraphAllowed_context_return_1;removeContent_partition_modeElement_1;removeParameter_objectFlowState_parameter_1;setContents_partition_newContents_1;setInStates_classifierInState_newStates_1;setParameters_objectFlowState_parameters_1;setSynch_objectFlowState_isSynch_1
DeployDisabled,__CJ3ZOLaEeCVSp8F0qHMxQ,ObjectNotation,n_objectNotation_1;initialiseListener_listener_modelElement_1;updateListener_listener_modelElement_pce_1
DeployDisabled,__EPiEOLaEeCVSp8F0qHMxQ,StateBodyNotationUml,n_stateBodyNotationUml_1;LANGUAGE_1;parse_modelElement_text_1;getParsingHelp_return_1;toString_modelElement_args_return_1;toString_modelElement_return_1;buildNewCallAction_s_return_1;delete_obj_1
DeployDisabled,__EPiEuLaEeCVSp8F0qHMxQ,ModelElementInfoList,n_modelElementInfoList_1;theList_1;checkRetain_line_return_1;finalisedList_return_1
DeployDisabled,__EPiFOLaEeCVSp8F0qHMxQ,InfoItem,n_infoItem_1
DeployDisabled,__GngoeLaEeCVSp8F0qHMxQ,ClassifierRoleNotationUml,n_classifierRoleNotationUml_1;getParsingHelp_return_1;parse_modelElement_text_1;parseClassifierRole_cls_s_return_1;toString_modelElement_args_return_1;toString_modelElement_return_1
DeployDisabled,__THrkuLaEeCVSp8F0qHMxQ,ArgoJFontChooser,n_argoJFontChooser_1;jContentPane_1;jlstFamilies_1;jlstSizes_1;jlblFamilies_1;jlblSize_1;jlblPreview_1;jbtnOk_1;jbtnCancel_1;resultSize_1;resultName_1;isOk_1;initialize__1;getJContentPane_return_1;getJlstFamilies_return_1;getJlstSizes_return_1;updatePreview__1;getJbtnOk_return_1;getJbtnCancel_return_1;isOk_return_1;getResultName_return_1;getResultSize_return_1
DeployDisabled,__Zs0sOLaEeCVSp8F0qHMxQ,ActionAboutArgoUML,n_actionAboutArgoUML_1;serialVersionUID_1;actionPerformed_ae_1
DeployDisabled,__ktx4eLaEeCVSp8F0qHMxQ,GoModelToBaseElements,n_goModelToBaseElements_1;getRuleName_return_1;getChildren_parent_return_1;getDependencies_parent_return_1
DeployDisabled,__u-hI-LaEeCVSp8F0qHMxQ,WizAddOperation,n_wizAddOperation_1;label_1;instructions_1;doAction_oldStep_1;makePanel_newStep_return_1
DeployDisabled,__8IMUuLaEeCVSp8F0qHMxQ,FigStubState,n_figStubState_1;LOG_1;X_1;Y_1;WIDTH_1;HEIGHT_1;referenceFig_1;stubline_1;initFigs__1;setOwner_node_1;clone_return_1;isResizable_return_1;makeSelection_return_1;setLineColor_col_1;getLineColor_return_1;setFillColor_col_1;getFillColor_return_1;isFilled_return_1;getLineWidth_return_1;setStandardBounds_theX_theY_theW_theH_1;modelChanged_mee_1;renderingChanged__1;updateReferenceText__1;addListeners_newOwner_1;removeListeners__1;updateListenersX_newOwner_oldV_1;updateListeners_oldV_newOwner_1;updateFont__1
DeployDisabled,_____sOLaEeCVSp8F0qHMxQ,FigClass,n_figClass_1;constructFigs__1;clone_return_1;makeSelection_return_1;buildModifierPopUp_return_1;getLineWidth_return_1;getPreviousVisibleFeature_fgVec_ft_i_return_1;getNextVisibleFeature_fgVec_ft_i_return_1;setEnclosingFig_encloser_1;updateNameText__1
DeployDisabled,___jTweLaEeCVSp8F0qHMxQ,FigException,n_figException_1;makeSelection_return_1
DeployDisabled,_AC-bMuLbEeCVSp8F0qHMxQ,FigPermission,n_figPermission_1
DeployDisabled,_AM8PgOLbEeCVSp8F0qHMxQ,GeneratorManager,n_generatorManager_1;LOG_1;INSTANCE_1;generators_1;getInstance_return_1;getGenerators_return_1;getLanguages_return_1;getCodePath_me_return_1
DeployDisabled,_AdB58eLbEeCVSp8F0qHMxQ,UMLMessageReceiverListModel,n_uMLMessageReceiverListModel_1;buildModelList__1;isValidElement_element_return_1
DeployDisabled,_Ae9zouLbEeCVSp8F0qHMxQ,UMLSignalReceptionListModel,n_uMLSignalReceptionListModel_1;serialVersionUID_1;buildModelList__1;isValidElement_element_return_1
DeployDisabled,_Am7c0uLbEeCVSp8F0qHMxQ,UMLExtensionPointLocationDocument,n_uMLExtensionPointLocationDocument_1;setProperty_text_1;getProperty_return_1
DeployDisabled,_A1D_cOLbEeCVSp8F0qHMxQ,AwtExceptionHandler,n_awtExceptionHandler_1;LOG_1;registerExceptionHandler__1
Original,_-uEdwuLaEeCVSp8F0qHMxQ,AbstractProjectMember,n_abstractProjectMember_1;uniqueName_1;getUniqueDiagramName_return_1;getZipName_return_1;getType_return_1;getZipFileExtension_return_1;remove__1;toString_return_1
Original,_-9ZTMOLaEeCVSp8F0qHMxQ,FacadeMDRImpl,n_facadeMDRImpl_1;LOG_1;MOF_COMPOSITE_1;getUmlVersion_return_1;isAAbstraction_handle_return_1;isAAction_handle_return_1;isAActionExpression_handle_return_1;isAActionSequence_handle_return_1;isAActionState_handle_return_1;isACallState_handle_return_1;isAObjectFlowState_handle_return_1;isASubactivityState_handle_return_1;isAActor_handle_return_1;isAAggregationKind_handle_return_1;isAArgument_modelElement_return_1;isAArtifact_modelElement_return_1;isAAssociation_handle_return_1;isAAssociationEnd_handle_return_1;isAAssociationRole_handle_return_1;isAAssociationEndRole_handle_return_1;isAAttribute_handle_return_1;isAAttributeLink_handle_return_1;isAsynchronous_handle_return_1;isAbstract_handle_return_1;isAActivityGraph_handle_return_1;isABehavioralFeature_handle_return_1;isABinding_handle_return_1;isACallAction_handle_return_1;isACallEvent_handle_return_1;isAChangeEvent_handle_return_1;isAClass_handle_return_1;isAAssociationClass_handle_return_1;isAClassifier_handle_return_1;isAClassifierInState_handle_return_1;isAClassifierRole_handle_return_1;isAComment_handle_return_1;isACollaboration_handle_return_1;isACollaborationInstanceSet_handle_return_1;isAComponent_handle_return_1;isAComponentInstance_handle_return_1;isAConstraint_handle_return_1;isACreateAction_handle_return_1;isADataType_handle_return_1;isADataValue_handle_return_1;isADependency_handle_return_1;isADestroyAction_handle_return_1;isACompositeState_handle_return_1;isAElement_handle_return_1;isAElementImport_handle_return_1;isAElementResidence_handle_return_1;isAEvent_handle_return_1;isAException_handle_return_1;isAExpression_handle_return_1;isAExtend_handle_return_1;isAExtensionPoint_handle_return_1;isAFeature_handle_return_1;isAFinalState_handle_return_1;isAFlow_handle_return_1;isAGuard_handle_return_1;isAGeneralizableElement_handle_return_1;isAGeneralization_handle_return_1;isAInclude_handle_return_1;isAInstance_handle_return_1;isAInteraction_handle_return_1;isAInteractionInstanceSet_handle_return_1;isAInterface_handle_return_1;isALink_handle_return_1;isALinkEnd_handle_return_1;isALinkObject_handle_return_1;isAMessage_handle_return_1;isAMethod_handle_return_1;isAModel_handle_return_1;isAModelElement_handle_return_1;isAMultiplicity_handle_return_1;isAMultiplicityRange_handle_return_1;isANamedElement_handle_return_1;isANamespace_handle_return_1;isANaryAssociation_handle_return_1;isANode_handle_return_1;isANodeInstance_handle_return_1;isAOperation_handle_return_1;isAObject_handle_return_1;isAParameter_handle_return_1;isAPartition_handle_return_1;isAPackageImport_handle_return_1;isAPackage_handle_return_1;isAPrimitiveType_handle_return_1;isAPseudostate_handle_return_1;isAPseudostateKind_handle_return_1;getKind_handle_return_1;getReceiver_handle_return_1;getLink_handle_return_1;equalsPseudostateKind_ps1_ps2_return_1;isAReception_handle_return_1;isAReturnAction_handle_return_1;isARelationship_handle_return_1;isASendAction_handle_return_1;isASignal_handle_return_1;isASignalEvent_handle_return_1;isASimpleState_handle_return_1;isAStateMachine_handle_return_1;isAStimulus_handle_return_1;isAStateVertex_handle_return_1;isAStereotype_handle_return_1;isAStructuralFeature_handle_return_1;isAState_handle_return_1;isAStubState_handle_return_1;isASubmachineState_handle_return_1;isASubsystem_handle_return_1;isASubsystemInstance_handle_return_1;isASynchState_handle_return_1;isATaggedValue_handle_return_1;isATemplateArgument_handle_return_1;isATemplateParameter_handle_return_1;isATransition_handle_return_1;isATimeEvent_handle_return_1;isAUMLElement_handle_return_1;isAUninterpretedAction_handle_return_1;isAUsage_handle_return_1;isAUseCase_handle_return_1;isAVisibilityKind_handle_return_1;isActive_handle_return_1;isConcurrent_handle_return_1;isAConcurrentRegion_handle_return_1;isConstructor_handle_return_1;isFrozen_handle_return_1;isComposite_handle_return_1;isAggregate_handle_return_1;isInitialized_handle_return_1;isInternal_handle_return_1;isLeaf_handle_return_1;isRoot_handle_return_1;isSpecification_handle_return_1;isNavigable_handle_return_1;isPrimaryObject_handle_return_1;isPackage_handle_return_1;isPrivate_handle_return_1;isPublic_handle_return_1;isQuery_handle_return_1;isProtected_handle_return_1;isRealize_handle_return_1;isReturn_handle_return_1;isSingleton_handle_return_1;isStereotype_handle_stereotypeName_return_1;isATerminateAction_handle_return_1;isTop_handle_return_1;isType_handle_return_1;isUtility_handle_return_1;getAssociation_handle_return_1;getAssociationEnd_handle_assoc_return_1;getAssociationEnds_handle_return_1;getAssociationRoles_handle_return_1;getAttributes_handle_return_1;getBaseClasses_handle_return_1;getBase_handle_return_1;getBases_handle_return_1;getBehaviors_handle_return_1;getBehavioralFeature_handle_return_1;getBody_handle_return_1;getBound_handle_return_1;getChangeability_handle_return_1;isReadOnly_handle_return_1;getSpecific_handle_return_1;getChildren_handle_return_1;getClassifierRoles_handle_return_1;getClassifier_handle_return_1;getClassifiers_handle_return_1;getClassifiersInState_handle_return_1;getClients_handle_return_1;getClientDependencies_handle_return_1;getCondition_handle_return_1;getConcurrency_handle_return_1;getConnections_handle_return_1;getEffect_handle_return_1;getElementResidences_handle_return_1;getElementImports2_handle_return_1;getElementImports_handle_return_1;getEntry_handle_return_1;getEnumeration_handle_return_1;getExit_handle_return_1;getExpression_handle_return_1;getExtendedElements_handle_return_1;getExtends_handle_return_1;getExtenders_handle_return_1;getExtension_handle_return_1;getExtensionPoint_handle_index_return_1;getExtensionPoints_handle_return_1;getFeatures_handle_return_1;getGeneralization_handle_parent_return_1;getGeneralizations_handle_return_1;getGuard_handle_return_1;getIcon_handle_return_1;getImportedElements_pack_return_1;getImportedElement_elementImport_return_1;getIncludes_handle_return_1;getIncluders_handle_return_1;getIncomings_handle_return_1;getInitialValue_handle_return_1;getInstance_handle_return_1;getInstances_handle_return_1;getInStates_handle_return_1;getInteraction_handle_return_1;getInteractions_handle_return_1;getInternalTransitions_handle_return_1;getMessages_handle_return_1;getSuccessors_handle_return_1;getActivatedMessages_handle_return_1;getReceivedMessages_handle_return_1;getSentMessages_handle_return_1;getModel_handle_return_1;getRoot_handle_return_1;getRootElements_return_1;getModelElement_handle_return_1;getMultiplicity_handle_return_1;getComments_handle_return_1;getAnnotatedElements_handle_return_1;getCommunicationConnection_handle_return_1;getCommunicationLink_handle_return_1;getCollaborations_handle_return_1;getComponentInstance_handle_return_1;getConstrainingElements_handle_return_1;getConstrainedElements_handle_return_1;getConstraints_handle_return_1;getModelElementContainer_handle_return_1;getModelElementContents_handle_return_1;getModelElementAssociated_handle_return_1;getModelElementAssociated_handle_contentsOnly_return_1;getReferenceOrAttribute_parent_element_returns_contentsOnly_1;getContainer_handle_return_1;getContents_handle_return_1;getContext_handle_return_1;getContexts_handle_return_1;getCreateActions_handle_return_1;getDefaultValue_handle_return_1;getDeferrableEvents_handle_return_1;getDeploymentLocations_handle_return_1;getDeployedComponents_handle_return_1;getDiscriminator_handle_return_1;getDispatchAction_handle_return_1;getDoActivity_handle_return_1;getLinks_handle_return_1;getLinkEnds_handle_return_1;getLocation_handle_return_1;getMethods_handle_return_1;getNamespace_handle_return_1;getNodeInstance_handle_return_1;getObjectFlowStates_handle_return_1;getOperation_handle_return_1;getOccurrences_handle_return_1;getOperations_handle_return_1;getOperationsAndReceptions_classifier_return_1;getNextEnd_handle_return_1;getOrdering_handle_return_1;getOutgoings_handle_return_1;getOtherAssociationEnds_handle_return_1;getOtherLinkEnds_handle_return_1;getOwnedElements_handle_return_1;isStatic_handle_return_1;getPowertype_handle_return_1;getPowertypeRanges_handle_return_1;getPredecessors_handle_return_1;getQualifiers_handle_return_1;hasReturnParameterDirectionKind_handle_return_1;getPackage_handle_return_1;getParameter_handle_n_return_1;getParameter_handle_return_1;getParameters_handle_return_1;getParametersList_handle_return_1;getGeneral_handle_return_1;getRaisedSignals_handle_return_1;getReceptions_handle_return_1;getRecurrence_handle_return_1;getRepresentedClassifier_handle_return_1;getRepresentedOperation_handle_return_1;getScript_handle_return_1;getSender_handle_return_1;getSignal_handle_return_1;getResident_handle_return_1;getResidentElements_handle_return_1;getResidents_handle_return_1;getSource_handle_return_1;getSources_handle_return_1;getSourceFlows_handle_return_1;getSpecializations_handle_return_1;getStateMachine_handle_return_1;getState_handle_return_1;getStates_handle_return_1;getStereotypes_handle_return_1;getStimuli_handle_return_1;getReceivedStimuli_handle_return_1;getSentStimuli_handle_return_1;getSubvertices_handle_return_1;getSubmachine_handle_return_1;getSubmachineStates_handle_return_1;getSupplierDependencies_handle_return_1;getTop_handle_return_1;getTransition_handle_return_1;getTrigger_handle_return_1;getType_handle_return_1;getTypedValues_handle_return_1;getTarget_handle_return_1;getTargetScope_handle_return_1;getTargetFlows_handle_return_1;getUpper_handle_return_1;getUseCase_handle_return_1;getLower_handle_return_1;getTransitions_handle_return_1;getStructuralFeatures_handle_return_1;getSpecification_handle_return_1;getSpecifications_handle_return_1;getSuppliers_handle_return_1;getAction_handle_return_1;getActions_handle_return_1;getActionSequence_handle_return_1;getActivator_handle_return_1;getActivityGraph_handle_return_1;getActualArguments_handle_return_1;getAddition_handle_return_1;getAggregation_handle_return_1;getAlias_handle_return_1;getAssociatedClasses_handle_return_1;getName_handle_return_1;getOwner_handle_return_1;getTag_handle_return_1;getTaggedValues_handle_return_1;getTaggedValuesCollection_handle_return_1;getTaggedValue_handle_name_return_1;getTaggedValueValue_handle_name_return_1;getTagOfTag_handle_return_1;getTagDefinition_handle_return_1;getTagDefinitions_handle_return_1;getValue_handle_return_1;getValueOfTag_handle_return_1;getReferenceValue_taggedValue_return_1;getDataValue_taggedValue_return_1;getUUID_base_return_1;getVisibility_handle_return_1;getWhen_target_return_1;getChangeExpression_target_return_1;getPartitions_container_return_1;getReferenceState_o_return_1;lookupIn_handle_name_return_1;toString_modelElement_return_1;getUMLClassName_handle_return_1;illegalArgumentObject_arg_return_1;illegalArgumentString_arg_return_1;illegalArgument_arg_1;getClassNull_handle_return_1;getTipString_modelElement_return_1;illegalArgumentCollection_arg_return_1;illegalArgumentList_arg_return_1;illegalArgumentBoolean_arg_return_1;illegalArgumentInt_arg_return_1;isATagDefinition_handle_return_1;getEnumerationLiterals_handle_return_1;isAEnumeration_handle_return_1;isAEnumerationLiteral_handle_return_1;getArguments_handle_return_1;getBinding_handle_return_1;getDefaultElement_handle_return_1;getTemplate_handle_return_1;getTemplateParameters_handle_return_1;isSynch_handle_return_1;getMetatypeNames_return_1;getMetaClasses_return_1;isA_metatypeName_element_return_1;getMofClass_metatypeName_return_1;getProxy_metatypeName_extent_return_1
Original,__FbN0OLaEeCVSp8F0qHMxQ,AttributeNotationUml,n_attributeNotationUml_1;LOG_1;INSTANCE_1;getInstance_return_1;parse_modelElement_text_1;parseAttributeFig_classifier_attribute_text_1;parseAttribute_text_attribute_1;dealWithProperties_attribute_properties_1;dealWithMultiplicity_attribute_multiplicity_multindex_1;dealWithValue_attribute_value_1;dealWithType_attribute_type_1;dealWithName_attribute_name_1;dealWithVisibility_attribute_visibility_1;getParsingHelp_return_1;toString_modelElement_args_return_1;toString_modelElement_useGuillemets_showVisibility_showMultiplicity_showTypes_showInitialValues_showProperties_return_1;generateMultiplicity_m_return_1
Original,__Vr3YOLaEeCVSp8F0qHMxQ,TransferableModelElements,n_transferableModelElements_1;UML_COLLECTION_FLAVOR_1;flavors_1;theModelElements_1;getTransferData_dataFlavor_return_1;getTransferDataFlavors_return_1;isDataFlavorSupported_dataFlavor_return_1
Original,__ew65OLaEeCVSp8F0qHMxQ,TypeThenNameOrder,n_typeThenNameOrder_1;compare_obj1_obj2_return_1;toString_return_1
Original,__ouvMOLaEeCVSp8F0qHMxQ,ChildGenFind,n_childGenFind_1;SINGLETON_1;gen_o_return_1;getSingleton_return_1
Original,__pUlEOLaEeCVSp8F0qHMxQ,CrUnconventionalAttrName,n_crUnconventionalAttrName_1;serialVersionUID_1;computeSuggestion_name_return_1;getClarifier_return_1;getCriticizedDesignMaterials_return_1
Original,__pxRAOLaEeCVSp8F0qHMxQ,CrMissingStateName,n_crMissingStateName_1;serialVersionUID_1;getClarifier_return_1;getCriticizedDesignMaterials_return_1
Original,__tpEYOLaEeCVSp8F0qHMxQ,CrProfile,n_crProfile_1;localizationPrefix_1;serialVersionUID_1;getLocalizedString_key_suffix_return_1
Original,_AIxhMOLbEeCVSp8F0qHMxQ,AbstractActionCheckBoxMenuItem,n_abstractActionCheckBoxMenuItem_1;isEnabled_return_1;valueOfTarget_t_return_1
Original,_ARuo4OLbEeCVSp8F0qHMxQ,ActionCollaborationDiagram,n_actionCollaborationDiagram_1;serialVersionUID_1
Original,_AaDecOLbEeCVSp8F0qHMxQ,PropPanelPartition,n_propPanelPartition_1;contentsScroll_1;activityGraphScroll_1;getContentsField_return_1;getActivityGraphField_return_1
Original,_AaDecuLbEeCVSp8F0qHMxQ,ActionAddPartitionContent,n_actionAddPartitionContent_1;doIt_selected_1;getChoices_return_1;getDialogTitle_return_1;getSelected_return_1
Original,_AbisMOLbEeCVSp8F0qHMxQ,PropPanelCollaboration,n_propPanelCollaboration_1;serialVersionUID_1
Original,_AftagOLbEeCVSp8F0qHMxQ,UMLStimulusReceiverListModel,n_uMLStimulusReceiverListModel_1;buildModelList__1;isValidElement_element_return_1
Original,_AhMoRuLbEeCVSp8F0qHMxQ,UMLSignalContextListModel,n_uMLSignalContextListModel_1;buildModelList__1;isValidElement_element_return_1
Original,_AoQ5kOLbEeCVSp8F0qHMxQ,PropPanelNode,n_propPanelNode_1;serialVersionUID_1
Original,_AxDCJOLbEeCVSp8F0qHMxQ,PropPanelStereotype,n_propPanelStereotype_1;serialVersionUID_1;metaClasses_1;generalizationScroll_1;specializationScroll_1;tagDefinitionScroll_1;extendedElementsScroll_1;getGeneralizationScroll_return_1;getSpecializationScroll_return_1;getTagDefinitionScroll_return_1;getExtendedElementsScroll_return_1;initMetaClasses__1
Original,_AxMMEeLbEeCVSp8F0qHMxQ,UMLStereotypeBaseClassListModel,n_uMLStereotypeBaseClassListModel_1;buildModelList__1;isValidElement_element_return_1
SequenceDisabled,_-iBl0uLaEeCVSp8F0qHMxQ,ArgoVersion,n_argoVersion_1;VERSION_1;STABLE_VERSION_1;init__1
SequenceDisabled,_-tB78eLaEeCVSp8F0qHMxQ,ArgoFigCircle,n_argoFigCircle_1;notifier_1;deleteFromModel__1;removeNotificationListener_listener_filter_handback_1;addNotificationListener_listener_filter_handback_1;getNotificationInfo_return_1;removeNotificationListener_listener_1
SequenceDisabled,_-5rQ0OLaEeCVSp8F0qHMxQ,CommandStackImpl,n_commandStackImpl_1;canRedo_return_1;canUndo_return_1;getRedoLabel_return_1;getUndoLabel_return_1;isCommandStackCapabilityAvailable_return_1;redo__1;undo__1
SequenceDisabled,__LFJ4eLaEeCVSp8F0qHMxQ,ProfileConfigurationParser,n_profileConfigurationParser_1;LOG_1;model_1;filename_1;profiles_1;unresolvedFilenames_1;getProfiles_return_1;getUnresolvedFilenames_return_1
SequenceDisabled,__NBDkuLaEeCVSp8F0qHMxQ,UserDefinedProfileHelper,n_userDefinedProfileHelper_1;createUserDefinedProfileFileChooser_return_1;getFileList_fileArray_return_1;getList_file_return_1
SequenceDisabled,__Nm5ceLaEeCVSp8F0qHMxQ,ProfileJava,n_profileJava_1;PROFILE_FILE_1;NAME_1;model_1;getDisplayName_return_1;getProfilePackages_return_1
SequenceDisabled,__ew64uLaEeCVSp8F0qHMxQ,ExplorerTreeNode,n_explorerTreeNode_1;serialVersionUID_1;expanded_1;pending_1;modifySet_1;isLeaf_return_1;getPending_return_1;setPending_value_1;setModifySet_set_1;nodeModified_node_1;remove__1;propertyChange_evt_1
SequenceDisabled,__mf6kuLaEeCVSp8F0qHMxQ,TargetManager,n_targetManager_1;LOG_1;targets_1;modelTarget_1;figTarget_1;listenerList_1;inTransaction_1;internalOnSetTarget_eventName_oldTargets_1;getTarget_return_1;setTargets_targetsCollection_1;addTarget_target_1;removeTarget_target_1;getOwnerAndAllFigs_o_return_1;getOwner_o_return_1;getTargets_return_1;getSingleTarget_return_1;getModelTargets_return_1;getSingleModelTarget_return_1;startTargetTransaction__1;isInTargetTransaction_return_1;endTargetTransaction__1;getFigTarget_return_1;determineFigTarget_target_return_1;getModelTarget_return_1;determineModelTarget_target_return_1;navigateForward__1;navigateBackward__1;navigateForwardPossible_return_1;navigateBackPossible_return_1;cleanHistory__1
SequenceDisabled,__m8mgOLaEeCVSp8F0qHMxQ,HistoryRemover,n_historyRemover_1;remove_obj_1
SequenceDisabled,__svsg-LaEeCVSp8F0qHMxQ,CrInvalidSynch,n_crInvalidSynch_1;getCriticizedDesignMaterials_return_1
SequenceDisabled,__9UfIuLaEeCVSp8F0qHMxQ,StateDiagramRenderer,n_stateDiagramRenderer_1;LOG_1;getFigNodeFor_gm_lay_node_styleAttributes_return_1;getFigEdgeFor_gm_lay_edge_styleAttributes_return_1
SequenceDisabled,__8bHQOLaEeCVSp8F0qHMxQ,FigFinalState,n_figFinalState_1;WIDTH_1;HEIGHT_1;inCircle_1;outCircle_1;serialVersionUID_1;initFigs__1;clone_return_1;makeSelection_return_1;isResizable_return_1;setLineColor_col_1;getLineColor_return_1;setFillColor_col_1;getFillColor_return_1;isFilled_return_1;getLineWidth_return_1;mouseClicked_me_1;getGravityPoints_return_1
SequenceDisabled,_AFgKweLbEeCVSp8F0qHMxQ,ModeCreateUsage,n_modeCreateUsage_1;getMetaType_return_1
SequenceDisabled,_AIemQOLbEeCVSp8F0qHMxQ,ActionAddAllClassesFromModel,n_actionAddAllClassesFromModel_1;object_1;isEnabled_return_1;actionPerformed_ae_1
SequenceDisabled,_AXrf4OLbEeCVSp8F0qHMxQ,UMLEditableComboBox,n_uMLEditableComboBox_1;doOnEdit_item_1;focusGained_arg0_1;focusLost_arg0_1
SequenceDisabled,_AXrf4uLbEeCVSp8F0qHMxQ,UMLComboBoxEditor,n_uMLComboBoxEditor_1;theShowIcon_1;setItem_anObject_1;isShowIcon_return_1;setShowIcon_showIcon_1;getEditorComponent_return_1;selectAll__1;getItem_return_1
SequenceDisabled,_AaDec-LbEeCVSp8F0qHMxQ,UMLPartitionContentListModel,n_uMLPartitionContentListModel_1;buildModelList__1;isValidElement_element_return_1
SequenceDisabled,_AgAVcOLbEeCVSp8F0qHMxQ,UMLReceptionSpecificationDocument,n_uMLReceptionSpecificationDocument_1;setProperty_text_1;getProperty_return_1
StateDisabled,_-moZAeLaEeCVSp8F0qHMxQ,UnresolvableException,n_unresolvableException_1
StateDisabled,_-tnx0eLaEeCVSp8F0qHMxQ,ArgoModeCreateFigInk,n_argoModeCreateFigInk_1;instructions_return_1;createNewItem_me_snapX_snapY_return_1
StateDisabled,_-6a3sOLaEeCVSp8F0qHMxQ,CoreFactoryMDRImpl,n_coreFactoryMDRImpl_1;LOG_1;MULT_UNLIMITED_1;getCorePackage_return_1;createAbstraction_return_1;buildAbstraction_name_supplier_client_return_1;createArtifact_return_1;createAssociation_return_1;createAssociation_extent_return_1;createAssociationClass_return_1;createAssociationEnd_return_1;createAttribute_return_1;createBinding_return_1;createClass_return_1;createClass_extent_return_1;createComment_return_1;createComponent_return_1;createConstraint_return_1;createDataType_return_1;createDependency_return_1;createElementResidence_return_1;buildElementResidence_me_component_return_1;createEnumeration_return_1;createEnumerationLiteral_return_1;buildEnumerationLiteral_name_enumeration_return_1;createFlow_return_1;createGeneralization_return_1;createGeneralization_extent_return_1;createInterface_return_1;createMethod_return_1;createNode_return_1;createOperation_return_1;createParameter_return_1;createPermission_return_1;createPackageImport_return_1;createPrimitiveType_return_1;createTemplateArgument_return_1;createTemplateParameter_return_1;createUsage_return_1;buildAssociation_fromClassifier_aggregationKind1_toClassifier_aggregationKind2_unidirectional_return_1;buildAssociation_fromClassifier_aggregationKind1_toClassifier_aggregationKind2_unidirectional_return_2;buildAssociation_classifier1_classifier2_return_1;buildAssociation_c1_nav1_c2_nav2_name_return_1;buildAssociationClass_end1_end2_return_1;buildAssociationEnd_assoc_name_type_multi_stereo_navigable_order_aggregation_scope_changeable_visibility_return_1;getMaxUpper_m_return_1;compareMultiplicity_mult1_mult2_return_1;getMultiplicity11_return_1;buildAssociationEnd_type_assoc_return_1;buildAttribute_model_theType_return_1;buildAttribute2_theType_return_1;buildAttribute_return_1;buildAttribute2_handle_type_return_1;buildClass_return_1;initClass_cl_1;buildClass_owner_return_1;getExtent_element_return_1;buildClass_name_return_1;buildClass_name_owner_return_1;buildInterface_return_1;buildInterface_owner_return_1;buildInterface_name_return_1;buildInterface_name_owner_return_1;buildDataType_name_owner_return_1;buildEnumeration_name_owner_return_1;buildDependency_clientObj_supplierObj_return_1;buildPackageImport_client_supplier_return_1;buildPermissionInternal_client_supplier_return_1;buildPackageAccess_client_supplier_return_1;buildGeneralization_child1_parent1_return_1;buildMethod_name_return_1;buildOperation_classifier_returnType_return_1;buildOperation2_cls_returnType_name_return_1;buildParameter_type_ref_return_1;buildParameter_o_type_return_1;buildRealization_clnt_spplr_model_return_1;buildTemplateArgument_element_return_1;buildUsage_client_supplier_return_1;buildComment_element_model_return_1;buildConstraint_constrElement_return_1;buildConstraint_name_bexpr_return_1;buildBinding_client_supplier_arguments_return_1;deleteAbstraction_elem_1;deleteArtifact_elem_1;deleteAssociation_elem_1;deleteAssociationClass_elem_1;deleteAssociationEnd_elem_1;deleteAttribute_elem_1;deleteBehavioralFeature_elem_1;deleteBinding_elem_1;deleteClass_elem_1;deleteClassifier_elem_1;deleteComment_elem_1;deleteComponent_elem_1;deleteConstraint_elem_1;deleteDataType_elem_1;deleteDependency_elem_1;deleteElement_elem_1;deleteElementResidence_elem_1;deleteFeature_elem_1;deleteFlow_elem_1;deleteGeneralizableElement_elem_1;deleteGeneralization_elem_1;deleteInterface_elem_1;deleteMethod_elem_1;deleteModelElement_elem_1;deleteNamespace_elem_1;deleteNode_elem_1;deleteOperation_elem_1;deleteParameter_elem_1;deletePermission_elem_1;deletePresentationElement_elem_1;deleteRelationship_elem_1;deleteStructuralFeature_elem_1;deleteTemplateArgument_elem_1;deleteTemplateParameter_elem_1;deleteUsage_elem_1;deleteEnumeration_elem_1;deleteEnumerationLiteral_elem_1;deletePrimitive_elem_1;deleteProgrammingLanguageDataType_elem_1;copyClass_source_ns_return_1;copyFeature_source_classifier_return_1;copyDataType_source_ns_return_1;copyInterface_source_ns_return_1;copyEnumeration_from_to_1;doCopyElement_source_target_1;doCopyClass_source_target_1;doCopyClassifier_source_target_1;doCopyDataType_source_target_1;doCopyGeneralizableElement_source_target_1;doCopyInterface_source_target_1;doCopyModelElement_source_target_1;doCopyNamespace_source_target_1;doCopyAttribute_source_target_1;doCopyOperation_source_target_1;doCopyMethod_source_target_1;doCopyReception_source_target_1;doCopyBehavioralFeature_source_target_1;doCopyFeature_source_target_1
StateDisabled,__AqpouLaEeCVSp8F0qHMxQ,SettingsTabModules,n_settingsTabModules_1;table_1;fieldAllExtDirs_1;columnNames_1;elements_1;serialVersionUID_1;handleSettingsTabRefresh__1;handleSettingsTabSave__1;handleSettingsTabCancel__1;getTabKey_return_1;getTabPanel_return_1;handleResetToDefault__1
StateDisabled,__AqppOLaEeCVSp8F0qHMxQ,ModuleTableModel,n_moduleTableModel_1;serialVersionUID_1;getColumnCount_return_1;getColumnName_col_return_1;getRowCount_return_1;getValueAt_row_col_return_1;setValueAt_ob_row_col_1;getColumnClass_col_return_1;isCellEditable_row_col_return_1
StateDisabled,__JcyMOLaEeCVSp8F0qHMxQ,AbstractFilePersister,n_abstractFilePersister_1;LOG_1;persistersByClass_1;persistersByTag_1;listenerList_1;registerPersister_target_tag_persister_return_1;createTempFile_file_return_1;copyFile_src_dest_return_1;accept_f_return_1;getExtension_return_1;getDesc_return_1;getExtension_f_return_1;getExtension_filename_return_1;isFileExtensionApplicable_filename_return_1;getDescription_return_1;isSaveEnabled_return_1;isLoadEnabled_return_1;hasAnIcon_return_1
StateDisabled,__JcyMuLaEeCVSp8F0qHMxQ,ProgressMgr,n_progressMgr_1;percentPhasesComplete_1;phasesCompleted_1;numberOfPhases_1;setPercentPhasesComplete_aPercentPhasesComplete_1;setPhasesCompleted_aPhasesCompleted_1;setNumberOfPhases_aNumberOfPhases_1;getNumberOfPhases_return_1;nextPhase__1;fireProgressEvent_percent_1
StateDisabled,__VitcOLaEeCVSp8F0qHMxQ,CheckboxTableModel,n_checkboxTableModel_1;elements_1;columnName1_1;columnName2_1;serialVersionUID_1;getColumnCount_return_1;getColumnName_col_return_1;getRowCount_return_1;getValueAt_row_col_return_1;setValueAt_ob_row_col_1;getColumnClass_col_return_1;isCellEditable_row_col_return_1
StateDisabled,__YNm8OLaEeCVSp8F0qHMxQ,HelpBox,n_helpBox_1;LOG_1;tabs_1;panes_1;pages_1;serialVersionUID_1;hyperlinkUpdate_event_1
StateDisabled,__byfYOLaEeCVSp8F0qHMxQ,DnDExplorerTree,n_dnDExplorerTree_1;LOG_1;DIAGRAM_TO_CLIPBOARD_ACTION_1;clickOffset_1;sourcePath_1;ghostImage_1;selectedTreePath_1;dragSource_1;AUTOSCROLL_MARGIN_1;serialVersionUID_1;dragGestureRecognized_dragGestureEvent_1;isValidDrag_destinationPath_tf_return_1;dragDropEnd_dragSourceDropEvent_1;dragEnter_dragSourceDragEvent_1;dragExit_dragSourceEvent_1;dragOver_dragSourceDragEvent_1;dropActionChanged_dragSourceDragEvent_1;autoscroll_pt_1;getAutoscrollInsets_return_1
StateDisabled,__byfYuLaEeCVSp8F0qHMxQ,DnDTreeSelectionListener,n_dnDTreeSelectionListener_1;valueChanged_treeSelectionEvent_1
StateDisabled,__2oBQOLaEeCVSp8F0qHMxQ,PropPanelUMLCollaborationDiagram,n_propPanelUMLCollaborationDiagram_1
StateDisabled,__5Jw0uLaEeCVSp8F0qHMxQ,SequenceDiagramRenderer,n_sequenceDiagramRenderer_1;serialVersionUID_1;LOG_1;getFigNodeFor_gm_lay_node_styleAttributes_return_1;getFigEdgeFor_gm_lay_edge_styleAttributes_return_1;getFigEdgeFor_edge_styleAttributes_return_1
StateDisabled,_AV5XMOLbEeCVSp8F0qHMxQ,InitUmlUI,n_initUmlUI_1;init__1;getDetailsTabs_return_1;getProjectSettingsTabs_return_1;getSettingsTabs_return_1
StateDisabled,_AbZiQ-LbEeCVSp8F0qHMxQ,ActionSetRepresentedClassifierCollaboration,n_actionSetRepresentedClassifierCollaboration_1
StateDisabled,_Ae0psOLbEeCVSp8F0qHMxQ,PropPanelActionSequence,n_propPanelActionSequence_1;actionsScroll_1;initialize__1
StateDisabled,_AsR24OLbEeCVSp8F0qHMxQ,UMLAssociationEndTypeComboBoxModel,n_uMLAssociationEndTypeComboBoxModel_1;getSelectedModelElement_return_1
StateDisabled,_AvaDZOLbEeCVSp8F0qHMxQ,UMLClassAttributeListModel,n_uMLClassAttributeListModel_1;buildModelList__1;isValidElement_element_return_1;moveDown_index1_1;moveToBottom_index_1;moveToTop_index_1
StateDisabled,_ArZGEuLbEeCVSp8F0qHMxQ,UMLModelElementSourceFlowListModel,n_uMLModelElementSourceFlowListModel_1;buildModelList__1;isValidElement_o_return_1
StateDisabled,_ArsBAOLbEeCVSp8F0qHMxQ,PropPanelMethod,n_propPanelMethod_1
UsecaseDisabled,__RLx4eLaEeCVSp8F0qHMxQ,FigMessageSpline,n_figMessageSpline_1;translate_dx_dy_1;translateFig_dx_dy_1
UsecaseDisabled,__ldYwOLaEeCVSp8F0qHMxQ,GoProfileToCritics,n_goProfileToCritics_1;getRuleName_return_1;getChildren_parent_return_1;getDependencies_parent_return_1
UsecaseDisabled,__oSDReLaEeCVSp8F0qHMxQ,ChildGenSearch,n_childGenSearch_1;INSTANCE_1;childIterator_parent_return_1;getInstance_return_1
UsecaseDisabled,__1R9cOLaEeCVSp8F0qHMxQ,FigObjectFlowState,n_figObjectFlowState_1;PADDING_1;WIDTH_1;HEIGHT_1;STATE_HEIGHT_1;cover_1;state_1;initFigs__1;initNotationProviders_own_1;modelChanged_mee_1;updateListeners_oldOwner_newOwner_1;clone_return_1;setEnclosingFig_encloser_1;getMinimumSize_return_1;renderingChanged__1;updateClassifierText__1;updateStateText__1;setLineColor_col_1;getLineColor_return_1;setFillColor_col_1;getFillColor_return_1;isFilled_return_1;getLineWidth_return_1;keyTyped_ke_1;textEdited_ft_1;textEditStarted_ft_1;makeSelection_return_1
UsecaseDisabled,__5crwuLaEeCVSp8F0qHMxQ,FigMessagePort,n_figMessagePort_1;serialVersionUID_1;LOG_1;addFig_toAdd_1;calcBounds__1;getGravityPoints_return_1;getY1_return_1;getMyLine_return_1
UsecaseDisabled,_AHSTcOLbEeCVSp8F0qHMxQ,AbstractActionRadioMenuItem,n_abstractActionRadioMenuItem_1;isEnabled_return_1;valueOfTarget_t_return_1
UsecaseDisabled,_AF82seLbEeCVSp8F0qHMxQ,AddExistingNodeCommand,n_addExistingNodeCommand_1;object_1;location_1;count_1;execute__1;makeGraphModel_return_1;makeEdge_return_1;makeNode_return_1
UsecaseDisabled,_AEdo8eLbEeCVSp8F0qHMxQ,PathItemPlacement,n_pathItemPlacement_1;LOG_1;useCollisionCheck_1;useAngle_1;angle_1;itemFig_1;percent_1;pathOffset_1;vectorOffset_1;offset_1;swap_1;getItemFig_return_1;stuffPoint_result_1;getPosition_return_1;getPoint_return_1;getAnchorPosition_return_1;getPathDistance_return_1;getPosition_result_return_1;intersects_points_center_size_return_1;setAnchor_newPercent_newOffset_1;setAnchorPercent_newPercent_1;setAnchorOffset_newOffset_1;setAbsoluteOffset_newOffset_1;setPoint_newPoint_1;computeVector_point_return_1;setDisplacementVector_vectorAngle_vectorDistance_1;setDisplacementVector_vectorAngle_vectorDistance_2;setDisplacementAngle_offsetAngle_1;setDisplacementAngle_offsetAngle_2;setDisplacementDistance_newDistance_1;setClosestPoint_newPoint_1;getSlope_return_1;getSlope_p1_p2_return_1;applyOffset_theta_theOffset_anchor_return_1;getRectLineIntersection_r_pOut_pIn_return_1;intersection_m_n_return_1;getPercent_return_1;getAngle_return_1;getVectorOffset_return_1
UsecaseDisabled,_AMyegOLbEeCVSp8F0qHMxQ,TempFileUtils,n_tempFileUtils_1;LOG_1;createTempDir_return_1;readAllFiles_dir_return_1;deleteDir_dir_1;readFileNames_dir_return_1
UsecaseDisabled,_AWo-EOLbEeCVSp8F0qHMxQ,ActionReopenProject,n_actionReopenProject_1;filename_1;getFilename_return_1
UsecaseDisabled,_AZA8oOLbEeCVSp8F0qHMxQ,ActionSaveAllGraphics,n_actionSaveAllGraphics_1;LOG_1;overwrite_1;actionPerformed_ae_1;trySave_canOverwrite_return_1;trySave_canOverwrite_directory_return_1;trySaveDiagram_target_saveDir_return_1;saveGraphicsToFile_theFile_cmd_return_1;showStatus_text_1
UsecaseDisabled,_ASLU0OLbEeCVSp8F0qHMxQ,LabelledLayout,n_labelledLayout_1;serialVersionUID_1;hgap_1;vgap_1;ignoreSplitters_1;addLayoutComponent_name_comp_1;removeLayoutComponent_comp_1;preferredLayoutSize_parent_return_1;minimumLayoutSize_parent_return_1;layoutContainer_parent_1;getSectionCount_parent_return_1;getSectionWidth_parent_sectionCount_return_1;getUsableWidth_parent_return_1;layoutSection_parent_sectionX_sectionWidth_components_sectionNo_1;getChildHeight_childComp_return_1;isResizable_comp_return_1;calculateHeight_parentHeight_totalHeight_unknownHeightsLeft_childComp_return_1;getPreferredHeight_comp_return_1;getPreferredWidth_comp_return_1;getMinimumHeight_comp_return_1;getMaximumWidth_comp_return_1;getHgap_return_1;setHgap_hgap_1;getVgap_return_1;setVgap_vgap_1
UsecaseDisabled,_Ab_YJOLbEeCVSp8F0qHMxQ,PropPanelAssociationRole,n_propPanelAssociationRole_1;serialVersionUID_1
UsecaseDisabled,_Ae9zpuLbEeCVSp8F0qHMxQ,ActionRemoveContextSignal,n_actionRemoveContextSignal_1;serialVersionUID_1
UsecaseDisabled,_AidMgOLbEeCVSp8F0qHMxQ,UMLTransitionStateListModel,n_uMLTransitionStateListModel_1;buildModelList__1;isValidElement_element_return_1
UsecaseDisabled,_AjNacuLbEeCVSp8F0qHMxQ,UMLTransitionEffectListModel,n_uMLTransitionEffectListModel_1;buildModelList__1;isValidElement_element_return_1;buildPopup_popup_index_return_1;hasPopup_return_1
UsecaseDisabled,_At61ouLbEeCVSp8F0qHMxQ,UMLAssociationLinkListModel,n_uMLAssociationLinkListModel_1;buildModelList__1;isValidElement_o_return_1
