ActivityDisabled,_-nFE8eLaEeCVSp8F0qHMxQ,Translator,n_translator_1;localize_key_return_1;messageFormat_key_args_return_1
ActivityDisabled,_-qgMY-LaEeCVSp8F0qHMxQ,WizStepChoice,n_wizStepChoice_1;instructions_1;choices_1;selectedIndex_1;serialVersionUID_1;getSelectedIndex_return_1
ActivityDisabled,_-7wUcOLaEeCVSp8F0qHMxQ,CommonBehaviorFactoryMDRImpl,n_commonBehaviorFactoryMDRImpl_1;createActionSequence_return_1;createArgument_return_1;createAttributeLink_return_1;getCbPackage_return_1;createCallAction_return_1;createComponentInstance_return_1;createCreateAction_return_1;createDataValue_return_1;createDestroyAction_return_1;createLink_return_1;createLinkEnd_return_1;createLinkObject_return_1;createNodeInstance_return_1;createObject_return_1;createReception_return_1;createReturnAction_return_1;createSendAction_return_1;createSignal_return_1;createStimulus_return_1;createSubsystemInstance_return_1;createTerminateAction_return_1;createUninterpretedAction_return_1;buildCallAction_oper_name_return_1;buildUninterpretedAction_actionState_return_1;buildLink_fromInstance_toInstance_return_1;buildAction_message_return_1;buildSignal_element_return_1;buildSignalInt_element_return_1;buildStimulus_link_return_1;buildReception_aClassifier_return_1;deleteAction_elem_1;deleteActionSequence_elem_1;deleteArgument_elem_1;deleteAttributeLink_elem_1;deleteCallAction_elem_1;deleteComponentInstance_elem_1;deleteCreateAction_elem_1;deleteDataValue_elem_1;deleteDestroyAction_elem_1;deleteException_elem_1;deleteInstance_elem_1;deleteLink_elem_1;deleteLinkEnd_elem_1;deleteLinkObject_elem_1;deleteNodeInstance_elem_1;deleteObject_elem_1;deleteReception_elem_1;deleteReturnAction_elem_1;deleteSendAction_elem_1;deleteSignal_elem_1;deleteStimulus_elem_1;deleteSubsystemInstance_elem_1;deleteTerminateAction_elem_1;deleteUninterpretedAction_elem_1
ActivityDisabled,__YNm8uLaEeCVSp8F0qHMxQ,StylePanelFigNodeModelElement,n_stylePanelFigNodeModelElement_1;refreshTransaction_1;displayLabel_1;pathCheckBox_1;displayPane_1;addToDisplayPane_cb_1;refresh__1;propertyChange_evt_1
ActivityDisabled,__gjDlOLaEeCVSp8F0qHMxQ,GoStateToEntry,n_goStateToEntry_1;getChildren_parent_return_1;getDependencies_parent_return_1;getRuleName_return_1
ActivityDisabled,__f9NtOLaEeCVSp8F0qHMxQ,GoTransitionToGuard,n_goTransitionToGuard_1;getRuleName_return_1;getChildren_parent_return_1;getDependencies_parent_return_1
ActivityDisabled,__wwp0uLaEeCVSp8F0qHMxQ,CrClassMustBeAbstract,n_crClassMustBeAbstract_1;serialVersionUID_1;getCriticizedDesignMaterials_return_1
ActivityDisabled,_AFWZwOLbEeCVSp8F0qHMxQ,UMLDiagram,n_uMLDiagram_1;LOG_1;actionComment_1;actionCommentLink_1;actionSelect_1;actionBroom_1;actionRectangle_1;actionRRectangle_1;actionCircle_1;actionLine_1;actionText_1;actionPoly_1;actionSpline_1;actionInk_1;toolBar_1;selectedAction_1;initialize_owner_1;getClassAndModelID_return_1;getJToolBar_return_1;initToolBar__1;getActions_return_1;getUmlActions_return_1;getManipulateActions_return_1;getCommentActions_return_1;getShapeActions_return_1;getShapePopupActions_return_1;setSelectedAction_theAction_1;getSelectedAction_return_1;deselectAllTools__1;makeCreateNodeAction_modelElement_descr_return_1;makeCreateEdgeAction_modelElement_descr_return_1;makeCreateDependencyAction_modeClass_metaType_descr_return_1;makeCreateGeneralizationAction_return_1;makeCreateAssociationAction_aggregationKind_unidirectional_descr_return_1;makeCreateAssociationEndAction_descr_return_1;makeCreateAssociationClassAction_descr_return_1;resetDiagramSerial__1;getNextDiagramSerial_return_1;getLabelName_return_1;isRelocationAllowed_base_return_1;relocate_base_return_1;getNewDiagramName_return_1;doesAccept_objectToAccept_return_1;drop_droppedObject_location_return_1;getInstructions_droppedObject_return_1;getModePlace_gf_instructions_return_1
ActivityDisabled,_AVcrQuLbEeCVSp8F0qHMxQ,PropPanel,n_propPanel_1;LOG_1;target_1;modelElement_1;listenerList_1;buttonPanel_1;titleLabel_1;actions_1;stdFont_1;setOrientation_orientation_1;addAction_action_1;addAction_action_tooltip_1;addAction_actionArray_1;buildToolbar__1;getActions_return_1;addField_label_component_return_1;createLabelFor_label_comp_return_1;addFieldAfter_label_component_afterComponent_return_1;addFieldBefore_label_component_beforeComponent_return_1;addSeparator__1;collectTargetListeners_container_return_1;collectTargetListenerActions_return_1;getTarget_return_1;refresh__1;shouldBeEnabled_t_return_1;getDisplayNamespace_return_1;getModelElement_return_1;formatElement_element_return_1;formatNamespace_namespace_return_1;formatCollection_iter_return_1;getDeleteAction_return_1;isRemovableElement_return_1;setTitleLabel_theTitleLabel_1;getTitleLabel_return_1;createBorderPanel_title_return_1;setButtonPanelSize_height_1;lookupIcon_name_return_1
ActivityDisabled,_AVl1MuLbEeCVSp8F0qHMxQ,GroupPanel,n_groupPanel_1;setEnabled_enabled_1
ActivityDisabled,_AbisMuLbEeCVSp8F0qHMxQ,UMLCollaborationConstrainingElementListModel,n_uMLCollaborationConstrainingElementListModel_1;buildModelList__1;isValidElement_elem_return_1
ActivityDisabled,_AdB58eLbEeCVSp8F0qHMxQ,UMLMessageReceiverListModel,n_uMLMessageReceiverListModel_1;buildModelList__1;isValidElement_element_return_1
ActivityDisabled,_AnrDsOLbEeCVSp8F0qHMxQ,ActionSetClassActive,n_actionSetClassActive_1;SINGLETON_1;getInstance_return_1
ActivityDisabled,_AotlgOLbEeCVSp8F0qHMxQ,ActionAddOperation,n_actionAddOperation_1;targetFollower_1;serialVersionUID_1;getTargetFollower_return_1;actionPerformed_ae_1;shouldBeEnabled_return_1
ActivityDisabled,_Ao3Wg-LbEeCVSp8F0qHMxQ,UMLAssociationEndOrderingCheckBox,n_uMLAssociationEndOrderingCheckBox_1;buildModel__1
ActivityDisabled,_A0nTguLbEeCVSp8F0qHMxQ,ArgoDialog,n_argoDialog_1;frame_1;MNEMONIC_KEY_SUFFIX_1;nameButtons__1;nameButton_button_key_1;init__1
ActivityDisabled,_AzR2weLbEeCVSp8F0qHMxQ,SuffixFilter,n_suffixFilter_1;suffixes_1;desc_1;accept_f_return_1;getExtension_f_return_1;getExtension_filename_return_1;getDescription_return_1;getSuffix_return_1;getSuffixes_return_1;toString_return_1
ActivityDisabled,_Azt7oOLbEeCVSp8F0qHMxQ,PredicateStringMatch,n_predicateStringMatch_1;MAX_PATS_1;patterns_1;patternCount_1;evaluate_o_return_1
CollabDisabled,__BHVkeLaEeCVSp8F0qHMxQ,InitModuleLoader,n_initModuleLoader_1;getProjectSettingsTabs_return_1;getSettingsTabs_return_1;init__1;getDetailsTabs_return_1
CollabDisabled,__JTBMuLaEeCVSp8F0qHMxQ,XmiFormatException,n_xmiFormatException_1
CollabDisabled,__NT-hOLaEeCVSp8F0qHMxQ,ProfileLoader,n_profileLoader_1;LOG_1;JAR_PREFIX_1;FILE_PREFIX_1;doLoad__1;huntForProfilesInDir_dir_1;loadProfilesFromJarFile_manifest_file_classloader_1;loadManifestDependenciesForProfile_attr_return_1;loadJavaCriticsForProfile_attr_classloader_return_1
CollabDisabled,__cFaUOLaEeCVSp8F0qHMxQ,ExplorerTree,n_explorerTree_1;updatingSelection_1;updatingSelectionViaTreeSelection_1;serialVersionUID_1;refreshSelection__1;setSelection_targets_1;addTargetsInternal_addedTargets_1;selectVisible_target_1;selectAll_targets_1
CollabDisabled,__cFaUuLaEeCVSp8F0qHMxQ,ExplorerMouseListener,n_explorerMouseListener_1;mLTree_1;mousePressed_me_1;mouseReleased_me_1;mouseClicked_me_1;myDoubleClick__1;showPopupMenu_me_1
CollabDisabled,__hSqcuLaEeCVSp8F0qHMxQ,GoClassToAssociatedClass,n_goClassToAssociatedClass_1;getRuleName_return_1;getChildren_parent_return_1;getDependencies_parent_return_1
CollabDisabled,__uFwUuLaEeCVSp8F0qHMxQ,CrInvalidJoin,n_crInvalidJoin_1;getCriticizedDesignMaterials_return_1
CollabDisabled,__-gx9OLaEeCVSp8F0qHMxQ,ClassdiagramInheritanceEdge,n_classdiagramInheritanceEdge_1;LOG_1;EPSILON_1;high_1;low_1;offset_1;getVerticalOffset_return_1;getCenterHigh_return_1;getCenterLow_return_1;getDownGap_return_1;layout__1;setOffset_anOffset_1;getOffset_return_1
CollabDisabled,_AChvQOLbEeCVSp8F0qHMxQ,FigEdgeAssociationClass,n_figEdgeAssociationClass_1;serialVersionUID_1;LOG_1;canEdit_f_return_1;getRemoveDelegate_return_1;setDestFigNode_fn_1;setSourceFigNode_fn_1
CollabDisabled,_AI7SMuLbEeCVSp8F0qHMxQ,FigNodeAssociation,n_figNodeAssociation_1;X_1;Y_1;head_1;initFigs__1;clone_return_1;reduceToBinary__1;getGravityPoints_return_1;setLineColor_col_1;getLineColor_return_1;setFillColor_col_1;getFillColor_return_1;isFilled_return_1;getLineWidth_return_1;getMinimumSize_return_1;removeFromDiagramImpl__1
CollabDisabled,_AMpUkOLbEeCVSp8F0qHMxQ,FigActor,n_figActor_1;serialVersionUID_1;MIN_VERT_PADDING_1;HEAD_POSN_1;BODY_POSN_1;ARMS_POSN_1;LEFT_LEG_POSN_1;RIGHT_LEG_POSN_1;constructFigs__1;setLineWidth_width_1;setFilled_filled_1;makeSelection_return_1;getPopUpActions_me_return_1;isResizable_return_1;getMinimumSize_return_1;updateBounds__1;deepHitPort_x_y_return_1;getGravityPoints_return_1;modelChanged_mee_1;getNameFigFontStyle_return_1
CollabDisabled,_AMpUkuLbEeCVSp8F0qHMxQ,ActorPortFigRect,n_actorPortFigRect_1;parent_1;serialVersionUID_1;getGravityPoints_return_1
CollabDisabled,_AMC3oOLbEeCVSp8F0qHMxQ,UMLUseCaseDiagram,n_uMLUseCaseDiagram_1;LOG_1;actionActor_1;actionUseCase_1;actionAssociation_1;actionAggregation_1;actionComposition_1;actionUniAssociation_1;actionUniAggregation_1;actionUniComposition_1;actionGeneralize_1;actionExtend_1;actionInclude_1;actionDependency_1;actionExtensionPoint_1;setNamespace_handle_1;getUmlActions_return_1;getAssociationActions_return_1;getLabelName_return_1;getActionActor_return_1;getActionAggregation_return_1;getActionAssociation_return_1;getActionComposition_return_1;getActionDependency_return_1;getActionExtend_return_1;getActionGeneralize_return_1;getActionInclude_return_1;getActionUniAggregation_return_1;getActionUniAssociation_return_1;getActionUniComposition_return_1;getActionUseCase_return_1;getActionExtensionPoint_return_1;isRelocationAllowed_base_return_1;relocate_base_return_1;getRelocationCandidates_root_return_1;encloserChanged_enclosed_oldEncloser_newEncloser_1;doesAccept_objectToAccept_return_1;drop_droppedObject_location_return_1
CollabDisabled,_AXOz8eLbEeCVSp8F0qHMxQ,ActionDeleteModelElements,n_actionDeleteModelElements_1;serialVersionUID_1;targetFollower_1;LOG_1;getTargetFollower_return_1;actionPerformed_ae_1;sureRemove_target_return_1;sureRemoveModelElement_me_return_1;shouldBeEnabled_return_1
CollabDisabled,_AdLq8eLbEeCVSp8F0qHMxQ,PropPanelInteraction,n_propPanelInteraction_1;serialVersionUID_1
CollabDisabled,_AgT3cOLbEeCVSp8F0qHMxQ,PropPanelLink,n_propPanelLink_1;associationSelector_1;serialVersionUID_1;getAssociationSelector_return_1
CollabDisabled,_ArPVEOLbEeCVSp8F0qHMxQ,UMLEnumerationLiteralsListModel,n_uMLEnumerationLiteralsListModel_1;serialVersionUID_1;buildModelList__1;isValidElement_element_return_1;moveDown_index_1;moveToBottom_index_1;moveToTop_index_1
CollabDisabled,_AnhStuLbEeCVSp8F0qHMxQ,UMLStructuralFeatureTargetScopeCheckBox,n_uMLStructuralFeatureTargetScopeCheckBox_1;buildModel__1
CollabDisabled,_AvQSZOLbEeCVSp8F0qHMxQ,UMLParameterBehavioralFeatListModel,n_uMLParameterBehavioralFeatListModel_1;buildModelList__1;isValidElement_o_return_1
DeployDisabled,_-lABUuLaEeCVSp8F0qHMxQ,CurDecisionCM,n_curDecisionCM_1
DeployDisabled,_-35IIuLaEeCVSp8F0qHMxQ,ModelEventPumpEUMLImpl,n_modelEventPumpEUMLImpl_1;registerForElements_1;registerForClasses_1;mutex_1;LOG_1;COMMAND_STACK_UPDATE_1;setRootContainer_container_1;addClassModelEventListener_listener_modelClass_propertyNames_1;addModelEventListener_listener_modelelement_propertyNames_1;addModelEventListener_listener_modelelement_1;registerListener_notifier_listener_propertyNames_register_1;flushModelEvents__1;removeClassModelEventListener_listener_modelClass_propertyNames_1;removeModelEventListener_listener_modelelement_propertyNames_1;removeModelEventListener_listener_modelelement_1;unregisterListener_notifier_listener_propertyNames_register_1;notifyChanged_notification_1;getListeners_element_return_1;getListeners_element_propName_return_1;addListeners_listeners_element_propName_register_1;startPumpingEvents__1;stopPumpingEvents__1;mapPropertyName_name_return_1;getDebugInfo_return_1;newDebugNode_name_return_1
DeployDisabled,__CwUUeLaEeCVSp8F0qHMxQ,ObjectFlowStateStateNotation,n_objectFlowStateStateNotation_1
DeployDisabled,__Fk-0uLaEeCVSp8F0qHMxQ,CallStateNotationUml,n_callStateNotationUml_1;parse_modelElement_text_1;parseCallState_callState_s1_return_1;getParsingHelp_return_1;toString_modelElement_args_return_1;toString_modelElement_return_1
DeployDisabled,__IGuYOLaEeCVSp8F0qHMxQ,CrSingletonViolatedMissingStaticAttr,n_crSingletonViolatedMissingStaticAttr_1
DeployDisabled,__VitcuLaEeCVSp8F0qHMxQ,MultiEditorPane,n_multiEditorPane_1;LOG_1;tabInstances_1;tabs_1;tabPanels_1;lastTab_1;getPreferredSize_return_1;getMinimumSize_return_1;getIndexOfNamedTab_tabName_return_1;selectTabNamed_tabName_1;selectNextTab__1;mousePressed_me_1;mouseReleased_me_1;mouseEntered_me_1;mouseExited_me_1;mouseClicked_me_1;mySingleClick_tab_1;myDoubleClick_tab_1;getTabs_return_1
DeployDisabled,__amMk-LaEeCVSp8F0qHMxQ,InitUiCmdSubsystem,n_initUiCmdSubsystem_1;getProjectSettingsTabs_return_1;getSettingsTabs_return_1;init__1;getDetailsTabs_return_1
DeployDisabled,__f9NsuLaEeCVSp8F0qHMxQ,InheritanceNode,n_inheritanceNode_1;parent_1;getParent_return_1;toString_return_1;subsumes_obj_return_1
DeployDisabled,__uFwVOLaEeCVSp8F0qHMxQ,CrTooManyStates,n_crTooManyStates_1;STATES_THRESHOLD_1;serialVersionUID_1;getCriticizedDesignMaterials_return_1
DeployDisabled,__qEL8OLaEeCVSp8F0qHMxQ,CrUtilityViolated,n_crUtilityViolated_1;getCriticizedDesignMaterials_return_1
DeployDisabled,__ynD8-LaEeCVSp8F0qHMxQ,CrAssocNameConflict,n_crAssocNameConflict_1;getAllTypes_assoc_return_1;getCriticizedDesignMaterials_return_1
DeployDisabled,_AR3y0uLbEeCVSp8F0qHMxQ,TabProps,n_tabProps_1;LOG_1;blankPanel_1;panels_1;lastPanel_1;panelClassBaseName_1;target_1;listenerList_1;setOrientation_orientation_1;setTarget_target_1;refresh__1;getClassBaseName_return_1;getTarget_return_1;shouldBeEnabled_target_return_1
DeployDisabled,_AeFC0OLbEeCVSp8F0qHMxQ,ActionNewCreateAction,n_actionNewCreateAction_1;SINGLETON_1;createAction_return_1;getInstance_return_1
DeployDisabled,_AiwugOLbEeCVSp8F0qHMxQ,PropPanelSubmachineState,n_propPanelSubmachineState_1;serialVersionUID_1;addExtraButtons__1;updateExtraButtons__1
DeployDisabled,_AiGAIuLbEeCVSp8F0qHMxQ,UMLStateExitListModel,n_uMLStateExitListModel_1;buildModelList__1;isValidElement_element_return_1
DeployDisabled,_AnYIwuLbEeCVSp8F0qHMxQ,UMLExtendExtensionListModel,n_uMLExtendExtensionListModel_1;buildModelList__1;isValidElement_element_return_1
DeployDisabled,_AxypA-LbEeCVSp8F0qHMxQ,ActionSetTagDefinitionNamespace,n_actionSetTagDefinitionNamespace_1;serialVersionUID_1
Original,_-jgzkeLaEeCVSp8F0qHMxQ,ArgoDiagramAppearanceEvent,n_argoDiagramAppearanceEvent_1;getEventStartRange_return_1
Original,_-lABU-LaEeCVSp8F0qHMxQ,CompositeCM,n_compositeCM_1;mechs_1;getMechList_return_1
Original,_-3JhROLaEeCVSp8F0qHMxQ,ConcurrencyKindEUMLImpl,n_concurrencyKindEUMLImpl_1;getConcurrent_return_1;getGuarded_return_1;getSequential_return_1
Original,__JTBNOLaEeCVSp8F0qHMxQ,OldModelMemberFilePersister,n_oldModelMemberFilePersister_1
Original,__QlU8uLaEeCVSp8F0qHMxQ,FigActivation,n_figActivation_1;DEFAULT_HEIGHT_1;DEFAULT_WIDTH_1;rectFig_1;initialize_bounds_destroy_1;setDestroy_isDestroy_1;isDestroy_return_1
Original,__Q428OLaEeCVSp8F0qHMxQ,ActionAddClassifierRole,n_actionAddClassifierRole_1;serialVersionUID_1;createMode_instructions_return_1;makeNode_return_1
Original,__mf6kuLaEeCVSp8F0qHMxQ,TargetManager,n_targetManager_1;LOG_1;targets_1;modelTarget_1;figTarget_1;listenerList_1;inTransaction_1;internalOnSetTarget_eventName_oldTargets_1;getTarget_return_1;setTargets_targetsCollection_1;addTarget_target_1;removeTarget_target_1;getOwnerAndAllFigs_o_return_1;getOwner_o_return_1;getTargets_return_1;getSingleTarget_return_1;getModelTargets_return_1;getSingleModelTarget_return_1;startTargetTransaction__1;isInTargetTransaction_return_1;endTargetTransaction__1;getFigTarget_return_1;determineFigTarget_target_return_1;getModelTarget_return_1;determineModelTarget_target_return_1;navigateForward__1;navigateBackward__1;navigateForwardPossible_return_1;navigateBackPossible_return_1;cleanHistory__1
Original,__m8mgOLaEeCVSp8F0qHMxQ,HistoryRemover,n_historyRemover_1;remove_obj_1
Original,__vISIuLaEeCVSp8F0qHMxQ,CrJoinIncomingTransition,n_crJoinIncomingTransition_1;getCriticizedDesignMaterials_return_1
Original,__4__0OLaEeCVSp8F0qHMxQ,SelectionMessage,n_selectionMessage_1;serialVersionUID_1
Original,__675gOLaEeCVSp8F0qHMxQ,SequenceDiagramPropPanelFactory,n_sequenceDiagramPropPanelFactory_1
Original,__7iWcOLaEeCVSp8F0qHMxQ,FigTransition,n_figTransition_1;endArrow_1;dashed_1;initializeTransition__1;setLayer_lay_1;setOwner_owner_1;initPorts_lay_owner_1;getNotationProviderType_return_1;renderingChanged__1;updateDashed__1;getPopUpActions_me_return_1;getDestination_return_1;getSource_return_1
Original,_AJEcIeLbEeCVSp8F0qHMxQ,ActionStereotypeViewTextual,n_actionStereotypeViewTextual_1
Original,_AMMooOLbEeCVSp8F0qHMxQ,FigUseCase,n_figUseCase_1;MIN_VERT_PADDING_1;STEREOTYPE_PADDING_1;SPACER_1;epSep_1;epVec_1;epBigPort_1;initialize__1;placeString_return_1;clone_return_1;getPopUpActions_me_return_1;classNameAndBounds_return_1;isExtensionPointVisible_return_1;setExtensionPointVisible_isVisible_1;setExtensionPointVisibleInternal_visible_1;makeSelection_return_1;getMinimumSize_return_1;getTextSize_return_1;calcEllipse_rectSize_vertPadding_return_1;calcX_a_b_y_return_1;setLineColor_col_1;getLineColor_return_1;setFillColor_col_1;getFillColor_return_1;isFilled_return_1;getLineWidth_return_1;mousePressed_me_1;mouseClicked_me_1;mouseExited_me_1;createContainedModelElement_fg_ie_1;modelChanged_mee_1;updateListeners_oldOwner_newOwner_1;renderingChanged__1;updateExtensionPoint__1;updateNameText__1;getGravityPoints_return_1;updateStereotypeText__1;positionStereotypes__1;getEPFigs_return_1
Original,_AMVykeLbEeCVSp8F0qHMxQ,UseCaseDiagramRenderer,n_useCaseDiagramRenderer_1;serialVersionUID_1;LOG_1;getFigNodeFor_gm_lay_node_styleAttributes_return_1;getFigEdgeFor_gm_lay_edge_styleAttributes_return_1
Original,_AotlguLbEeCVSp8F0qHMxQ,ActionSetGeneralizableElementAbstract,n_actionSetGeneralizableElementAbstract_1;SINGLETON_1;getInstance_return_1
Original,_AvaDYOLbEeCVSp8F0qHMxQ,PropPanelDependency,n_propPanelDependency_1;serialVersionUID_1;supplierScroll_1;clientScroll_1;getSupplierScroll_return_1;getClientScroll_return_1
Original,_AxV9EOLbEeCVSp8F0qHMxQ,PropPanelTaggedValue,n_propPanelTaggedValue_1;modelElementSelector_1;typeSelector_1;referenceValuesScroll_1;dataValuesScroll_1;getReferenceValuesScroll_return_1;getDataValuesScroll_return_1;getModelElementSelector_return_1;getTypeSelector_return_1
Original,_Axo4AeLbEeCVSp8F0qHMxQ,UMLDataValueListModel,n_uMLDataValueListModel_1;buildModelList__1;isValidElement_element_return_1
SequenceDisabled,_-ten4eLaEeCVSp8F0qHMxQ,DeferredBufferedImage,n_deferredBufferedImage_1;LOG_1;TRANSPARENT_BG_COLOR_1;BACKGROUND_COLOR_1;BUFFER_HEIGHT_1;x_1;y_1;width_1;height_1;scale_1;image_1;editor_1;scaledBufferHeight_1;y1_1;y2_1;getData_return_1;getData_clip_return_1;isRasterValid_clip_return_1;computeRaster_clip_1;offsetWindow_clip_return_1;copyData_outRaster_return_1;getSources_return_1;getColorModel_return_1;getMinX_return_1;getMinY_return_1;getMinTileX_return_1;getMinTileY_return_1;getNumXTiles_return_1;getNumYTiles_return_1;getProperty_name_return_1;getPropertyNames_return_1;getSampleModel_return_1;getTile_tileX_tileY_return_1;getTileGridXOffset_return_1;getTileGridYOffset_return_1;getTileWidth_return_1;getTileHeight_return_1;getWidth_return_1;getHeight_return_1
SequenceDisabled,__AXus-LaEeCVSp8F0qHMxQ,CollaborationsHelperMDRImpl,n_collaborationsHelperMDRImpl_1;LOG_1;getAllClassifierRoles_ns_return_1;getAllPossibleAssociationRoles_roleArg_return_1;getClassifierRoles_role_return_1;getAssociationRole_afrom_ato_return_1;getAllPossibleActivators_ames_return_1;hasAsActivator_message_activator_return_1;setActivator_ames_anactivator_1;getAllPossiblePredecessors_amessage_return_1;addBase_arole_abase_1;isNamedOrUnique_role_base_return_1;isNamedOrUnique_role_base_return_2;setBases_role_bases_1;allAvailableFeatures_arole_return_1;allAvailableContents_arole_return_1;getAllPossibleBases_role_return_1;getAllPossibleBases_aRole_return_1;getAllPossibleBases_role_return_2;getAllImportedClassifiers_obj_return_1;filterClassifiers_in_return_1;setBase_arole_abase_1;isAddingCollaborationAllowed_context_return_1;removeConstrainingElement_handle_constraint_1;removeMessage_handle_message_1;removeSuccessor_handle_mess_1;removePredecessor_handle_message_1;addConstrainingElement_handle_constraint_1;addInstance_classifierRole_instance_1;addMessage_handle_elem_1;addSuccessor_handle_mess_1;addPredecessor_handle_predecessor_1;setAction_handle_action_1;setContext_handle_col_1;setSuccessors_handle_messages_1;setPredecessors_handle_predecessors_1;setRepresentedClassifier_handle_classifier_1;setRepresentedOperation_handle_operation_1;setSender_handle_sender_1;removeInteraction_collab_interaction_1
SequenceDisabled,_-8D2ceLaEeCVSp8F0qHMxQ,XmiReferenceProviderImpl,n_xmiReferenceProviderImpl_1;mofIdToXmiId_1;topSystemIdSaved_1;topSystemId_1;getReference_object_return_1
SequenceDisabled,__T5usOLaEeCVSp8F0qHMxQ,ZoomSliderButton,n_zoomSliderButton_1;RESOURCE_NAME_1;LABEL_FONT_1;MINIMUM_ZOOM_1;MAXIMUM_ZOOM_1;SLIDER_HEIGHT_1;slider_1;currentValue_1;popupButtonIsActive_1;popupMenuIsShowing_1;mouseIsOverPopupButton_1;createPopupComponent__1;showPopup__1;handleSliderValueChange__1;handleTextEntry__1;updateCurrentValueLabel__1
SequenceDisabled,__Y0D4OLaEeCVSp8F0qHMxQ,UndoableAction,n_undoableAction_1
SequenceDisabled,__p7CA-LaEeCVSp8F0qHMxQ,CrInvalidPseudoStateTrigger,n_crInvalidPseudoStateTrigger_1;getCriticizedDesignMaterials_return_1
SequenceDisabled,__7rgYeLaEeCVSp8F0qHMxQ,ButtonActionNewCallEvent,n_buttonActionNewCallEvent_1;createEvent_ns_return_1;getKeyName_return_1;getIconName_return_1
SequenceDisabled,_AOIiVOLbEeCVSp8F0qHMxQ,Import,n_import_1;configPanel_1;descend_1;changedOnly_1;createDiagrams_1;minimiseFigs_1;layoutDiagrams_1;classOnly_1;classAndFeatures_1;fullImport_1;sourceEncoding_1;dialog_1;myFrame_1;getInputSourceEncoding_return_1;isAttributeSelected_return_1;isDatatypeSelected_return_1;disposeDialog__1;getConfigPanel_return_1;addConfigCheckboxes_panel_1;addDetailLevelButtons_panel_1;addSourceEncoding_panel_1;getConfigPanelExtension_return_1;doFile__1;getImportLevel_return_1;isCreateDiagramsSelected_return_1;isMinimizeFigsSelected_return_1;isDiagramLayoutSelected_return_1;isDescendSelected_return_1;isChangedOnlySelected_return_1;getChooser_return_1
SequenceDisabled,_AORsQeLbEeCVSp8F0qHMxQ,SelectedLanguageListener,n_selectedLanguageListener_1;tab_1;updateTabbedPane__1
SequenceDisabled,_ATN2oOLbEeCVSp8F0qHMxQ,UMLExpressionBodyField,n_uMLExpressionBodyField_1;LOG_1;notifyModel_1;targetChanged__1;targetReasserted__1;propertyChange_event_1;update__1;changedUpdate_p1_1;removeUpdate_p1_1;insertUpdate_p1_1
SequenceDisabled,_AVS6QuLbEeCVSp8F0qHMxQ,ActionCopy,n_actionCopy_1;instance_1;LOCALIZE_KEY_1;textSource_1;getInstance_return_1;actionPerformed_ae_1;isSystemClipBoardEmpty_return_1
SequenceDisabled,_ASBj0uLbEeCVSp8F0qHMxQ,UMLRecurrenceExpressionModel,n_uMLRecurrenceExpressionModel_1;LOG_1;getExpression_return_1;setExpression_expression_1;newExpression_return_1
SequenceDisabled,_AjzQVOLbEeCVSp8F0qHMxQ,UMLTransitionGuardListModel,n_uMLTransitionGuardListModel_1;buildModelList__1;isValidElement_element_return_1;buildPopup_popup_index_return_1;hasPopup_return_1
SequenceDisabled,_Ap54UeLbEeCVSp8F0qHMxQ,UMLModelElementNameDocument,n_uMLModelElementNameDocument_1;setProperty_text_1;getProperty_return_1
SequenceDisabled,_ArPVEOLbEeCVSp8F0qHMxQ,UMLEnumerationLiteralsListModel,n_uMLEnumerationLiteralsListModel_1;serialVersionUID_1;buildModelList__1;isValidElement_element_return_1;moveDown_index_1;moveToBottom_index_1;moveToTop_index_1
SequenceDisabled,_AwTbQuLbEeCVSp8F0qHMxQ,PropPanelOperation,n_propPanelOperation_1;serialVersionUID_1;addRaisedSignal__1;addMethod__1;getDisplayNamespace_return_1
SequenceDisabled,_AwclMeLbEeCVSp8F0qHMxQ,ActionNewMethod,n_actionNewMethod_1;serialVersionUID_1;isEnabled_return_1
SequenceDisabled,_Aw5RIuLbEeCVSp8F0qHMxQ,UMLTagDefinitionTypedValuesListModel,n_uMLTagDefinitionTypedValuesListModel_1;buildModelList__1;isValidElement_element_return_1
SequenceDisabled,_AzkxtOLbEeCVSp8F0qHMxQ,PredicateTrue,n_predicateTrue_1;theInstance_1;evaluate_obj_return_1;getInstance_return_1
StateDisabled,_-nFE8eLaEeCVSp8F0qHMxQ,Translator,n_translator_1;localize_key_return_1;messageFormat_key_args_return_1
StateDisabled,_-t7T0eLaEeCVSp8F0qHMxQ,ProjectManager,n_projectManager_1;CURRENT_PROJECT_PROPERTY_NAME_1;OPEN_PROJECTS_PROPERTY_1;LOG_1;instance_1;openProjects_1;creatingCurrentProject_1;saveAction_1;listenerList_1;event_1;getManager_return_1;addPropertyChangeListener_listener_1;removePropertyChangeListener_listener_1;firePropertyChanged_propertyName_oldValue_newValue_1;getOpenProjects_return_1;setSaveAction_save_1;isSaveActionEnabled_return_1;setSaveEnabled_newValue_1
StateDisabled,_-5rQ0uLaEeCVSp8F0qHMxQ,DataTypesFactoryEUMLImpl,n_dataTypesFactoryEUMLImpl_1;createActionExpression_language_body_return_1;createArgListsExpression_language_body_return_1;createBooleanExpression_language_body_return_1;createExpression_language_body_return_1;createIterationExpression_language_body_return_1;createMappingExpression_language_body_return_1;createMultiplicity_lower_upper_return_1;createMultiplicity_range_return_1;createMultiplicity_str_return_1;createMultiplicityRange_str_return_1;createMultiplicityRange_lower_upper_return_1;createObjectSetExpression_language_body_return_1;createProcedureExpression_language_body_return_1;createTimeExpression_language_body_return_1;createTypeExpression_language_body_return_1;boundToString_i_return_1;stringToBound_b_return_1
StateDisabled,__RLx4-LaEeCVSp8F0qHMxQ,FigClassifierRole,n_figClassifierRole_1;LOG_1;offset_1;minimumHeight_1;initialize__1;getNotationProviderType_return_1;superTranslate_dx_dy_1;updateHeadOffset__1;getMinimumSize_return_1;updateMinimumHeight__1;removeFigEdge_edge_1;addFigEdge_edge_1;getFigMessages_return_1;createActivations__1;setFillColor_color_1;getFillColor_return_1;setFilled_filled_1;makeSelection_return_1
StateDisabled,__ew64OLaEeCVSp8F0qHMxQ,NameOrder,n_nameOrder_1;collator_1;compare_obj1_obj2_return_1;compareUserObjects_obj_obj1_return_1;getName_obj_return_1;toString_return_1
StateDisabled,__k270uLaEeCVSp8F0qHMxQ,GoSummaryToInheritance,n_goSummaryToInheritance_1;getRuleName_return_1;getChildren_parent_return_1;getDependencies_parent_return_1
StateDisabled,__rtKsOLaEeCVSp8F0qHMxQ,CrForkOutgoingTransition,n_crForkOutgoingTransition_1;getCriticizedDesignMaterials_return_1
StateDisabled,_AGPxpOLbEeCVSp8F0qHMxQ,RadioAction,n_radioAction_1;realAction_1;actionPerformed_actionEvent_1;getAction_return_1
StateDisabled,_AJXXEuLbEeCVSp8F0qHMxQ,StylePanelFigMessage,n_stylePanelFigMessage_1;arrowLabel_1;arrowField_1;refresh__1;setTargetArrow__1
StateDisabled,_AQiWEOLbEeCVSp8F0qHMxQ,UMLMultiplicityPanel,n_uMLMultiplicityPanel_1;multiplicityComboBox_1;checkBox_1;multiplicityList_1;getPreferredSize_return_1;itemStateChanged_event_1;getTarget_return_1
StateDisabled,_AUaJcOLbEeCVSp8F0qHMxQ,UMLTableCellRenderer,n_uMLTableCellRenderer_1;setValue_value_1
StateDisabled,_AgdBZOLbEeCVSp8F0qHMxQ,UMLInstanceLinkEndListModel,n_uMLInstanceLinkEndListModel_1;buildModelList__1;isValidElement_element_return_1
StateDisabled,_Asbn4uLbEeCVSp8F0qHMxQ,ActionSetAssociationEndMultiplicity,n_actionSetAssociationEndMultiplicity_1;SINGLETON_1;setSelectedItem_item_target_1;getInstance_return_1
StateDisabled,_AvHIcuLbEeCVSp8F0qHMxQ,PropPanelParameter,n_propPanelParameter_1;serialVersionUID_1;behFeatureScroll_1;getBehavioralFeatureScroll_return_1
StateDisabled,_Avj0YeLbEeCVSp8F0qHMxQ,UMLDependencySupplierListModel,n_uMLDependencySupplierListModel_1;buildModelList__1;isValidElement_o_return_1
StateDisabled,_At61ouLbEeCVSp8F0qHMxQ,UMLAssociationLinkListModel,n_uMLAssociationLinkListModel_1;buildModelList__1;isValidElement_o_return_1
StateDisabled,_Azt7oOLbEeCVSp8F0qHMxQ,PredicateStringMatch,n_predicateStringMatch_1;MAX_PATS_1;patterns_1;patternCount_1;evaluate_o_return_1
UsecaseDisabled,_-5-LwOLaEeCVSp8F0qHMxQ,AbstractUmlModelFactoryMDR,n_abstractUmlModelFactoryMDR_1
UsecaseDisabled,_-7dZgeLaEeCVSp8F0qHMxQ,XmiReferenceResolverImpl,n_xmiReferenceResolverImpl_1;LOG_1;idToObjects_1;objectsToId_1;topSystemId_1;baseUri_1;modulesPath_1;urlMap_1;reverseUrlMap_1;profile_1;public2SystemIds_1;modelPublicId_1;CLASSPATH_MODEL_SUFFIXES_1;register_systemId_xmiId_object_1;getIdToObjectMap_return_1;clearIdMaps__1;toURL_systemId_return_1;findModuleURL_moduleName_return_1;getSuffix_systemId_return_1;findModelUrlOnClasspath_systemId_return_1;getValidURL_systemId_return_1;fixupURL_url_return_1;readExternalDocument_arg0_1
UsecaseDisabled,__F35w-LaEeCVSp8F0qHMxQ,TransitionNotationUml,n_transitionNotationUml_1;parse_modelElement_text_1;parseTransition_trans_s_return_1;parseTrigger_trans_trigger_1;parseGuard_trans_guard_1;parseEffect_trans_actions_1;delete_obj_1;getParsingHelp_return_1;toString_modelElement_args_return_1;toString_modelElement_return_1;generateEvent_m_return_1;generateGuard_m_return_1;generateParameterList_parameterListOwner_return_1;generateExpression_expr_return_1;generateParameter_parameter_return_1;generateKind_kind_return_1;generateClassifierRef_cls_return_1;initialiseListener_listener_modelElement_1;addListenersForAction_listener_action_1;addListenersForEvent_listener_event_1;addListenersForTransition_listener_transition_1
UsecaseDisabled,__JcyMOLaEeCVSp8F0qHMxQ,AbstractFilePersister,n_abstractFilePersister_1;LOG_1;persistersByClass_1;persistersByTag_1;listenerList_1;registerPersister_target_tag_persister_return_1;createTempFile_file_return_1;copyFile_src_dest_return_1;accept_f_return_1;getExtension_return_1;getDesc_return_1;getExtension_f_return_1;getExtension_filename_return_1;isFileExtensionApplicable_filename_return_1;getDescription_return_1;isSaveEnabled_return_1;isLoadEnabled_return_1;hasAnIcon_return_1
UsecaseDisabled,__W4KMeLaEeCVSp8F0qHMxQ,HeapMonitor,n_heapMonitor_1;ORANGE_THRESHOLD_1;RED_THRESHOLD_1;GREEN_1;ORANGE_1;RED_1;M_1;free_1;total_1;max_1;used_1;updateStats__1
UsecaseDisabled,__ciGQOLaEeCVSp8F0qHMxQ,PerspectiveConfigurator,n_perspectiveConfigurator_1;LOG_1;INSET_PX_1;configPanelNorth_1;configPanelSouth_1;splitPane_1;renameTextField_1;newPerspectiveButton_1;removePerspectiveButton_1;duplicatePerspectiveButton_1;moveUpButton_1;moveDownButton_1;addRuleButton_1;removeRuleButton_1;resetToDefaultButton_1;perspectiveList_1;perspectiveRulesList_1;ruleLibraryList_1;perspectiveListModel_1;perspectiveRulesListModel_1;ruleLibraryListModel_1;persLabel_1;ruleLibLabel_1;rulesLabel_1;makeLists__1;makeButtons__1;makeLayout__1;makeListeners__1;loadLibrary__1;loadPerspectives__1;updatePersLabel__1;updateLibLabel__1;updateRuleLabel__1;sortJListModel_list_1;doAddRule__1;doRemoveRule__1
UsecaseDisabled,__c-yMeLaEeCVSp8F0qHMxQ,DuplicatePerspectiveListener,n_duplicatePerspectiveListener_1
UsecaseDisabled,__cFaUOLaEeCVSp8F0qHMxQ,ExplorerTree,n_explorerTree_1;updatingSelection_1;updatingSelectionViaTreeSelection_1;serialVersionUID_1;refreshSelection__1;setSelection_targets_1;addTargetsInternal_addedTargets_1;selectVisible_target_1;selectAll_targets_1
UsecaseDisabled,__cFaUuLaEeCVSp8F0qHMxQ,ExplorerMouseListener,n_explorerMouseListener_1;mLTree_1;mousePressed_me_1;mouseReleased_me_1;mouseClicked_me_1;myDoubleClick__1;showPopupMenu_me_1
UsecaseDisabled,__bVzcOLaEeCVSp8F0qHMxQ,ActionPerspectiveConfig,n_actionPerspectiveConfig_1;serialVersionUID_1;actionPerformed_ae_1
UsecaseDisabled,__n_IUOLaEeCVSp8F0qHMxQ,GenCompositeClasses,n_genCompositeClasses_1;SINGLETON_1;serialVersionUID_1;getSINGLETON_return_1;gen_o_return_1;collectChildren_o_return_1
UsecaseDisabled,__q9j1OLaEeCVSp8F0qHMxQ,InitCognitiveCritics,n_initCognitiveCritics_1;init__1;getProjectSettingsTabs_return_1;getSettingsTabs_return_1;getDetailsTabs_return_1
UsecaseDisabled,__0ZMouLaEeCVSp8F0qHMxQ,ActivityDiagramLayouter,n_activityDiagramLayouter_1;objects_1;STARTING_POINT_1;finalState_1;layout__1;placeNodes_seen_node_index_return_1;getMinimumDiagramSize_return_1
UsecaseDisabled,_AGGAo-LbEeCVSp8F0qHMxQ,FigEmptyRect,n_figEmptyRect_1;setFilled_filled_1
UsecaseDisabled,_ANFZcuLbEeCVSp8F0qHMxQ,GeneratorHelper,n_generatorHelper_1
UsecaseDisabled,_AU2OU-LbEeCVSp8F0qHMxQ,UMLConditionExpressionModel,n_uMLConditionExpressionModel_1;LOG_1;getExpression_return_1;setExpression_expression_1;newExpression_return_1
UsecaseDisabled,_Agv8UOLbEeCVSp8F0qHMxQ,PropPanelComponentInstance,n_propPanelComponentInstance_1;serialVersionUID_1
UsecaseDisabled,_AjzQUOLbEeCVSp8F0qHMxQ,PropPanelPseudostate,n_propPanelPseudostate_1;serialVersionUID_1;refreshTarget__1
UsecaseDisabled,_A0KnkeLbEeCVSp8F0qHMxQ,QuotedStringSeparator,n_quotedStringSeparator_1;escChr_1;startChr_1;stopChr_1;esced_1;tokLen_1;level_1;reset__1;tokenLength_return_1;hasFreePart_return_1;endChar_c_return_1
