ActivityDisabled,_-63joOLaEeCVSp8F0qHMxQ,CommonBehaviorHelperMDRImpl,n_commonBehaviorHelperMDRImpl_1;getSource_link_return_1;getDestination_link_return_1;removeActualArgument_handle_argument_1;setActualArguments_action_arguments_1;removeClassifier_handle_classifier_1;removeContext_handle_context_1;removeReception_handle_reception_1;addActualArgument_handle_argument_1;addActualArgument_handle_position_argument_1;addClassifier_handle_classifier_1;addContext_handle_behavorialFeature_1;addReception_handle_rec_1;addStimulus_handle_stimulus_1;setAsynchronous_handle_value_1;setOperation_handle_operation_1;setClassifiers_handle_classifiers_1;setDispatchAction_handle_value_1;setInstance_handle_inst_1;setNodeInstance_handle_nodeInstance_1;setReceiver_handle_receiver_1;setRecurrence_handle_expr_1;setScript_handle_expr_1;setSender_handle_sender_1;setSignal_handle_signal_1;setSpecification_handle_specification_1;setTarget_handle_element_1;setTransition_handle_trans_1;setValue_handle_value_1;getInstantiation_createaction_return_1;setInstantiation_createaction_instantiation_1;getActionOwner_action_return_1;addAction_handle_action_1;addAction_handle_position_action_1;removeAction_handle_action_1
ActivityDisabled,__EYsAeLaEeCVSp8F0qHMxQ,AssociationNameNotationUml,n_associationNameNotationUml_1;getParsingHelp_return_1;parse_modelElement_text_1;toString_modelElement_args_return_1;toString_modelElement_showAssociationName_fullyHandleStereotypes_showPath_showVisibility_useGuillemets_return_1
ActivityDisabled,__FbN0OLaEeCVSp8F0qHMxQ,AttributeNotationUml,n_attributeNotationUml_1;LOG_1;INSTANCE_1;getInstance_return_1;parse_modelElement_text_1;parseAttributeFig_classifier_attribute_text_1;parseAttribute_text_attribute_1;dealWithProperties_attribute_properties_1;dealWithMultiplicity_attribute_multiplicity_multindex_1;dealWithValue_attribute_value_1;dealWithType_attribute_type_1;dealWithName_attribute_name_1;dealWithVisibility_attribute_visibility_1;getParsingHelp_return_1;toString_modelElement_args_return_1;toString_modelElement_useGuillemets_showVisibility_showMultiplicity_showTypes_showInitialValues_showProperties_return_1;generateMultiplicity_m_return_1
ActivityDisabled,__ItLUuLaEeCVSp8F0qHMxQ,OffenderXMLHelper,n_offenderXMLHelper_1;item_1;getOffender_return_1
ActivityDisabled,__J43E-LaEeCVSp8F0qHMxQ,OpenException,n_openException_1;serialVersionUID_1;printStackTrace__1;printStackTrace_ps_1;printStackTrace_pw_1
ActivityDisabled,__YXX8OLaEeCVSp8F0qHMxQ,FindDialog,n_findDialog_1;instance_1;nextResultNum_1;numFinds_1;INSET_PX_1;search_1;clearTabs_1;nameLocTab_1;elementName_1;diagramName_1;location_1;type_1;typeDetails_1;results_1;help_1;resultTabs_1;serialVersionUID_1;getInstance_return_1;initNameLocTab__1;initHelpTab__1;initTypes__1;nameButtons__1;doSearch__1;reset__1;doClearTabs__1;doResetFields_complete_1;doGoToSelection__1;mousePressed_me_1;mouseReleased_me_1;mouseEntered_me_1;mouseExited_me_1;mouseClicked_me_1;myDoubleClick_tab_1
ActivityDisabled,__ew65OLaEeCVSp8F0qHMxQ,TypeThenNameOrder,n_typeThenNameOrder_1;compare_obj1_obj2_return_1;toString_return_1
ActivityDisabled,__xEL0eLaEeCVSp8F0qHMxQ,CrInvalidFork,n_crInvalidFork_1;getCriticizedDesignMaterials_return_1
ActivityDisabled,__30UE-LaEeCVSp8F0qHMxQ,DeploymentDiagramPropPanelFactory,n_deploymentDiagramPropPanelFactory_1
ActivityDisabled,_AbPxQ-LbEeCVSp8F0qHMxQ,ActionNewClassifierInState,n_actionNewClassifierInState_1;choiceClass_1;isEnabled_return_1;pickNicestStateFrom_states_return_1
ActivityDisabled,_AllZAuLbEeCVSp8F0qHMxQ,UMLCompositeStateSubvertexList,n_uMLCompositeStateSubvertexList_1;getPopupMenu_return_1
ActivityDisabled,_AllZBOLbEeCVSp8F0qHMxQ,PopupMenu,n_popupMenu_1
ActivityDisabled,_AriQAOLbEeCVSp8F0qHMxQ,UMLModelElementTargetFlowListModel,n_uMLModelElementTargetFlowListModel_1;buildModelList__1;isValidElement_o_return_1
ActivityDisabled,_ArPVFOLbEeCVSp8F0qHMxQ,UMLAssociationAssociationRoleListModel,n_uMLAssociationAssociationRoleListModel_1;buildModelList__1;isValidElement_o_return_1
ActivityDisabled,_ApdMYuLbEeCVSp8F0qHMxQ,PropPanelEnumerationLiteral,n_propPanelEnumerationLiteral_1;serialVersionUID_1
ActivityDisabled,_AxDCJOLbEeCVSp8F0qHMxQ,PropPanelStereotype,n_propPanelStereotype_1;serialVersionUID_1;metaClasses_1;generalizationScroll_1;specializationScroll_1;tagDefinitionScroll_1;extendedElementsScroll_1;getGeneralizationScroll_return_1;getSpecializationScroll_return_1;getTagDefinitionScroll_return_1;getExtendedElementsScroll_return_1;initMetaClasses__1
ActivityDisabled,_AxMME-LbEeCVSp8F0qHMxQ,ActionAddStereotypeBaseClass,n_actionAddStereotypeBaseClass_1;getChoices_return_1;getDialogTitle_return_1;getSelected_return_1;doIt_selected_1
ActivityDisabled,_AyYe5uLbEeCVSp8F0qHMxQ,PropPanelElementImport,n_propPanelElementImport_1;modifiersPanel_1;aliasTextField_1;getAliasTextField_return_1;getModifiersPanel_return_1
ActivityDisabled,_A0BdpOLbEeCVSp8F0qHMxQ,TokenSep,n_tokenSep_1;next_1;theString_1;length_1;pattern_1;addChar_c_return_1;reset__1;length_return_1;getString_return_1;getNext_return_1
CollabDisabled,_-u0EpOLaEeCVSp8F0qHMxQ,DefaultUndoManager,n_defaultUndoManager_1;LOG_1;undoMax_1;listeners_1;newInteraction_1;newInteractionLabel_1;setUndoMax_max_1;undo__1;redo__1;startInteraction_label_1;addPropertyChangeListener_listener_1;removePropertyChangeListener_listener_1;fire_property_value_1
CollabDisabled,_-u91oeLaEeCVSp8F0qHMxQ,Interaction,n_interaction_1;commands_1;label_1;undo__1;execute_return_1;isUndoable_return_1;isRedoable_return_1;getUndoLabel_return_1;getRedoLabel_return_1;getCommands_return_1
CollabDisabled,_-x8RIeLaEeCVSp8F0qHMxQ,ModelCommand,n_modelCommand_1;execute_return_1;isUndoable_return_1;isRedoable_return_1;undo__1
CollabDisabled,__CJ3YOLaEeCVSp8F0qHMxQ,MultiplicityNotation,n_multiplicityNotation_1
CollabDisabled,__L-hxOLaEeCVSp8F0qHMxQ,Profile,n_profile_1;dependencies_1;critics_1;addProfileDependency_profileIdentifier_1;getDependencies_return_1;getDependenciesID_return_1;getDisplayName_return_1;getProfilePackages_return_1;toString_return_1;getCritics_return_1;getProfileIdentifier_return_1;setCritics_criticsSet_1
CollabDisabled,__Y0D4OLaEeCVSp8F0qHMxQ,UndoableAction,n_undoableAction_1
CollabDisabled,__av9kuLaEeCVSp8F0qHMxQ,ShortcutChangedEvent,n_shortcutChangedEvent_1;serialVersionUID_1;keyStroke_1;getKeyStroke_return_1
CollabDisabled,__iCRUOLaEeCVSp8F0qHMxQ,GoSubmachineStateToStateMachine,n_goSubmachineStateToStateMachine_1;getRuleName_return_1;getChildren_parent_return_1;getDependencies_parent_return_1
CollabDisabled,__kRF8uLaEeCVSp8F0qHMxQ,GoClassifierToSequenceDiagram,n_goClassifierToSequenceDiagram_1;getRuleName_return_1;getChildren_parent_return_1;getDependencies_parent_return_1
CollabDisabled,__tfTYOLaEeCVSp8F0qHMxQ,CrWrongDepEnds,n_crWrongDepEnds_1;serialVersionUID_1
CollabDisabled,__1upYuLaEeCVSp8F0qHMxQ,SelectionCallState,n_selectionCallState_1;getNewNodeType_buttonCode_return_1;getNewNode_buttonCode_return_1
CollabDisabled,___jTw-LaEeCVSp8F0qHMxQ,SelectionComment,n_selectionComment_1;linkIcon_1;icons_1;instructions_1;getIcons_return_1;getInstructions_index_return_1;getNewEdgeType_index_return_1;getNewNodeType_index_return_1;getNewNode_index_return_1
CollabDisabled,_AIxhMuLbEeCVSp8F0qHMxQ,FigAbstraction,n_figAbstraction_1;createEndArrow_return_1
CollabDisabled,_ADuCEuLbEeCVSp8F0qHMxQ,FigMessage,n_figMessage_1;arrowDirections_1;figPoly_1;SOUTH_1;EAST_1;WEST_1;NORTH_1;arrowDirection_1;initFigs__1;initArrows__1;getNotationProviderType_return_1;updateListeners_oldOwner_newOwner_1;clone_return_1;setLineColor_col_1;getLineColor_return_1;setFillColor_col_1;getFillColor_return_1;isFilled_return_1;getLineWidth_return_1;setArrow_direction_1;getArrow_return_1;getMinimumSize_return_1;modelChanged_mee_1;updateArgumentsFromParameter_newOwner_parameter_1;updateListeners_newOwner_1;updateArrow__1;renderingChanged__1;getArrowDirections_return_1
CollabDisabled,_AW75AuLbEeCVSp8F0qHMxQ,TabStereotype,n_tabStereotype_1;INSET_PX_1;orientation_1;selectedScroll_1;availableScroll_1;panel_1;addStButton_1;removeStButton_1;xferButtons_1;selectedList_1;availableList_1;serialVersionUID_1;makePanel_return_1;shouldBeEnabled_return_1;shouldBeEnabled_target_return_1;setTarget_theTarget_1;doAddStereotype__1;doRemoveStereotype__1
CollabDisabled,_AXFC8-LbEeCVSp8F0qHMxQ,SelectedListSelectionListener,n_selectedListSelectionListener_1;valueChanged_lse_1
CollabDisabled,_AXYk8OLbEeCVSp8F0qHMxQ,ActionSaveGraphics,n_actionSaveGraphics_1;serialVersionUID_1;LOG_1;actionPerformed_ae_1;trySave_return_1;doSave_theFile_suffix_useUI_return_1;updateStatus_status_1;doCommand_argument_return_1
CollabDisabled,_AhMoRuLbEeCVSp8F0qHMxQ,UMLSignalContextListModel,n_uMLSignalContextListModel_1;buildModelList__1;isValidElement_element_return_1
CollabDisabled,_AugrhuLbEeCVSp8F0qHMxQ,ElementResidenceResidentListModel,n_elementResidenceResidentListModel_1;buildModelList__1;isValidElement_element_return_1
DeployDisabled,_-moZA-LaEeCVSp8F0qHMxQ,ToDoListEvent,n_toDoListEvent_1;items_1;getToDoItemList_return_1
DeployDisabled,_-7nKgeLaEeCVSp8F0qHMxQ,UndoCollaborationsHelperDecorator,n_undoCollaborationsHelperDecorator_1
DeployDisabled,__AN9suLaEeCVSp8F0qHMxQ,DataTypesHelperMDRImpl,n_dataTypesHelperMDRImpl_1;equalsINITIALKind_kind_return_1;equalsDeepHistoryKind_kind_return_1;equalsShallowHistoryKind_kind_return_1;equalsFORKKind_kind_return_1;equalsJOINKind_kind_return_1;equalsCHOICEKind_kind_return_1;equalsJUNCTIONKind_kind_return_1;multiplicityToString_multiplicity_return_1;multiplicityRangeToString_range_return_1;setBody_handle_body_return_1;getBody_handle_return_1;setLanguage_handle_language_return_1;getLanguage_handle_return_1
DeployDisabled,__CToYuLaEeCVSp8F0qHMxQ,MessageNotation,n_messageNotation_1;initialiseListener_listener_umlMessage_1
DeployDisabled,__pLbIeLaEeCVSp8F0qHMxQ,CrInvalidHistory,n_crInvalidHistory_1;getCriticizedDesignMaterials_return_1
DeployDisabled,__0sHkOLaEeCVSp8F0qHMxQ,ActivityDiagramRenderer,n_activityDiagramRenderer_1;getFigNodeFor_gm_lay_node_styleAttributes_return_1
DeployDisabled,__2VGUuLaEeCVSp8F0qHMxQ,ActionAddClassifierRole,n_actionAddClassifierRole_1;serialVersionUID_1;makeNode_return_1
DeployDisabled,_AJONIuLbEeCVSp8F0qHMxQ,FigNameWithAbstract,n_figNameWithAbstract_1;getFigFontStyle_return_1
DeployDisabled,_AF82seLbEeCVSp8F0qHMxQ,AddExistingNodeCommand,n_addExistingNodeCommand_1;object_1;location_1;count_1;execute__1;makeGraphModel_return_1;makeEdge_return_1;makeNode_return_1
DeployDisabled,_AEdo8eLbEeCVSp8F0qHMxQ,PathItemPlacement,n_pathItemPlacement_1;LOG_1;useCollisionCheck_1;useAngle_1;angle_1;itemFig_1;percent_1;pathOffset_1;vectorOffset_1;offset_1;swap_1;getItemFig_return_1;stuffPoint_result_1;getPosition_return_1;getPoint_return_1;getAnchorPosition_return_1;getPathDistance_return_1;getPosition_result_return_1;intersects_points_center_size_return_1;setAnchor_newPercent_newOffset_1;setAnchorPercent_newPercent_1;setAnchorOffset_newOffset_1;setAbsoluteOffset_newOffset_1;setPoint_newPoint_1;computeVector_point_return_1;setDisplacementVector_vectorAngle_vectorDistance_1;setDisplacementVector_vectorAngle_vectorDistance_2;setDisplacementAngle_offsetAngle_1;setDisplacementAngle_offsetAngle_2;setDisplacementDistance_newDistance_1;setClosestPoint_newPoint_1;getSlope_return_1;getSlope_p1_p2_return_1;applyOffset_theta_theOffset_anchor_return_1;getRectLineIntersection_r_pOut_pIn_return_1;intersection_m_n_return_1;getPercent_return_1;getAngle_return_1;getVectorOffset_return_1
DeployDisabled,_AG_YguLbEeCVSp8F0qHMxQ,ArgoFigGroup,n_argoFigGroup_1;LOG_1;renderingChanged__1;setOwner_owner_1
DeployDisabled,_ALKG0-LbEeCVSp8F0qHMxQ,FigStereotypesGroup,n_figStereotypesGroup_1;bigPort_1;LOG_1;keyword_1;stereotypeCount_1;hidingStereotypesWithIcon_1;setOwner_own_1;removeFromDiagram__1;getBigPort_return_1;propertyChange_event_1;reorderStereotypeFigs__1;getStereotypeFigs_return_1;populate__1;getStereotypeCount_return_1;getBoundsForNextStereotype_return_1;updateHiddenStereotypes__1;setKeyword_word_1;isHidingStereotypesWithIcon_return_1;setHidingStereotypesWithIcon_hideStereotypesWithIcon_1;getMinimumSize_return_1
DeployDisabled,_AccEEOLbEeCVSp8F0qHMxQ,ActionNewActionForMessage,n_actionNewActionForMessage_1;SINGLETON_1;isEnabled_return_1;getInstance_return_1
DeployDisabled,_AjqGYeLbEeCVSp8F0qHMxQ,ActionNewSubmachineState,n_actionNewSubmachineState_1;SINGLETON_1;getInstance_return_1
DeployDisabled,_ApdMYuLbEeCVSp8F0qHMxQ,PropPanelEnumerationLiteral,n_propPanelEnumerationLiteral_1;serialVersionUID_1
DeployDisabled,_AxDCJOLbEeCVSp8F0qHMxQ,PropPanelStereotype,n_propPanelStereotype_1;serialVersionUID_1;metaClasses_1;generalizationScroll_1;specializationScroll_1;tagDefinitionScroll_1;extendedElementsScroll_1;getGeneralizationScroll_return_1;getSpecializationScroll_return_1;getTagDefinitionScroll_return_1;getExtendedElementsScroll_return_1;initMetaClasses__1
DeployDisabled,_Azt7ouLbEeCVSp8F0qHMxQ,EnumerationIterator,n_enumerationIterator_1;enumeration_1;hasNext_return_1;next_return_1;remove__1
Original,_-l4yIuLaEeCVSp8F0qHMxQ,Agency,n_agency_1;LOG_1;criticRegistry_1;critics_1;singletonCritics_1;cachedCritics_1;theAgency_return_1;getCriticRegistry_return_1;getCriticList_return_1;register_crClassName_dmClassName_1;criticsForClass_clazz_return_1;criticListForSpecificClass_clazz_return_1;addStaticObserver_obs_1
Original,_-tLs8OLaEeCVSp8F0qHMxQ,ArgoFigRRect,n_argoFigRRect_1;notifier_1;deleteFromModel__1;removeNotificationListener_listener_filter_handback_1;addNotificationListener_listener_filter_handback_1;getNotificationInfo_return_1;removeNotificationListener_listener_1
Original,_-wmNUOLaEeCVSp8F0qHMxQ,UmlChangeEvent,n_umlChangeEvent_1;originalEvent_1;getOriginalEvent_return_1;toString_return_1
Original,_-6tyouLaEeCVSp8F0qHMxQ,MetaTypesMDRImpl,n_metaTypesMDRImpl_1;getName_modelElement_return_1;getAbstraction_return_1;getAction_return_1;getActionExpression_return_1;getActionState_return_1;getActor_return_1;getAggregationKind_return_1;getArtifact_return_1;getAssociation_return_1;getAssociationClass_return_1;getAssociationEnd_return_1;getAssociationEndRole_return_1;getAssociationRole_return_1;getAttribute_return_1;getBehavioralFeature_return_1;getBinding_return_1;getBooleanExpression_return_1;getCallAction_return_1;getCallConcurrencyKind_return_1;getCallState_return_1;getUMLClass_return_1;getClassifier_return_1;getClassifierRole_return_1;getCollaboration_return_1;getComment_return_1;getComponent_return_1;getComponentInstance_return_1;getCompositeState_return_1;getConstraint_return_1;getCreateAction_return_1;getDataType_return_1;getDependency_return_1;getDestroyAction_return_1;getEnumeration_return_1;getEnumerationLiteral_return_1;getElementImport_return_1;getEvent_return_1;getException_return_1;getExtend_return_1;getExtensionPoint_return_1;getFinalState_return_1;getGeneralizableElement_return_1;getGeneralization_return_1;getGuard_return_1;getInclude_return_1;getInstance_return_1;getInterface_return_1;getLink_return_1;getMessage_return_1;getModel_return_1;getModelElement_return_1;getMultiplicity_return_1;getNamespace_return_1;getNode_return_1;getNodeInstance_return_1;getObject_return_1;getObjectFlowState_return_1;getOperation_return_1;getPackage_return_1;getParameter_return_1;getParameterDirectionKind_return_1;getPartition_return_1;getPackageImport_return_1;getPseudostate_return_1;getPseudostateKind_return_1;getReception_return_1;getReturnAction_return_1;getScopeKind_return_1;getSendAction_return_1;getSignal_return_1;getSimpleState_return_1;getState_return_1;getStateMachine_return_1;getStateVertex_return_1;getStereotype_return_1;getStimulus_return_1;getStubState_return_1;getSubactivityState_return_1;getSubmachineState_return_1;getSubsystem_return_1;getSynchState_return_1;getTemplateArgument_return_1;getTemplateParameter_return_1;getTerminateAction_return_1;getTransition_return_1;getUsage_return_1;getUseCase_return_1;getVisibilityKind_return_1;getTagDefinition_return_1;getTaggedValue_return_1;getInteraction_return_1;getActionSequence_return_1;getArgument_return_1;getAttributeLink_return_1;getCallEvent_return_1;getChangeEvent_return_1;getClassifierInState_return_1;getCollaborationInstanceSet_return_1;getDataValue_return_1;getElement_return_1;getElementResidence_return_1;getExpression_return_1;getFeature_return_1;getFlow_return_1;getInteractionInstanceSet_return_1;getLinkEnd_return_1;getLinkObject_return_1;getMethod_return_1;getMultiplicityRange_return_1;getPrimitiveType_return_1;getRelationship_return_1;getSignalEvent_return_1;getStructuralFeature_return_1;getSubsystemInstance_return_1;getTimeEvent_return_1;getUninterpretedAction_return_1
Original,__KfUAuLaEeCVSp8F0qHMxQ,PGMLStackParser,n_pGMLStackParser_1;LOG_1;figEdges_1;modelElementsByFigEdge_1;addTranslations__1;getHandler_stack_container_uri_localname_qname_attributes_return_1;setAttrs_f_attrList_1;interpretStyle_st_return_1;setStyleAttributes_fig_attributeMap_1;readDiagram_is_closeStream_return_1;addFigEdge_figEdge_sourcePortFigId_destPortFigId_sourceFigNodeId_destFigNodeId_1;getFigNode_figId_return_1;getPortFig_figNode_return_1;constructFig_className_href_bounds_return_1;setDiagram_diagram_1
Original,__QSaAeLaEeCVSp8F0qHMxQ,ModeCreateMessage,n_modeCreateMessage_1;LOG_1;DEFAULT_ACTIVATION_HEIGHT_1;DEFAULT_MESSAGE_GAP_1;endAttached_fe_1
Original,__SOTsOLaEeCVSp8F0qHMxQ,SplashScreen,n_splashScreen_1;paintCalled_1;setPaintCalled_called_1;isPaintCalled_return_1
Original,__WlPQOLaEeCVSp8F0qHMxQ,SaveSwingWorker,n_saveSwingWorker_1;overwrite_1;file_1;result_1;finished__1
Original,__q9j0uLaEeCVSp8F0qHMxQ,CrNoTransitions,n_crNoTransitions_1;getCriticizedDesignMaterials_return_1
Original,__q9j1OLaEeCVSp8F0qHMxQ,InitCognitiveCritics,n_initCognitiveCritics_1;init__1;getProjectSettingsTabs_return_1;getSettingsTabs_return_1;getDetailsTabs_return_1
Original,__zDI0-LaEeCVSp8F0qHMxQ,DiagramAppearance,n_diagramAppearance_1;LOG_1;SINGLETON_1;STEREOTYPE_VIEW_TEXTUAL_1;STEREOTYPE_VIEW_BIG_ICON_1;STEREOTYPE_VIEW_SMALL_ICON_1;getInstance_return_1;propertyChange_pce_1;getConfiguredFontName_return_1;getStandardFont_return_1
Original,__2xLMOLaEeCVSp8F0qHMxQ,FigClassifierRole,n_figClassifierRole_1;DEFAULT_HEIGHT_1;DEFAULT_WIDTH_1;PADDING_1;cover_1;initClassifierRoleFigs__1;getNotationProviderType_return_1;clone_return_1;updateStereotypeText__1;setLineColor_col_1;getLineColor_return_1;setFillColor_col_1;getFillColor_return_1;isFilled_return_1;getLineWidth_return_1;getMinimumSize_return_1;updateLayout_event_1;makeSelection_return_1
Original,__8IMUOLaEeCVSp8F0qHMxQ,ButtonActionNewTimeEvent,n_buttonActionNewTimeEvent_1;createEvent_ns_return_1;getKeyName_return_1;getIconName_return_1
Original,_AByIYuLbEeCVSp8F0qHMxQ,FigEdgeNote,n_figEdgeNote_1;LOG_1;comment_1;annotatedElement_1;toString_return_1;getTipString_me_return_1;propertyChange_pve_1;removeFromDiagram__1;getSource_return_1;getDestination_return_1;setDestFigNode_fn_1;setSourceFigNode_fn_1;addElementListener_element_1;removeElementListener_element_1;renderingChanged__1
Original,_AgKGcOLbEeCVSp8F0qHMxQ,PropPanelTerminateAction,n_propPanelTerminateAction_1
Original,_AhzFM-LbEeCVSp8F0qHMxQ,ActionNewStubState,n_actionNewStubState_1;SINGLETON_1;getInstance_return_1
Original,_Ah8PJOLbEeCVSp8F0qHMxQ,UMLChangeExpressionModel,n_uMLChangeExpressionModel_1;LOG_1;getExpression_return_1;setExpression_expression_1;newExpression_return_1
SequenceDisabled,_-6H8wOLaEeCVSp8F0qHMxQ,XmiReaderImpl,n_xmiReaderImpl_1;LOG_1;unknownElement_1;unknownElementName_1;uml13_1;ignoredElements_1;ignoredElementCount_1;xmiHeader_1;STYLE_PATH_1;UML_13_ELEMENTS_1;parse_inputSource_readOnly_return_1;deleteElements_elements_1;convertAndLoadUml13_systemId_extent_xmiReader_input_return_1;getXMIUUIDToObjectMap_return_1;chainedTransform_styles_input_return_1;serialTransform_styles_input_return_1;copySource_input_return_1;elementFound_name_1;setIgnoredElements_elementNames_return_1;getIgnoredElements_return_1;getIgnoredElementCount_return_1;getTagName_return_1;addSearchPath_path_1;removeSearchPath_path_1;getSearchPath_return_1;consumeHeader_stream_1;getHeader_return_1
SequenceDisabled,_-_Lb4OLaEeCVSp8F0qHMxQ,UndoCommonBehaviorHelperDecorator,n_undoCommonBehaviorHelperDecorator_1
SequenceDisabled,__G6bkuLaEeCVSp8F0qHMxQ,SDMessageNotationUml,n_sDMessageNotationUml_1;toString_modelElement_args_return_1
SequenceDisabled,__G6bkOLaEeCVSp8F0qHMxQ,MultiplicityNotationUml,n_multiplicityNotationUml_1;getParsingHelp_return_1;parse_multiplicityOwner_text_1;parseMultiplicity_multiplicityOwner_s1_return_1;toString_multiplicityOwner_args_return_1
SequenceDisabled,__VitcOLaEeCVSp8F0qHMxQ,CheckboxTableModel,n_checkboxTableModel_1;elements_1;columnName1_1;columnName2_1;serialVersionUID_1;getColumnCount_return_1;getColumnName_col_return_1;getRowCount_return_1;getValueAt_row_col_return_1;setValueAt_ob_row_col_1;getColumnClass_col_return_1;isCellEditable_row_col_return_1
SequenceDisabled,__YXX8OLaEeCVSp8F0qHMxQ,FindDialog,n_findDialog_1;instance_1;nextResultNum_1;numFinds_1;INSET_PX_1;search_1;clearTabs_1;nameLocTab_1;elementName_1;diagramName_1;location_1;type_1;typeDetails_1;results_1;help_1;resultTabs_1;serialVersionUID_1;getInstance_return_1;initNameLocTab__1;initHelpTab__1;initTypes__1;nameButtons__1;doSearch__1;reset__1;doClearTabs__1;doResetFields_complete_1;doGoToSelection__1;mousePressed_me_1;mouseReleased_me_1;mouseEntered_me_1;mouseExited_me_1;mouseClicked_me_1;myDoubleClick_tab_1
SequenceDisabled,__mM_o-LaEeCVSp8F0qHMxQ,GoStateToExit,n_goStateToExit_1;getChildren_parent_return_1;getDependencies_parent_return_1;getRuleName_return_1
SequenceDisabled,__rtKsuLaEeCVSp8F0qHMxQ,CrMultipleDeepHistoryStates,n_crMultipleDeepHistoryStates_1;LOG_1;serialVersionUID_1;getCriticizedDesignMaterials_return_1
SequenceDisabled,__2xLMOLaEeCVSp8F0qHMxQ,FigClassifierRole,n_figClassifierRole_1;DEFAULT_HEIGHT_1;DEFAULT_WIDTH_1;PADDING_1;cover_1;initClassifierRoleFigs__1;getNotationProviderType_return_1;clone_return_1;updateStereotypeText__1;setLineColor_col_1;getLineColor_return_1;setFillColor_col_1;getFillColor_return_1;isFilled_return_1;getLineWidth_return_1;getMinimumSize_return_1;makeSelection_return_1
SequenceDisabled,__3XoIuLaEeCVSp8F0qHMxQ,FigMNode,n_figMNode_1;textEditStarted_ft_1;getPopUpActions_me_return_1
SequenceDisabled,__8R9UOLaEeCVSp8F0qHMxQ,PropPanelUMLStateDiagram,n_propPanelUMLStateDiagram_1
SequenceDisabled,__8IMUuLaEeCVSp8F0qHMxQ,FigStubState,n_figStubState_1;LOG_1;X_1;Y_1;WIDTH_1;HEIGHT_1;referenceFig_1;stubline_1;initFigs__1;setOwner_node_1;clone_return_1;isResizable_return_1;makeSelection_return_1;setLineColor_col_1;getLineColor_return_1;setFillColor_col_1;getFillColor_return_1;isFilled_return_1;getLineWidth_return_1;setStandardBounds_theX_theY_theW_theH_1;modelChanged_mee_1;renderingChanged__1;updateReferenceText__1;addListeners_newOwner_1;removeListeners__1;updateListenersX_newOwner_oldV_1;updateListeners_oldV_newOwner_1;updateFont__1
SequenceDisabled,_AfafkOLbEeCVSp8F0qHMxQ,PropPanelAction,n_propPanelAction_1;argumentsScroll_1;initialize__1;addExtraActions__1
SequenceDisabled,_AqfuMOLbEeCVSp8F0qHMxQ,UMLAssociationEndAggregationRadioButtonPanel,n_uMLAssociationEndAggregationRadioButtonPanel_1;labelTextsAndActionCommands_1;buildModel__1
SequenceDisabled,_Auqcg-LbEeCVSp8F0qHMxQ,PropPanelModelElement,n_propPanelModelElement_1;namespaceSelector_1;supplierDependencyScroll_1;clientDependencyScroll_1;targetFlowScroll_1;sourceFlowScroll_1;constraintScroll_1;visibilityPanel_1;elementResidenceScroll_1;nameTextField_1;setTarget_target_1;getActions_return_1;navigateUp__1;getNamespaceSelector_return_1;getSupplierDependencyScroll_return_1;getClientDependencyScroll_return_1;getTargetFlowScroll_return_1;getSourceFlowScroll_return_1;getConstraintScroll_return_1;getVisibilityPanel_return_1;getElementResidenceScroll_return_1;getNameTextField_return_1
SequenceDisabled,_AyYe4OLbEeCVSp8F0qHMxQ,PropPanelSubsystem,n_propPanelSubsystem_1;featureScroll_1;serialVersionUID_1;getFeatureScroll_return_1
SequenceDisabled,_AyYe4uLbEeCVSp8F0qHMxQ,ActionNewOperation,n_actionNewOperation_1;ACTION_KEY_1;serialVersionUID_1
SequenceDisabled,_AzkxsuLbEeCVSp8F0qHMxQ,PredicateGefWrapper,n_predicateGefWrapper_1;predicate_1;evaluate_object_return_1;getGefPredicate_return_1
StateDisabled,_-rGCQOLaEeCVSp8F0qHMxQ,ToDoTreeRenderer,n_toDoTreeRenderer_1;postIt0_1;postIt25_1;postIt50_1;postIt75_1;postIt99_1;postIt100_1;postItD0_1;postItD25_1;postItD50_1;postItD75_1;postItD99_1;postItD100_1;lookupIconResource_name_return_1;getTreeCellRendererComponent_tree_value_sel_expanded_leaf_row_hasTheFocus_return_1
StateDisabled,_-pdqkeLaEeCVSp8F0qHMxQ,ToDoByPoster,n_toDoByPoster_1;LOG_1
StateDisabled,__M3SkuLaEeCVSp8F0qHMxQ,ResourceModelLoader,n_resourceModelLoader_1;LOG_1;clazz_1
StateDisabled,__PGHMeLaEeCVSp8F0qHMxQ,HashBag,n_hashBag_1;map_1;count_element_return_1;addAll_c_return_1;clear__1;contains_o_return_1;containsAll_c_return_1;isEmpty_return_1;iterator_return_1;remove_o_return_1;removeAll_c_return_1;retainAll_c_return_1;size_return_1;toArray_return_1;toString_return_1;equals_obj_return_1;hashCode_return_1
StateDisabled,__Q428uLaEeCVSp8F0qHMxQ,FigHead,n_figHead_1;nameFig_1;stereotypeFig_1;rectFig_1;DEFAULT_WIDTH_1;DEFAULT_HEIGHT_1;initialize_stereotypeFigure_nameFigure_1;getMinimumSize_return_1;getMinimumHeight_return_1;getMinimumWidth_return_1;setFilled_filled_1;getFillColor_return_1
StateDisabled,__n1XU-LaEeCVSp8F0qHMxQ,PredicateSearch,n_predicateSearch_1;matchDiagram_name_return_1;matchPackage_pkg_return_1;evaluate_element_return_1
StateDisabled,__y5-4uLaEeCVSp8F0qHMxQ,GraphChangeAdapter,n_graphChangeAdapter_1;INSTANCE_1;getInstance_return_1
StateDisabled,__4tE4-LaEeCVSp8F0qHMxQ,SequenceDiagramGraphModel,n_sequenceDiagramGraphModel_1;LOG_1;collaboration_1;interaction_1;serialVersionUID_1;getPorts_nodeOrEdge_return_1;getOwner_port_return_1;getInEdges_port_return_1;getOutEdges_port_return_1;canAddNode_node_return_1;canAddEdge_edge_return_1;addNode_node_1;addEdge_edge_1;canConnect_fromP_toP_edgeType_return_1;connect_fromPort_toPort_edgeType_return_1;vetoableChange_pce_1;getCollaboration_return_1;getInteraction_return_1;getHomeModel_return_1;setHomeModel_namespace_1;propertyChange_evt_1
StateDisabled,__7iWcOLaEeCVSp8F0qHMxQ,FigTransition,n_figTransition_1;endArrow_1;dashed_1;initializeTransition__1;setLayer_lay_1;setOwner_owner_1;initPorts_lay_owner_1;getNotationProviderType_return_1;renderingChanged__1;updateDashed__1;getPopUpActions_me_return_1;getDestination_return_1;getSource_return_1
StateDisabled,___sdsOLaEeCVSp8F0qHMxQ,UMLClassDiagram,n_uMLClassDiagram_1;serialVersionUID_1;LOG_1;actionAssociationClass_1;actionClass_1;actionInterface_1;actionDependency_1;actionPermission_1;actionUsage_1;actionLink_1;actionGeneralization_1;actionRealization_1;actionPackage_1;actionModel_1;actionSubsystem_1;actionAssociation_1;actionAssociationEnd_1;actionAggregation_1;actionComposition_1;actionUniAssociation_1;actionUniAggregation_1;actionUniComposition_1;actionDataType_1;actionEnumeration_1;actionStereotype_1;actionSignal_1;actionException_1;setNamespace_ns_1;getUmlActions_return_1;getDataTypeActions_return_1;getPackageActions_return_1;getDependencyActions_return_1;getAssociationActions_return_1;getAggregationActions_return_1;getCompositionActions_return_1;getLabelName_return_1;getActionAggregation_return_1;getActionAssociation_return_1;getActionAssociationEnd_return_1;getActionClass_return_1;getActionAssociationClass_return_1;getActionComposition_return_1;getActionDependency_return_1;getActionGeneralization_return_1;getActionInterface_return_1;getActionLink_return_1;getActionModel_return_1;getActionPackage_return_1;getActionPermission_return_1;getActionRealization_return_1;getActionSubsystem_return_1;getActionUniAggregation_return_1;getActionUniAssociation_return_1;getActionUniComposition_return_1;getActionUsage_return_1;getActionDataType_return_1;getActionEnumeration_return_1;getActionStereotype_return_1;getActionSignal_return_1;getActionException_return_1;isRelocationAllowed_base_return_1;getRelocationCandidates_root_return_1;relocate_base_return_1;encloserChanged_enclosed_oldEncloser_newEncloser_1;doesAccept_objectToAccept_return_1;drop_droppedObject_location_return_1
StateDisabled,_AIU1QOLbEeCVSp8F0qHMxQ,ArgoFigText,n_argoFigText_1;notifier_1;deleteFromModel__1;removeNotificationListener_listener_filter_handback_1;addNotificationListener_listener_filter_handback_1;getNotificationInfo_return_1;removeNotificationListener_listener_1;renderingChanged__1;updateFont__1;getFigFontStyle_return_1;setOwner_own_1;updateListeners_oldOwner_newOwner_1;propertyChange_pce_1
StateDisabled,_ADRWIOLbEeCVSp8F0qHMxQ,DiagramNameDocument,n_diagramNameDocument_1;LOG_1;field_1;stopEvents_1;highlightTag_1
StateDisabled,_AWo-EOLbEeCVSp8F0qHMxQ,ActionReopenProject,n_actionReopenProject_1;filename_1;getFilename_return_1
StateDisabled,_AZKtoOLbEeCVSp8F0qHMxQ,SaveGraphicsManager,n_saveGraphicsManager_1;MIN_MARGIN_1;otherFilters_1;setDefaultFilterBySuffix_suffix_1;setFileChooserFilters_chooser_defaultName_1;getDefaultSuffix_return_1;fixExtension_in_return_1;getSaveActionBySuffix_suffix_return_1;getSettingsList_return_1;adjustDrawingArea_area_return_1
StateDisabled,_AZKtouLbEeCVSp8F0qHMxQ,FileFilterChangedListener,n_fileFilterChangedListener_1;chooser_1;defaultName_1;propertyChange_evt_1
StateDisabled,_AZKtpOLbEeCVSp8F0qHMxQ,Anonymous1,n_anonymous1_1
StateDisabled,_AaDedeLbEeCVSp8F0qHMxQ,PropPanelActivityGraph,n_propPanelActivityGraph_1;initialize__1
StateDisabled,_AaDed-LbEeCVSp8F0qHMxQ,UMLActivityGraphPartiitionListModel,n_uMLActivityGraphPartiitionListModel_1;buildModelList__1;isValidElement_element_return_1
StateDisabled,_AiGAJOLbEeCVSp8F0qHMxQ,ActionNewSignalEvent,n_actionNewSignalEvent_1;singleton_1;createEvent_ns_return_1;getSingleton_return_1
StateDisabled,_Aq8aIOLbEeCVSp8F0qHMxQ,PropPanelInterface,n_propPanelInterface_1;serialVersionUID_1
UsecaseDisabled,__EFxEuLaEeCVSp8F0qHMxQ,AssociationEndNameNotationUml,n_associationEndNameNotationUml_1;getInstance_return_1;getParsingHelp_return_1;parse_modelElement_text_1;parseAssociationEnd_role_text_1;toString_modelElement_args_return_1;toString_modelElement_showVisibility_useGuillemets_return_1
UsecaseDisabled,__e6E0OLaEeCVSp8F0qHMxQ,ExplorerPopup,n_explorerPopup_1;createDiagrams_1;LOG_1;MODEL_ELEMENT_MENUITEMS_1;serialVersionUID_1;initMenuCreateDiagrams__1;initMenuCreateModelElements__1;addCreateModelElementAction_menuItems_metaType_relationshipDescr_1;buildDirectionalCreateMenuItem_metaType_source_dest_relationshipDescr_menu_1;menuLocalize_key_return_1;addMenuItemForBothEndsOf_edge_1
UsecaseDisabled,__fWwweLaEeCVSp8F0qHMxQ,ActionCreateAssociationRole,n_actionCreateAssociationRole_1;metaType_1;classifierRoles_1
UsecaseDisabled,__fghweLaEeCVSp8F0qHMxQ,GoStateToInternalTrans,n_goStateToInternalTrans_1;getRuleName_return_1;getChildren_parent_return_1;getDependencies_parent_return_1
UsecaseDisabled,__gs0kOLaEeCVSp8F0qHMxQ,IncomingDependencyNode,n_incomingDependencyNode_1;parent_1;getParent_return_1;toString_return_1;subsumes_obj_return_1
UsecaseDisabled,__n1XUeLaEeCVSp8F0qHMxQ,DocumentationManager,n_documentationManager_1;LINE_SEPARATOR_1;getDocs_o_indent_return_1;getDocs_o_indent_header_prefix_footer_return_1;hasDocs_o_return_1;defaultFor_o_indent_return_1;getComments_o_return_1;getComments_o_header_prefix_footer_return_1;appendComment_sb_prefix_comment_nlprefix_return_1
UsecaseDisabled,_AAvmkuLbEeCVSp8F0qHMxQ,FigPackage,n_figPackage_1;LOG_1;MIN_HEIGHT_1;MIN_WIDTH_1;width_1;height_1;indentX_1;textH_1;tabHeight_1;body_1;stereotypeVisible_1;serialVersionUID_1;initialize__1;clone_return_1;setLineColor_col_1;getLineColor_return_1;setFillColor_col_1;getFillColor_return_1;isFilled_return_1;getLineWidth_return_1;updateStereotypeText__1;classNameAndBounds_return_1;getUseTrapRect_return_1;getMinimumSize_return_1;getPopUpActions_me_return_1;doStereotype_value_1;doVisibility_value_1;isStereotypeVisible_return_1;setStereotypeVisible_isVisible_1;isVisibilityVisible_return_1;setVisibilityVisible_isVisible_1;textEditStarted_ft_1;getClosestPoint_anotherPt_return_1;modelChanged_mee_1
UsecaseDisabled,_ABLrceLbEeCVSp8F0qHMxQ,ShowVisibilityAction,n_showVisibilityAction_1;ACTION_KEY_1;serialVersionUID_1;actionPerformed_ae_1
UsecaseDisabled,_AKG98OLbEeCVSp8F0qHMxQ,FigAssociation,n_figAssociation_1;LOG_1;setOwner_owner_1;renderingChanged__1;initNotationProviders_own_1;initializeNotationProvidersInternal_own_1;updateListeners_oldOwner_newOwner_1;getNotationProviderType_return_1;textEdited_ft_1;textEditStarted_ft_1;applyArrowHeads__1;getPopUpActions_me_return_1;updateMultiplicity__1;layoutEdge__1;updateNameText__1
UsecaseDisabled,_AJ0DBOLbEeCVSp8F0qHMxQ,ImageSelection,n_imageSelection_1;supportedFlavors_1;diagramImage_1;getTransferDataFlavors_return_1;isDataFlavorSupported_parFlavor_return_1;getTransferData_parFlavor_return_1
UsecaseDisabled,_AD3MA-LbEeCVSp8F0qHMxQ,ActionModifierRoot,n_actionModifierRoot_1;serialVersionUID_1;valueOfTarget_t_return_1
UsecaseDisabled,_AET38-LbEeCVSp8F0qHMxQ,StatusBarAdapter,n_statusBarAdapter_1;showStatus_statusText_1
UsecaseDisabled,_AYbGwOLbEeCVSp8F0qHMxQ,ActionNavigateOppositeAssocEnd,n_actionNavigateOppositeAssocEnd_1;serialVersionUID_1;navigateTo_source_return_1;isEnabled_return_1
UsecaseDisabled,_AU2OU-LbEeCVSp8F0qHMxQ,UMLConditionExpressionModel,n_uMLConditionExpressionModel_1;LOG_1;getExpression_return_1;setExpression_expression_1;newExpression_return_1
UsecaseDisabled,_ATEFouLbEeCVSp8F0qHMxQ,UMLList2,n_uMLList2_1;LOG_1;getTarget_return_1;showPopup_event_1;hasPopup_return_1
UsecaseDisabled,_AYRVweLbEeCVSp8F0qHMxQ,UMLLinkMouseListener,n_uMLLinkMouseListener_1;owner_1;numberOfMouseClicks_1
UsecaseDisabled,_Ae9zpOLbEeCVSp8F0qHMxQ,ActionAddReceptionSignal,n_actionAddReceptionSignal_1;serialVersionUID_1;getChoices_return_1;getSelected_return_1;getDialogTitle_return_1;doIt_selected_1
UsecaseDisabled,_ApAgcOLbEeCVSp8F0qHMxQ,UMLModelElementVisibilityRadioButtonPanel,n_uMLModelElementVisibilityRadioButtonPanel_1;serialVersionUID_1;labelTextsAndActionCommands_1;buildModel__1;setEnabled_enabled_1
UsecaseDisabled,_Av2vVOLbEeCVSp8F0qHMxQ,ActionAddClientDependencyAction,n_actionAddClientDependencyAction_1;doIt_selected_1;getChoices_return_1;getDialogTitle_return_1;getSelected_return_1
