ActivityDisabled,_-1zdcuLaEeCVSp8F0qHMxQ,AggregationKindEUMLImpl,n_aggregationKindEUMLImpl_1;getAggregate_return_1;getComposite_return_1;getNone_return_1
ActivityDisabled,_-_CR8eLaEeCVSp8F0qHMxQ,ExtensionMechanismsHelperMDRImpl,n_extensionMechanismsHelperMDRImpl_1;LOG_1;packageMap_1;getStereotypes_ns_return_1;getStereotype_ns_stereo_return_1;getStereotype_models_stereo_return_1;getMetaModelName_m_return_1;getAllPossibleStereotypes_models_modelElement_return_1;isApplicableStereo_element_stereo_return_1;getNames_elements_return_1;isValidStereotype_theModelElement_theStereotype_return_1;getStereotypes_models_return_1;addCopyStereotype_modelElement_stereotype_1;isStereotype_object_name_base_return_1;isStereotypeInh_object_name_base_return_1;addExtendedElement_handle_extendedElement_1;addBaseClass_handle_baseClass_1;removeBaseClass_handle_baseClass_1;setIcon_handle_icon_1;setValueOfTag_handle_value_1;setDataValues_handle_values_1;addTaggedValue_handle_taggedValue_1;removeTaggedValue_handle_taggedValue_1;setTaggedValue_handle_taggedValues_1;setTagType_handle_tagType_1;setType_handle_type_1;hasStereotype_handle_name_return_1
ActivityDisabled,__MuIoOLaEeCVSp8F0qHMxQ,FileModelLoader,n_fileModelLoader_1;LOG_1
ActivityDisabled,__RCA4-LaEeCVSp8F0qHMxQ,FigLifeLine,n_figLifeLine_1;serialVersionUID_1;lineFig_1;rectFig_1;activations_1;stackedActivations_1;WIDTH_1;HEIGHT_1;createActivations_messages_1;addActivations_activationFigs_1;createStandardActivations_figMessages_return_1;createStackedActivations_figMessages_return_1;hasIncomingCallActionFirst_figMessages_return_1;clearActivations__1;setFilled_filled_1
ActivityDisabled,__TQ1geLaEeCVSp8F0qHMxQ,JasonsHugeTheme,n_jasonsHugeTheme_1;primary1_1;primary2_1;primary3_1;secondary1_1;secondary2_1;secondary3_1;controlFont_1;systemFont_1;windowTitleFont_1;userFont_1;smallFont_1;getName_return_1;getPrimary1_return_1;getPrimary2_return_1;getPrimary3_return_1;getSecondary1_return_1;getSecondary2_return_1;getSecondary3_return_1;getControlTextFont_return_1;getSystemTextFont_return_1;getUserTextFont_return_1;getMenuTextFont_return_1;getSubTextFont_return_1;getWindowTitleFont_return_1
ActivityDisabled,__kHU8-LaEeCVSp8F0qHMxQ,GoOperationToSequenceDiagram,n_goOperationToSequenceDiagram_1;getRuleName_return_1;getChildren_parent_return_1;getDependencies_parent_return_1
ActivityDisabled,__uYrQuLaEeCVSp8F0qHMxQ,CrInvalidJoinTriggerOrGuard,n_crInvalidJoinTriggerOrGuard_1;serialVersionUID_1;getCriticizedDesignMaterials_return_1
ActivityDisabled,__tCncuLaEeCVSp8F0qHMxQ,CrTooManyClasses,n_crTooManyClasses_1;CLASS_THRESHOLD_1;serialVersionUID_1;getCriticizedDesignMaterials_return_1
ActivityDisabled,__2xLMOLaEeCVSp8F0qHMxQ,FigClassifierRole,n_figClassifierRole_1;DEFAULT_HEIGHT_1;DEFAULT_WIDTH_1;PADDING_1;cover_1;initClassifierRoleFigs__1;getNotationProviderType_return_1;clone_return_1;updateStereotypeText__1;setLineColor_col_1;getLineColor_return_1;setFillColor_col_1;getFillColor_return_1;isFilled_return_1;getLineWidth_return_1;getMinimumSize_return_1;makeSelection_return_1
ActivityDisabled,__-XA8eLaEeCVSp8F0qHMxQ,ClassdiagramGeneralizationEdge,n_classdiagramGeneralizationEdge_1
ActivityDisabled,_AKG98uLbEeCVSp8F0qHMxQ,FigMultiplicity,n_figMultiplicity_1;getNotationProviderType_return_1
ActivityDisabled,_AJq5EeLbEeCVSp8F0qHMxQ,ActionSetMode,n_actionSetMode_1;LOG_1;putToolTip_key_1;putIcon_key_1
ActivityDisabled,_AbisMOLbEeCVSp8F0qHMxQ,PropPanelCollaboration,n_propPanelCollaboration_1;serialVersionUID_1
ActivityDisabled,_Af3Lg-LbEeCVSp8F0qHMxQ,UMLLinkConnectionListModel,n_uMLLinkConnectionListModel_1;serialVersionUID_1;buildModelList__1;isValidElement_element_return_1;moveDown_index_1;moveToBottom_index_1;moveToTop_index_1
ActivityDisabled,_Ak_jIeLbEeCVSp8F0qHMxQ,ActionSetCompositeStateConcurrent,n_actionSetCompositeStateConcurrent_1;SINGLETON_1;getInstance_return_1
ActivityDisabled,_AvaDYOLbEeCVSp8F0qHMxQ,PropPanelDependency,n_propPanelDependency_1;serialVersionUID_1;supplierScroll_1;clientScroll_1;getSupplierScroll_return_1;getClientScroll_return_1
ActivityDisabled,_AwmWNOLbEeCVSp8F0qHMxQ,ActionSetMetaClass,n_actionSetMetaClass_1;SINGLETON_1
CollabDisabled,__HzzcuLaEeCVSp8F0qHMxQ,OCLExpander,n_oCLExpander_1;createEvaluator__1
CollabDisabled,__NK0lOLaEeCVSp8F0qHMxQ,ZipModelLoader,n_zipModelLoader_1;LOG_1;openZipStreamAt_url_ext_return_1
CollabDisabled,__OzMQOLaEeCVSp8F0qHMxQ,EvaluateExpression,n_evaluateExpression_1;LOG_1;vt_1;val_1;fwd_1;getValue_return_1;caseAIfExpression_node_1;caseALogicalExpressionTail_node_1;caseARelationalExpressionTail_node_1;caseAAdditiveExpressionTail_node_1;caseAMultiplicativeExpressionTail_node_1;caseAUnaryUnaryExpression_node_1;caseAPostfixExpressionTail_node_1;caseAFeaturePrimaryExpression_node_1;outAEmptyFeatureCallParameters_node_1;caseAFeatureCallParameters_node_1;loadState_state_1;saveState_return_1;caseAStandardDeclarator_node_1;outAIterateDeclarator_node_1;caseALetExpression_node_1;outAStringLiteral_node_1;outARealLiteral_node_1;outAIntegerLiteral_node_1;outABooleanLiteral_node_1;outAEnumLiteral_node_1;caseALiteralCollection_node_1;caseAExpressionListOrRange_node_1;caseAListExpressionListOrRangeTail_node_1;caseAFeatureCall_node_1;caseAActualParameterList_node_1;asBoolean_value_node_return_1;asInteger_value_node_return_1;runFeatureCall_subject_feature_type_parameters_return_1;errorNotType_node_type_dft_1;error_node_1
CollabDisabled,__XB7MuLaEeCVSp8F0qHMxQ,ActionSettings,n_actionSettings_1;serialVersionUID_1;actionPerformed_event_1
CollabDisabled,__Zs0suLaEeCVSp8F0qHMxQ,ActionSelectInvert,n_actionSelectInvert_1
CollabDisabled,__k270OLaEeCVSp8F0qHMxQ,GoNamespaceToDiagram,n_goNamespaceToDiagram_1;getRuleName_return_1;getChildren_namespace_return_1;getDependencies_parent_return_1
CollabDisabled,__30UE-LaEeCVSp8F0qHMxQ,DeploymentDiagramPropPanelFactory,n_deploymentDiagramPropPanelFactory_1
CollabDisabled,__71RYuLaEeCVSp8F0qHMxQ,FigBranchState,n_figBranchState_1;WIDTH_1;HEIGHT_1;head_1;bp_1;serialVersionUID_1;initFigs__1;getClosestPoint_anotherPt_return_1;clone_return_1;isResizable_return_1;setLineColor_col_1;getLineColor_return_1;setFillColor_col_1;getFillColor_return_1;isFilled_return_1;getLineWidth_return_1;mouseClicked_me_1
CollabDisabled,_AAJJouLbEeCVSp8F0qHMxQ,SelectionInterface,n_selectionInterface_1;realiz_1;inherit_1;icons_1;instructions_1;getNewNode_index_return_1;getNewEdgeType_index_return_1;getNewNodeType_index_return_1;getIcons_return_1;getInstructions_index_return_1;isReverseEdge_index_return_1
CollabDisabled,_APf0QOLbEeCVSp8F0qHMxQ,ImportClasspathDialog,n_importClasspathDialog_1;paths_1;pathsModel_1;addButton_1;removeButton_1;chooser_1;setting_1;updatePathList__1
CollabDisabled,_AXhu4eLbEeCVSp8F0qHMxQ,AbstractActionRemoveElement,n_abstractActionRemoveElement_1;target_1;objectToRemove_1;getTarget_return_1;setTarget_theTarget_1;getObjectToRemove_return_1;setObjectToRemove_theObjectToRemove_1;isEnabled_return_1
CollabDisabled,_AR3y0OLbEeCVSp8F0qHMxQ,UMLChangeDispatch,n_uMLChangeDispatch_1;eventType_1;container_1;target_1;TARGET_CHANGED_ADD_1;TARGET_CHANGED_1;TARGET_REASSERTED_1;targetChanged__1;targetReasserted__1;run__1;dispatch_theAWTContainer_1;synchronizedDispatch_cont_1
CollabDisabled,_AVcrQuLbEeCVSp8F0qHMxQ,PropPanel,n_propPanel_1;LOG_1;target_1;modelElement_1;listenerList_1;buttonPanel_1;titleLabel_1;actions_1;stdFont_1;setOrientation_orientation_1;addAction_action_1;addAction_action_tooltip_1;addAction_actionArray_1;buildToolbar__1;getActions_return_1;addField_label_component_return_1;createLabelFor_label_comp_return_1;addFieldAfter_label_component_afterComponent_return_1;addFieldBefore_label_component_beforeComponent_return_1;addSeparator__1;collectTargetListeners_container_return_1;collectTargetListenerActions_return_1;getTarget_return_1;refresh__1;shouldBeEnabled_t_return_1;getDisplayNamespace_return_1;getModelElement_return_1;formatElement_element_return_1;formatNamespace_namespace_return_1;formatCollection_iter_return_1;getDeleteAction_return_1;isRemovableElement_return_1;setTitleLabel_theTitleLabel_1;getTitleLabel_return_1;createBorderPanel_title_return_1;setButtonPanelSize_height_1;lookupIcon_name_return_1
CollabDisabled,_AVl1MeLbEeCVSp8F0qHMxQ,TargettableButton,n_targettableButton_1
CollabDisabled,_AhfjM-LbEeCVSp8F0qHMxQ,PropPanelLinkEnd,n_propPanelLinkEnd_1;serialVersionUID_1
CollabDisabled,_Amxr1OLbEeCVSp8F0qHMxQ,PropPanelExtensionPoint,n_propPanelExtensionPoint_1;serialVersionUID_1;navigateUp__1
CollabDisabled,_Am7c0eLbEeCVSp8F0qHMxQ,ActionNewExtensionPoint,n_actionNewExtensionPoint_1
CollabDisabled,_ArZGFOLbEeCVSp8F0qHMxQ,PropPanelComment,n_propPanelComment_1;serialVersionUID_1
CollabDisabled,_AyiP5-LbEeCVSp8F0qHMxQ,ElementImportPackageListModel,n_elementImportPackageListModel_1;buildModelList__1;isValidElement_element_return_1
DeployDisabled,_-e5ZUOLaEeCVSp8F0qHMxQ,StartCritics,n_startCritics_1;LOG_1;run__1
DeployDisabled,_-mLtEeLaEeCVSp8F0qHMxQ,AbstractCognitiveTranslator,n_abstractCognitiveTranslator_1;i18nlocalize_key_return_1;i18nmessageFormat_key_args_return_1
DeployDisabled,_-0eAsOLaEeCVSp8F0qHMxQ,AbstractModelEventPump,n_abstractModelEventPump_1;addModelEventListener_listener_modelelement_eventNames_1;addModelEventListener_listener_modelelement_eventName_1;addModelEventListener_listener_modelelement_1;removeModelEventListener_listener_modelelement_eventNames_1;removeModelEventListener_listener_modelelement_eventName_1;removeModelEventListener_listener_modelelement_1;addClassModelEventListener_listener_modelClass_eventNames_1;addClassModelEventListener_listener_modelClass_eventName_1;removeClassModelEventListener_listener_modelClass_eventNames_1;removeClassModelEventListener_listener_modelClass_eventName_1
DeployDisabled,__BaQg-LaEeCVSp8F0qHMxQ,SDNotationSettings,n_sDNotationSettings_1;showSequenceNumbers_1;isShowSequenceNumbers_return_1;setShowSequenceNumbers_showThem_1
DeployDisabled,__KMZEuLaEeCVSp8F0qHMxQ,UmlFilePersister,n_umlFilePersister_1;PERSISTENCE_VERSION_1;UML_PHASES_LOAD_1;LOG_1;ARGO_TEE_1;getExtension_return_1;getDesc_return_1;isSaveEnabled_return_1;checkVersion_fileVersion_releaseVersion_return_1;transform_file_version_return_1;getPersistenceVersionFromFile_file_return_1;getPersistenceVersion_inputStream_return_1;getReleaseVersionFromFile_file_return_1;getReleaseVersion_inputStream_return_1;getVersion_rootLine_return_1;hasAnIcon_return_1
DeployDisabled,__KVjAeLaEeCVSp8F0qHMxQ,XmlFilterOutputStream,n_xmlFilterOutputStream_1;decoder_1;headerProcessed_1;BUFFER_SIZE_1;bytes_1;outBB_1;inBB_1;outCB_1;xmlDeclarationPattern_1;startEntry__1;resetBuffers__1;write_b_off_len_1;processHeader__1;close__1;reallyClose__1;flush__1
DeployDisabled,__YXX8uLaEeCVSp8F0qHMxQ,PredicateMType,n_predicateMType_1;serialVersionUID_1;toString_return_1
DeployDisabled,__bMCceLaEeCVSp8F0qHMxQ,ZoomActionProxy,n_zoomActionProxy_1;zoomFactor_1;actionPerformed_arg0_1
DeployDisabled,__hSqdOLaEeCVSp8F0qHMxQ,GoCompositeStateToSubvertex,n_goCompositeStateToSubvertex_1;getRuleName_return_1;getChildren_parent_return_1;getDependencies_parent_return_1
DeployDisabled,__u-hIeLaEeCVSp8F0qHMxQ,CrMultipleAgg,n_crMultipleAgg_1;getCriticizedDesignMaterials_return_1
DeployDisabled,__pxRAuLaEeCVSp8F0qHMxQ,CrMissingOperName,n_crMissingOperName_1;getCriticizedDesignMaterials_return_1
DeployDisabled,__1upYOLaEeCVSp8F0qHMxQ,FigCallState,n_figCallState_1;getNotationProviderType_return_1;clone_return_1;makeSelection_return_1
DeployDisabled,__9dpEuLaEeCVSp8F0qHMxQ,FigSubmachineState,n_figSubmachineState_1;INCLUDE_HEIGHT_1;WIDTH_1;cover_1;divider_1;divider2_1;circle1_1;circle2_1;circle1tocircle2_1;include_1;initFigs__1;setOwner_node_1;clone_return_1;getMinimumSize_return_1;getUseTrapRect_return_1;setLineColor_col_1;getLineColor_return_1;setFillColor_col_1;getFillColor_return_1;isFilled_return_1;getLineWidth_return_1;modelChanged_mee_1;updateListeners_oldOwner_newOwner_1;updateListenersX_newOwner_oldV_1;updateInclude__1;generateSubmachine_m_return_1;getInitialHeight_return_1;getInitialWidth_return_1;getInitialX_return_1;getInitialY_return_1
DeployDisabled,_AJEcI-LbEeCVSp8F0qHMxQ,ModeAddToDiagram,n_modeAddToDiagram_1;serialVersionUID_1;modelElements_1;addRelatedEdges_1;instructions_1;LOG_1;instructions_return_1;getInitialCursor_return_1;mouseReleased_me_1;keyTyped_ke_1
DeployDisabled,_AaXAcuLbEeCVSp8F0qHMxQ,UMLCISStateListModel,n_uMLCISStateListModel_1;serialVersionUID_1;buildModelList__1;isValidElement_elem_return_1
DeployDisabled,_Ab2OM-LbEeCVSp8F0qHMxQ,UMLMessageActionListModel,n_uMLMessageActionListModel_1;buildModelList__1;isValidElement_elem_return_1
DeployDisabled,_Av2vUOLbEeCVSp8F0qHMxQ,ActionSetAssociationEndNavigable,n_actionSetAssociationEndNavigable_1;SINGLETON_1;getInstance_return_1
DeployDisabled,_A1D_cOLbEeCVSp8F0qHMxQ,AwtExceptionHandler,n_awtExceptionHandler_1;LOG_1;registerExceptionHandler__1
Original,_-k2QUuLaEeCVSp8F0qHMxQ,StandardCM,n_standardCM_1
Original,_-pA-ouLaEeCVSp8F0qHMxQ,WizStepConfirm,n_wizStepConfirm_1;instructions_1;serialVersionUID_1
Original,_-pT5kOLaEeCVSp8F0qHMxQ,DesignIssuesDialog,n_designIssuesDialog_1;mainPanel_1;slidersToDecisions_1;slidersToDigits_1;initMainPanel__1;stateChanged_ce_1;getValueText_priority_return_1
Original,_-r1pIuLaEeCVSp8F0qHMxQ,GoListToDecisionsToItems,n_goListToDecisionsToItems_1;getChild_parent_index_return_1;getChildCountCond_parent_stopafterone_return_1;getChildCount_parent_return_1;hasChildren_parent_return_1;getIndexOfChild_parent_child_return_1;isLeaf_node_return_1;valueForPathChanged_path_newValue_1;getDecisionList_return_1
Original,_-scGEOLaEeCVSp8F0qHMxQ,Configuration,n_configuration_1;FILE_LOADED_1;URL_LOADED_1;FILE_SAVED_1;URL_SAVED_1;load_return_1;load_file_return_1;load_url_return_1;save_return_1;save_force_return_1;addListener_pcl_1;removeListener_pcl_1
Original,_-yr4AuLaEeCVSp8F0qHMxQ,AbstractUseCasesHelperDecorator,n_abstractUseCasesHelperDecorator_1;getExtensionPoints_useCase_return_1;getAllUseCases_ns_return_1;getAllActors_ns_return_1;getExtendedUseCases_ausecase_return_1;getExtends_abase_anextension_return_1;getIncludedUseCases_ausecase_return_1;getIncludes_abase_aninclusion_return_1;getSpecificationPath_ausecase_return_1;setBase_extend_base_1;removeExtend_elem_extend_1;removeExtensionPoint_elem_ep_1;removeInclude_usecase_include_1;addExtend_elem_extend_1;addExtensionPoint_handle_extensionPoint_1;addExtensionPoint_handle_position_extensionPoint_1;addInclude_usecase_include_1;setAddition_handle_useCase_1;setCondition_handle_booleanExpression_1;setExtension_handle_ext_1;setExtensionPoints_handle_extensionPoints_1;setIncludes_handle_includes_1;setLocation_handle_loc_1;setUseCase_elem_usecase_1
Original,_-6tyouLaEeCVSp8F0qHMxQ,MetaTypesMDRImpl,n_metaTypesMDRImpl_1;getName_modelElement_return_1;getAbstraction_return_1;getAction_return_1;getActionExpression_return_1;getActionState_return_1;getActor_return_1;getAggregationKind_return_1;getArtifact_return_1;getAssociation_return_1;getAssociationClass_return_1;getAssociationEnd_return_1;getAssociationEndRole_return_1;getAssociationRole_return_1;getAttribute_return_1;getBehavioralFeature_return_1;getBinding_return_1;getBooleanExpression_return_1;getCallAction_return_1;getCallConcurrencyKind_return_1;getCallState_return_1;getUMLClass_return_1;getClassifier_return_1;getClassifierRole_return_1;getCollaboration_return_1;getComment_return_1;getComponent_return_1;getComponentInstance_return_1;getCompositeState_return_1;getConstraint_return_1;getCreateAction_return_1;getDataType_return_1;getDependency_return_1;getDestroyAction_return_1;getEnumeration_return_1;getEnumerationLiteral_return_1;getElementImport_return_1;getEvent_return_1;getException_return_1;getExtend_return_1;getExtensionPoint_return_1;getFinalState_return_1;getGeneralizableElement_return_1;getGeneralization_return_1;getGuard_return_1;getInclude_return_1;getInstance_return_1;getInterface_return_1;getLink_return_1;getMessage_return_1;getModel_return_1;getModelElement_return_1;getMultiplicity_return_1;getNamespace_return_1;getNode_return_1;getNodeInstance_return_1;getObject_return_1;getObjectFlowState_return_1;getOperation_return_1;getPackage_return_1;getParameter_return_1;getParameterDirectionKind_return_1;getPartition_return_1;getPackageImport_return_1;getPseudostate_return_1;getPseudostateKind_return_1;getReception_return_1;getReturnAction_return_1;getScopeKind_return_1;getSendAction_return_1;getSignal_return_1;getSimpleState_return_1;getState_return_1;getStateMachine_return_1;getStateVertex_return_1;getStereotype_return_1;getStimulus_return_1;getStubState_return_1;getSubactivityState_return_1;getSubmachineState_return_1;getSubsystem_return_1;getSynchState_return_1;getTemplateArgument_return_1;getTemplateParameter_return_1;getTerminateAction_return_1;getTransition_return_1;getUsage_return_1;getUseCase_return_1;getVisibilityKind_return_1;getTagDefinition_return_1;getTaggedValue_return_1;getInteraction_return_1;getActionSequence_return_1;getArgument_return_1;getAttributeLink_return_1;getCallEvent_return_1;getChangeEvent_return_1;getClassifierInState_return_1;getCollaborationInstanceSet_return_1;getDataValue_return_1;getElement_return_1;getElementResidence_return_1;getExpression_return_1;getFeature_return_1;getFlow_return_1;getInteractionInstanceSet_return_1;getLinkEnd_return_1;getLinkObject_return_1;getMethod_return_1;getMultiplicityRange_return_1;getPrimitiveType_return_1;getRelationship_return_1;getSignalEvent_return_1;getStructuralFeature_return_1;getSubsystemInstance_return_1;getTimeEvent_return_1;getUninterpretedAction_return_1
Original,__VY8dOLaEeCVSp8F0qHMxQ,ChildGenSearch,n_childGenSearch_1;childIterator_o_return_1
Original,__kRF8OLaEeCVSp8F0qHMxQ,GoStateMachineToTransition,n_goStateMachineToTransition_1;getRuleName_return_1;getChildren_parent_return_1;getDependencies_parent_return_1
Original,__1upYuLaEeCVSp8F0qHMxQ,SelectionCallState,n_selectionCallState_1;getNewNodeType_buttonCode_return_1;getNewNode_buttonCode_return_1
Original,__2LVUeLaEeCVSp8F0qHMxQ,CollabDiagramRenderer,n_collabDiagramRenderer_1;LOG_1;getFigNodeFor_gm_lay_node_styleAttributes_return_1;getFigEdgeFor_gm_lay_edge_styleAttributes_return_1
Original,_ADHlIeLbEeCVSp8F0qHMxQ,FigTextGroup,n_figTextGroup_1;supressCalcBounds_1;updateFigTexts__1;calcBounds__1;removeFromDiagram__1;deleteFromModel__1;mousePressed_me_1;mouseReleased_me_1;mouseEntered_me_1;mouseExited_me_1;mouseClicked_me_1;hit_r_return_1;contains_x_y_return_1
Original,_AEwj4-LbEeCVSp8F0qHMxQ,ArgoFigUtil,n_argoFigUtil_1;markPosition_fe_pct_delta_angle_offset_color_1
Original,_AMyegOLbEeCVSp8F0qHMxQ,TempFileUtils,n_tempFileUtils_1;LOG_1;createTempDir_return_1;readAllFiles_dir_return_1;deleteDir_dir_1;readFileNames_dir_return_1
Original,_AZwjgOLbEeCVSp8F0qHMxQ,ActionAddEventAsTrigger,n_actionAddEventAsTrigger_1;SINGLETON_1;getChoices_return_1;getSelected_return_1;getDialogTitle_return_1;doIt_selected_1
Original,_AnhSsuLbEeCVSp8F0qHMxQ,ActionNewUseCase,n_actionNewUseCase_1
Original,_Ar1yBOLbEeCVSp8F0qHMxQ,ActionSetFeatureOwnerScope,n_actionSetFeatureOwnerScope_1;SINGLETON_1;getInstance_return_1
SequenceDisabled,_-myKAOLaEeCVSp8F0qHMxQ,ToDoItem,n_toDoItem_1;INTERRUPTIVE_PRIORITY_1;HIGH_PRIORITY_1;MED_PRIORITY_1;LOW_PRIORITY_1;theHeadline_1;thePriority_1;theDescription_1;theMoreInfoURL_1;cachedExpandedHeadline_1;cachedExpandedDescription_1;serialVersionUID_1;checkArgument_dm_1;getHeadline_return_1;getDescription_return_1;getMoreInfoURL_return_1;getPriority_return_1;getProgress_return_1;getClarifier_return_1;containsKnowledgeType_type_return_1;hashCode_return_1;equals_o_return_1;select__1;deselect__1;action__1;changed__1;fixIt__1;canFixIt_return_1;toString_return_1
SequenceDisabled,__V-yUuLaEeCVSp8F0qHMxQ,DisplayTextTree,n_displayTextTree_1;LOG_1;expandedPathsInModel_1;reexpanding_1;showStereotype_1;serialVersionUID_1;convertValueToText_value_selected_expanded_leaf_row_hasFocus_return_1;formatExtensionPoint_value_return_1;formatTaggedValueLabel_value_return_1;formatTransitionLabel_value_return_1;generateStereotype_st_return_1;getModelElementDisplayName_modelElement_return_1;fireTreeExpanded_path_1;fireTreeCollapsed_path_1;setModel_newModel_1;getExpandedPaths_return_1;reexpand__1;setShowStereotype_show_1
SequenceDisabled,__SOTsOLaEeCVSp8F0qHMxQ,SplashScreen,n_splashScreen_1;paintCalled_1;setPaintCalled_called_1;isPaintCalled_return_1
SequenceDisabled,__XeAEOLaEeCVSp8F0qHMxQ,StylePanelFig,n_stylePanelFig_1;LOG_1;CUSTOM_ITEM_1;bboxLabel_1;bboxField_1;fillLabel_1;fillField_1;lineLabel_1;lineField_1;stereoLabel_1;stereoField_1;serialVersionUID_1;initChoices__1;hasEditableBoundingBox_value_1;refresh__1;setTargetBBox__1;parseBBox_return_1;handleCustomColor_field_title_targetColor_1;setTargetFill__1;setTargetLine__1;getBBoxLabel_return_1;getBBoxField_return_1;getFillLabel_return_1;getFillField_return_1;getLineLabel_return_1;getLineField_return_1;getCustomItemName_return_1
SequenceDisabled,__XLFIeLaEeCVSp8F0qHMxQ,SwingWorker,n_swingWorker_1;LOG_1;value_1;timer_1;getValue_return_1;doConstruct_return_1;activateGlassPane__1;deactivateGlassPane__1;finished__1;interrupt__1;get_return_1;start__1
SequenceDisabled,__XU2I-LaEeCVSp8F0qHMxQ,TimerListener,n_timerListener_1;actionPerformed_evt_1
SequenceDisabled,__uYrROLaEeCVSp8F0qHMxQ,WizTooMany,n_wizTooMany_1;instructions_1;getNumSteps_return_1;makePanel_newStep_return_1;canFinish_return_1;doAction_oldStep_1
SequenceDisabled,__uFwUuLaEeCVSp8F0qHMxQ,CrInvalidJoin,n_crInvalidJoin_1;getCriticizedDesignMaterials_return_1
SequenceDisabled,__tyOUeLaEeCVSp8F0qHMxQ,CrTooManyAttr,n_crTooManyAttr_1;ATTRIBUTES_THRESHOLD_1;serialVersionUID_1;getCriticizedDesignMaterials_return_1
SequenceDisabled,__0_CgOLaEeCVSp8F0qHMxQ,UMLActivityDiagram,n_uMLActivityDiagram_1;LOG_1;serialVersionUID_1;theActivityGraph_1;actionState_1;actionStartPseudoState_1;actionFinalPseudoState_1;actionJunctionPseudoState_1;actionForkPseudoState_1;actionJoinPseudoState_1;actionTransition_1;actionObjectFlowState_1;actionSwimlane_1;actionCallState_1;actionSubactivityState_1;actionCallEvent_1;actionChangeEvent_1;actionSignalEvent_1;actionTimeEvent_1;actionGuard_1;actionCallAction_1;actionCreateAction_1;actionDestroyAction_1;actionReturnAction_1;actionSendAction_1;actionTerminateAction_1;actionUninterpretedAction_1;actionActionSequence_1;setup_namespace_agraph_1;propertyChange_evt_1;getOwner_return_1;getStateMachine_return_1;setStateMachine_sm_1;getUmlActions_return_1;getTriggerActions_return_1;getEffectActions_return_1;getLabelName_return_1;getActionCallState_return_1;getActionFinalPseudoState_return_1;getActionForkPseudoState_return_1;getActionJoinPseudoState_return_1;getActionJunctionPseudoState_return_1;getActionSwimlane_return_1;getActionObjectFlowState_return_1;getActionStartPseudoState_return_1;getActionState_return_1;getActionSubactivityState_return_1;getActionTransition_return_1;getActionCallEvent_return_1;getActionChangeEvent_return_1;getActionSignalEvent_return_1;getActionTimeEvent_return_1;getActionGuard_return_1;getActionCallAction_return_1;getActionCreateAction_return_1;getActionDestroyAction_return_1;getActionReturnAction_return_1;getActionSendAction_return_1;getActionTerminateAction_return_1;getActionUninterpretedAction_return_1;getActionActionSequence_return_1;getDependentElement_return_1;isRelocationAllowed_base_return_1;getRelocationCandidates_root_return_1;relocate_base_return_1;postLoad__1;encloserChanged_enclosed_oldEncloser_newEncloser_1;changePartition_enclosed_1;isStateInPartition_state_partition_return_1;doesAccept_objectToAccept_return_1;drop_droppedObject_location_return_1
SequenceDisabled,__39eAOLaEeCVSp8F0qHMxQ,DeploymentDiagramRenderer,n_deploymentDiagramRenderer_1;serialVersionUID_1;LOG_1;getFigNodeFor_gm_lay_node_styleAttributes_return_1;getFigEdgeFor_gm_lay_edge_styleAttributes_return_1
SequenceDisabled,_AG_YguLbEeCVSp8F0qHMxQ,ArgoFigGroup,n_argoFigGroup_1;LOG_1;renderingChanged__1;setOwner_owner_1
SequenceDisabled,_AEKG9OLbEeCVSp8F0qHMxQ,FigCompartmentBox,n_figCompartmentBox_1;DEFAULT_COMPARTMENT_BOUNDS_1;borderFig_1;initialize__1;translate_dx_dy_1;mouseClicked_mouseEvent_1;createContainedModelElement_fg_ie_1;getBorderFig_return_1;addChildDimensions_size_child_return_1
SequenceDisabled,_AGGAoeLbEeCVSp8F0qHMxQ,ActionAddMessage,n_actionAddMessage_1;targetFollower_1;getTargetFollower_return_1;actionPerformed_ae_1;addMessage_associationrole_1;shouldBeEnabled_return_1
SequenceDisabled,_AIB6UuLbEeCVSp8F0qHMxQ,ActionNavigability,n_actionNavigability_1;BIDIRECTIONAL_1;STARTTOEND_1;ENDTOSTART_1;nav_1;assocStart_1;assocEnd_1;newActionNavigability_assocStart_assocEnd_nav_return_1;getDescription_assocStart_assocEnd_nav_return_1;actionPerformed_ae_1;isEnabled_return_1
SequenceDisabled,_AQsHEOLbEeCVSp8F0qHMxQ,ActionCut,n_actionCut_1;instance_1;LOCALIZE_KEY_1;textSource_1;getInstance_return_1;actionPerformed_ae_1;removeFromDiagramAllowed_return_1;isSystemClipBoardEmpty_return_1
SequenceDisabled,_Av2vUuLbEeCVSp8F0qHMxQ,UMLCommentAnnotatedElementListModel,n_uMLCommentAnnotatedElementListModel_1;buildModelList__1;isValidElement_element_return_1
SequenceDisabled,_AxypAuLbEeCVSp8F0qHMxQ,UMLTagDefinitionNamespaceComboBoxModel,n_uMLTagDefinitionNamespaceComboBoxModel_1;LOG_1;isValidElement_o_return_1;buildModelList__1
StateDisabled,_-p5vcOLaEeCVSp8F0qHMxQ,ToDoPane,n_toDoPane_1;LOG_1;WARN_THRESHOLD_1;ALARM_THRESHOLD_1;WARN_COLOR_1;ALARM_COLOR_1;clicksInToDoPane_1;dblClicksInToDoPane_1;toDoPerspectivesChanged_1;tree_1;combo_1;perspectives_1;countLabel_1;lastSel_1;serialVersionUID_1;getPerspectiveList_return_1;setPerspectives_pers_1;setCurPerspective_per_1;getSelectedObject_return_1;swingInvoke_task_1;formatCountLabel_size_return_1;updateCountLabel__1;updateTree__1;mySingleClick_row_path_1;myDoubleClick_row_path_1;buildPerspectives_return_1
StateDisabled,_-q84UeLaEeCVSp8F0qHMxQ,AbstractGoList2,n_abstractGoList2_1;getRoot_return_1
StateDisabled,__BaQgeLaEeCVSp8F0qHMxQ,InitNotation,n_initNotation_1;init__1;getProjectSettingsTabs_return_1;getSettingsTabs_return_1;getDetailsTabs_return_1
StateDisabled,__C5eQuLaEeCVSp8F0qHMxQ,CallStateNotation,n_callStateNotation_1;initialiseListener_listener_modelElement_1
StateDisabled,__D8AEOLaEeCVSp8F0qHMxQ,NotationUtilityJava,n_notationUtilityJava_1;generateVisibility_o_return_1;generateScope_f_return_1;generateChangeability_obj_return_1;generateClassifierRef_cls_return_1;generateExpression_expr_return_1;generateUninterpreted_un_return_1;generateParameter_parameter_return_1;generateAbstract_modelElement_args_return_1;generateAbstract_modelElement_return_1;generateLeaf_modelElement_args_return_1;generateLeaf_modelElement_return_1;generatePath_modelElement_args_return_1;generatePath_modelElement_return_1;generateVisibility_modelElement_args_return_1
StateDisabled,__HN9kOLaEeCVSp8F0qHMxQ,InitNotationUI,n_initNotationUI_1;init__1;getProjectSettingsTabs_return_1;getSettingsTabs_return_1;getDetailsTabs_return_1
StateDisabled,__MHrseLaEeCVSp8F0qHMxQ,URLModelLoader,n_uRLModelLoader_1;loadModel_url_publicId_return_1;makeZipEntryUrl_url_entryName_return_1
StateDisabled,__XeAEOLaEeCVSp8F0qHMxQ,StylePanelFig,n_stylePanelFig_1;LOG_1;CUSTOM_ITEM_1;bboxLabel_1;bboxField_1;fillLabel_1;fillField_1;lineLabel_1;lineField_1;stereoLabel_1;stereoField_1;serialVersionUID_1;initChoices__1;hasEditableBoundingBox_value_1;refresh__1;setTargetBBox__1;parseBBox_return_1;handleCustomColor_field_title_targetColor_1;setTargetFill__1;setTargetLine__1;getBBoxLabel_return_1;getBBoxField_return_1;getFillLabel_return_1;getFillField_return_1;getLineLabel_return_1;getLineField_return_1;getCustomItemName_return_1
StateDisabled,__yAnBOLaEeCVSp8F0qHMxQ,WizOperName,n_wizOperName_1;LOG_1;possibleConstructor_1;stereotypePathChosen_1;option0_1;option1_1;createStereotype_1;addedCreateStereotype_1;serialVersionUID_1;getNumSteps_return_1;getOptions_return_1;makePanel_newStep_return_1;undoAction_origStep_1;doAction_oldStep_1;findNamespace_phantomNS_targetModel_return_1
StateDisabled,__675gOLaEeCVSp8F0qHMxQ,SequenceDiagramPropPanelFactory,n_sequenceDiagramPropPanelFactory_1
StateDisabled,_AAvmkuLbEeCVSp8F0qHMxQ,FigPackage,n_figPackage_1;LOG_1;MIN_HEIGHT_1;MIN_WIDTH_1;width_1;height_1;indentX_1;textH_1;tabHeight_1;body_1;stereotypeVisible_1;serialVersionUID_1;initialize__1;clone_return_1;setLineColor_col_1;getLineColor_return_1;setFillColor_col_1;getFillColor_return_1;isFilled_return_1;getLineWidth_return_1;updateStereotypeText__1;classNameAndBounds_return_1;getUseTrapRect_return_1;getMinimumSize_return_1;getPopUpActions_me_return_1;doStereotype_value_1;doVisibility_value_1;isStereotypeVisible_return_1;setStereotypeVisible_isVisible_1;isVisibilityVisible_return_1;setVisibilityVisible_isVisible_1;textEditStarted_ft_1;getClosestPoint_anotherPt_return_1;modelChanged_mee_1
StateDisabled,_ABChgOLbEeCVSp8F0qHMxQ,ShowStereotypeAction,n_showStereotypeAction_1;ACTION_KEY_1;serialVersionUID_1;actionPerformed_ae_1
StateDisabled,_AAS6ouLbEeCVSp8F0qHMxQ,FigDataType,n_figDataType_1;LOG_1;MIN_WIDTH_1;constructFigs__1;getKeyword_return_1;makeSelection_return_1;getMinimumSize_return_1;getLineWidth_return_1;translate_dx_dy_1;setEnclosingFig_encloser_1;classNameAndBounds_return_1
StateDisabled,_AFNP0uLbEeCVSp8F0qHMxQ,ActionStereotypeView,n_actionStereotypeView_1;selectedStereotypeView_1;updateSelection__1;valueOfTarget_t_return_1
StateDisabled,_AehHsOLbEeCVSp8F0qHMxQ,PropPanelStimulus,n_propPanelStimulus_1;serialVersionUID_1;getSender_return_1;setSender_element_1;getReceiver_return_1;setReceiver_element_1;isAcceptableAssociation_modelelement_return_1;getAssociation_return_1;setAssociation_element_1
StateDisabled,_Agv8UOLbEeCVSp8F0qHMxQ,PropPanelComponentInstance,n_propPanelComponentInstance_1;serialVersionUID_1
StateDisabled,_Aeq4sOLbEeCVSp8F0qHMxQ,PropPanelUninterpretedAction,n_propPanelUninterpretedAction_1
StateDisabled,_AyiP5-LbEeCVSp8F0qHMxQ,ElementImportPackageListModel,n_elementImportPackageListModel_1;buildModelList__1;isValidElement_element_return_1
UsecaseDisabled,__BaQg-LaEeCVSp8F0qHMxQ,SDNotationSettings,n_sDNotationSettings_1;showSequenceNumbers_1;isShowSequenceNumbers_return_1;setShowSequenceNumbers_showThem_1
UsecaseDisabled,__IQfY-LaEeCVSp8F0qHMxQ,ZargoFilePersister,n_zargoFilePersister_1;LOG_1;getExtension_return_1;getDesc_return_1;isSaveEnabled_return_1;toURL_file_return_1;zargoToUml_file_progressMgr_return_1;copyArgo_file_encoding_writer_1;copyXmi_file_encoding_writer_1;copyDiagrams_file_encoding_writer_1;copyMember_file_tag_outputEncoding_writer_1;readerToWriter_reader_writer_1;openZipStreamAt_url_ext_return_1;openZipEntry_url_entryName_return_1;makeZipEntryUrl_url_entryName_return_1;getPgmlCount_file_return_1;containsTodo_file_return_1;containsProfile_file_return_1;getEntryNames_file_extension_return_1
UsecaseDisabled,__IZpUeLaEeCVSp8F0qHMxQ,SubInputStream,n_subInputStream_1;in_1;close__1;getNextEntry_return_1
UsecaseDisabled,__WuZMuLaEeCVSp8F0qHMxQ,ShadowComboBox,n_shadowComboBox_1;serialVersionUID_1
UsecaseDisabled,__XxiEOLaEeCVSp8F0qHMxQ,ProjectActions,n_projectActions_1;theInstance_1;redoAction_1;getInstance_return_1;getUndoAction_return_1;getRedoAction_return_1;getRemoveFromDiagramAction_return_1;determineRemoveEnabled__1;jumpToDiagramShowing_targets_1;propertyChange_evt_1
UsecaseDisabled,__cFaUOLaEeCVSp8F0qHMxQ,ExplorerTree,n_explorerTree_1;updatingSelection_1;updatingSelectionViaTreeSelection_1;serialVersionUID_1;refreshSelection__1;setSelection_targets_1;addTargetsInternal_addedTargets_1;selectVisible_target_1;selectAll_targets_1
UsecaseDisabled,__cYVQeLaEeCVSp8F0qHMxQ,ExplorerTargetListener,n_explorerTargetListener_1;setTargets_targets_1
UsecaseDisabled,__gQIoeLaEeCVSp8F0qHMxQ,AssociationsNode,n_associationsNode_1;parent_1;getParent_return_1;toString_return_1;subsumes_obj_return_1
UsecaseDisabled,__jrQEOLaEeCVSp8F0qHMxQ,GoProjectToCollaboration,n_goProjectToCollaboration_1;getRuleName_return_1;getChildren_parent_return_1;getDependencies_parent_return_1
UsecaseDisabled,__fghweLaEeCVSp8F0qHMxQ,GoStateToInternalTrans,n_goStateToInternalTrans_1;getRuleName_return_1;getChildren_parent_return_1;getDependencies_parent_return_1
UsecaseDisabled,__tCndOLaEeCVSp8F0qHMxQ,ClAttributeCompartment,n_clAttributeCompartment_1;LOG_1;theInstance_1;WAVE_LENGTH_1;WAVE_HEIGHT_1;fig_1;getIconWidth_return_1;getIconHeight_return_1;hit_x_y_return_1;getTheInstance_return_1
UsecaseDisabled,__sJ2oeLaEeCVSp8F0qHMxQ,CrNameConflict,n_crNameConflict_1;getCriticizedDesignMaterials_return_1
UsecaseDisabled,__raPwOLaEeCVSp8F0qHMxQ,CrInterfaceOperOnly,n_crInterfaceOperOnly_1;getCriticizedDesignMaterials_return_1
UsecaseDisabled,__0PbpeLaEeCVSp8F0qHMxQ,ActivityDiagramGraphModel,n_activityDiagramGraphModel_1;serialVersionUID_1;canAddNode_node_return_1
UsecaseDisabled,__8R9VOLaEeCVSp8F0qHMxQ,InitStateDiagram,n_initStateDiagram_1;getDetailsTabs_return_1;getProjectSettingsTabs_return_1;getSettingsTabs_return_1;init__1
UsecaseDisabled,_ATgxkeLbEeCVSp8F0qHMxQ,UMLModelElementElementResidenceListModel,n_uMLModelElementElementResidenceListModel_1;buildModelList__1;isValidElement_o_return_1
UsecaseDisabled,_AiaJMOLbEeCVSp8F0qHMxQ,PropPanelSynchState,n_propPanelSynchState_1;serialVersionUID_1
UsecaseDisabled,_AugrguLbEeCVSp8F0qHMxQ,PropPanelElementResidence,n_propPanelElementResidence_1
UsecaseDisabled,_Apm9Y-LbEeCVSp8F0qHMxQ,ActionSetStructuralFeatureType,n_actionSetStructuralFeatureType_1;SINGLETON_1;getInstance_return_1
