ActivityDisabled,_-zuZ0OLaEeCVSp8F0qHMxQ,IllegalModelElementConnectionException,n_illegalModelElementConnectionException_1;serialVersionUID_1
ActivityDisabled,__EFxEuLaEeCVSp8F0qHMxQ,AssociationEndNameNotationUml,n_associationEndNameNotationUml_1;getInstance_return_1;getParsingHelp_return_1;parse_modelElement_text_1;parseAssociationEnd_role_text_1;toString_modelElement_args_return_1;toString_modelElement_showVisibility_useGuillemets_return_1
ActivityDisabled,__OWgU-LaEeCVSp8F0qHMxQ,CrOCL,n_crOCL_1;ocl_1;designMaterials_1;getCriticizedDesignMaterials_return_1;getOCL_return_1
ActivityDisabled,__PP4MOLaEeCVSp8F0qHMxQ,CollectionsModelInterpreter,n_collectionsModelInterpreter_1;invokeFeature_vt_subject_feature_type_parameters_return_1;cloneCollection_col_return_1;getBuiltInSymbol_sym_return_1
ActivityDisabled,__PZpMOLaEeCVSp8F0qHMxQ,Uml14ModelInterpreter,n_uml14ModelInterpreter_1;LOG_1;toString_obj_return_1;colToString_collection_return_1
ActivityDisabled,__hI5cOLaEeCVSp8F0qHMxQ,GoSummaryToOutgoingDependency,n_goSummaryToOutgoingDependency_1;getRuleName_return_1;getChildren_parent_return_1;getDependencies_parent_return_1
ActivityDisabled,__k270uLaEeCVSp8F0qHMxQ,GoSummaryToInheritance,n_goSummaryToInheritance_1;getRuleName_return_1;getChildren_parent_return_1;getDependencies_parent_return_1
ActivityDisabled,__ywN4uLaEeCVSp8F0qHMxQ,ChildGenDerivedClasses,n_childGenDerivedClasses_1;childIterator_o_return_1
ActivityDisabled,_AHSTd-LbEeCVSp8F0qHMxQ,FigAssociationEnd,n_figAssociationEnd_1;setOwner_owner_1;getNotationProviderType_return_1;initNotationProviders_own_1;initializeNotationProvidersInternal_own_1;initNotationArguments__1;updateListeners_oldOwner_newOwner_1;textEdited_ft_1;textEditStarted_ft_1;renderingChanged__1;updateStereotypeText__1;updateMultiplicity__1
ActivityDisabled,_AIxhMOLbEeCVSp8F0qHMxQ,AbstractActionCheckBoxMenuItem,n_abstractActionCheckBoxMenuItem_1;isEnabled_return_1;valueOfTarget_t_return_1
ActivityDisabled,_AET38eLbEeCVSp8F0qHMxQ,SelectionMoveClarifiers,n_selectionMoveClarifiers_1
ActivityDisabled,_AYuBseLbEeCVSp8F0qHMxQ,TabTaggedValuesModel,n_tabTaggedValuesModel_1;LOG_1;target_1;serialVersionUID_1;getColumnCount_return_1;getColumnName_c_return_1;getColumnClass_c_return_1;isCellEditable_row_col_return_1;getRowCount_return_1;getValueAt_row_col_return_1;setValueAt_aValue_rowIndex_columnIndex_1;addRow_values_1;removeRow_row_1;getFromCollection_collection_index_return_1;propertyChange_evt_1;vetoableChange_pce_1;delayedVetoableChange_pce_1
ActivityDisabled,_AY3ys-LbEeCVSp8F0qHMxQ,ActionRemoveTaggedValue,n_actionRemoveTaggedValue_1;serialVersionUID_1;table_1
ActivityDisabled,_AgT3cOLbEeCVSp8F0qHMxQ,PropPanelLink,n_propPanelLink_1;associationSelector_1;serialVersionUID_1;getAssociationSelector_return_1
ActivityDisabled,_AjNadOLbEeCVSp8F0qHMxQ,UMLStateMachineSubmachineStateListModel,n_uMLStateMachineSubmachineStateListModel_1;buildModelList__1;isValidElement_element_return_1
ActivityDisabled,_Aoj0guLbEeCVSp8F0qHMxQ,UMLAssociationEndQualifiersListModel,n_uMLAssociationEndQualifiersListModel_1;buildModelList__1;isValidElement_o_return_1;moveDown_index_1;moveToBottom_index_1;moveToTop_index_1
ActivityDisabled,_AyiP5eLbEeCVSp8F0qHMxQ,ElementImportImportedElementListModel,n_elementImportImportedElementListModel_1;buildModelList__1;isValidElement_element_return_1
CollabDisabled,_-g-c8OLaEeCVSp8F0qHMxQ,Main,n_main_1;LOG_1;DEFAULT_LOGGING_CONFIGURATION_1;DEFAULT_MODEL_IMPLEMENTATION_1;postLoadActions_1;doSplash_1;reloadRecent_1;batch_1;commands_1;projectName_1;theTheme_1;main_args_1;initPreinitialize__1;initTranslator__1;setSystemProperties__1;parseCommandLine_args_1;initModel__1;getMostRecentProject_return_1;projectUrl_theProjectName_urlToOpen_return_1;printUsage__1;checkJVMVersion__1;checkHostsFile__1;performCommands_list_1;performCommandsInternal_list_1;initVersion__1
CollabDisabled,_-iUgwuLaEeCVSp8F0qHMxQ,Argo,n_argo_1;ARGOINI_1;CONSOLE_LOG_1;ARGO_CONSOLE_SUPPRESS_1;ARGO_CONSOLE_PREFIX_1;DOCUMENTATION_TAG_1;AUTHOR_TAG_1;SINCE_TAG_1;SEE_TAG_1;DEPRECATED_TAG_1;VERSION_TAG_1;DOCUMENTATION_TAG_ALT_1;SCOPE_APPLICATION_1;SCOPE_PROJECT_1;setDirectory_dir_1;getDirectory_return_1;getEncoding_return_1
CollabDisabled,_-vG_k-LaEeCVSp8F0qHMxQ,ProjectFactory,n_projectFactory_1;INSTANCE_1;getInstance_return_1
CollabDisabled,__IQfY-LaEeCVSp8F0qHMxQ,ZargoFilePersister,n_zargoFilePersister_1;LOG_1;getExtension_return_1;getDesc_return_1;isSaveEnabled_return_1;toURL_file_return_1;zargoToUml_file_progressMgr_return_1;copyArgo_file_encoding_writer_1;copyXmi_file_encoding_writer_1;copyDiagrams_file_encoding_writer_1;copyMember_file_tag_outputEncoding_writer_1;readerToWriter_reader_writer_1;openZipStreamAt_url_ext_return_1;openZipEntry_url_entryName_return_1;makeZipEntryUrl_url_entryName_return_1;getPgmlCount_file_return_1;containsTodo_file_return_1;containsProfile_file_return_1;getEntryNames_file_extension_return_1
CollabDisabled,__PZpMOLaEeCVSp8F0qHMxQ,Uml14ModelInterpreter,n_uml14ModelInterpreter_1;LOG_1;toString_obj_return_1;colToString_collection_return_1
CollabDisabled,__ew65OLaEeCVSp8F0qHMxQ,TypeThenNameOrder,n_typeThenNameOrder_1;compare_obj1_obj2_return_1;toString_return_1
CollabDisabled,__ouvMuLaEeCVSp8F0qHMxQ,ProjectMemberTodoList,n_projectMemberTodoList_1;TO_DO_EXT_1;getType_return_1;getZipFileExtension_return_1;getToDoList_return_1;getResolvedCriticsList_return_1;repair_return_1
CollabDisabled,__tyOUeLaEeCVSp8F0qHMxQ,CrTooManyAttr,n_crTooManyAttr_1;ATTRIBUTES_THRESHOLD_1;serialVersionUID_1;getCriticizedDesignMaterials_return_1
CollabDisabled,__9xLE-LaEeCVSp8F0qHMxQ,ClassDiagramGraphModel,n_classDiagramGraphModel_1;LOG_1;serialVersionUID_1;getPorts_nodeOrEdge_return_1;getOwner_port_return_1;getInEdges_port_return_1;getOutEdges_port_return_1;canAddNode_node_return_1;canAddEdge_edge_return_1;addNode_node_1;addEdge_edge_1;addNodeRelatedEdges_node_1;vetoableChange_pce_1;canChangeConnectedNode_newNode_oldNode_edge_return_1;changeConnectedNode_newNode_oldNode_edge_isSource_1;rerouteAssociation_newNode_oldNode_edge_isSource_1;rerouteGeneralization_newNode_oldNode_edge_isSource_1;rerouteDependency_newNode_oldNode_edge_isSource_1;rerouteLink_newNode_oldNode_edge_isSource_1
CollabDisabled,_AJhIFOLbEeCVSp8F0qHMxQ,ActionVisibilityProtected,n_actionVisibilityProtected_1;serialVersionUID_1;valueOfTarget_t_return_1
CollabDisabled,_AFzFsOLbEeCVSp8F0qHMxQ,FigEdgeModelElement,n_figEdgeModelElement_1;LOG_1;removeFromDiagram_1;popupAddOffset_1;npArguments_1;nameFig_1;listeners_1;initFigs__1;initOwner_element_1;makeEdgePort__1;getTipString_me_return_1;getPopUpActions_me_return_1;getApplyStereotypeActions_return_1;getSquaredDistance_p1_p2_return_1;makeSelection_return_1;getNameFig_return_1;getNameBounds_return_1;getName_return_1;vetoableChange_pce_1;delayedVetoableChange_pce_1;propertyChange_pve_1;textEditStarted_ft_1;textEdited_ft_1;canEdit_f_return_1;mousePressed_me_1;mouseReleased_me_1;mouseEntered_me_1;mouseExited_me_1;mouseClicked_me_1;isReadOnly_return_1;keyPressed_ke_1;keyReleased_ke_1;keyTyped_ke_1;renderingChanged__1;updateNameText__1;updateStereotypeText__1;setOwner_owner_1;initNotationProviders_own_1;getNotationProviderType_return_1;updateListeners_oldOwner_newOwner_1;setLayer_lay_1;deleteFromModel__1;hit_r_return_1;removeFromDiagram__1;getRemoveDelegate_return_1;removeFromDiagramImpl__1;superRemoveFromDiagram__1;damage__1;determineFigNodes_return_1;getNoEdgePresentationFor_element_return_1;layoutThisToSelf__1;getSource_return_1;getDestination_return_1;allowRemoveFromDiagram_allowed_1;getPopupAddOffset_return_1;addElementListener_element_1;addElementListener_element_property_1;addElementListener_element_property_2;removeElementListener_element_1;removeAllElementListeners__1;removeElementListeners_listenerSet_1;addElementListeners_listenerSet_1;updateElementListeners_listenerSet_1;getNotationArguments_return_1;putNotationArgument_key_element_1;updateFont__1;getNameFigFontStyle_return_1;deepUpdateFont_fe_1;deepUpdateFontRecursive_f_pathFig_1
CollabDisabled,_AOIiVOLbEeCVSp8F0qHMxQ,Import,n_import_1;configPanel_1;descend_1;changedOnly_1;createDiagrams_1;minimiseFigs_1;layoutDiagrams_1;classOnly_1;classAndFeatures_1;fullImport_1;sourceEncoding_1;dialog_1;myFrame_1;getInputSourceEncoding_return_1;isAttributeSelected_return_1;isDatatypeSelected_return_1;disposeDialog__1;getConfigPanel_return_1;addConfigCheckboxes_panel_1;addDetailLevelButtons_panel_1;addSourceEncoding_panel_1;getConfigPanelExtension_return_1;doFile__1;getImportLevel_return_1;isCreateDiagramsSelected_return_1;isMinimizeFigsSelected_return_1;isDiagramLayoutSelected_return_1;isDescendSelected_return_1;isChangedOnlySelected_return_1;getChooser_return_1
CollabDisabled,_AObdQOLbEeCVSp8F0qHMxQ,ConfigPanelExtension,n_configPanelExtension_1
CollabDisabled,_Ae9zouLbEeCVSp8F0qHMxQ,UMLSignalReceptionListModel,n_uMLSignalReceptionListModel_1;serialVersionUID_1;buildModelList__1;isValidElement_element_return_1
CollabDisabled,_AfHkoeLbEeCVSp8F0qHMxQ,ActionRemoveReceptionSignal,n_actionRemoveReceptionSignal_1;serialVersionUID_1
CollabDisabled,_AfQukeLbEeCVSp8F0qHMxQ,PropPanelCallAction,n_propPanelCallAction_1;serialVersionUID_1;initialize__1
CollabDisabled,_Al47BOLbEeCVSp8F0qHMxQ,PropPanelStateMachine,n_propPanelStateMachine_1;serialVersionUID_1;initialize__1
CollabDisabled,_AkZtROLbEeCVSp8F0qHMxQ,PropPanelEvent,n_propPanelEvent_1;paramScroll_1;initialize__1;getParameterScroll_return_1
DeployDisabled,_-lvoMeLaEeCVSp8F0qHMxQ,Goal,n_goal_1;UNSPEC_1;name_1;priority_1;hashCode_return_1;equals_d2_return_1;getName_return_1;getPriority_return_1;toString_return_1;getUnspecifiedGoal_return_1
DeployDisabled,_-xflNOLaEeCVSp8F0qHMxQ,AbstractStateMachinesHelperDecorator,n_abstractStateMachinesHelperDecorator_1;getSource_trans_return_1;getDestination_trans_return_1;getStateMachine_handle_return_1;setEventAsTrigger_transition_event_1;isAddingStatemachineAllowed_context_return_1;isTopState_o_return_1;getAllPossibleStatemachines_model_oSubmachineState_return_1;getAllPossibleSubvertices_oState_return_1;setStatemachineAsSubmachine_oSubmachineState_oStatemachine_1;getTop_sm_return_1;getOutgoingStates_ostatevertex_return_1;findOperationByName_trans_opname_return_1;getAllSubStates_compState_return_1;removeSubvertex_handle_subvertex_1;addSubvertex_handle_subvertex_1;setBound_handle_bound_1;setConcurrent_handle_concurrent_1;setContainer_handle_compositeState_1;setDoActivity_handle_value_1;setEffect_handle_value_1;setEntry_handle_value_1;setExit_handle_value_1;setExpression_handle_value_1;setGuard_handle_guard_1;setInternalTransitions_handle_intTrans_1;setSource_handle_state_1;setState_handle_element_1;setStateMachine_handle_stm_1;setSubvertices_handle_subvertices_1;setTrigger_handle_event_1;setWhen_handle_value_1;setChangeExpression_handle_value_1;getPath_o_return_1;getStatebyName_path_container_return_1;setReferenceState_o_referenced_1;findNamespaceForEvent_trans_model_return_1;addDeferrableEvent_state_deferrableEvent_1;removeDeferrableEvent_state_deferrableEvent_1;setContext_statemachine_modelElement_1
DeployDisabled,_-3JhQOLaEeCVSp8F0qHMxQ,NotYetImplementedException,n_notYetImplementedException_1
DeployDisabled,__AXuseLaEeCVSp8F0qHMxQ,XmiHeaderProviderImpl,n_xmiHeaderProviderImpl_1;UML_VERSION_1;LOG_1;version_1;writeHeader_ps_1
DeployDisabled,_-51B1OLaEeCVSp8F0qHMxQ,UndoExtensionMechanismsHelperDecorator,n_undoExtensionMechanismsHelperDecorator_1
DeployDisabled,__RLx4-LaEeCVSp8F0qHMxQ,FigClassifierRole,n_figClassifierRole_1;LOG_1;offset_1;minimumHeight_1;initialize__1;getNotationProviderType_return_1;superTranslate_dx_dy_1;updateHeadOffset__1;getMinimumSize_return_1;updateMinimumHeight__1;removeFigEdge_edge_1;addFigEdge_edge_1;getFigMessages_return_1;createActivations__1;setFillColor_color_1;getFillColor_return_1;setFilled_filled_1;makeSelection_return_1
DeployDisabled,__RU70eLaEeCVSp8F0qHMxQ,FigClassifierRolePort,n_figClassifierRolePort_1;getClosestPoint_anotherPt_return_1
DeployDisabled,__g1-gOLaEeCVSp8F0qHMxQ,GoNodeToResidentComponent,n_goNodeToResidentComponent_1;getRuleName_return_1;getChildren_parent_return_1;getDependencies_parent_return_1
DeployDisabled,__o4gMOLaEeCVSp8F0qHMxQ,UMLDecision,n_uMLDecision_1;INHERITANCE_1;CONTAINMENT_1;PATTERNS_1;RELATIONSHIPS_1;STORAGE_1;BEHAVIOR_1;INSTANCIATION_1;NAMING_1;MODULARITY_1;CLASS_SELECTION_1;EXPECTED_USAGE_1;METHODS_1;CODE_GEN_1;PLANNED_EXTENSIONS_1;STEREOTYPES_1;STATE_MACHINES_1
DeployDisabled,__55XsuLaEeCVSp8F0qHMxQ,ModeExpand,n_modeExpand_1;startX_1;startY_1;currentY_1;editor_1;rubberbandColor_1;mousePressed_me_1;mouseDragged_me_1;mouseReleased_me_1;instructions_return_1
DeployDisabled,_AF82s-LbEeCVSp8F0qHMxQ,FigOperationsCompartment,n_figOperationsCompartment_1;serialVersionUID_1;getUmlCollection_return_1;getNotationType_return_1;createModelElement__1
DeployDisabled,_ACX-QeLbEeCVSp8F0qHMxQ,FigEditableCompartment,n_figEditableCompartment_1;LOG_1;MIN_HEIGHT_1;constructFigs__1;setVisible_visible_1;addFig_fig_1;getUmlCollection_return_1;getNotationType_return_1;populate__1;getElementFigs_return_1;updateFigGroupSize_x_y_w_h_checkSize_rowHeight_return_1;getMinimumSize_return_1
DeployDisabled,_ALmLs-LbEeCVSp8F0qHMxQ,InitUseCaseDiagram,n_initUseCaseDiagram_1;getDetailsTabs_return_1;getProjectSettingsTabs_return_1;getSettingsTabs_return_1;init__1
DeployDisabled,_AQFqIOLbEeCVSp8F0qHMxQ,ImportStatusScreen,n_importStatusScreen_1;cancelButton_1;progressLabel_1;progress_1;messageArea_1;hasMessages_1;canceled_1;serialVersionUID_1;isComplete_return_1;close__1;isCanceled_return_1;notifyMessage_title_introduction_message_1;notifyNullAction__1;updateMainTask_name_1;updateSubTask_action_1
DeployDisabled,_APM5VeLbEeCVSp8F0qHMxQ,ProblemsDialog,n_problemsDialog_1;parentFrame_1;abortButton_1;continueButton_1;northLabel_1;aborted_1;serialVersionUID_1;isAborted_return_1;disposeDialog__1
DeployDisabled,_AaDedeLbEeCVSp8F0qHMxQ,PropPanelActivityGraph,n_propPanelActivityGraph_1;initialize__1
DeployDisabled,_Ak_jIeLbEeCVSp8F0qHMxQ,ActionSetCompositeStateConcurrent,n_actionSetCompositeStateConcurrent_1;SINGLETON_1;getInstance_return_1
DeployDisabled,_Apm9ZeLbEeCVSp8F0qHMxQ,ActionNewModelElementConstraint,n_actionNewModelElementConstraint_1;SINGLETON_1;getInstance_return_1
Original,_-47p8eLaEeCVSp8F0qHMxQ,XmiWriterEUMLImpl,n_xmiWriterEUMLImpl_1;oStream_1;model_1;write__1
Original,_-5Fa8OLaEeCVSp8F0qHMxQ,RunnableClass,n_runnableClass_1;params_1;getParams_return_1
Original,__Hg4g-LaEeCVSp8F0qHMxQ,ArgoAny,n_argoAny_1;LOG_1;classifier_1;navigateQualified_name_qualifiers_return_1;navigateParameterizedQuery_name_qualifiers_return_1;navigateParameterized_name_qualifiers_return_1;internalNavigateParameterized_name_params_fCheckIsQuery_return_1;conformsTo_type_return_1;equals_o_return_1;hashCode_return_1;toString_return_1;hasState_name_return_1;getOclRepresentation_foundType_return_1;operationMatchesCall_operation_callName_callParams_return_1
Original,__P_fEeLaEeCVSp8F0qHMxQ,SequenceDiagramGraphModel,n_sequenceDiagramGraphModel_1;LOG_1;collaboration_1;interaction_1;getPorts_element_return_1;getInEdges_element_return_1;getOutEdges_element_return_1;getOwner_port_return_1;getCollaboration_return_1;getInteraction_return_1;canAddNode_node_return_1;canAddEdge_edge_return_1;addNode_node_1;vetoableChange_pce_1;propertyChange_evt_1;connect_fromPort_toPort_edgeType_return_1;connect_fromPort_toPort_edgeType_actionType_return_1;addEdge_edge_1
Original,__Q428-LaEeCVSp8F0qHMxQ,FigDestroy,n_figDestroy_1;createCross_bounds_1
Original,__qg34OLaEeCVSp8F0qHMxQ,CrNonAggDataType,n_crNonAggDataType_1;getCriticizedDesignMaterials_return_1
Original,__vRcEOLaEeCVSp8F0qHMxQ,CrUnconventionalOperName,n_crUnconventionalOperName_1;candidateForConstructor_me_return_1;computeSuggestion_sug_return_1;getCriticizedDesignMaterials_return_1
Original,__xNVxOLaEeCVSp8F0qHMxQ,ProfileCodeGeneration,n_profileCodeGeneration_1;critics_1;getDisplayName_return_1;getProfileIdentifier_return_1
Original,__xtsEOLaEeCVSp8F0qHMxQ,CrTooManyOper,n_crTooManyOper_1;OPERATIONS_THRESHOLD_1;serialVersionUID_1;getCriticizedDesignMaterials_return_1
Original,__4tE4-LaEeCVSp8F0qHMxQ,SequenceDiagramGraphModel,n_sequenceDiagramGraphModel_1;LOG_1;collaboration_1;interaction_1;serialVersionUID_1;getPorts_nodeOrEdge_return_1;getOwner_port_return_1;getInEdges_port_return_1;getOutEdges_port_return_1;canAddNode_node_return_1;canAddEdge_edge_return_1;addNode_node_1;addEdge_edge_1;canConnect_fromP_toP_edgeType_return_1;connect_fromPort_toPort_edgeType_return_1;vetoableChange_pce_1;getCollaboration_return_1;getInteraction_return_1;getHomeModel_return_1;setHomeModel_namespace_1;propertyChange_evt_1
Original,__7-bUuLaEeCVSp8F0qHMxQ,FigSynchState,n_figSynchState_1;X_1;Y_1;WIDTH_1;HEIGHT_1;bound_1;head_1;initFigs__1;clone_return_1;isResizable_return_1;setLineColor_col_1;getLineColor_return_1;setFillColor_col_1;getFillColor_return_1;isFilled_return_1;getLineWidth_return_1;modelChanged_mee_1;mouseClicked_me_1;updateFont__1
Original,_AGPxoOLbEeCVSp8F0qHMxQ,ActionStereotypeViewBigIcon,n_actionStereotypeViewBigIcon_1
Original,_AHIic-LbEeCVSp8F0qHMxQ,FigStereotypesCompartment,n_figStereotypesCompartment_1;serialVersionUID_1;createModelElement__1
Original,_AaDecOLbEeCVSp8F0qHMxQ,PropPanelPartition,n_propPanelPartition_1;contentsScroll_1;activityGraphScroll_1;getContentsField_return_1;getActivityGraphField_return_1
Original,_AaDecuLbEeCVSp8F0qHMxQ,ActionAddPartitionContent,n_actionAddPartitionContent_1;doIt_selected_1;getChoices_return_1;getDialogTitle_return_1;getSelected_return_1
Original,_AdVb8-LbEeCVSp8F0qHMxQ,ActionAddClassifierRoleBase,n_actionAddClassifierRoleBase_1;SINGLETON_1;getChoices_return_1;getSelected_return_1;getDialogTitle_return_1;doIt_selected_1
Original,_Amew4OLbEeCVSp8F0qHMxQ,PropPanelExtend,n_propPanelExtend_1;serialVersionUID_1
Original,_Amew4uLbEeCVSp8F0qHMxQ,ActionNewExtensionPoint,n_actionNewExtensionPoint_1
Original,_Av_5QOLbEeCVSp8F0qHMxQ,PropPanelDataType,n_propPanelDataType_1;operationScroll_1;serialVersionUID_1;addEnumerationButtons__1;getOperationScroll_return_1
SequenceDisabled,_-qDgcuLaEeCVSp8F0qHMxQ,ToDoByDecision,n_toDoByDecision_1;LOG_1
SequenceDisabled,_-pKIkuLaEeCVSp8F0qHMxQ,WizStepCue,n_wizStepCue_1;instructions_1;serialVersionUID_1
SequenceDisabled,_-tU25OLaEeCVSp8F0qHMxQ,ArgoFigInk,n_argoFigInk_1;notifier_1;deleteFromModel__1;removeNotificationListener_listener_filter_handback_1;addNotificationListener_listener_filter_handback_1;getNotificationInfo_return_1;removeNotificationListener_listener_1
SequenceDisabled,_-5YV4OLaEeCVSp8F0qHMxQ,VisibilityKindEUMLImpl,n_visibilityKindEUMLImpl_1;getPackage_return_1;getPrivate_return_1;getProtected_return_1;getPublic_return_1
SequenceDisabled,__JTBMuLaEeCVSp8F0qHMxQ,XmiFormatException,n_xmiFormatException_1
SequenceDisabled,__OqCUOLaEeCVSp8F0qHMxQ,ComputeDesignMaterials,n_computeDesignMaterials_1;LOG_1;dms_1;caseAClassifierContext_node_1;getCriticizedDesignMaterials_return_1
SequenceDisabled,__mf6kuLaEeCVSp8F0qHMxQ,TargetManager,n_targetManager_1;LOG_1;instance_1;targets_1;modelTarget_1;figTarget_1;listenerList_1;inTransaction_1;getInstance_return_1;internalOnSetTarget_eventName_oldTargets_1;getTarget_return_1;setTargets_targetsCollection_1;addTarget_target_1;removeTarget_target_1;getOwnerAndAllFigs_o_return_1;getOwner_o_return_1;getTargets_return_1;getSingleTarget_return_1;getModelTargets_return_1;getSingleModelTarget_return_1;startTargetTransaction__1;isInTargetTransaction_return_1;endTargetTransaction__1;getFigTarget_return_1;determineFigTarget_target_return_1;getModelTarget_return_1;determineModelTarget_target_return_1;navigateForward__1;navigateBackward__1;navigateForwardPossible_return_1;navigateBackPossible_return_1;cleanHistory__1
SequenceDisabled,__tCncOLaEeCVSp8F0qHMxQ,CrNodeInsideElement,n_crNodeInsideElement_1
SequenceDisabled,__-NP8OLaEeCVSp8F0qHMxQ,ClassdiagramLayouter,n_classdiagramLayouter_1;E_GAP_1;H_GAP_1;LOG_1;MAX_ROW_WIDTH_1;V_GAP_1;figNodes_1;layoutedClassNodes_1;layoutedEdges_1;layoutedObjects_1;nodeRows_1;xPos_1;yPos_1;getHGap_return_1;getMinimumDiagramSize_return_1;getVGap_return_1;layout__1;placeEdges__1;placeNodes__1;centerParents__1;xCenter_nodes_return_1;rankAndWeightNodes__1;setupLinks__1
SequenceDisabled,__-NP8uLaEeCVSp8F0qHMxQ,NodeRow,n_nodeRow_1;nodes_1;rowNumber_1;doSplit_maxWidth_gap_return_1;getNodeList_return_1;getRowNumber_return_1;getWidth_gap_return_1;setRowNumber_rowNum_1;adjustRowNodes__1;iterator_return_1
SequenceDisabled,__-EGAuLaEeCVSp8F0qHMxQ,ClassdiagramModelElementFactory,n_classdiagramModelElementFactory_1;LOG_1;SINGLETON_1
SequenceDisabled,_AEmy4eLbEeCVSp8F0qHMxQ,FigProfileIcon,n_figProfileIcon_1;image_1;label_1;GAP_1;getLabelFig_return_1;getLabel_return_1;setLabel_txt_1
SequenceDisabled,_ALKG0eLbEeCVSp8F0qHMxQ,ActionAddExistingNodes,n_actionAddExistingNodes_1;objects_1;isEnabled_return_1;actionPerformed_ae_1
SequenceDisabled,_AHcEceLbEeCVSp8F0qHMxQ,FigNodeModelElement,n_figNodeModelElement_1;LOG_1;WIDTH_1;NAME_FIG_HEIGHT_1;NAME_V_PADDING_1;npArguments_1;invisibleAllowed_1;checkSize_1;popupAddOffset_1;ROOT_1;ABSTRACT_1;LEAF_1;ACTIVE_1;bigPort_1;nameFig_1;floatingStereotypes_1;stereotypeStyle_1;ICON_WIDTH_1;originalNameFig_1;enclosedFigs_1;encloser_1;readyToEdit_1;suppressCalcBounds_1;showBoldName_1;removeFromDiagram_1;editable_1;listeners_1;constructFigs__1;setLayer_lay_1;clone_return_1;placeString_return_1;getNameFig_return_1;getNameBounds_return_1;setNameFig_fig_1;getName_return_1;getPopUpActions_me_return_1;buildVisibilityPopUp_return_1;buildModifierPopUp_items_return_1;getEnclosingFig_return_1;setEnclosingFig_newEncloser_1;moveIntoComponent_newEncloser_1;addEnclosedFig_fig_1;removeEnclosedFig_fig_1;getEnclosedFigs_return_1;makeSelection_return_1;getTipString_me_return_1;vetoableChange_pce_1;delayedVetoableChange_pce_1;updateBounds__1;propertyChange_pve_1;formatEvent_event_return_1;isReadOnly_return_1;textEditStarted_ft_1;textEdited_ft_1;mouseClicked_me_1;keyPressed_ke_1;keyReleased_ke_1;keyTyped_ke_1;modelChanged_event_1;createContainedModelElement_fg_me_1;isPartlyOwner_o_return_1;isPartlyOwner_fig_o_return_1;deleteFromModel__1;setOwner_owner_1;initNotationProviders_own_1;getNotationProviderType_return_1;updateStereotypeText__1;updateNameText__1;isPathVisible_return_1;setPathVisible_visible_1;determineDefaultPathVisible__1;classNameAndBounds_return_1;updateListeners_oldOwner_newOwner_1;renderingChanged__1;updateStereotypeIcon__1;calcBounds__1;enableSizeChecking_flag_1;hit_r_return_1;removeFromDiagram__1;getRemoveDelegate_return_1;removeFromDiagramImpl__1;setBigPort_bp_1;getBigPort_return_1;isCheckSize_return_1;isDragConnectable_return_1;getEncloser_return_1;isReadyToEdit_return_1;setSuppressCalcBounds_scb_1;setVisible_visible_1;displace_xInc_yInc_1;allowRemoveFromDiagram_allowed_1;getPopupAddOffset_return_1;isEditable_return_1;setEditable_canEdit_1;addElementListener_element_1;addElementListener_element_property_1;addElementListener_element_property_2;removeElementListener_element_1;removeAllElementListeners__1;removeElementListeners_listenerSet_1;addElementListeners_listenerSet_1;updateElementListeners_listenerSet_1;getNotationArguments_return_1;putNotationArgument_key_value_1;isSingleTarget_return_1;getStereotypeView_return_1;getStereotypeStyle_return_1;getPracticalView_return_1;getStereotypeCount_return_1;setStereotypeStyle_style_1;updateSmallIcons_wid_1;updateFont__1;getNameFigFontStyle_return_1;deepUpdateFont_fg_1
SequenceDisabled,_AHu_YeLbEeCVSp8F0qHMxQ,SelectionDefaultClarifiers,n_selectionDefaultClarifiers_1;getIcons_return_1;getInstructions_index_return_1;getNewNodeType_index_return_1;getNewEdgeType_index_return_1;isReverseEdge_index_return_1
SequenceDisabled,_AOuYMOLbEeCVSp8F0qHMxQ,ConfigPanelExtension,n_configPanelExtension_1;configPanel_1;attribute_1;datatype_1;modelcollections_1;modelorderedcollections_1;collectionlist_1;orderedcollectionlist_1;createGridBagConstraints_topInset_bottomInset_fill_return_1;createGridBagConstraintsFinal_return_1;createGridBagConstraints_topInset_bottomInset_fill_return_2;createGridBagConstraintsFinal_return_2;getAttribute_return_1;getDatatype_return_1;disposeDialog__1
SequenceDisabled,_AXhu4eLbEeCVSp8F0qHMxQ,AbstractActionRemoveElement,n_abstractActionRemoveElement_1;target_1;objectToRemove_1;getTarget_return_1;setTarget_theTarget_1;getObjectToRemove_return_1;setObjectToRemove_theObjectToRemove_1;isEnabled_return_1
SequenceDisabled,_AwJqQOLbEeCVSp8F0qHMxQ,UMLParameterTypeComboBoxModel,n_uMLParameterTypeComboBoxModel_1;getSelectedModelElement_return_1
SequenceDisabled,_AxV9EOLbEeCVSp8F0qHMxQ,PropPanelTaggedValue,n_propPanelTaggedValue_1;modelElementSelector_1;typeSelector_1;referenceValuesScroll_1;dataValuesScroll_1;getReferenceValuesScroll_return_1;getDataValuesScroll_return_1;getModelElementSelector_return_1;getTypeSelector_return_1
SequenceDisabled,_AxfHAeLbEeCVSp8F0qHMxQ,UMLTaggedValueTypeComboBoxModel,n_uMLTaggedValueTypeComboBoxModel_1;buildModelList__1;getSelectedModelElement_return_1;isValidElement_element_return_1
StateDisabled,_-pT5kOLaEeCVSp8F0qHMxQ,DesignIssuesDialog,n_designIssuesDialog_1;mainPanel_1;slidersToDecisions_1;slidersToDigits_1;initMainPanel__1;stateChanged_ce_1;getValueText_priority_return_1
StateDisabled,_-3JhQuLaEeCVSp8F0qHMxQ,StateMachinesHelperEUMLImpl,n_stateMachinesHelperEUMLImpl_1;addDeferrableEvent_state_deferrableEvent_1;addSubvertex_handle_subvertex_1;findNamespaceForEvent_trans_model_return_1;findOperationByName_trans_opname_return_1;getAllPossibleStatemachines_model_oSubmachineState_return_1;getAllPossibleSubvertices_oState_return_1;getAllSubStates_compState_return_1;getDestination_trans_return_1;getOutgoingStates_ostatevertex_return_1;getPath_o_return_1;getSource_trans_return_1;getStateMachine_handle_return_1;getStatebyName_path_container_return_1;getTop_sm_return_1;isAddingStatemachineAllowed_context_return_1;isTopState_o_return_1;removeDeferrableEvent_state_deferrableEvent_1;removeSubvertex_handle_subvertex_1;setBound_handle_bound_1;setChangeExpression_handle_value_1;setConcurrent_handle_concurrent_1;setContainer_handle_compositeState_1;setContext_statemachine_modelElement_1;setDoActivity_handle_value_1;setEffect_handle_value_1;setEntry_handle_value_1;setEventAsTrigger_transition_event_1;setExit_handle_value_1;setExpression_handle_value_1;setGuard_handle_guard_1;setInternalTransitions_handle_intTrans_1;setReferenceState_o_referenced_1;setSource_handle_state_1;setState_handle_element_1;setStateMachine_handle_stm_1;setStatemachineAsSubmachine_oSubmachineState_oStatemachine_1;setSubvertices_handle_subvertices_1;setTrigger_handle_event_1;setWhen_handle_value_1
StateDisabled,_-3vXIuLaEeCVSp8F0qHMxQ,ModelManagementHelperEUMLImpl,n_modelManagementHelperEUMLImpl_1;getAllBehavioralFeatures_ns_return_1;getAllContents_element_return_1;getAllImportedElements_pack_return_1;getAllModelElementsOfKind_nsa_type_return_1;getAllModelElementsOfKind_nsa_kind_return_1;getAllModelElementsOfKindWithModel_model_type_return_1;getAllNamespaces_ns_return_1;getAllPossibleImports_pack_return_1;getAllSubSystems_ns_return_1;getAllSurroundingNamespaces_element_return_1;getContents_element_return_1;getElement_path_return_1;getElement_path_theRootNamespace_return_1;getPathList_element_return_1;isCyclicOwnership_parent_child_return_1;removeImportedElement_handle_me_1;setAlias_handle_alias_1;setImportedElements_pack_imports_1;setSpecification_handle_isSpecification_1;isReadOnly_element_return_1
StateDisabled,__QlU8OLaEeCVSp8F0qHMxQ,SelectionClassifierRole,n_selectionClassifierRole_1;dragHandle_mX_mY_anX_anY_hand_1;getNewNode_index_return_1;getIcons_return_1;getInstructions_index_return_1;getNewEdgeType_index_return_1;getNewNodeType_index_return_1
StateDisabled,__acbkOLaEeCVSp8F0qHMxQ,GenericArgoMenuBar,n_genericArgoMenuBar_1;LOG_1;moduleMenus_1;moduleCreateDiagramActions_1;disableableActions_1;ZOOM_FACTOR_1;MENU_1;MENUITEM_1;fileToolbar_1;editToolbar_1;viewToolbar_1;createDiagramToolbar_1;edit_1;select_1;createDiagramMenu_1;tools_1;generate_1;help_1;navigateTargetForwardAction_1;navigateTargetBackAction_1;serialVersionUID_1;initActions__1;setMnemonic_item_key_1;menuLocalize_key_return_1;menuItemLocalize_key_return_1;initMenus__1;initModulesUI__1;initMenuFile__1;initMenuEdit__1;initMenuView__1;initMenuCreate__1;initMenuArrange__1;initAlignMenu_align_1;initDistributeMenu_distribute_1;initReorderMenu_reorder_1;initMenuGeneration__1;initMenuCritique__1;initMenuTools__1;initMenuHelp__1;initModulesMenus__1;initModulesActions__1;getCreateDiagramToolbar_return_1;getCreateDiagramMenu_return_1;getEditToolbar_return_1;getFileToolbar_return_1;getViewToolbar_return_1;prepareKey_str_return_1;addFileSaved_filename_1;getTools_return_1;setTarget__1;registerMenuItem_menu_1;registerCreateDiagramAction_action_1;registerForMacEvents__1;macQuit__1;macAbout__1;macPreferences__1;macOpenFile_filename_1
StateDisabled,__lTnw-LaEeCVSp8F0qHMxQ,GoElementToMachine,n_goElementToMachine_1;getRuleName_return_1;getChildren_parent_return_1;getDependencies_parent_return_1
StateDisabled,__ouvMuLaEeCVSp8F0qHMxQ,ProjectMemberTodoList,n_projectMemberTodoList_1;TO_DO_EXT_1;getType_return_1;getZipFileExtension_return_1;getToDoList_return_1;getResolvedCriticsList_return_1;repair_return_1
StateDisabled,__rtKsOLaEeCVSp8F0qHMxQ,CrForkOutgoingTransition,n_crForkOutgoingTransition_1;getCriticizedDesignMaterials_return_1
StateDisabled,_ABfNcOLbEeCVSp8F0qHMxQ,StylePanelFigInterface,n_stylePanelFigInterface_1;operCheckBox_1;refreshTransaction_1;serialVersionUID_1;refresh__1
StateDisabled,___jTweLaEeCVSp8F0qHMxQ,FigException,n_figException_1;makeSelection_return_1
StateDisabled,_AEmy4eLbEeCVSp8F0qHMxQ,FigProfileIcon,n_figProfileIcon_1;image_1;label_1;GAP_1;getLabelFig_return_1;getLabel_return_1;setLabel_txt_1
StateDisabled,_AFNP0uLbEeCVSp8F0qHMxQ,ActionStereotypeView,n_actionStereotypeView_1;selectedStereotypeView_1;updateSelection__1;valueOfTarget_t_return_1
StateDisabled,_AWMSIOLbEeCVSp8F0qHMxQ,UMLModelElementTaggedValueProxy,n_uMLModelElementTaggedValueProxy_1;panelTarget_1;tagName_1;EVENT_NAME_1;propertyChange_evt_1;setProperty_text_1;getProperty_return_1;getTarget_return_1;setTarget_target_1;remove_offs_len_1;getDefaultRootElement_return_1;getLength_return_1;getText_offset_length_return_1;addDocumentListener_listener_1;removeDocumentListener_listener_1;addUndoableEditListener_listener_1;removeUndoableEditListener_listener_1;getRootElements_return_1;getEndPosition_return_1;getStartPosition_return_1;createPosition_offs_return_1;getText_offset_length_txt_1;getProperty_key_return_1;putProperty_key_value_1
StateDisabled,_AQ1RAOLbEeCVSp8F0qHMxQ,AbstractActionNavigate,n_abstractActionNavigate_1;setIcon_newIcon_return_1;navigateTo_source_return_1;isEnabled_return_1
StateDisabled,_AagKYuLbEeCVSp8F0qHMxQ,PropPanelObjectFlowState,n_propPanelObjectFlowState_1;classifierComboBox_1;statesScroll_1;addExtraButtons__1;propertyChange_evt_1;getClassifierComboBox_return_1;removeTopStateFrom_ret_1;getType_target_return_1
StateDisabled,_AagKZOLbEeCVSp8F0qHMxQ,UMLOFSStateListModel,n_uMLOFSStateListModel_1;serialVersionUID_1;buildModelList__1;isValidElement_elem_return_1
StateDisabled,_AbGnUOLbEeCVSp8F0qHMxQ,ActionNewEntryCallAction,n_actionNewEntryCallAction_1
StateDisabled,_ArsBAOLbEeCVSp8F0qHMxQ,PropPanelMethod,n_propPanelMethod_1
StateDisabled,_ArsBA-LbEeCVSp8F0qHMxQ,ActionSetMethodSpecification,n_actionSetMethodSpecification_1
UsecaseDisabled,_-qgMY-LaEeCVSp8F0qHMxQ,WizStepChoice,n_wizStepChoice_1;instructions_1;choices_1;selectedIndex_1;serialVersionUID_1;getSelectedIndex_return_1
UsecaseDisabled,_-scGEOLaEeCVSp8F0qHMxQ,Configuration,n_configuration_1;FILE_LOADED_1;URL_LOADED_1;FILE_SAVED_1;URL_SAVED_1;load_return_1;load_file_return_1;load_url_return_1;save_return_1;save_force_return_1;addListener_pcl_1;removeListener_pcl_1
UsecaseDisabled,__BtLceLaEeCVSp8F0qHMxQ,NotationNameImpl,n_notationNameImpl_1;LOG_1;name_1;version_1;icon_1;notations_1;getName_return_1;getVersion_return_1;getTitle_return_1;getIcon_return_1;getConfigurationValue_return_1;toString_return_1;getNotationNameString_k1_k2_return_1;getAvailableNotations_return_1
UsecaseDisabled,__S0JkeLaEeCVSp8F0qHMxQ,ProjectSettingsDialog,n_projectSettingsDialog_1;applyButton_1;resetToDefaultButton_1;tabs_1;doingShow_1;windowOpen_1;showDialog__1;actionPerformed_ev_1;handleSave__1;handleCancel__1;handleRefresh__1;handleOpen__1;handleResetToDefault__1;showDialog_tab_1
UsecaseDisabled,__ZQv0uLaEeCVSp8F0qHMxQ,PrintManager,n_printManager_1;printCmd_1;INSTANCE_1;getInstance_return_1;print__1;showPageSetupDialog__1
UsecaseDisabled,__lmisOLaEeCVSp8F0qHMxQ,GoStateToIncomingTrans,n_goStateToIncomingTrans_1;getRuleName_return_1;getChildren_parent_return_1;getDependencies_parent_return_1
UsecaseDisabled,__f9NsuLaEeCVSp8F0qHMxQ,InheritanceNode,n_inheritanceNode_1;parent_1;getParent_return_1;toString_return_1;subsumes_obj_return_1
UsecaseDisabled,__jrQEOLaEeCVSp8F0qHMxQ,GoProjectToCollaboration,n_goProjectToCollaboration_1;getRuleName_return_1;getChildren_parent_return_1;getDependencies_parent_return_1
UsecaseDisabled,__g1-gOLaEeCVSp8F0qHMxQ,GoNodeToResidentComponent,n_goNodeToResidentComponent_1;getRuleName_return_1;getChildren_parent_return_1;getDependencies_parent_return_1
UsecaseDisabled,__j-LBeLaEeCVSp8F0qHMxQ,GoTransitiontoEffect,n_goTransitiontoEffect_1;getRuleName_return_1;getChildren_parent_return_1;getDependencies_parent_return_1
UsecaseDisabled,__3XoJOLaEeCVSp8F0qHMxQ,UMLDeploymentDiagram,n_uMLDeploymentDiagram_1;LOG_1;actionMNode_1;actionMNodeInstance_1;actionMComponent_1;actionMComponentInstance_1;actionMClass_1;actionMInterface_1;actionMObject_1;actionMDependency_1;actionMAssociation_1;actionMLink_1;actionAssociation_1;actionAggregation_1;actionComposition_1;actionUniAssociation_1;actionUniAggregation_1;actionUniComposition_1;actionMGeneralization_1;actionMAbstraction_1;serialVersionUID_1;setNamespace_handle_1;getUmlActions_return_1;getAssociationActions_return_1;getLabelName_return_1;getActionAggregation_return_1;getActionAssociation_return_1;getActionComposition_return_1;getActionMAssociation_return_1;getActionMClass_return_1;getActionMComponent_return_1;getActionMComponentInstance_return_1;getActionMDependency_return_1;getActionMGeneralization_return_1;getActionMAbstraction_return_1;getActionMInterface_return_1;getActionMLink_return_1;getActionMNode_return_1;getActionMNodeInstance_return_1;getActionMObject_return_1;getActionUniAggregation_return_1;getActionUniAssociation_return_1;getActionUniComposition_return_1;isRelocationAllowed_base_return_1;getRelocationCandidates_root_return_1;relocate_base_return_1;setModelElementNamespace_modelElement_namespace_1;encloserChanged_enclosed_oldEncloser_newEncloser_1;doesAccept_objectToAccept_return_1;drop_droppedObject_location_return_1
UsecaseDisabled,__8R9UuLaEeCVSp8F0qHMxQ,FigJunctionState,n_figJunctionState_1;X_1;Y_1;WIDTH_1;HEIGHT_1;head_1;serialVersionUID_1;initFigs__1;clone_return_1;isResizable_return_1;setLineColor_col_1;getLineColor_return_1;setFillColor_col_1;getFillColor_return_1;isFilled_return_1;getLineWidth_return_1;mouseClicked_me_1;getClosestPoint_anotherPt_return_1
UsecaseDisabled,__7iWcOLaEeCVSp8F0qHMxQ,FigTransition,n_figTransition_1;endArrow_1;dashed_1;initializeTransition__1;setLayer_lay_1;setOwner_owner_1;initPorts_lay_owner_1;getNotationProviderType_return_1;renderingChanged__1;updateDashed__1;getPopUpActions_me_return_1;getDestination_return_1;getSource_return_1
UsecaseDisabled,_AJONIOLbEeCVSp8F0qHMxQ,FigClassAssociationClass,n_figClassAssociationClass_1;serialVersionUID_1;getRemoveDelegate_return_1
UsecaseDisabled,_AjgVYuLbEeCVSp8F0qHMxQ,ButtonActionNewGuard,n_buttonActionNewGuard_1;isEnabled_return_1;getKeyName_return_1;getIconName_return_1
UsecaseDisabled,_AotlgOLbEeCVSp8F0qHMxQ,ActionAddOperation,n_actionAddOperation_1;targetFollower_1;serialVersionUID_1;getTargetFollower_return_1;actionPerformed_ae_1;shouldBeEnabled_return_1
UsecaseDisabled,_ApwHU-LbEeCVSp8F0qHMxQ,ActionSetAssociationEndTargetScope,n_actionSetAssociationEndTargetScope_1;SINGLETON_1;getInstance_return_1
