ActivityDisabled,_-n0r0OLaEeCVSp8F0qHMxQ,InitCheckListUI,n_initCheckListUI_1;getDetailsTabs_return_1;getProjectSettingsTabs_return_1;getSettingsTabs_return_1;init__1
ActivityDisabled,_-oRXwOLaEeCVSp8F0qHMxQ,CriticBrowserDialog,n_criticBrowserDialog_1;LOG_1;numCriticBrowser_1;NUM_COLUMNS_1;HIGH_1;MEDIUM_1;LOW_1;PRIORITIES_1;ALWAYS_1;IF_ONLY_ONE_1;NEVER_1;USE_CLAR_1;INSET_PX_1;criticsLabel_1;clsNameLabel_1;headlineLabel_1;priorityLabel_1;moreInfoLabel_1;descLabel_1;clarifierLabel_1;className_1;headline_1;priority_1;moreInfo_1;desc_1;useClar_1;wakeButton_1;configButton_1;networkButton_1;goButton_1;advancedButton_1;addListeners__1;enableFieldsAndButtons__1;updateButtonsEnabled__1;setTargetHeadline__1;setTargetPriority__1;setTargetMoreInfo__1;setTargetDesc__1;setTargetUseClarifiers__1;valueChanged_lse_1;update_o_arg_1
ActivityDisabled,_-w5vVOLaEeCVSp8F0qHMxQ,AttributeChangeEvent,n_attributeChangeEvent_1;serialVersionUID_1
ActivityDisabled,__PskIOLaEeCVSp8F0qHMxQ,PropPanelCritic,n_propPanelCritic_1;criticClass_1;name_1;headline_1;priority_1;description_1;ocl_1;oclLabel_1;supportedDecision_1;knowledgeType_1;colToString_set_return_1
ActivityDisabled,__nFwcOLaEeCVSp8F0qHMxQ,TargetEvent,n_targetEvent_1;TARGET_SET_1;TARGET_ADDED_1;TARGET_REMOVED_1;theEventName_1;theOldTargets_1;theNewTargets_1;serialVersionUID_1;getName_return_1;getOldTargets_return_1;getNewTargets_return_1;getNewTarget_return_1;getRemovedTargetCollection_return_1;getRemovedTargets_return_1;getAddedTargetCollection_return_1;getAddedTargets_return_1
ActivityDisabled,__xtsEOLaEeCVSp8F0qHMxQ,CrTooManyOper,n_crTooManyOper_1;OPERATIONS_THRESHOLD_1;serialVersionUID_1;getCriticizedDesignMaterials_return_1
ActivityDisabled,__xNVwuLaEeCVSp8F0qHMxQ,CrMissingAttrName,n_crMissingAttrName_1;getClarifier_return_1;getCriticizedDesignMaterials_return_1
ActivityDisabled,__zM50OLaEeCVSp8F0qHMxQ,UMLMutableGraphSupport,n_uMLMutableGraphSupport_1;LOG_1;nodes_1;edges_1;homeModel_1;getNodes_return_1;getEdges_return_1;containsNode_node_return_1;constainsEdge_edge_return_1;removeNode_node_1;removeEdge_edge_1;canConnect_fromP_toP_return_1;connect_fromPort_toPort_return_1;getHomeModel_return_1;setHomeModel_ns_1;connect_fromPort_toPort_edgeClass_return_1;connect_fromPort_toPort_edgeType_return_1;connect_fromPort_toPort_edgeType_styleAttributes_return_1;canAddNode_node_return_1;getSourcePort_edge_return_1;getDestPort_edge_return_1;canAddEdge_edge_return_1;addNodeRelatedEdges_node_1;buildConnection_edgeType_fromElement_fromStyle_toElement_toStyle_unidirectional_namespace_return_1;isConnectionValid_edgeType_fromElement_toElement_return_1;isRemoveFromDiagramAllowed_figs_return_1
ActivityDisabled,__39eAOLaEeCVSp8F0qHMxQ,DeploymentDiagramRenderer,n_deploymentDiagramRenderer_1;serialVersionUID_1;LOG_1;getFigNodeFor_gm_lay_node_styleAttributes_return_1;getFigEdgeFor_gm_lay_edge_styleAttributes_return_1
ActivityDisabled,_APf0QOLbEeCVSp8F0qHMxQ,ImportClasspathDialog,n_importClasspathDialog_1;paths_1;pathsModel_1;addButton_1;removeButton_1;chooser_1;setting_1;updatePathList__1
ActivityDisabled,_APo-MuLbEeCVSp8F0qHMxQ,AddListener,n_addListener_1
ActivityDisabled,_ATXAl-LbEeCVSp8F0qHMxQ,MoveToBottomAction,n_moveToBottomAction_1;index_1;isEnabled_return_1
ActivityDisabled,_AWMSIOLbEeCVSp8F0qHMxQ,UMLModelElementTaggedValueProxy,n_uMLModelElementTaggedValueProxy_1;panelTarget_1;tagName_1;EVENT_NAME_1;propertyChange_evt_1;setProperty_text_1;getProperty_return_1;getTarget_return_1;setTarget_target_1;remove_offs_len_1;getDefaultRootElement_return_1;getLength_return_1;getText_offset_length_return_1;addDocumentListener_listener_1;removeDocumentListener_listener_1;addUndoableEditListener_listener_1;removeUndoableEditListener_listener_1;getRootElements_return_1;getEndPosition_return_1;getStartPosition_return_1;createPosition_offs_return_1;getText_offset_length_txt_1;getProperty_key_return_1;putProperty_key_value_1
ActivityDisabled,_AaDedeLbEeCVSp8F0qHMxQ,PropPanelActivityGraph,n_propPanelActivityGraph_1;initialize__1
ActivityDisabled,_AaDed-LbEeCVSp8F0qHMxQ,UMLActivityGraphPartiitionListModel,n_uMLActivityGraphPartiitionListModel_1;buildModelList__1;isValidElement_element_return_1
ActivityDisabled,_Ab2OMeLbEeCVSp8F0qHMxQ,UMLAssociationRoleAssociationEndRoleListModel,n_uMLAssociationRoleAssociationEndRoleListModel_1;buildModelList__1;isValidElement_o_return_1
ActivityDisabled,_AhMoQOLbEeCVSp8F0qHMxQ,ActionNewAction,n_actionNewAction_1;ROLE_1;createAction_return_1;getAction_role_t_return_1
ActivityDisabled,_AjzQUOLbEeCVSp8F0qHMxQ,PropPanelPseudostate,n_propPanelPseudostate_1;serialVersionUID_1;refreshTarget__1
ActivityDisabled,_AtU_xOLbEeCVSp8F0qHMxQ,PropPanelRelationship,n_propPanelRelationship_1;serialVersionUID_1
CollabDisabled,_-jgzkeLaEeCVSp8F0qHMxQ,ArgoDiagramAppearanceEvent,n_argoDiagramAppearanceEvent_1;getEventStartRange_return_1
CollabDisabled,__QcLAuLaEeCVSp8F0qHMxQ,SelectionMessage,n_selectionMessage_1;LOG_1;keyPressed_ke_1;mousePressed_me_1;dragHandle_x_y_w_h_handle_1;handleMovement__1
CollabDisabled,__Rod0uLaEeCVSp8F0qHMxQ,LeftArrowIcon,n_leftArrowIcon_1;getIconWidth_return_1;getIconHeight_return_1
CollabDisabled,__lmisuLaEeCVSp8F0qHMxQ,GoBehavioralFeatureToStateDiagram,n_goBehavioralFeatureToStateDiagram_1;getChildren_parent_return_1;getDependencies_parent_return_1;getRuleName_return_1
CollabDisabled,__n1XUeLaEeCVSp8F0qHMxQ,DocumentationManager,n_documentationManager_1;LINE_SEPARATOR_1;getDocs_o_indent_return_1;getDocs_o_indent_header_prefix_footer_return_1;hasDocs_o_return_1;defaultFor_o_indent_return_1;getComments_o_return_1;getComments_o_header_prefix_footer_return_1;appendComment_sb_prefix_comment_nlprefix_return_1
CollabDisabled,__uFwUOLaEeCVSp8F0qHMxQ,CrMultipleInitialStates,n_crMultipleInitialStates_1;LOG_1;serialVersionUID_1;getCriticizedDesignMaterials_return_1
CollabDisabled,__qXt8OLaEeCVSp8F0qHMxQ,CrWrongLinkEnds,n_crWrongLinkEnds_1
CollabDisabled,__1R9cuLaEeCVSp8F0qHMxQ,FigPartition,n_figPartition_1;MIN_WIDTH_1;MIN_HEIGHT_1;leftLine_1;rightLine_1;topLine_1;bottomLine_1;seperator_1;initFigs__1;clone_return_1;setLineColor_col_1;getLineColor_return_1;setFillColor_col_1;getFillColor_return_1;isFilled_return_1;getLineWidth_return_1;placeString_return_1;getMinimumSize_return_1;makeSelection_return_1;appendToPool_activityGraph_1;removeFromDiagramImpl__1;translateWithContents_dx_1;getPartitions_layer_return_1;getDragDependencies_return_1
CollabDisabled,__1buceLaEeCVSp8F0qHMxQ,SelectionPartition,n_selectionPartition_1;cx_1;cy_1;cw_1;ch_1;updateHandleBox__1;dragHandle_mX_mY_anX_anY_hand_1
CollabDisabled,_AAvmkuLbEeCVSp8F0qHMxQ,FigPackage,n_figPackage_1;LOG_1;MIN_HEIGHT_1;MIN_WIDTH_1;width_1;height_1;indentX_1;textH_1;tabHeight_1;body_1;stereotypeVisible_1;serialVersionUID_1;initialize__1;clone_return_1;setLineColor_col_1;getLineColor_return_1;setFillColor_col_1;getFillColor_return_1;isFilled_return_1;getLineWidth_return_1;updateStereotypeText__1;classNameAndBounds_return_1;getUseTrapRect_return_1;getMinimumSize_return_1;getPopUpActions_me_return_1;doStereotype_value_1;doVisibility_value_1;isStereotypeVisible_return_1;setStereotypeVisible_isVisible_1;isVisibilityVisible_return_1;setVisibilityVisible_isVisible_1;textEditStarted_ft_1;getClosestPoint_anotherPt_return_1;modelChanged_mee_1
CollabDisabled,_ABChgOLbEeCVSp8F0qHMxQ,ShowStereotypeAction,n_showStereotypeAction_1;ACTION_KEY_1;serialVersionUID_1;actionPerformed_ae_1
CollabDisabled,_AW75AOLbEeCVSp8F0qHMxQ,UMLComboBox2,n_uMLComboBox2_1;actionPerformed_arg0_1;doIt_event_1;getTarget_return_1
CollabDisabled,_ATXAkeLbEeCVSp8F0qHMxQ,MoveUpAction,n_moveUpAction_1;index_1;isEnabled_return_1
CollabDisabled,_AfafkOLbEeCVSp8F0qHMxQ,PropPanelAction,n_propPanelAction_1;argumentsScroll_1;initialize__1;addExtraActions__1
CollabDisabled,_Ai6fgOLbEeCVSp8F0qHMxQ,PropPanelGuard,n_propPanelGuard_1;serialVersionUID_1
CollabDisabled,_Amoh4OLbEeCVSp8F0qHMxQ,UMLExtendExtensionPointListModel,n_uMLExtendExtensionPointListModel_1;buildModelList__1;isValidElement_o_return_1;moveDown_index1_1;moveToBottom_index_1;moveToTop_index_1
CollabDisabled,_AwTbQOLbEeCVSp8F0qHMxQ,UMLModelElementElementResidenceListModel,n_uMLModelElementElementResidenceListModel_1;buildModelList__1;isValidElement_o_return_1
CollabDisabled,_ApwHVeLbEeCVSp8F0qHMxQ,UMLAssociationEndChangeabilityRadioButtonPanel,n_uMLAssociationEndChangeabilityRadioButtonPanel_1;labelTextsAndActionCommands_1;buildModel__1
CollabDisabled,_A06OdOLbEeCVSp8F0qHMxQ,SingleElementIterator,n_singleElementIterator_1;done_1;hasNext_return_1;remove__1
DeployDisabled,_-vtcgeLaEeCVSp8F0qHMxQ,DelayedChangeNotify,n_delayedChangeNotify_1;pce_1;run__1
DeployDisabled,_-6RGsOLaEeCVSp8F0qHMxQ,CopyHelper,n_copyHelper_1;copy_anelement_ans_return_1;fullCopy_anelement_ans_return_1
DeployDisabled,__LFJ4eLaEeCVSp8F0qHMxQ,ProfileConfigurationParser,n_profileConfigurationParser_1;LOG_1;model_1;filename_1;profiles_1;unresolvedFilenames_1;getProfiles_return_1;getUnresolvedFilenames_return_1
DeployDisabled,__OWgUeLaEeCVSp8F0qHMxQ,InvalidOclException,n_invalidOclException_1
DeployDisabled,__XxiEOLaEeCVSp8F0qHMxQ,ProjectActions,n_projectActions_1;theInstance_1;redoAction_1;getInstance_return_1;getUndoAction_return_1;getRedoAction_return_1;getRemoveFromDiagramAction_return_1;determineRemoveEnabled__1;jumpToDiagramShowing_targets_1;propertyChange_evt_1
DeployDisabled,__Y0D4OLaEeCVSp8F0qHMxQ,UndoableAction,n_undoableAction_1
DeployDisabled,__av9lOLaEeCVSp8F0qHMxQ,ActionWrapper,n_actionWrapper_1;defaultShortcut_1;currentShortcut_1;key_1;actionInstance_1;actionInstanceName_1;getKey_return_1;getCurrentShortcut_return_1;setCurrentShortcut_actualShortcut_1;getDefaultShortcut_return_1;getActionName_return_1;getActionInstance_return_1
DeployDisabled,__gQIo-LaEeCVSp8F0qHMxQ,GoProfileToModel,n_goProfileToModel_1;getRuleName_return_1;getChildren_parent_return_1;getDependencies_parent_return_1
DeployDisabled,__tMYc-LaEeCVSp8F0qHMxQ,CrSeqInstanceWithoutClassifier,n_crSeqInstanceWithoutClassifier_1
DeployDisabled,_Acu_BOLbEeCVSp8F0qHMxQ,UMLMessageActivatorComboBox,n_uMLMessageActivatorComboBox_1;doIt_event_1
DeployDisabled,_Agv8UOLbEeCVSp8F0qHMxQ,PropPanelComponentInstance,n_propPanelComponentInstance_1;serialVersionUID_1
DeployDisabled,_Ae9zouLbEeCVSp8F0qHMxQ,UMLSignalReceptionListModel,n_uMLSignalReceptionListModel_1;serialVersionUID_1;buildModelList__1;isValidElement_element_return_1
DeployDisabled,_ApKRcOLbEeCVSp8F0qHMxQ,PropPanelClass,n_propPanelClass_1;serialVersionUID_1
DeployDisabled,_Av_5QOLbEeCVSp8F0qHMxQ,PropPanelDataType,n_propPanelDataType_1;operationScroll_1;serialVersionUID_1;addEnumerationButtons__1;getOperationScroll_return_1
DeployDisabled,_AyiP5-LbEeCVSp8F0qHMxQ,ElementImportPackageListModel,n_elementImportPackageListModel_1;buildModelList__1;isValidElement_element_return_1
DeployDisabled,_Azt7oOLbEeCVSp8F0qHMxQ,PredicateStringMatch,n_predicateStringMatch_1;MAX_PATS_1;patterns_1;patternCount_1;evaluate_o_return_1
DeployDisabled,_AzR2weLbEeCVSp8F0qHMxQ,SuffixFilter,n_suffixFilter_1;suffixes_1;desc_1;accept_f_return_1;getExtension_f_return_1;getExtension_filename_return_1;getDescription_return_1;getSuffix_return_1;getSuffixes_return_1;toString_return_1
Original,_-r1pIOLaEeCVSp8F0qHMxQ,GoListToGoalsToItems,n_goListToGoalsToItems_1;getChild_parent_index_return_1;getChildCount_parent_return_1;getIndexOfChild_parent_child_return_1;isLeaf_node_return_1;valueForPathChanged_path_newValue_1;getGoalList_return_1
Original,_--SrEOLaEeCVSp8F0qHMxQ,XmiReferenceException,n_xmiReferenceException_1;reference_1;getReference_return_1
Original,__FSD4OLaEeCVSp8F0qHMxQ,EnumerationLiteralNotationUml,n_enumerationLiteralNotationUml_1;getParsingHelp_return_1;parse_modelElement_text_1;parseEnumerationLiteralFig_enumeration_literal_text_1;parseEnumerationLiteral_text_literal_1;toString_modelElement_args_return_1;toString_modelElement_useGuillemets_return_1
Original,__e6E0OLaEeCVSp8F0qHMxQ,ExplorerPopup,n_explorerPopup_1;createDiagrams_1;LOG_1;MODEL_ELEMENT_MENUITEMS_1;serialVersionUID_1;initMenuCreateDiagrams__1;initMenuCreateModelElements__1;addCreateModelElementAction_menuItems_metaType_relationshipDescr_1;buildDirectionalCreateMenuItem_metaType_source_dest_relationshipDescr_menu_1;menuLocalize_key_return_1;addMenuItemForBothEndsOf_edge_1
Original,__fD10OLaEeCVSp8F0qHMxQ,ActionAddExistingRelatedNode,n_actionAddExistingRelatedNode_1;object_1;isEnabled_return_1;actionPerformed_ae_1
Original,__kkA4OLaEeCVSp8F0qHMxQ,GoStateToDownstream,n_goStateToDownstream_1;getRuleName_return_1;getChildren_parent_return_1;getDependencies_parent_return_1
Original,__q9j0uLaEeCVSp8F0qHMxQ,CrNoTransitions,n_crNoTransitions_1;getCriticizedDesignMaterials_return_1
Original,__0PbpeLaEeCVSp8F0qHMxQ,ActivityDiagramGraphModel,n_activityDiagramGraphModel_1;serialVersionUID_1;canAddNode_node_return_1
Original,__3N3IuLaEeCVSp8F0qHMxQ,SelectionComponent,n_selectionComponent_1;dep_1;depRight_1;icons_1;instructions_1;getIcons_return_1;getInstructions_index_return_1;getNewEdgeType_index_return_1;getNewNode_index_return_1;getNewNodeType_index_return_1;isReverseEdge_index_return_1
Original,___jTw-LaEeCVSp8F0qHMxQ,SelectionComment,n_selectionComment_1;linkIcon_1;icons_1;instructions_1;getIcons_return_1;getInstructions_index_return_1;getNewEdgeType_index_return_1;getNewNodeType_index_return_1;getNewNode_index_return_1
Original,_AEA9AuLbEeCVSp8F0qHMxQ,ModeCreateDependency,n_modeCreateDependency_1;getMetaType_return_1
Original,_AIxhMuLbEeCVSp8F0qHMxQ,FigAbstraction,n_figAbstraction_1;createEndArrow_return_1
Original,_AOIiUuLbEeCVSp8F0qHMxQ,ImportException,n_importException_1
Original,_AkP8ROLbEeCVSp8F0qHMxQ,UMLStateDeferrableEventListModel,n_uMLStateDeferrableEventListModel_1;buildModelList__1;isValidElement_element_return_1;buildPopup_popup_index_return_1
Original,_Apm9Y-LbEeCVSp8F0qHMxQ,ActionSetStructuralFeatureType,n_actionSetStructuralFeatureType_1;SINGLETON_1;getInstance_return_1
Original,_Ar1yAuLbEeCVSp8F0qHMxQ,ActionSetFeatureOwner,n_actionSetFeatureOwner_1;SINGLETON_1;getInstance_return_1
Original,_AyiP4-LbEeCVSp8F0qHMxQ,UMLElementImportAliasDocument,n_uMLElementImportAliasDocument_1;setProperty_text_1;getProperty_return_1
Original,_Azt7ouLbEeCVSp8F0qHMxQ,EnumerationIterator,n_enumerationIterator_1;enumeration_1;hasNext_return_1;next_return_1;remove__1
SequenceDisabled,_-qzHUeLaEeCVSp8F0qHMxQ,PriorityNode,n_priorityNode_1;HIGH_1;MEDIUM_1;LOW_1;priorities_1;name_1;priority_1;getPriorityList_return_1;getName_return_1;getPriority_return_1;toString_return_1
SequenceDisabled,_-xflNOLaEeCVSp8F0qHMxQ,AbstractStateMachinesHelperDecorator,n_abstractStateMachinesHelperDecorator_1;getSource_trans_return_1;getDestination_trans_return_1;getStateMachine_handle_return_1;setEventAsTrigger_transition_event_1;isAddingStatemachineAllowed_context_return_1;isTopState_o_return_1;getAllPossibleStatemachines_model_oSubmachineState_return_1;getAllPossibleSubvertices_oState_return_1;setStatemachineAsSubmachine_oSubmachineState_oStatemachine_1;getTop_sm_return_1;getOutgoingStates_ostatevertex_return_1;findOperationByName_trans_opname_return_1;getAllSubStates_compState_return_1;removeSubvertex_handle_subvertex_1;addSubvertex_handle_subvertex_1;setBound_handle_bound_1;setConcurrent_handle_concurrent_1;setContainer_handle_compositeState_1;setDoActivity_handle_value_1;setEffect_handle_value_1;setEntry_handle_value_1;setExit_handle_value_1;setExpression_handle_value_1;setGuard_handle_guard_1;setInternalTransitions_handle_intTrans_1;setSource_handle_state_1;setState_handle_element_1;setStateMachine_handle_stm_1;setSubvertices_handle_subvertices_1;setTrigger_handle_event_1;setWhen_handle_value_1;setChangeExpression_handle_value_1;getPath_o_return_1;getStatebyName_path_container_return_1;setReferenceState_o_referenced_1;findNamespaceForEvent_trans_model_return_1;addDeferrableEvent_state_deferrableEvent_1;removeDeferrableEvent_state_deferrableEvent_1;setContext_statemachine_modelElement_1
SequenceDisabled,_-2Z6YeLaEeCVSp8F0qHMxQ,CollaborationsFactoryEUMLImpl,n_collaborationsFactoryEUMLImpl_1;buildActivator_owner_interaction_return_1;buildAssociationEndRole_atype_return_1;buildAssociationRole_from_to_return_1;buildAssociationRole_from_agg1_to_agg2_unidirectional_return_1;buildAssociationRole_from_agg1_to_agg2_unidirectional_return_2;buildAssociationRole_link_return_1;buildClassifierRole_collaboration_return_1;buildCollaboration_handle_return_1;buildCollaboration_namespace_representedElement_return_1;buildInteraction_handle_return_1;buildMessage_acollab_arole_return_1;createAssociationEndRole_return_1;createAssociationRole_return_1;createClassifierRole_return_1;createCollaboration_return_1;createCollaborationInstanceSet_return_1;createInteraction_return_1;createInteractionInstanceSet_return_1;createMessage_return_1
SequenceDisabled,_--lmAOLaEeCVSp8F0qHMxQ,UseCasesFactoryMDRImpl,n_useCasesFactoryMDRImpl_1;createExtend_return_1;createExtensionPoint_return_1;createActor_return_1;createInclude_return_1;createUseCase_return_1;buildExtend_abase_anextension_return_1;buildExtend_abase_anextension_apoint_return_1;buildExtensionPoint_modelElement_return_1;buildInclude_abase_anaddition_return_1;buildActor_actor_model_return_1;deleteActor_elem_1;deleteExtend_elem_1;deleteExtensionPoint_elem_1;deleteInclude_elem_1;deleteUseCase_elem_1;deleteUseCaseInstance_elem_1
SequenceDisabled,__NK0kOLaEeCVSp8F0qHMxQ,UserProfileReference,n_userProfileReference_1;DEFAULT_USER_PROFILE_BASE_URL_1
SequenceDisabled,__XeAEOLaEeCVSp8F0qHMxQ,StylePanelFig,n_stylePanelFig_1;LOG_1;CUSTOM_ITEM_1;bboxLabel_1;bboxField_1;fillLabel_1;fillField_1;lineLabel_1;lineField_1;stereoLabel_1;stereoField_1;serialVersionUID_1;initChoices__1;hasEditableBoundingBox_value_1;refresh__1;setTargetBBox__1;parseBBox_return_1;handleCustomColor_field_title_targetColor_1;setTargetFill__1;setTargetLine__1;getBBoxLabel_return_1;getBBoxField_return_1;getFillLabel_return_1;getFillField_return_1;getLineLabel_return_1;getLineField_return_1;getCustomItemName_return_1
SequenceDisabled,__cFaUOLaEeCVSp8F0qHMxQ,ExplorerTree,n_explorerTree_1;updatingSelection_1;updatingSelectionViaTreeSelection_1;serialVersionUID_1;refreshSelection__1;setSelection_targets_1;addTargetsInternal_addedTargets_1;selectVisible_target_1;selectAll_targets_1
SequenceDisabled,__gs0kuLaEeCVSp8F0qHMxQ,GoClassToNavigableClass,n_goClassToNavigableClass_1;getRuleName_return_1;getChildren_parent_return_1;getDependencies_parent_return_1
SequenceDisabled,___QY0uLaEeCVSp8F0qHMxQ,StylePanelFigClass,n_stylePanelFigClass_1;attrCheckBox_1;operCheckBox_1;refreshTransaction_1;serialVersionUID_1;refresh__1
SequenceDisabled,_AL5tseLbEeCVSp8F0qHMxQ,UseCaseDiagramPropPanelFactory,n_useCaseDiagramPropPanelFactory_1
SequenceDisabled,_AMMooOLbEeCVSp8F0qHMxQ,FigUseCase,n_figUseCase_1;MIN_VERT_PADDING_1;STEREOTYPE_PADDING_1;SPACER_1;epSep_1;epVec_1;epBigPort_1;initialize__1;placeString_return_1;clone_return_1;getPopUpActions_me_return_1;classNameAndBounds_return_1;isExtensionPointVisible_return_1;setExtensionPointVisible_isVisible_1;setExtensionPointVisibleInternal_visible_1;makeSelection_return_1;getMinimumSize_return_1;getTextSize_return_1;calcEllipse_rectSize_vertPadding_return_1;calcX_a_b_y_return_1;setLineColor_col_1;getLineColor_return_1;setFillColor_col_1;getFillColor_return_1;isFilled_return_1;getLineWidth_return_1;mousePressed_me_1;mouseClicked_me_1;mouseExited_me_1;createContainedModelElement_fg_ie_1;modelChanged_mee_1;updateListeners_oldOwner_newOwner_1;renderingChanged__1;updateExtensionPoint__1;updateNameText__1;getGravityPoints_return_1;updateStereotypeText__1;positionStereotypes__1;getEPFigs_return_1
SequenceDisabled,_Adel4OLbEeCVSp8F0qHMxQ,UMLMessageInteractionListModel,n_uMLMessageInteractionListModel_1;buildModelList__1;isValidElement_element_return_1
SequenceDisabled,_AvQSZOLbEeCVSp8F0qHMxQ,UMLParameterBehavioralFeatListModel,n_uMLParameterBehavioralFeatListModel_1;buildModelList__1;isValidElement_o_return_1
SequenceDisabled,_Ao3WgeLbEeCVSp8F0qHMxQ,UMLModelElementClientDependencyListModel,n_uMLModelElementClientDependencyListModel_1;buildModelList__1;isValidElement_o_return_1
SequenceDisabled,_AugrhOLbEeCVSp8F0qHMxQ,ElementResidenceContainerListModel,n_elementResidenceContainerListModel_1;buildModelList__1;isValidElement_element_return_1
SequenceDisabled,_AyYe5OLbEeCVSp8F0qHMxQ,PropPanelModel,n_propPanelModel_1;placeElements__1
SequenceDisabled,_AzkxtOLbEeCVSp8F0qHMxQ,PredicateTrue,n_predicateTrue_1;theInstance_1;evaluate_obj_return_1;getInstance_return_1
StateDisabled,_-sIkEuLaEeCVSp8F0qHMxQ,ConfigurationProperties,n_configurationProperties_1;LOG_1;propertyLocation_1;propertyBundle_1;canComplain_1;getDefaultPath_return_1;getOldDefaultPath_return_1;copyFile_source_dest_return_1;loadFile_file_return_1;saveFile_file_return_1;loadURL_url_return_1;saveURL_url_return_1;getValue_key_defaultValue_return_1;setValue_key_value_1;remove_key_1
StateDisabled,_-3ccMOLaEeCVSp8F0qHMxQ,ExtensionMechanismsHelperEUMLImpl,n_extensionMechanismsHelperEUMLImpl_1;addBaseClass_handle_baseClass_1;addCopyStereotype_modelElement_stereotype_1;addExtendedElement_handle_extendedElement_1;addTaggedValue_handle_taggedValue_1;getAllPossibleStereotypes_models_modelElement_return_1;getMetaModelName_m_return_1;getMetaModelName_clazz_return_1;getStereotype_ns_stereo_return_1;getStereotype_models_stereo_return_1;getStereotypes_ns_return_1;getStereotypes_models_return_1;hasStereotype_handle_name_return_1;isStereotype_object_name_base_return_1;isStereotypeInh_object_name_base_return_1;isValidStereotype_theModelElement_theStereotype_return_1;removeBaseClass_handle_baseClass_1;removeTaggedValue_handle_taggedValue_1;setIcon_handle_icon_1;setTaggedValue_handle_taggedValues_1;setTagType_handle_tagType_1;setType_handle_type_1;setValueOfTag_handle_value_1;setDataValues_handle_value_1
StateDisabled,__BaQgeLaEeCVSp8F0qHMxQ,InitNotation,n_initNotation_1;init__1;getProjectSettingsTabs_return_1;getSettingsTabs_return_1;getDetailsTabs_return_1
StateDisabled,__XxiEOLaEeCVSp8F0qHMxQ,ProjectActions,n_projectActions_1;theInstance_1;redoAction_1;getInstance_return_1;getUndoAction_return_1;getRedoAction_return_1;getRemoveFromDiagramAction_return_1;determineRemoveEnabled__1;jumpToDiagramShowing_targets_1;propertyChange_evt_1
StateDisabled,__THrkuLaEeCVSp8F0qHMxQ,ArgoJFontChooser,n_argoJFontChooser_1;jContentPane_1;jlstFamilies_1;jlstSizes_1;jlblFamilies_1;jlblSize_1;jlblPreview_1;jbtnOk_1;jbtnCancel_1;resultSize_1;resultName_1;isOk_1;initialize__1;getJContentPane_return_1;getJlstFamilies_return_1;getJlstSizes_return_1;updatePreview__1;getJbtnOk_return_1;getJbtnCancel_return_1;isOk_return_1;getResultName_return_1;getResultSize_return_1
StateDisabled,__TQ1geLaEeCVSp8F0qHMxQ,JasonsHugeTheme,n_jasonsHugeTheme_1;primary1_1;primary2_1;primary3_1;secondary1_1;secondary2_1;secondary3_1;controlFont_1;systemFont_1;windowTitleFont_1;userFont_1;smallFont_1;getName_return_1;getPrimary1_return_1;getPrimary2_return_1;getPrimary3_return_1;getSecondary1_return_1;getSecondary2_return_1;getSecondary3_return_1;getControlTextFont_return_1;getSystemTextFont_return_1;getUserTextFont_return_1;getMenuTextFont_return_1;getSubTextFont_return_1;getWindowTitleFont_return_1
StateDisabled,__gjDlOLaEeCVSp8F0qHMxQ,GoStateToEntry,n_goStateToEntry_1;getChildren_parent_return_1;getDependencies_parent_return_1;getRuleName_return_1
StateDisabled,___2OseLaEeCVSp8F0qHMxQ,SelectionClass,n_selectionClass_1;inherit_1;assoc_1;compos_1;selfassoc_1;useComposite_1;icons_1;instructions_1;edgeType_1;getIcons_return_1;getInstructions_index_return_1;getNewNodeType_i_return_1;getNewEdgeType_i_return_1;isReverseEdge_i_return_1;isDraggableHandle_index_return_1;isEdgePostProcessRequested_return_1;mouseEntered_me_1;getNewNode_index_return_1
StateDisabled,_AMfjkeLbEeCVSp8F0qHMxQ,FigExtend,n_figExtend_1;DEFAULT_WIDTH_1;serialVersionUID_1;endArrow_1;initialize_owner_1;canEdit_f_return_1;updateListeners_oldOwner_newOwner_1;renderingChanged__1;updateConditionText__1;updateLabel__1;getLabel_return_1
StateDisabled,_AN-xUOLbEeCVSp8F0qHMxQ,Setting,n_setting_1;label_1;description_1;getLabel_return_1;getDescription_return_1;getLabel_return_2
StateDisabled,_AN-xUuLbEeCVSp8F0qHMxQ,BooleanSelection,n_booleanSelection_1;defaultValue_1;value_1;isSelected_return_1;getDefaultValue_return_1;setSelected_selected_1
StateDisabled,_ARbt8uLbEeCVSp8F0qHMxQ,TabConstraints,n_tabConstraints_1;LOG_1;mOcleEditor_1;mMmeiTarget_1;setToolbarRollover_enable_1;setToolbarFloatable_enable_1;getOclToolbar_return_1;shouldBeEnabled_target_return_1;getTarget_return_1;refresh__1;setTarget_oTarget_1;setTargetInternal_oTarget_1
StateDisabled,_ARk34eLbEeCVSp8F0qHMxQ,ConstraintModel,n_constraintModel_1;theMMmeiTarget_1;theMAlConstraints_1;theMEllListeners_1;getConstraintCount_return_1;getConstraintAt_nIdx_return_1;removeConstraintAt_nIdx_1;addConstraint__1;addConstraintChangeListener_ccl_1;removeConstraintChangeListener_ccl_1;fireConstraintRemoved_mc_nIdx_1;fireConstraintAdded__1;fireConstraintDataChanged_nIdx_mcOld_mcNew_1;fireConstraintNameChanged_nIdx_mcOld_mcNew_1
StateDisabled,_AagKYuLbEeCVSp8F0qHMxQ,PropPanelObjectFlowState,n_propPanelObjectFlowState_1;classifierComboBox_1;statesScroll_1;addExtraButtons__1;propertyChange_evt_1;getClassifierComboBox_return_1;removeTopStateFrom_ret_1;getType_target_return_1
StateDisabled,_AazFUuLbEeCVSp8F0qHMxQ,ActionNewOFSParameter,n_actionNewOFSParameter_1
StateDisabled,_AkGLQuLbEeCVSp8F0qHMxQ,AbstractPropPanelState,n_abstractPropPanelState_1;entryScroll_1;exitScroll_1;doScroll_1;internalTransitionsScroll_1;addExtraButtons__1;getEntryScroll_return_1;getExitScroll_return_1;getDoScroll_return_1;getInternalTransitionsScroll_return_1;getDeferrableEventsScroll_return_1
StateDisabled,_As4T0OLbEeCVSp8F0qHMxQ,ActionSetParameterDirectionKind,n_actionSetParameterDirectionKind_1;SINGLETON_1;IN_COMMAND_1;OUT_COMMAND_1;INOUT_COMMAND_1;RETURN_COMMAND_1;getInstance_return_1
StateDisabled,_Ax7y8OLbEeCVSp8F0qHMxQ,UMLTagDefinitionComboBoxModel,n_uMLTagDefinitionComboBoxModel_1;LOG_1;serialVersionUID_1;addOtherModelEventListeners_target_1;removeOtherModelEventListeners_target_1;isLazy_return_1;isValidElement_element_return_1;buildModelList__1;getSelectedModelElement_return_1;getApplicableTagDefinitions_element_return_1;addAllUniqueModelElementsFrom_elements_paths_sources_1
StateDisabled,_A0BdpOLbEeCVSp8F0qHMxQ,TokenSep,n_tokenSep_1;next_1;theString_1;length_1;pattern_1;addChar_c_return_1;reset__1;length_return_1;getString_return_1;getNext_return_1
StateDisabled,_AzIFwuLbEeCVSp8F0qHMxQ,Tools,n_tools_1;LOG_1;PACKAGELIST_1;getComponentVersionInfo_sb_pn_1;getVersionInfo_return_1;logVersionInfo__1;getFileExtension_file_return_1
UsecaseDisabled,_-jgzk-LaEeCVSp8F0qHMxQ,ArgoProfileEvent,n_argoProfileEvent_1;getEventStartRange_return_1
UsecaseDisabled,__Erm8OLaEeCVSp8F0qHMxQ,AbstractMessageNotationUml,n_abstractMessageNotationUml_1;LOG_1;parameterCustomSep_1;toString_umlMessage_showSequenceNumbers_return_1;getInitiatorOfAction_umlAction_return_1;initParameterSeparators_return_1;parse_umlMessage_text_1;getParsingHelp_return_1;generateMessageNumber_umlMessage_umlPredecessor_position_return_1;findMsgOrderBreak_s_return_1;generateMessageNumber_message_return_1;countSuccessors_message_return_1;generateRecurrence_expr_return_1;printDebugInfo_s_fname_guard_paramExpr_varname_predecessors_seqno_parallell_iterative_1;parseArguments_paramExpr_mayDeleteExpr_return_1;handlePredecessors_umlMessage_predecessors_hasPredecessors_1;handleOperation_umlMessage_fname_refindOperation_1;handleSequenceNumber_umlMessage_seqno_refindOperation_return_1;handleArguments_umlMessage_args_refindOperation_return_1;handleFunctionName_umlMessage_fname_varname_refindOperation_return_1;fillBlankVariableName_umlMessage_varname_mayDeleteExpr_return_1;fillBlankFunctionName_umlMessage_fname_mayDeleteExpr_return_1;handleGuard_umlMessage_guard_parallell_iterative_1;buildAction_umlMessage_1;getExpressionLanguage_return_1;walkTree_root_path_return_1;walk_r_steps_strict_return_1;findCandidateRoots_c_a_veto_return_1;successor_r_steps_return_1;isMsgNumberStartOf_n1_n2_return_1;compareMsgNumbers_n1_n2_return_1;parseMsgOrder_s_return_1;findMsg_r_n_return_1;hasMsgWithActivator_r_m_return_1;isBadPreMsg_ans_chld_return_1;isPredecessorMsg_pre_suc_md_return_1;filterWithActivator_c_a_return_1;getOperation_classifiers_name_params_return_1;countParameters_bf_return_1
UsecaseDisabled,__MRcsOLaEeCVSp8F0qHMxQ,ProfileReference,n_profileReference_1;path_1;url_1;getPath_return_1;getPublicReference_return_1
UsecaseDisabled,__bMCdOLaEeCVSp8F0qHMxQ,ActionManageProfiles,n_actionManageProfiles_1
UsecaseDisabled,__jEzIOLaEeCVSp8F0qHMxQ,GoProjectToProfileConfiguration,n_goProjectToProfileConfiguration_1;getRuleName_return_1;getChildren_parent_return_1;getDependencies_parent_return_1
UsecaseDisabled,__lAs0OLaEeCVSp8F0qHMxQ,GoTransitionToSource,n_goTransitionToSource_1;getRuleName_return_1;getChildren_parent_return_1;getDependencies_parent_return_1
UsecaseDisabled,__j-LA-LaEeCVSp8F0qHMxQ,GoClassifierToStateMachine,n_goClassifierToStateMachine_1;getRuleName_return_1;getChildren_parent_return_1;getDependencies_parent_return_1
UsecaseDisabled,__ynD8-LaEeCVSp8F0qHMxQ,CrAssocNameConflict,n_crAssocNameConflict_1;getAllTypes_assoc_return_1;getCriticizedDesignMaterials_return_1
UsecaseDisabled,_AF82seLbEeCVSp8F0qHMxQ,AddExistingNodeCommand,n_addExistingNodeCommand_1;object_1;location_1;count_1;execute__1;makeGraphModel_return_1;makeEdge_return_1;makeNode_return_1
UsecaseDisabled,_AG_YguLbEeCVSp8F0qHMxQ,ArgoFigGroup,n_argoFigGroup_1;LOG_1;renderingChanged__1;setOwner_owner_1
UsecaseDisabled,_AJONIuLbEeCVSp8F0qHMxQ,FigNameWithAbstract,n_figNameWithAbstract_1;getFigFontStyle_return_1
UsecaseDisabled,_AQFqIOLbEeCVSp8F0qHMxQ,ImportStatusScreen,n_importStatusScreen_1;cancelButton_1;progressLabel_1;progress_1;messageArea_1;hasMessages_1;canceled_1;serialVersionUID_1;isComplete_return_1;close__1;isCanceled_return_1;notifyMessage_title_introduction_message_1;notifyNullAction__1;updateMainTask_name_1;updateSubTask_action_1
UsecaseDisabled,_APf0QOLbEeCVSp8F0qHMxQ,ImportClasspathDialog,n_importClasspathDialog_1;paths_1;pathsModel_1;addButton_1;removeButton_1;chooser_1;setting_1;updatePathList__1
UsecaseDisabled,_APo-MeLbEeCVSp8F0qHMxQ,RemoveListener,n_removeListener_1
UsecaseDisabled,_ARbt8OLbEeCVSp8F0qHMxQ,SourcePathTableModel,n_sourcePathTableModel_1;MODEL_ELEMENT_COLUMN_1;NAME_COLUMN_1;TYPE_COLUMN_1;SOURCE_PATH_COLUMN_1;LOG_1;isCellEditable_rowIndex_columnIndex_return_1;getModelElement_rowIndex_return_1;getMEName_rowIndex_return_1;getMEType_rowIndex_return_1;getMESourcePath_rowIndex_return_1
UsecaseDisabled,_Ab_YIuLbEeCVSp8F0qHMxQ,PropPanelClassifierRole,n_propPanelClassifierRole_1;serialVersionUID_1;getMultiplicityComboBox_return_1
UsecaseDisabled,_A0KnkeLbEeCVSp8F0qHMxQ,QuotedStringSeparator,n_quotedStringSeparator_1;escChr_1;startChr_1;stopChr_1;esced_1;tokLen_1;level_1;reset__1;tokenLength_return_1;hasFreePart_return_1;endChar_c_return_1
UsecaseDisabled,_A1W6YOLbEeCVSp8F0qHMxQ,OsUtil,n_osUtil_1;isWin32_return_1;isMac_return_1;isMacOSX_return_1;isSunJdk_return_1
