ActivityDisabled,_-5Fa8uLaEeCVSp8F0qHMxQ,EUMLModelImplementation,n_eUMLModelImplementation_1;LOG_1;editingDomain_1;readOnlyMap_1;initializeEditingDomain__1;getEditingDomain_return_1;getReadOnlyMap_return_1;clearEditingDomain__1
ActivityDisabled,__ciGQOLaEeCVSp8F0qHMxQ,PerspectiveConfigurator,n_perspectiveConfigurator_1;LOG_1;INSET_PX_1;configPanelNorth_1;configPanelSouth_1;splitPane_1;renameTextField_1;newPerspectiveButton_1;removePerspectiveButton_1;duplicatePerspectiveButton_1;moveUpButton_1;moveDownButton_1;addRuleButton_1;removeRuleButton_1;resetToDefaultButton_1;perspectiveList_1;perspectiveRulesList_1;ruleLibraryList_1;perspectiveListModel_1;perspectiveRulesListModel_1;ruleLibraryListModel_1;persLabel_1;ruleLibLabel_1;rulesLabel_1;makeLists__1;makeButtons__1;makeLayout__1;makeListeners__1;loadLibrary__1;loadPerspectives__1;updatePersLabel__1;updateLibLabel__1;updateRuleLabel__1;sortJListModel_list_1;doAddRule__1;doRemoveRule__1
ActivityDisabled,__crQM-LaEeCVSp8F0qHMxQ,NewPerspectiveListener,n_newPerspectiveListener_1
ActivityDisabled,__e6E0OLaEeCVSp8F0qHMxQ,ExplorerPopup,n_explorerPopup_1;createDiagrams_1;LOG_1;MODEL_ELEMENT_MENUITEMS_1;serialVersionUID_1;initMenuCreateDiagrams__1;initMenuCreateModelElements__1;addCreateModelElementAction_menuItems_metaType_relationshipDescr_1;buildDirectionalCreateMenuItem_metaType_source_dest_relationshipDescr_menu_1;menuLocalize_key_return_1;addMenuItemForBothEndsOf_edge_1
ActivityDisabled,__fD10OLaEeCVSp8F0qHMxQ,ActionAddExistingRelatedNode,n_actionAddExistingRelatedNode_1;object_1;isEnabled_return_1;actionPerformed_ae_1
ActivityDisabled,__mM_o-LaEeCVSp8F0qHMxQ,GoStateToExit,n_goStateToExit_1;getChildren_parent_return_1;getDependencies_parent_return_1;getRuleName_return_1
ActivityDisabled,__6WDo-LaEeCVSp8F0qHMxQ,FigClassifierRole,n_figClassifierRole_1;LOG_1;ROLE_WIDTH_1;MARGIN_1;ROWDISTANCE_1;MIN_HEAD_HEIGHT_1;MIN_HEAD_WIDTH_1;linkPositions_1;baseNames_1;classifierRoleName_1;serialVersionUID_1;mouseReleased_me_1;updateNameText__1;getNodeCount_return_1;superTranslate_dx_dy_1;getBeautifiedName_o_return_1;isCallMessage_message_return_1;isReturnMessage_message_return_1;isCreateMessage_message_return_1;isDestroyMessage_message_return_1;setPreviousState_start_newState_1;setFromActionNode_lastState_offset_return_1;updateNodeStates__1;addActivations__1;updateActivations__1;getHandler_stack_container_uri_localname_qname_attributes_return_1;updateBounds__1;setFillColor_col_1;setFilled_filled_1;getFillColor_return_1;isFilled_return_1;getLineColor_return_1;getLineWidth_return_1;updateListeners_oldOwner_newOwner_1;growToSize_nodeCount_1;grow_nodePosition_count_1;modelChanged_mee_1;updateEmptyNodeArray_start_emptyNodes_1;contractNodes_start_emptyNodes_1;updateBaseNames__1;updateClassifierRoleName__1;renderingChanged__1;deepHitPort_x_y_return_1;setOwner_own_1;getPortFig_messageNode_return_1;makeSelection_return_1;updateStereotypeText__1
ActivityDisabled,__6o-kOLaEeCVSp8F0qHMxQ,FigClassifierRoleHandler,n_figClassifierRoleHandler_1;getElementHandler_stack_container_uri_localname_qname_attributes_return_1
ActivityDisabled,__71RYOLaEeCVSp8F0qHMxQ,FigHistoryState,n_figHistoryState_1;X_1;Y_1;WIDTH_1;HEIGHT_1;h_1;head_1;serialVersionUID_1;initFigs__1;setStandardBounds_x_y_width_height_1;getH_return_1;placeString_return_1;clone_return_1;isResizable_return_1;setLineColor_col_1;getLineColor_return_1;setFillColor_col_1;getFillColor_return_1;isFilled_return_1;getLineWidth_return_1;mouseClicked_me_1
ActivityDisabled,_AAcEk-LbEeCVSp8F0qHMxQ,SelectionDataType,n_selectionDataType_1;getNewNode_buttonCode_return_1;getNewNodeType_buttonCode_return_1
ActivityDisabled,_AVvmMuLbEeCVSp8F0qHMxQ,UMLModelElementTaggedValueDocument,n_uMLModelElementTaggedValueDocument_1;setProperty_text_1;getProperty_return_1
ActivityDisabled,_ARbt8OLbEeCVSp8F0qHMxQ,SourcePathTableModel,n_sourcePathTableModel_1;MODEL_ELEMENT_COLUMN_1;NAME_COLUMN_1;TYPE_COLUMN_1;SOURCE_PATH_COLUMN_1;LOG_1;isCellEditable_rowIndex_columnIndex_return_1;getModelElement_rowIndex_return_1;getMEName_rowIndex_return_1;getMEType_rowIndex_return_1;getMESourcePath_rowIndex_return_1
ActivityDisabled,_AagKYuLbEeCVSp8F0qHMxQ,PropPanelObjectFlowState,n_propPanelObjectFlowState_1;classifierComboBox_1;statesScroll_1;addExtraButtons__1;propertyChange_evt_1;getClassifierComboBox_return_1;removeTopStateFrom_ret_1;getType_target_return_1
ActivityDisabled,_AdoW5OLbEeCVSp8F0qHMxQ,ActionNewTerminateAction,n_actionNewTerminateAction_1;SINGLETON_1;createAction_return_1;getInstance_return_1
ActivityDisabled,_AgKGcuLbEeCVSp8F0qHMxQ,ActionNewReturnAction,n_actionNewReturnAction_1;SINGLETON_1;createAction_return_1;getInstance_return_1
ActivityDisabled,_AiGAIOLbEeCVSp8F0qHMxQ,PropPanelStubState,n_propPanelStubState_1;serialVersionUID_1
ActivityDisabled,_Amew4OLbEeCVSp8F0qHMxQ,PropPanelExtend,n_propPanelExtend_1;serialVersionUID_1
ActivityDisabled,_AwTbQOLbEeCVSp8F0qHMxQ,UMLModelElementElementResidenceListModel,n_uMLModelElementElementResidenceListModel_1;buildModelList__1;isValidElement_o_return_1
ActivityDisabled,_AoHvoOLbEeCVSp8F0qHMxQ,ActionAddDataType,n_actionAddDataType_1
ActivityDisabled,_AyYe5uLbEeCVSp8F0qHMxQ,PropPanelElementImport,n_propPanelElementImport_1;modifiersPanel_1;aliasTextField_1;getAliasTextField_return_1;getModifiersPanel_return_1
CollabDisabled,_-k2QUuLaEeCVSp8F0qHMxQ,StandardCM,n_standardCM_1
CollabDisabled,_-lABUeLaEeCVSp8F0qHMxQ,DesignGoalsCM,n_designGoalsCM_1
CollabDisabled,_-tB78-LaEeCVSp8F0qHMxQ,ArgoFigLine,n_argoFigLine_1;notifier_1;deleteFromModel__1;removeNotificationListener_listener_filter_handback_1;addNotificationListener_listener_filter_handback_1;getNotificationInfo_return_1;removeNotificationListener_listener_1
CollabDisabled,__QlU8OLaEeCVSp8F0qHMxQ,SelectionClassifierRole,n_selectionClassifierRole_1;dragHandle_mX_mY_anX_anY_hand_1;getNewNode_index_return_1;getIcons_return_1;getInstructions_index_return_1;getNewEdgeType_index_return_1;getNewNodeType_index_return_1
CollabDisabled,__UMpoOLaEeCVSp8F0qHMxQ,ProjectBrowser,n_projectBrowser_1;DEFAULT_COMPONENTWIDTH_1;DEFAULT_COMPONENTHEIGHT_1;LOG_1;isMainApplication_1;appName_1;detailsPanesByCompassPoint_1;defaultFont_1;workAreaPane_1;todoPane_1;saveAction_1;serialVersionUID_1;addKeyboardFocusListener__1;setApplicationIcon__1;getLocale_return_1;assemblePanels_return_1;createDetailsPanes__1;addPanel_comp_position_1;removePanel_comp_1;restorePanelSizes__1;showSaveIndicator__1;getAppName_return_1;getJMenuBar_return_1;getDetailsPane_return_1;updateStatus_status_1;saveScreenConfiguration__1;tryExit__1;dispose__1;propertyChange_evt_1;targetChanged_target_1;determineRemoveEnabled__1;getTodoPane_return_1;getDefaultFont_return_1;trySave_overwrite_1;trySave_overwrite_saveNewFile_1;isFileReadonly_file_return_1;trySaveWithProgressMonitor_overwrite_file_1;buildTitleWithCurrentProjectName__1;testSimulateErrors__1;addFileSaved_file_1;askConfirmationAndSave_return_1;loadProjectWithProgressMonitor_file_showUI_1;clearDialogs__1;getSaveAction_return_1;getRemoveFromDiagramAction_return_1;getNewFile_return_1
CollabDisabled,__UzGkeLaEeCVSp8F0qHMxQ,WindowCloser,n_windowCloser_1
CollabDisabled,__wnf4OLaEeCVSp8F0qHMxQ,CrNavFromInterface,n_crNavFromInterface_1;serialVersionUID_1;getCriticizedDesignMaterials_return_1
CollabDisabled,__pUlEOLaEeCVSp8F0qHMxQ,CrUnconventionalAttrName,n_crUnconventionalAttrName_1;serialVersionUID_1;computeSuggestion_name_return_1;getClarifier_return_1;getCriticizedDesignMaterials_return_1
CollabDisabled,__zplwuLaEeCVSp8F0qHMxQ,ArgoDiagramImpl,n_argoDiagramImpl_1;namespace_1;LOG_1;serialVersionUID_1;constructorInit__1;getVetoMessage_propertyName_return_1;getContainingFig_obj_return_1;damage__1;getEdges_return_1;getNodes_return_1;toString_return_1;repair_return_1;repairFig_f_report_return_1;figDescription_f_return_1;presentationsFor_obj_return_1;remove__1;encloserChanged_enclosed_oldEncloser_newEncloser_1;getDependentElement_return_1;getNamespace_return_1;setNamespace_ns_1;setModelElementNamespace_modelElement_ns_1;propertyChange_evt_1;getOwner_return_1;getFigIterator_return_1;renderingChanged__1;vetoableChange_evt_1
CollabDisabled,__4QY8OLaEeCVSp8F0qHMxQ,FigObject,n_figObject_1;cover_1;initFigs__1;getNotationProviderType_return_1;clone_return_1;setLineColor_col_1;getLineColor_return_1;setFillColor_col_1;getFillColor_return_1;isFilled_return_1;getLineWidth_return_1;makeSelection_return_1;getMinimumSize_return_1;setEnclosingFig_encloser_1
CollabDisabled,__55Xs-LaEeCVSp8F0qHMxQ,ModeCreateMessage,n_modeCreateMessage_1;LOG_1;startPort_1;startPortFig_1;message_1;serialVersionUID_1;createNewItem_me_snapX_snapY_return_1;instructions_return_1;mousePressed_me_1;mouseReleased_me_1;mouseDragged_me_1
CollabDisabled,_AJEcI-LbEeCVSp8F0qHMxQ,ModeAddToDiagram,n_modeAddToDiagram_1;serialVersionUID_1;modelElements_1;addRelatedEdges_1;instructions_1;LOG_1;instructions_return_1;getInitialCursor_return_1;mouseReleased_me_1;keyTyped_ke_1
CollabDisabled,_AS67sOLbEeCVSp8F0qHMxQ,UMLExpressionModel2,n_uMLExpressionModel2_1;propertyName_1;expression_1;mustRefresh_1;EMPTYSTRING_1;target_1;targetChanged__1;getExpression_return_1;setExpression_expr_1;newExpression_return_1;getLanguage_return_1;getBody_return_1;setLanguage_lang_1;setBody_body_1;setExpression_lang_body_1;setTarget_theNewTarget_1
CollabDisabled,_Acu_AuLbEeCVSp8F0qHMxQ,UMLClassifierRoleAvailableContentsListModel,n_uMLClassifierRoleAvailableContentsListModel_1;buildModelList__1;setTarget_theNewTarget_1;isValidElement_element_return_1
CollabDisabled,_AhMoRuLbEeCVSp8F0qHMxQ,UMLSignalContextListModel,n_uMLSignalContextListModel_1;buildModelList__1;isValidElement_element_return_1
CollabDisabled,_AjgVYOLbEeCVSp8F0qHMxQ,UMLCompositeStateSubvertexListModel,n_uMLCompositeStateSubvertexListModel_1;buildModelList__1;isValidElement_element_return_1
CollabDisabled,_AtU_wuLbEeCVSp8F0qHMxQ,UMLParameterDirectionKindRadioButtonPanel,n_uMLParameterDirectionKindRadioButtonPanel_1;labelTextsAndActionCommands_1;buildModel__1
CollabDisabled,_AxypAOLbEeCVSp8F0qHMxQ,PropPanelTagDefinition,n_propPanelTagDefinition_1;serialVersionUID_1;ownerSelector_1;tdNamespaceSelector_1;typedValuesScroll_1;multiplicityComboBox_1;getTDNamespaceSelector_return_1;getOwnerSelector_return_1;getMultiplicityComboBox_return_1;getTypedValuesScroll_return_1
DeployDisabled,__AN9sOLaEeCVSp8F0qHMxQ,ExtensionMechanismsFactoryMDRImpl,n_extensionMechanismsFactoryMDRImpl_1;createTaggedValue_return_1;getTagDefinition_tagName_return_1;buildStereotype_theModelElementObject_theName_theNamespaceObject_return_1;buildStereotype_theModelElementObject_theName_model_models_return_1;buildStereotype_text_return_1;buildStereotype_text_namespace_return_1;buildTaggedValue_tag_value_return_1;buildTaggedValue_type_return_1;buildTaggedValue_type_values_return_1;copyTaggedValues_source_target_1;copyTaggedValue_source_return_1;deleteStereotype_elem_1;deleteTaggedValue_elem_1;deleteTagDefinition_elem_1;copyStereotype_source_ns_return_1;doCopyStereotype_source_target_1;buildTagDefinition_name_owner_namespace_return_1;buildTagDefinition_name_owner_ns_tagType_return_1;createTagDefinition_return_1;createStereotype_return_1;copyTagDefinition_anElement_aNs_return_1;doCopyTagDefinition_source_target_1
DeployDisabled,_--uv8OLaEeCVSp8F0qHMxQ,ModelEventPumpMDRImpl,n_modelEventPumpMDRImpl_1;LOG_1;VETO_READONLY_CHANGES_1;registrationMutex_1;repository_1;eventCountMutex_1;pendingEvents_1;eventThread_1;elements_1;listenedClasses_1;subtypeMap_1;propertyNameMap_1;addModelEventListener_listener_modelElement_propertyNames_1;addModelEventListener_listener_modelElement_1;removeModelEventListener_listener_modelelement_propertyNames_1;removeModelEventListener_listener_modelelement_1;addClassModelEventListener_listener_modelClass_propertyNames_1;removeClassModelEventListener_listener_modelClass_propertyNames_1;change_mdrEvent_1;isReadOnly_object_return_1;decrementEvents__1;registerModelEvent_listener_modelElement_propertyNames_1;unregisterModelEvent_listener_modelElement_propertyNames_1;registerClassEvent_listener_modelClass_propertyNames_1;unregisterClassEvent_listener_modelClass_propertyNames_1;getClassName_elementOrClass_return_1;startPumpingEvents__1;stopPumpingEvents__1;flushModelEvents__1;otherAssocEnd_ae_return_1;mapPropertyName_name_return_1;formatArray_array_return_1;formatElement_element_return_1;buildTypeMap_extent_return_1;getSubtypes_extent_me_return_1;buildPropertyNameMap_extent_return_1;mapAssociationEnd_names_end_1;mapPropertyName_names_type_propertyName_return_1;mapPropertyName_names_typeName_propertyName_return_1;verifyAttributeNames_className_attributes_1;verifyAttributeNames_metaobject_attributes_1;getDebugInfo_return_1;newDebugNode_name_return_1;getDebugDescription_mofId_return_1
DeployDisabled,__S0Jk-LaEeCVSp8F0qHMxQ,ProjectSettingsTabProperties,n_projectSettingsTabProperties_1;userFullname_1;userEmail_1;description_1;version_1;handleSettingsTabRefresh__1;handleSettingsTabSave__1;handleSettingsTabCancel__1;handleResetToDefault__1;getTabKey_return_1;getTabPanel_return_1
DeployDisabled,__w6a0OLaEeCVSp8F0qHMxQ,CrNameConfusion,n_crNameConfusion_1;serialVersionUID_1;confusable_stripped1_stripped2_return_1;countDiffs_s1_s2_return_1;strip_s_return_1;getClarifier_return_1;getCriticizedDesignMaterials_return_1
DeployDisabled,__0sHkOLaEeCVSp8F0qHMxQ,ActivityDiagramRenderer,n_activityDiagramRenderer_1;getFigNodeFor_gm_lay_node_styleAttributes_return_1
DeployDisabled,__9BkMOLaEeCVSp8F0qHMxQ,ButtonActionNewEvent,n_buttonActionNewEvent_1;isEnabled_return_1;createEvent_ns_return_1;getKeyName_return_1;getIconName_return_1
DeployDisabled,___2OseLaEeCVSp8F0qHMxQ,SelectionClass,n_selectionClass_1;inherit_1;assoc_1;compos_1;selfassoc_1;useComposite_1;icons_1;instructions_1;edgeType_1;getIcons_return_1;getInstructions_index_return_1;getNewNodeType_i_return_1;getNewEdgeType_i_return_1;isReverseEdge_i_return_1;isDraggableHandle_index_return_1;isEdgePostProcessRequested_return_1;mouseEntered_me_1;getNewNode_index_return_1
DeployDisabled,_AAl1kuLbEeCVSp8F0qHMxQ,ClassDiagramPropPanelFactory,n_classDiagramPropPanelFactory_1
DeployDisabled,_AXhu4-LbEeCVSp8F0qHMxQ,ActionRemoveModelElement,n_actionRemoveModelElement_1;SINGLETON_1;isEnabled_return_1
DeployDisabled,_AZnZkuLbEeCVSp8F0qHMxQ,ActionAddPackage,n_actionAddPackage_1
DeployDisabled,_AdB58-LbEeCVSp8F0qHMxQ,PropPanelAssociationEndRole,n_propPanelAssociationEndRole_1;positionControls__1
DeployDisabled,_Ae9zouLbEeCVSp8F0qHMxQ,UMLSignalReceptionListModel,n_uMLSignalReceptionListModel_1;serialVersionUID_1;buildModelList__1;isValidElement_element_return_1
DeployDisabled,_Amoh4uLbEeCVSp8F0qHMxQ,UMLExtensionPointUseCaseListModel,n_uMLExtensionPointUseCaseListModel_1;buildModelList__1;isValidElement_o_return_1
DeployDisabled,_AvaDYuLbEeCVSp8F0qHMxQ,ActionSetBehavioralFeatureQuery,n_actionSetBehavioralFeatureQuery_1;SINGLETON_1;getInstance_return_1
DeployDisabled,_ApwHUeLbEeCVSp8F0qHMxQ,ActionSetAssociationEndAggregation,n_actionSetAssociationEndAggregation_1;SINGLETON_1;AGGREGATE_COMMAND_1;COMPOSITE_COMMAND_1;NONE_COMMAND_1;getInstance_return_1
DeployDisabled,_AxDCJOLbEeCVSp8F0qHMxQ,PropPanelStereotype,n_propPanelStereotype_1;serialVersionUID_1;metaClasses_1;generalizationScroll_1;specializationScroll_1;tagDefinitionScroll_1;extendedElementsScroll_1;getGeneralizationScroll_return_1;getSpecializationScroll_return_1;getTagDefinitionScroll_return_1;getExtendedElementsScroll_return_1;initMetaClasses__1
DeployDisabled,_AxMMEeLbEeCVSp8F0qHMxQ,UMLStereotypeBaseClassListModel,n_uMLStereotypeBaseClassListModel_1;buildModelList__1;isValidElement_element_return_1
DeployDisabled,_A0BdoOLbEeCVSp8F0qHMxQ,ArgoFrame,n_argoFrame_1;LOG_1;topFrame_1;getInstance_return_1;setInstance_frame_1
Original,_-pT5kuLaEeCVSp8F0qHMxQ,AbstractGoList,n_abstractGoList_1;getRoot_return_1
Original,_-4MDEOLaEeCVSp8F0qHMxQ,FacadeEUMLImpl,n_facadeEUMLImpl_1;getUmlVersion_return_1;equalsPseudostateKind_ps1_ps2_return_1;getAction_handle_return_1;getActionSequence_handle_return_1;getActions_handle_return_1;getActivatedMessages_handle_return_1;getActivator_handle_return_1;getActivityGraph_handle_return_1;getActualArguments_handle_return_1;getAddition_handle_return_1;getAggregation_handle_return_1;getAlias_handle_return_1;getAnnotatedElements_handle_return_1;getArguments_handle_return_1;getAssociatedClasses_handle_return_1;getAssociation_handle_return_1;getAssociationEnd_classifier_association_return_1;getAssociationEnds_handle_return_1;getAssociationRoles_handle_return_1;getAttributes_handle_return_1;getBase_handle_return_1;getBaseClasses_handle_return_1;getBases_handle_return_1;getBehavioralFeature_handle_return_1;getBehaviors_handle_return_1;getBinding_handle_return_1;getBody_handle_return_1;getBound_handle_return_1;getChangeExpression_target_return_1;getChangeability_handle_return_1;getSpecific_handle_return_1;getChildren_handle_return_1;getClassifier_handle_return_1;getClassifierRoles_handle_return_1;getClassifiers_handle_return_1;getClassifiersInState_handle_return_1;getClientDependencies_handle_return_1;getClients_handle_return_1;getCollaborations_handle_return_1;getComments_handle_return_1;getCommunicationConnection_handle_return_1;getCommunicationLink_handle_return_1;getComponentInstance_handle_return_1;getConcurrency_handle_return_1;getCondition_handle_return_1;getConnections_handle_return_1;getConstrainedElements_handle_return_1;getConstrainingElements_handle_return_1;getConstraints_handle_return_1;getContainer_handle_return_1;getContents_handle_return_1;getContext_handle_return_1;getContexts_handle_return_1;getCreateActions_handle_return_1;getDataValue_taggedValue_return_1;getDefaultElement_handle_return_1;getDefaultValue_handle_return_1;getDeferrableEvents_handle_return_1;getDeployedComponents_handle_return_1;getDeploymentLocations_handle_return_1;getDiscriminator_handle_return_1;getDispatchAction_handle_return_1;getDoActivity_handle_return_1;getEffect_handle_return_1;getElementImports_handle_return_1;getElementImports2_handle_return_1;getElementResidences_handle_return_1;getEntry_handle_return_1;getEnumeration_handle_return_1;getEnumerationLiterals_handle_return_1;getExit_handle_return_1;getExpression_handle_return_1;getExtendedElements_handle_return_1;getExtenders_handle_return_1;getExtends_handle_return_1;getExtension_handle_return_1;getExtensionPoint_handle_index_return_1;getExtensionPoints_handle_return_1;getFeatures_handle_return_1;getGeneralization_handle_parent_return_1;getGeneralizations_handle_return_1;getGuard_handle_return_1;getIcon_handle_return_1;getImportedElement_elementImport_return_1;getImportedElements_pack_return_1;getInStates_handle_return_1;getIncluders_handle_return_1;getIncludes_handle_return_1;getIncomings_handle_return_1;getInitialValue_handle_return_1;getInstance_handle_return_1;getInstances_handle_return_1;getInteraction_handle_return_1;getInteractions_handle_return_1;getInternalTransitions_handle_return_1;getKind_handle_return_1;getLink_handle_return_1;getLinkEnds_handle_return_1;getLinks_handle_return_1;getLocation_handle_return_1;getLower_handle_return_1;getMessages_handle_return_1;getMethods_handle_return_1;getModel_handle_return_1;getRoot_handle_return_1;getModelElement_handle_return_1;getModelElementAssociated_handle_return_1;getModelElementContainer_handle_return_1;getModelElementContents_handle_return_1;getMultiplicity_handle_return_1;getName_handle_return_1;getNamespace_handle_return_1;getNextEnd_handle_return_1;getNodeInstance_handle_return_1;getObjectFlowStates_handle_return_1;getOccurrences_handle_return_1;getOperation_handle_return_1;getOperations_handle_return_1;getOperationsAndReceptions_handle_return_1;getOrdering_handle_return_1;getOtherAssociationEnds_handle_return_1;getOtherLinkEnds_handle_return_1;getOutgoings_handle_return_1;getOwnedElements_handle_return_1;getOwner_handle_return_1;getParameter_handle_return_1;getParameter_handle_n_return_1;getParameters_handle_return_1;getParametersList_handle_return_1;getGeneral_handle_return_1;getPartitions_container_return_1;getPowertype_handle_return_1;getPowertypeRanges_handle_return_1;getPredecessors_handle_return_1;getQualifiers_handle_return_1;getRaisedSignals_handle_return_1;getReceivedMessages_handle_return_1;getReceivedStimuli_handle_return_1;getReceiver_handle_return_1;getReceptions_handle_return_1;getRecurrence_handle_return_1;getReferenceState_o_return_1;getReferenceValue_taggedValue_return_1;getRepresentedClassifier_handle_return_1;getRepresentedOperation_handle_return_1;getResident_handle_return_1;getResidentElements_handle_return_1;getResidents_handle_return_1;getScript_handle_return_1;getSender_handle_return_1;getSentMessages_handle_return_1;getSentStimuli_handle_return_1;getSignal_handle_return_1;getSource_handle_return_1;getSourceFlows_handle_return_1;getSources_handle_return_1;getSpecializations_handle_return_1;getSpecification_handle_return_1;getSpecifications_handle_return_1;getState_handle_return_1;getStateMachine_handle_return_1;getStates_handle_return_1;getStereotypes_handle_return_1;getStimuli_handle_return_1;getStructuralFeatures_handle_return_1;getSubmachine_handle_return_1;getSubmachineStates_handle_return_1;getSubvertices_handle_return_1;getSuccessors_handle_return_1;getSupplierDependencies_handle_return_1;getSuppliers_handle_return_1;getTag_handle_return_1;getTagDefinition_handle_return_1;getTagDefinitions_handle_return_1;getTagOfTag_handle_return_1;getTaggedValue_handle_name_return_1;getTaggedValueValue_handle_name_return_1;getTaggedValues_handle_return_1;getTaggedValuesCollection_handle_return_1;getTarget_handle_return_1;getTargetFlows_handle_return_1;getTargetScope_handle_return_1;getTemplate_handle_return_1;getTemplateParameters_handle_return_1;getTipString_modelElement_return_1;getTop_handle_return_1;getTransition_handle_return_1;getTransitions_handle_return_1;getTrigger_handle_return_1;getType_handle_return_1;getTypedValues_handle_return_1;getUMLClassName_handle_return_1;getUUID_element_return_1;getUpper_handle_return_1;getUseCase_handle_return_1;getValue_handle_return_1;getValueOfTag_handle_return_1;getWhen_target_return_1;hasReturnParameterDirectionKind_handle_return_1;isAAbstraction_handle_return_1;isAAction_handle_return_1;isAActionSequence_handle_return_1;isAActionState_handle_return_1;isAActivityGraph_handle_return_1;isAActor_handle_return_1;isAAggregationKind_handle_return_1;isAArgument_modelElement_return_1;isAArtifact_handle_return_1;isAAssociation_handle_return_1;isAAssociationClass_handle_return_1;isAAssociationEnd_handle_return_1;isAAssociationEndRole_handle_return_1;isAAssociationRole_handle_return_1;isAAttribute_handle_return_1;isAAttributeLink_handle_return_1;isABehavioralFeature_handle_return_1;isABinding_handle_return_1;isACallAction_handle_return_1;isACallEvent_handle_return_1;isACallState_handle_return_1;isAChangeEvent_handle_return_1;isAClass_handle_return_1;isAClassifier_handle_return_1;isAClassifierInState_handle_return_1;isAClassifierRole_handle_return_1;isACollaboration_handle_return_1;isACollaborationInstanceSet_handle_return_1;isAComment_handle_return_1;isAComponent_handle_return_1;isAComponentInstance_handle_return_1;isACompositeState_handle_return_1;isAConcurrentRegion_handle_return_1;isAConstraint_handle_return_1;isACreateAction_handle_return_1;isADataType_handle_return_1;isADataValue_handle_return_1;isADependency_handle_return_1;isADestroyAction_handle_return_1;isAElement_handle_return_1;isAElementImport_handle_return_1;isAElementResidence_handle_return_1;isAEnumeration_handle_return_1;isAEnumerationLiteral_handle_return_1;isAEvent_handle_return_1;isAException_handle_return_1;isAExpression_handle_return_1;isAExtend_handle_return_1;isAExtensionPoint_handle_return_1;isAFeature_handle_return_1;isAFinalState_handle_return_1;isAFlow_handle_return_1;isAGeneralizableElement_handle_return_1;isAGeneralization_handle_return_1;isAGuard_handle_return_1;isAInclude_handle_return_1;isAInstance_handle_return_1;isAInteraction_handle_return_1;isAInteractionInstanceSet_handle_return_1;isAInterface_handle_return_1;isALink_handle_return_1;isALinkEnd_handle_return_1;isALinkObject_handle_return_1;isAMessage_handle_return_1;isAMethod_handle_return_1;isAModel_handle_return_1;isAModelElement_handle_return_1;isAMultiplicity_handle_return_1;isAMultiplicityRange_handle_return_1;isANamedElement_handle_return_1;isANamespace_handle_return_1;isANaryAssociation_handle_return_1;isANode_handle_return_1;isANodeInstance_handle_return_1;isAObject_handle_return_1;isAObjectFlowState_handle_return_1;isAOperation_handle_return_1;isAPackage_handle_return_1;isAParameter_handle_return_1;isAPartition_handle_return_1;isAPackageImport_handle_return_1;isAPrimitiveType_handle_return_1;isAPseudostate_handle_return_1;isAPseudostateKind_handle_return_1;isAReception_handle_return_1;isARelationship_handle_return_1;isAReturnAction_handle_return_1;isASendAction_handle_return_1;isASignal_handle_return_1;isASignalEvent_handle_return_1;isASimpleState_handle_return_1;isAState_handle_return_1;isAStateMachine_handle_return_1;isAStateVertex_handle_return_1;isAStereotype_handle_return_1;isAStimulus_handle_return_1;isAStructuralFeature_handle_return_1;isAStubState_handle_return_1;isASubactivityState_handle_return_1;isASubmachineState_handle_return_1;isASubsystem_handle_return_1;isASubsystemInstance_handle_return_1;isASynchState_handle_return_1;isATagDefinition_handle_return_1;isATaggedValue_handle_return_1;isATemplateArgument_handle_return_1;isATemplateParameter_handle_return_1;isATerminateAction_handle_return_1;isATimeEvent_handle_return_1;isATransition_handle_return_1;isAUMLElement_handle_return_1;isAUninterpretedAction_handle_return_1;isAUsage_handle_return_1;isAUseCase_handle_return_1;isAVisibilityKind_handle_return_1;isAbstract_handle_return_1;isActive_handle_return_1;isAggregate_handle_return_1;isAsynchronous_handle_return_1;isComposite_handle_return_1;isConcurrent_handle_return_1;isConstructor_handle_return_1;isFrozen_handle_return_1;isInitialized_handle_return_1;isInternal_handle_return_1;isLeaf_handle_return_1;isNavigable_handle_return_1;isPackage_handle_return_1;isPrimaryObject_handle_return_1;isPrivate_handle_return_1;isProtected_handle_return_1;isPublic_handle_return_1;isQuery_handle_return_1;isRealize_handle_return_1;isReturn_handle_return_1;isRoot_handle_return_1;isSingleton_handle_return_1;isSpecification_handle_return_1;isStereotype_handle_stereotypename_return_1;isSynch_handle_return_1;isTop_handle_return_1;isType_handle_return_1;isUtility_handle_return_1;lookupIn_handle_name_return_1;toString_modelElement_return_1;isReadOnly_handle_return_1;isStatic_handle_return_1;getRootElements_return_1;getMetatypeNames_return_1;isA_metatypeName_element_return_1
Original,__FIS4OLaEeCVSp8F0qHMxQ,ObjectFlowStateStateNotationUml,n_objectFlowStateStateNotationUml_1;getParsingHelp_return_1;parse_modelElement_text_1;parseObjectFlowState2_objectFlowState_s_return_1;delete_obj_1;toString_modelElement_args_return_1;toString_modelElement_return_1
Original,__THrkOLaEeCVSp8F0qHMxQ,ActionUndo,n_actionUndo_1;serialVersionUID_1
Original,__VY8cOLaEeCVSp8F0qHMxQ,ArgoStatusBar,n_argoStatusBar_1;showStatusOnSwingThread_status_1
Original,__kkA4OLaEeCVSp8F0qHMxQ,GoStateToDownstream,n_goStateToDownstream_1;getRuleName_return_1;getChildren_parent_return_1;getDependencies_parent_return_1
Original,__u1XMOLaEeCVSp8F0qHMxQ,CrUselessInterface,n_crUselessInterface_1;serialVersionUID_1;getCriticizedDesignMaterials_return_1
Original,__0PbpeLaEeCVSp8F0qHMxQ,ActivityDiagramGraphModel,n_activityDiagramGraphModel_1;serialVersionUID_1;canAddNode_node_return_1
Original,__8R9UuLaEeCVSp8F0qHMxQ,FigJunctionState,n_figJunctionState_1;X_1;Y_1;WIDTH_1;HEIGHT_1;head_1;serialVersionUID_1;initFigs__1;clone_return_1;isResizable_return_1;setLineColor_col_1;getLineColor_return_1;setFillColor_col_1;getFillColor_return_1;isFilled_return_1;getLineWidth_return_1;mouseClicked_me_1;getClosestPoint_anotherPt_return_1
Original,_ATEFouLbEeCVSp8F0qHMxQ,UMLList2,n_uMLList2_1;LOG_1;getTarget_return_1;showPopup_event_1;hasPopup_return_1
Original,_ATzsgOLbEeCVSp8F0qHMxQ,UMLCheckBox2,n_uMLCheckBox2_1;checkBoxTarget_1;propertySetName_1;propertyChange_evt_1;getTarget_return_1;setTarget_target_1;buildModel__1
Original,_AbsdMuLbEeCVSp8F0qHMxQ,UMLClassifierRoleAvailableFeaturesListModel,n_uMLClassifierRoleAvailableFeaturesListModel_1;buildModelList__1;setTarget_target_1;isValidElement_element_return_1
Original,_Ab2OM-LbEeCVSp8F0qHMxQ,UMLMessageActionListModel,n_uMLMessageActionListModel_1;buildModelList__1;isValidElement_elem_return_1
Original,_AiwugOLbEeCVSp8F0qHMxQ,PropPanelSubmachineState,n_propPanelSubmachineState_1;serialVersionUID_1;addExtraButtons__1;updateExtraButtons__1
Original,_ApTbYOLbEeCVSp8F0qHMxQ,UMLClassifierPowertypeRangeListModel,n_uMLClassifierPowertypeRangeListModel_1;buildModelList__1;isValidElement_element_return_1
Original,_Ap54U-LbEeCVSp8F0qHMxQ,UMLAssociationEndSpecificationListModel,n_uMLAssociationEndSpecificationListModel_1;buildModelList__1;isValidElement_o_return_1
Original,_Asbn5OLbEeCVSp8F0qHMxQ,UMLClassifierParameterListModel,n_uMLClassifierParameterListModel_1;buildModelList__1;isValidElement_element_return_1;moveDown_index_1;moveToBottom_index_1;moveToTop_index_1
SequenceDisabled,_-q84UeLaEeCVSp8F0qHMxQ,AbstractGoList2,n_abstractGoList2_1;getRoot_return_1
SequenceDisabled,_-y1B8OLaEeCVSp8F0qHMxQ,AbstractCommonBehaviorHelperDecorator,n_abstractCommonBehaviorHelperDecorator_1;getSource_link_return_1;getDestination_link_return_1;removeActualArgument_handle_argument_1;setActualArguments_action_arguments_1;removeClassifier_handle_classifier_1;removeContext_handle_context_1;removeReception_handle_reception_1;addActualArgument_handle_argument_1;addActualArgument_handle_position_argument_1;addClassifier_handle_classifier_1;addStimulus_handle_stimulus_1;setAsynchronous_handle_value_1;setOperation_handle_operation_1;setClassifiers_handle_classifiers_1;setDispatchAction_handle_value_1;setInstance_handle_inst_1;setNodeInstance_handle_nodeInstance_1;setReceiver_handle_receiver_1;setRecurrence_handle_expr_1;setScript_handle_expr_1;setSender_handle_sender_1;setSignal_handle_signal_1;setSpecification_handle_specification_1;setTarget_handle_element_1;setTransition_handle_trans_1;setValue_handle_value_1;getInstantiation_createaction_return_1;setInstantiation_createaction_instantiation_1;getActionOwner_handle_return_1;addAction_handle_action_1;addAction_handle_position_action_1;removeAction_handle_action_1
SequenceDisabled,__MbNsuLaEeCVSp8F0qHMxQ,UserDefinedProfile,n_userDefinedProfile_1;LOG_1;displayName_1;modelFile_1;profilePackages_1;finishLoading__1;filterPackages_return_1;str2KnowledgeType_token_return_1;str2Priority_prioStr_return_1;getAllCritiquesInModel_return_1;getAllCommentsInModel_objs_return_1;getDisplayName_return_1;getModelFile_return_1;toString_return_1;getProfilePackages_return_1;loadImage_stereotype_f_return_1
SequenceDisabled,__MkXouLaEeCVSp8F0qHMxQ,FigNodeDescriptor,n_figNodeDescriptor_1;stereotype_1;img_1;src_1;length_1;isValid_return_1
SequenceDisabled,__gGXouLaEeCVSp8F0qHMxQ,GoNamespaceToOwnedElements,n_goNamespaceToOwnedElements_1;getRuleName_return_1;getChildren_parent_return_1;getDependencies_parent_return_1
SequenceDisabled,__gQIoeLaEeCVSp8F0qHMxQ,AssociationsNode,n_associationsNode_1;parent_1;getParent_return_1;toString_return_1;subsumes_obj_return_1
SequenceDisabled,__kHU8eLaEeCVSp8F0qHMxQ,GoSummaryToIncomingDependency,n_goSummaryToIncomingDependency_1;getRuleName_return_1;getChildren_parent_return_1;getDependencies_parent_return_1
SequenceDisabled,__ydS8OLaEeCVSp8F0qHMxQ,CrTooManyTransitions,n_crTooManyTransitions_1;TRANSITIONS_THRESHOLD_1;serialVersionUID_1;getCriticizedDesignMaterials_return_1
SequenceDisabled,__z8gsOLaEeCVSp8F0qHMxQ,DiagramFactory,n_diagramFactory_1;noStyleProperties_1;diagramClasses_1;diagramFactory_1;factories_1;getInstance_return_1;createRenderingElement_diagram_model_return_1
SequenceDisabled,__3N3IuLaEeCVSp8F0qHMxQ,SelectionComponent,n_selectionComponent_1;dep_1;depRight_1;icons_1;instructions_1;getIcons_return_1;getInstructions_index_return_1;getNewEdgeType_index_return_1;getNewNode_index_return_1;getNewNodeType_index_return_1;isReverseEdge_index_return_1
SequenceDisabled,__9UfIuLaEeCVSp8F0qHMxQ,StateDiagramRenderer,n_stateDiagramRenderer_1;LOG_1;getFigNodeFor_gm_lay_node_styleAttributes_return_1;getFigEdgeFor_gm_lay_edge_styleAttributes_return_1
SequenceDisabled,___QY0OLaEeCVSp8F0qHMxQ,StylePanelFigPackage,n_stylePanelFigPackage_1;stereoCheckBox_1;visibilityCheckBox_1;refreshTransaction_1;serialVersionUID_1;refresh__1
SequenceDisabled,_AEmy4eLbEeCVSp8F0qHMxQ,FigProfileIcon,n_figProfileIcon_1;image_1;label_1;GAP_1;getLabelFig_return_1;getLabel_return_1;setLabel_txt_1
SequenceDisabled,_AJXXEuLbEeCVSp8F0qHMxQ,StylePanelFigMessage,n_stylePanelFigMessage_1;arrowLabel_1;arrowField_1;refresh__1;setTargetArrow__1
SequenceDisabled,_AjzQUuLbEeCVSp8F0qHMxQ,UMLSignalEventSignalListModel,n_uMLSignalEventSignalListModel_1;buildModelList__1;isValidElement_element_return_1
SequenceDisabled,_AvQSYuLbEeCVSp8F0qHMxQ,UMLClassActiveCheckBox,n_uMLClassActiveCheckBox_1;buildModel__1
SequenceDisabled,_AugrguLbEeCVSp8F0qHMxQ,PropPanelElementResidence,n_propPanelElementResidence_1
SequenceDisabled,_Axo4AuLbEeCVSp8F0qHMxQ,ActionSetTagDefinitionOwner,n_actionSetTagDefinitionOwner_1;LOG_1;SINGLETON_1;serialVersionUID_1
StateDisabled,_-lABU-LaEeCVSp8F0qHMxQ,CompositeCM,n_compositeCM_1;mechs_1;getMechList_return_1
StateDisabled,_-slQBOLaEeCVSp8F0qHMxQ,ConfigurationFactory,n_configurationFactory_1
StateDisabled,_-xMqQ-LaEeCVSp8F0qHMxQ,AbstractCoreHelperDecorator,n_abstractCoreHelperDecorator_1;clearStereotypes_modelElement_1;isSubType_type_subType_return_1;getAllSupertypes_cls1_return_1;getSupertypes_generalizableElement_return_1;getAssociateEndsInh_classifier1_return_1;removeFeature_cls_feature_1;removeLiteral_enu_literal_1;setOperations_classifier_operations_1;setAttributes_classifier_attributes_1;getAttributesInh_classifier_return_1;getOperationsInh_classifier_return_1;getParents_generalizableElement_return_1;getReturnParameters_operation_return_1;getSpecification_object_return_1;getSubtypes_cls_return_1;getAllBehavioralFeatures_element_return_1;getBehavioralFeatures_clazz_return_1;getAllInterfaces_ns_return_1;getAllClasses_ns_return_1;getRealizedInterfaces_cls_return_1;getExtendedClassifiers_clazz_return_1;getGeneralization_child_parent_return_1;getBody_comment_return_1;getFlows_source_target_return_1;getExtendingElements_clazz_return_1;getExtendingClassifiers_clazz_return_1;getAllComponents_ns_return_1;getAllDataTypes_ns_return_1;getAllNodes_ns_return_1;getAssociatedClassifiers_classifier_return_1;getAssociations_from_to_return_1;getAllClassifiers_namespace_return_1;getAssociations_classifier_return_1;getAssociationEnd_type_assoc_return_1;getAllAttributes_clazz_return_1;getAllVisibleElements_ns_return_1;getSource_relationship_return_1;getDestination_relationship_return_1;getDependencies_supplier_client_return_1;getPackageImport_supplier_client_return_1;getPackageImports_client_return_1;getRelationships_source_dest_return_1;isValidNamespace_mObj_nsObj_return_1;getFirstSharedNamespace_ns1_ns2_return_1;getAllPossibleNamespaces_modelElement_model_return_1;getChildren_o_return_1;getAllRealizedInterfaces_o_return_1;hasCompositeEnd_association_return_1;equalsAggregationKind_associationEnd_kindType_return_1;removeAnnotatedElement_handle_me_1;removeClientDependency_handle_dep_1;removeConstraint_handle_cons_1;removeOwnedElement_handle_value_1;removeParameter_handle_parameter_1;removeQualifier_handle_parameter_1;removeSourceFlow_handle_flow_1;removeSupplierDependency_supplier_dependency_1;removeStereotype_modelElement_stereotype_1;removeTargetFlow_handle_flow_1;removeTemplateArgument_handle_argument_1;removeTemplateParameter_handle_parameter_1;addAnnotatedElement_comment_annotatedElement_1;addClient_handle_element_1;addClientDependency_handle_dependency_1;addComment_element_comment_1;addConnection_handle_connection_1;addConnection_handle_position_connection_1;addConstraint_handle_mc_1;addDeploymentLocation_handle_node_1;addLiteral_handle_index_literal_1;addLink_handle_link_1;addOwnedElement_handle_me_1;addParameter_handle_index_parameter_1;addParameter_handle_parameter_1;addQualifier_handle_index_qualifier_1;addRaisedSignal_handle_sig_1;addSourceFlow_handle_flow_1;addAllStereotypes_modelElement_stereotypes_1;addStereotype_modelElement_stereotype_1;addSupplier_handle_element_1;addSupplierDependency_supplier_dependency_1;addTargetFlow_handle_flow_1;addTemplateArgument_handle_index_argument_1;addTemplateArgument_handle_argument_1;addTemplateParameter_handle_index_parameter_1;addTemplateParameter_handle_parameter_1;setAnnotatedElements_handle_elems_1;setAssociation_handle_association_1;setRaisedSignals_handle_raisedSignals_1;setBody_handle_expr_1;setChild_handle_child_1;setConnections_handle_elems_1;setDefaultElement_handle_element_1;setDefaultValue_handle_expr_1;setDiscriminator_handle_discriminator_1;setFeature_elem_i_feature_1;setFeatures_handle_features_1;setContainer_handle_component_1;setInitialValue_at_expr_1;setModelElementContainer_handle_container_1;setNamespace_handle_ns_1;setOwner_handle_owner_1;setStatic_handle_isStatic_1;setParameter_handle_parameter_1;setParameters_handle_parameters_1;setParent_handle_parent_1;setQualifiers_handle_elems_1;setResident_handle_resident_1;setResidents_handle_residents_1;setSources_handle_specifications_1;setSpecifications_handle_specifications_1;setTaggedValue_handle_tag_value_1;setType_handle_type_1;removeDeploymentLocation_handle_node_1;setAbstract_handle_flag_1;setActive_handle_active_1;setAggregation_handle_aggregationKind_1;setLeaf_handle_flag_1;setChangeability_handle_ck_1;setReadOnly_handle_isReadOnly_1;setConcurrency_handle_concurrencyKind_1;setKind_handle_kind_1;setMultiplicity_handle_arg_1;setName_handle_name_1;setBody_handle_body_1;setNavigable_handle_flag_1;setOrdering_handle_ok_1;setPowertype_handle_pt_1;setQuery_handle_flag_1;setRoot_handle_flag_1;setSpecification_handle_specification_1;setTargetScope_handle_scopeKind_1;setVisibility_handle_visibility_1;removeConnection_handle_connection_1;addElementResidence_handle_residence_1;removeElementResidence_handle_residence_1;setEnumerationLiterals_enumeration_literals_1;getAllMetatypeNames_return_1;getAllMetaDatatypeNames_return_1
StateDisabled,_-3JhQuLaEeCVSp8F0qHMxQ,StateMachinesHelperEUMLImpl,n_stateMachinesHelperEUMLImpl_1;addDeferrableEvent_state_deferrableEvent_1;addSubvertex_handle_subvertex_1;findNamespaceForEvent_trans_model_return_1;findOperationByName_trans_opname_return_1;getAllPossibleStatemachines_model_oSubmachineState_return_1;getAllPossibleSubvertices_oState_return_1;getAllSubStates_compState_return_1;getDestination_trans_return_1;getOutgoingStates_ostatevertex_return_1;getPath_o_return_1;getSource_trans_return_1;getStateMachine_handle_return_1;getStatebyName_path_container_return_1;getTop_sm_return_1;isAddingStatemachineAllowed_context_return_1;isTopState_o_return_1;removeDeferrableEvent_state_deferrableEvent_1;removeSubvertex_handle_subvertex_1;setBound_handle_bound_1;setChangeExpression_handle_value_1;setConcurrent_handle_concurrent_1;setContainer_handle_compositeState_1;setContext_statemachine_modelElement_1;setDoActivity_handle_value_1;setEffect_handle_value_1;setEntry_handle_value_1;setEventAsTrigger_transition_event_1;setExit_handle_value_1;setExpression_handle_value_1;setGuard_handle_guard_1;setInternalTransitions_handle_intTrans_1;setReferenceState_o_referenced_1;setSource_handle_state_1;setState_handle_element_1;setStateMachine_handle_stm_1;setStatemachineAsSubmachine_oSubmachineState_oStatemachine_1;setSubvertices_handle_subvertices_1;setTrigger_handle_event_1;setWhen_handle_value_1
StateDisabled,_--SrEuLaEeCVSp8F0qHMxQ,DataTypesFactoryMDRImpl,n_dataTypesFactoryMDRImpl_1;LOG_1;createActionExpression_language_body_return_1;createArgListsExpression_language_body_return_1;createBooleanExpression_language_body_return_1;createExpression_language_body_return_1;createIterationExpression_language_body_return_1;createMappingExpression_language_body_return_1;createObjectSetExpression_language_body_return_1;createProcedureExpression_language_body_return_1;createTimeExpression_language_body_return_1;createTypeExpression_language_body_return_1;createMultiplicity_lower_upper_return_1;createMultiplicity_range_return_1;createMultiplicity_str_return_1;parseRanges_str_return_1;createMultiplicityRange_str_return_1;createMultiplicityRange_lower_upper_return_1;boundToString_i_return_1;stringToBound_b_return_1
StateDisabled,__FIS4uLaEeCVSp8F0qHMxQ,NodeInstanceNotationUml,n_nodeInstanceNotationUml_1;parse_modelElement_text_1;getParsingHelp_return_1;toString_modelElement_args_return_1;toString_modelElement_return_1
StateDisabled,__PskIOLaEeCVSp8F0qHMxQ,PropPanelCritic,n_propPanelCritic_1;criticClass_1;name_1;headline_1;priority_1;description_1;ocl_1;oclLabel_1;supportedDecision_1;knowledgeType_1;colToString_set_return_1
StateDisabled,__amMk-LaEeCVSp8F0qHMxQ,InitUiCmdSubsystem,n_initUiCmdSubsystem_1;getProjectSettingsTabs_return_1;getSettingsTabs_return_1;init__1;getDetailsTabs_return_1
StateDisabled,__vISJOLaEeCVSp8F0qHMxQ,CrMergeClasses,n_crMergeClasses_1;getCriticizedDesignMaterials_return_1
StateDisabled,__t7_UuLaEeCVSp8F0qHMxQ,CrNameConflictAC,n_crNameConflictAC_1;getCriticizedDesignMaterials_return_1
StateDisabled,__qN88OLaEeCVSp8F0qHMxQ,CrNoInitialState,n_crNoInitialState_1;getCriticizedDesignMaterials_return_1
StateDisabled,__xNVxOLaEeCVSp8F0qHMxQ,ProfileCodeGeneration,n_profileCodeGeneration_1;critics_1;getDisplayName_return_1;getProfileIdentifier_return_1
StateDisabled,__5mcw-LaEeCVSp8F0qHMxQ,FigReturnActionMessage,n_figReturnActionMessage_1;serialVersionUID_1
StateDisabled,_AKaf8eLbEeCVSp8F0qHMxQ,FigRole,n_figRole_1;getNotationProviderType_return_1;propertyChange_pce_1
StateDisabled,_AZA8oOLbEeCVSp8F0qHMxQ,ActionSaveAllGraphics,n_actionSaveAllGraphics_1;LOG_1;overwrite_1;actionPerformed_ae_1;trySave_canOverwrite_return_1;trySave_canOverwrite_directory_return_1;trySaveDiagram_target_saveDir_return_1;saveGraphicsToFile_theFile_cmd_return_1;showStatus_text_1
StateDisabled,_ArZGFuLbEeCVSp8F0qHMxQ,UMLCommentBodyDocument,n_uMLCommentBodyDocument_1;setProperty_text_1;getProperty_return_1
StateDisabled,_ArZGEOLbEeCVSp8F0qHMxQ,PropPanelFlow,n_propPanelFlow_1;serialVersionUID_1;initialize__1
UsecaseDisabled,_-ouDsOLaEeCVSp8F0qHMxQ,GoListToTypeToItem,n_goListToTypeToItem_1;getChild_parent_index_return_1;getChildCount_parent_return_1;getIndexOfChild_parent_child_return_1;isLeaf_node_return_1;valueForPathChanged_path_newValue_1
UsecaseDisabled,__WuZMuLaEeCVSp8F0qHMxQ,ShadowComboBox,n_shadowComboBox_1;serialVersionUID_1
UsecaseDisabled,__WIjUOLaEeCVSp8F0qHMxQ,ActionRedo,n_actionRedo_1;serialVersionUID_1
UsecaseDisabled,__lwTsOLaEeCVSp8F0qHMxQ,GoNamespaceToClassifierAndPackage,n_goNamespaceToClassifierAndPackage_1;getRuleName_return_1;getChildren_parent_return_1;getDependencies_parent_return_1
UsecaseDisabled,__lTnw-LaEeCVSp8F0qHMxQ,GoElementToMachine,n_goElementToMachine_1;getRuleName_return_1;getChildren_parent_return_1;getDependencies_parent_return_1
UsecaseDisabled,__n_IUuLaEeCVSp8F0qHMxQ,GenDescendantClasses,n_genDescendantClasses_1;SINGLETON_1;getSINGLETON_return_1;gen_o_return_1;accumulateDescendants_cls_accum_1
UsecaseDisabled,__svsg-LaEeCVSp8F0qHMxQ,CrInvalidSynch,n_crInvalidSynch_1;getCriticizedDesignMaterials_return_1
UsecaseDisabled,__p7CA-LaEeCVSp8F0qHMxQ,CrInvalidPseudoStateTrigger,n_crInvalidPseudoStateTrigger_1;getCriticizedDesignMaterials_return_1
UsecaseDisabled,__-820OLaEeCVSp8F0qHMxQ,FigClassifierBox,n_figClassifierBox_1;borderFig_1;constructFigs__1;getDefaultBounds_return_1;clone_return_1;updateOperations__1;renderingChanged__1;propertyChange_event_1;getOperationsBounds_return_1;isOperationsVisible_return_1;setOperationsVisible_isVisible_1;translate_dx_dy_1;getPopUpActions_me_return_1;classNameAndBounds_return_1;buildModifierPopUp_return_1
UsecaseDisabled,_AJq5EeLbEeCVSp8F0qHMxQ,ActionSetMode,n_actionSetMode_1;LOG_1;putToolTip_key_1;putIcon_key_1
UsecaseDisabled,_AUaJdOLbEeCVSp8F0qHMxQ,ScrollList,n_scrollList_1;serialVersionUID_1;keyReleased_arg0_1;keyTyped_arg0_1;addNotify__1;removeNotify__1
UsecaseDisabled,_AcSTE-LbEeCVSp8F0qHMxQ,ActionSetClassifierRoleMultiplicity,n_actionSetClassifierRoleMultiplicity_1;SINGLETON_1;setSelectedItem_item_target_1;getInstance_return_1
UsecaseDisabled,_Ae9zoOLbEeCVSp8F0qHMxQ,PropPanelSignal,n_propPanelSignal_1;serialVersionUID_1
UsecaseDisabled,_AfHkoeLbEeCVSp8F0qHMxQ,ActionRemoveReceptionSignal,n_actionRemoveReceptionSignal_1;serialVersionUID_1
UsecaseDisabled,_AnrDsOLbEeCVSp8F0qHMxQ,ActionSetClassActive,n_actionSetClassActive_1;SINGLETON_1;getInstance_return_1
UsecaseDisabled,_AotlguLbEeCVSp8F0qHMxQ,ActionSetGeneralizableElementAbstract,n_actionSetGeneralizableElementAbstract_1;SINGLETON_1;getInstance_return_1
UsecaseDisabled,_AyiP4-LbEeCVSp8F0qHMxQ,UMLElementImportAliasDocument,n_uMLElementImportAliasDocument_1;setProperty_text_1;getProperty_return_1
