ActivityDisabled,__BHVkeLaEeCVSp8F0qHMxQ,InitModuleLoader,n_initModuleLoader_1;getProjectSettingsTabs_return_1;getSettingsTabs_return_1;init__1;getDetailsTabs_return_1
ActivityDisabled,__VitcuLaEeCVSp8F0qHMxQ,MultiEditorPane,n_multiEditorPane_1;LOG_1;tabInstances_1;tabs_1;tabPanels_1;lastTab_1;getPreferredSize_return_1;getMinimumSize_return_1;getIndexOfNamedTab_tabName_return_1;selectTabNamed_tabName_1;selectNextTab__1;mousePressed_me_1;mouseReleased_me_1;mouseEntered_me_1;mouseExited_me_1;mouseClicked_me_1;mySingleClick_tab_1;myDoubleClick_tab_1;getTabs_return_1
ActivityDisabled,__TbNkOLaEeCVSp8F0qHMxQ,SplashPanel,n_splashPanel_1;splashImage_1;getImage_return_1
ActivityDisabled,__bouY-LaEeCVSp8F0qHMxQ,PerspectiveComboBox,n_perspectiveComboBox_1;addPerspective_perspective_1;removePerspective_perspective_1
ActivityDisabled,__kkA4uLaEeCVSp8F0qHMxQ,GoClassifierToInstance,n_goClassifierToInstance_1;getRuleName_return_1;getChildren_parent_return_1;getDependencies_parent_return_1
ActivityDisabled,__nPhcuLaEeCVSp8F0qHMxQ,ChildGenRelated,n_childGenRelated_1;SINGLETON_1;serialVersionUID_1;getSingleton_return_1;gen_o_return_1
ActivityDisabled,__xj7EuLaEeCVSp8F0qHMxQ,CrOppEndConflict,n_crOppEndConflict_1;getCriticizedDesignMaterials_return_1
ActivityDisabled,__vRcEOLaEeCVSp8F0qHMxQ,CrUnconventionalOperName,n_crUnconventionalOperName_1;candidateForConstructor_me_return_1;computeSuggestion_sug_return_1;getCriticizedDesignMaterials_return_1
ActivityDisabled,__8bHQOLaEeCVSp8F0qHMxQ,FigFinalState,n_figFinalState_1;WIDTH_1;HEIGHT_1;inCircle_1;outCircle_1;serialVersionUID_1;initFigs__1;clone_return_1;makeSelection_return_1;isResizable_return_1;setLineColor_col_1;getLineColor_return_1;setFillColor_col_1;getFillColor_return_1;isFilled_return_1;getLineWidth_return_1;mouseClicked_me_1;getGravityPoints_return_1
ActivityDisabled,_AI7SMOLbEeCVSp8F0qHMxQ,ActionSetAddAssociationEndMode,n_actionSetAddAssociationEndMode_1;serialVersionUID_1
ActivityDisabled,_AIU1QOLbEeCVSp8F0qHMxQ,ArgoFigText,n_argoFigText_1;notifier_1;deleteFromModel__1;removeNotificationListener_listener_filter_handback_1;addNotificationListener_listener_filter_handback_1;getNotificationInfo_return_1;removeNotificationListener_listener_1;renderingChanged__1;updateFont__1;getFigFontStyle_return_1;setOwner_own_1;updateListeners_oldOwner_newOwner_1;propertyChange_pce_1
ActivityDisabled,_Ad7R0OLbEeCVSp8F0qHMxQ,ActionRemoveArgument,n_actionRemoveArgument_1
ActivityDisabled,_AhMoRuLbEeCVSp8F0qHMxQ,UMLSignalContextListModel,n_uMLSignalContextListModel_1;buildModelList__1;isValidElement_element_return_1
ActivityDisabled,_AlJUIuLbEeCVSp8F0qHMxQ,UMLStateEntryList,n_uMLStateEntryList_1;getPopupMenu_return_1
ActivityDisabled,_Ak1yIOLbEeCVSp8F0qHMxQ,UMLSynchStateBoundDocument,n_uMLSynchStateBoundDocument_1;serialVersionUID_1;setProperty_text_1;getProperty_return_1
ActivityDisabled,_AjWkYOLbEeCVSp8F0qHMxQ,ActionNewPseudoState,n_actionNewPseudoState_1;kind_1
ActivityDisabled,_AoHvoOLbEeCVSp8F0qHMxQ,ActionAddDataType,n_actionAddDataType_1
CollabDisabled,_-jEHoeLaEeCVSp8F0qHMxQ,ArgoEvent,n_argoEvent_1;eventType_1;getEventType_return_1;getEventStartRange_return_1;getEventEndRange_return_1;toString_return_1
CollabDisabled,__CJ3YOLaEeCVSp8F0qHMxQ,MultiplicityNotation,n_multiplicityNotation_1
CollabDisabled,__YqS4uLaEeCVSp8F0qHMxQ,DetailsPane,n_detailsPane_1;LOG_1;topLevelTabbedPane_1;currentTarget_1;tabPanelList_1;lastNonNullTab_1;listenerList_1;orientation_1;hasTabs_1;upArrowIcon_1;leftArrowIcon_1;loadTabs_direction_theOrientation_1;hasTabs_return_1;getTabs_return_1;setToDoItem_item_return_1;selectPropsTab_target_return_1;setTarget_target_defaultToProperties_1;getTarget_return_1;getMinimumSize_return_1;getIndexOfNamedTab_tabName_return_1;getTabCount_return_1;selectTabNamed_tabName_return_1;mySingleClick_tab_1;myDoubleClick_tab_1;mousePressed_me_1;mouseReleased_me_1;mouseEntered_me_1;mouseExited_me_1;mouseClicked_me_1;setOrientation_newOrientation_1;enableTabs_target_1
CollabDisabled,__bfkceLaEeCVSp8F0qHMxQ,ExplorerEventAdaptor,n_explorerEventAdaptor_1;LOG_1;instance_1;getInstance_return_1;structureChanged__1;modelElementAdded_element_1;modelElementChanged_element_1;propertyChange_pce_1
CollabDisabled,__i7pMOLaEeCVSp8F0qHMxQ,GoPackageToClass,n_goPackageToClass_1;getRuleName_return_1;getChildren_parent_return_1;getDependencies_parent_return_1
CollabDisabled,__hSqdOLaEeCVSp8F0qHMxQ,GoCompositeStateToSubvertex,n_goCompositeStateToSubvertex_1;getRuleName_return_1;getChildren_parent_return_1;getDependencies_parent_return_1
CollabDisabled,__j0aAuLaEeCVSp8F0qHMxQ,GoInteractionToMessages,n_goInteractionToMessages_1;getRuleName_return_1;getChildren_parent_return_1;getDependencies_parent_return_1
CollabDisabled,__nsNYeLaEeCVSp8F0qHMxQ,ProjectMemberModel,n_projectMemberModel_1;MEMBER_TYPE_1;FILE_EXT_1;model_1;getModel_return_1;getType_return_1;getZipFileExtension_return_1;repair_return_1
CollabDisabled,__rtKsuLaEeCVSp8F0qHMxQ,CrMultipleDeepHistoryStates,n_crMultipleDeepHistoryStates_1;LOG_1;serialVersionUID_1;getCriticizedDesignMaterials_return_1
CollabDisabled,__8bHQOLaEeCVSp8F0qHMxQ,FigFinalState,n_figFinalState_1;WIDTH_1;HEIGHT_1;inCircle_1;outCircle_1;serialVersionUID_1;initFigs__1;clone_return_1;makeSelection_return_1;isResizable_return_1;setLineColor_col_1;getLineColor_return_1;setFillColor_col_1;getFillColor_return_1;isFilled_return_1;getLineWidth_return_1;mouseClicked_me_1;getGravityPoints_return_1
CollabDisabled,_AAJJoOLbEeCVSp8F0qHMxQ,SelectionStereotype,n_selectionStereotype_1;inheritIcon_1;dependIcon_1;useComposite_1;icons_1;instructions_1;mouseEntered_me_1;getNewNode_index_return_1;getNewNodeType_index_return_1;createEdgeAbove_mgm_newNode_return_1;getIcons_return_1;getInstructions_index_return_1;getNewEdgeType_index_return_1;isReverseEdge_index_return_1;isEdgePostProcessRequested_return_1
CollabDisabled,_AF82seLbEeCVSp8F0qHMxQ,AddExistingNodeCommand,n_addExistingNodeCommand_1;object_1;location_1;count_1;execute__1;makeGraphModel_return_1;makeEdge_return_1;makeNode_return_1
CollabDisabled,_AG1ngOLbEeCVSp8F0qHMxQ,ActionAddExistingNode,n_actionAddExistingNode_1;object_1;isEnabled_return_1;actionPerformed_ae_1
CollabDisabled,_AYbGwOLbEeCVSp8F0qHMxQ,ActionNavigateOppositeAssocEnd,n_actionNavigateOppositeAssocEnd_1;serialVersionUID_1;navigateTo_source_return_1;isEnabled_return_1
CollabDisabled,_AVcrQuLbEeCVSp8F0qHMxQ,PropPanel,n_propPanel_1;LOG_1;target_1;modelElement_1;listenerList_1;buttonPanel_1;titleLabel_1;actions_1;stdFont_1;setOrientation_orientation_1;addAction_action_1;addAction_action_tooltip_1;addAction_actionArray_1;buildToolbar__1;getActions_return_1;addField_label_component_return_1;createLabelFor_label_comp_return_1;addFieldAfter_label_component_afterComponent_return_1;addFieldBefore_label_component_beforeComponent_return_1;addSeparator__1;collectTargetListeners_container_return_1;collectTargetListenerActions_return_1;getTarget_return_1;refresh__1;shouldBeEnabled_t_return_1;getDisplayNamespace_return_1;getModelElement_return_1;formatElement_element_return_1;formatNamespace_namespace_return_1;formatCollection_iter_return_1;getDeleteAction_return_1;isRemovableElement_return_1;setTitleLabel_theTitleLabel_1;getTitleLabel_return_1;createBorderPanel_title_return_1;setButtonPanelSize_height_1;lookupIcon_name_return_1
CollabDisabled,_Ae9zouLbEeCVSp8F0qHMxQ,UMLSignalReceptionListModel,n_uMLSignalReceptionListModel_1;serialVersionUID_1;buildModelList__1;isValidElement_element_return_1
CollabDisabled,_Asbn4uLbEeCVSp8F0qHMxQ,ActionSetAssociationEndMultiplicity,n_actionSetAssociationEndMultiplicity_1;SINGLETON_1;setSelectedItem_item_target_1;getInstance_return_1
DeployDisabled,_-oHmwOLaEeCVSp8F0qHMxQ,TableModelCritics,n_tableModelCritics_1;LOG_1;critics_1;advanced_1;getColumnCount_return_1;getColumnName_c_return_1;getColumnClass_c_return_1;isCellEditable_row_col_return_1;getRowCount_return_1;getValueAt_row_col_return_1;listToString_l_return_1;setValueAt_aValue_rowIndex_columnIndex_1;vetoableChange_pce_1;setAdvanced_advancedMode_1
DeployDisabled,_--I6EuLaEeCVSp8F0qHMxQ,ActivityGraphsFactoryMDRImpl,n_activityGraphsFactoryMDRImpl_1;createActionState_return_1;createActivityGraph_return_1;createCallState_return_1;createClassifierInState_return_1;createObjectFlowState_return_1;createPartition_return_1;createSubactivityState_return_1;buildActivityGraph_theContext_return_1;buildObjectFlowState_compositeState_return_1;buildClassifierInState_classifier_state_return_1;deleteActionState_elem_1;deleteActivityGraph_elem_1;deleteCallState_elem_1;deleteClassifierInState_elem_1;deleteObjectFlowState_elem_1;deletePartition_elem_1;deleteSubactivityState_elem_1
DeployDisabled,__Jl8IuLaEeCVSp8F0qHMxQ,VersionException,n_versionException_1
DeployDisabled,__M3SkOLaEeCVSp8F0qHMxQ,ReaderModelLoader,n_readerModelLoader_1;LOG_1;reader_1
DeployDisabled,__gQIoeLaEeCVSp8F0qHMxQ,AssociationsNode,n_associationsNode_1;parent_1;getParent_return_1;toString_return_1;subsumes_obj_return_1
DeployDisabled,__hSqcuLaEeCVSp8F0qHMxQ,GoClassToAssociatedClass,n_goClassToAssociatedClass_1;getRuleName_return_1;getChildren_parent_return_1;getDependencies_parent_return_1
DeployDisabled,__xtsEuLaEeCVSp8F0qHMxQ,CrInvalidForkTriggerOrGuard,n_crInvalidForkTriggerOrGuard_1;serialVersionUID_1;getCriticizedDesignMaterials_return_1
DeployDisabled,__xtsEOLaEeCVSp8F0qHMxQ,CrTooManyOper,n_crTooManyOper_1;OPERATIONS_THRESHOLD_1;serialVersionUID_1;getCriticizedDesignMaterials_return_1
DeployDisabled,__0iWkOLaEeCVSp8F0qHMxQ,FigActionState,n_figActionState_1;HEIGHT_1;STATE_WIDTH_1;PADDING_1;cover_1;serialVersionUID_1;initializeActionState__1;initNotationProviders_own_1;getNotationProviderType_return_1;clone_return_1;getMinimumSize_return_1;setLineColor_col_1;getLineColor_return_1;setFillColor_col_1;getFillColor_return_1;isFilled_return_1;getLineWidth_return_1;modelChanged_mee_1;removeFromDiagramImpl__1;updateNameText__1;updateStereotypeText__1;textEdited_ft_1;textEditStarted_ft_1
DeployDisabled,__9dpEOLaEeCVSp8F0qHMxQ,FigStateVertex,n_figStateVertex_1;CIRCLE_POINTS_1;setEnclosingFig_encloser_1;redrawEnclosedFigs__1;makeSelection_return_1;getCircleGravityPoints_return_1
DeployDisabled,_AQiWEOLbEeCVSp8F0qHMxQ,UMLMultiplicityPanel,n_uMLMultiplicityPanel_1;multiplicityComboBox_1;checkBox_1;multiplicityList_1;getPreferredSize_return_1;itemStateChanged_event_1;getTarget_return_1
DeployDisabled,_AQiWEuLbEeCVSp8F0qHMxQ,MultiplicityComboBox,n_multiplicityComboBox_1;doOnEdit_item_1
DeployDisabled,_AVvmMOLbEeCVSp8F0qHMxQ,ActionGenerationSettings,n_actionGenerationSettings_1;actionPerformed_ae_1;isEnabled_return_1
DeployDisabled,_ATN2pOLbEeCVSp8F0qHMxQ,UMLModelElementOrderedListModel2,n_uMLModelElementOrderedListModel2_1;buildModelList__1;isValidElement_element_return_1;moveDown_index_1;moveToTop_index_1;moveToBottom_index_1;buildPopup_popup_index_return_1
DeployDisabled,_AYbGwOLbEeCVSp8F0qHMxQ,ActionNavigateOppositeAssocEnd,n_actionNavigateOppositeAssocEnd_1;serialVersionUID_1;navigateTo_source_return_1;isEnabled_return_1
DeployDisabled,_AagKYuLbEeCVSp8F0qHMxQ,PropPanelObjectFlowState,n_propPanelObjectFlowState_1;classifierComboBox_1;statesScroll_1;addExtraButtons__1;propertyChange_evt_1;getClassifierComboBox_return_1;removeTopStateFrom_ret_1;getType_target_return_1
DeployDisabled,_AagKZOLbEeCVSp8F0qHMxQ,UMLOFSStateListModel,n_uMLOFSStateListModel_1;serialVersionUID_1;buildModelList__1;isValidElement_elem_return_1
DeployDisabled,_AbGnUOLbEeCVSp8F0qHMxQ,ActionNewEntryCallAction,n_actionNewEntryCallAction_1
DeployDisabled,_A0dig-LbEeCVSp8F0qHMxQ,UIUtils,n_uIUtils_1;ACTION_KEY_ESCAPE_1;loadCommonKeyMap_dialog_1
Original,_-okSs-LaEeCVSp8F0qHMxQ,GoListToPosterToItem,n_goListToPosterToItem_1;getChild_parent_index_return_1;getChildCount_parent_return_1;getIndexOfChild_parent_child_return_1;isLeaf_node_return_1;getChildrenList_parent_return_1;valueForPathChanged_path_newValue_1
Original,_-19OdOLaEeCVSp8F0qHMxQ,ScopeKindEUMLImpl,n_scopeKindEUMLImpl_1;getClassifier_return_1;getInstance_return_1
Original,_-7nKgeLaEeCVSp8F0qHMxQ,UndoCollaborationsHelperDecorator,n_undoCollaborationsHelperDecorator_1
Original,__F35w-LaEeCVSp8F0qHMxQ,TransitionNotationUml,n_transitionNotationUml_1;parse_modelElement_text_1;parseTransition_trans_s_return_1;parseTrigger_trans_trigger_1;parseGuard_trans_guard_1;parseEffect_trans_actions_1;delete_obj_1;getParsingHelp_return_1;toString_modelElement_args_return_1;toString_modelElement_return_1;generateEvent_m_return_1;generateGuard_m_return_1;generateParameterList_parameterListOwner_return_1;generateExpression_expr_return_1;generateParameter_parameter_return_1;generateKind_kind_return_1;generateClassifierRef_cls_return_1;initialiseListener_listener_modelElement_1;addListenersForAction_listener_action_1;addListenersForEvent_listener_event_1;addListenersForTransition_listener_transition_1
Original,__L0wwuLaEeCVSp8F0qHMxQ,TodoTokenTable,n_todoTokenTable_1;STRING_TO_DO_1;STRING_TO_DO_LIST_1;STRING_TO_DO_ITEM_1;STRING_HEADLINE_1;STRING_DESCRIPTION_1;STRING_PRIORITY_1;STRING_MOREINFOURL_1;STRING_RESOLVEDCRITICS_1;STRING_ISSUE_1;STRING_POSTER_1;STRING_OFFENDER_1;STRING_PRIO_HIGH_1;STRING_PRIO_MED_1;STRING_PRIO_LOW_1;TOKEN_TO_DO_1;TOKEN_TO_DO_LIST_1;TOKEN_TO_DO_ITEM_1;TOKEN_HEADLINE_1;TOKEN_DESCRIPTION_1;TOKEN_PRIORITY_1;TOKEN_MOREINFOURL_1;TOKEN_RESOLVEDCRITICS_1;TOKEN_ISSUE_1;TOKEN_POSTER_1;TOKEN_OFFENDER_1;TOKEN_UNDEFINED_1;setupTokens__1
Original,__UMpoOLaEeCVSp8F0qHMxQ,ProjectBrowser,n_projectBrowser_1;DEFAULT_COMPONENTWIDTH_1;DEFAULT_COMPONENTHEIGHT_1;LOG_1;isMainApplication_1;appName_1;detailsPanesByCompassPoint_1;defaultFont_1;workAreaPane_1;todoPane_1;saveAction_1;serialVersionUID_1;addKeyboardFocusListener__1;setApplicationIcon__1;getLocale_return_1;assemblePanels_return_1;createDetailsPanes__1;addPanel_comp_position_1;removePanel_comp_1;restorePanelSizes__1;showSaveIndicator__1;getAppName_return_1;getJMenuBar_return_1;getDetailsPane_return_1;updateStatus_status_1;saveScreenConfiguration__1;tryExit__1;dispose__1;propertyChange_evt_1;targetChanged_target_1;determineRemoveEnabled__1;getTodoPane_return_1;getDefaultFont_return_1;trySave_overwrite_1;trySave_overwrite_saveNewFile_1;isFileReadonly_file_return_1;trySaveWithProgressMonitor_overwrite_file_1;buildTitleWithCurrentProjectName__1;testSimulateErrors__1;addFileSaved_file_1;askConfirmationAndSave_return_1;loadProjectWithProgressMonitor_file_showUI_1;clearDialogs__1;getSaveAction_return_1;getRemoveFromDiagramAction_return_1;getNewFile_return_1
Original,__UpVkOLaEeCVSp8F0qHMxQ,TitleHandler,n_titleHandler_1;propertyChange_evt_1
Original,__gQIo-LaEeCVSp8F0qHMxQ,GoProfileToModel,n_goProfileToModel_1;getRuleName_return_1;getChildren_parent_return_1;getDependencies_parent_return_1
Original,__5mcwOLaEeCVSp8F0qHMxQ,FigHead,n_figHead_1;nameFig_1;stereotypeFig_1;rectFig_1;serialVersionUID_1;getMinimumSize_return_1;getMinimumHeight_return_1
Original,__9KuIOLaEeCVSp8F0qHMxQ,UMLStateDiagram,n_uMLStateDiagram_1;serialVersionUID_1;LOG_1;theStateMachine_1;actionStubState_1;actionState_1;actionSynchState_1;actionSubmachineState_1;actionCompositeState_1;actionStartPseudoState_1;actionFinalPseudoState_1;actionBranchPseudoState_1;actionForkPseudoState_1;actionJoinPseudoState_1;actionShallowHistoryPseudoState_1;actionDeepHistoryPseudoState_1;actionCallEvent_1;actionChangeEvent_1;actionSignalEvent_1;actionTimeEvent_1;actionGuard_1;actionCallAction_1;actionCreateAction_1;actionDestroyAction_1;actionReturnAction_1;actionSendAction_1;actionTerminateAction_1;actionUninterpretedAction_1;actionActionSequence_1;actionTransition_1;actionJunctionPseudoState_1;nameDiagram_ns_1;getNamespaceFromMachine_machine_return_1;getOwner_return_1;setup_namespace_machine_1;propertyChange_evt_1;getStateMachine_return_1;setStateMachine_sm_1;getUmlActions_return_1;getTriggerActions_return_1;getEffectActions_return_1;getLabelName_return_1;getActionChoicePseudoState_return_1;getActionCompositeState_return_1;getActionDeepHistoryPseudoState_return_1;getActionFinalPseudoState_return_1;getActionForkPseudoState_return_1;getActionJoinPseudoState_return_1;getActionJunctionPseudoState_return_1;getActionShallowHistoryPseudoState_return_1;getActionStartPseudoState_return_1;getActionState_return_1;getActionSynchState_return_1;getActionSubmachineState_return_1;getActionStubState_return_1;getActionTransition_return_1;getActionCallEvent_return_1;getActionChangeEvent_return_1;getActionSignalEvent_return_1;getActionTimeEvent_return_1;getActionGuard_return_1;getActionCallAction_return_1;getActionCreateAction_return_1;getActionDestroyAction_return_1;getActionReturnAction_return_1;getActionSendAction_return_1;getActionTerminateAction_return_1;getActionUninterpretedAction_return_1;getActionActionSequence_return_1;getDependentElement_return_1;isRelocationAllowed_base_return_1;getRelocationCandidates_root_return_1;relocate_base_return_1;encloserChanged_enclosed_oldEncloser_newEncloser_1;doesAccept_objectToAccept_return_1;drop_droppedObject_location_return_1
Original,__-XA8eLaEeCVSp8F0qHMxQ,ClassdiagramGeneralizationEdge,n_classdiagramGeneralizationEdge_1
Original,_AAl1kOLbEeCVSp8F0qHMxQ,FigEnumeration,n_figEnumeration_1;serialVersionUID_1;getKeyword_return_1;makeSelection_return_1;clone_return_1;modelChanged_mee_1;renderingChanged__1;updateListeners_oldOwner_newOwner_1;updateEnumLiterals__1;getMinimumSize_return_1;setStandardBounds_x_y_width_height_1;isEnumLiteralsVisible_return_1;setEnumLiteralsVisible_isVisible_1;getEnumLiteralsBounds_return_1
Original,_ADRWIuLbEeCVSp8F0qHMxQ,FigEdgePort,n_figEdgePort_1;bigPort_1;serialVersionUID_1;initialize__1;hit_r_return_1;setOwner_own_1;getOwner_return_1;classNameAndBounds_return_1;hitPort_x_y_return_1;hitFig_r_return_1;isSelectable_return_1;getPortFig_port_return_1
Original,_AdVb8OLbEeCVSp8F0qHMxQ,PropPanelMessage,n_propPanelMessage_1;serialVersionUID_1
Original,_AdVb8uLbEeCVSp8F0qHMxQ,ActionToolNewAction,n_actionToolNewAction_1;serialVersionUID_1
Original,_AfkQkOLbEeCVSp8F0qHMxQ,ActionNewSendAction,n_actionNewSendAction_1;SINGLETON_1;createAction_return_1;getInstance_return_1
Original,_AgdBZuLbEeCVSp8F0qHMxQ,UMLReceptionSignalComboBox,n_uMLReceptionSignalComboBox_1;doIt_event_1
Original,_AtU_wuLbEeCVSp8F0qHMxQ,UMLParameterDirectionKindRadioButtonPanel,n_uMLParameterDirectionKindRadioButtonPanel_1;labelTextsAndActionCommands_1;buildModel__1
Original,_A0digOLbEeCVSp8F0qHMxQ,ToolBarUtility,n_toolBarUtility_1;LOG_1;manageDefault_actions_key_1;addItemsToToolBar_buttonPanel_actions_1;addItemsToToolBar_buttonPanel_actions_2;buildPopupToolBoxButton_actions_rollover_return_1
Original,_A0diguLbEeCVSp8F0qHMxQ,PopupActionsListener,n_popupActionsListener_1;blockEvents_1;propertyChange_evt_1
SequenceDisabled,_-l4yIuLaEeCVSp8F0qHMxQ,Agency,n_agency_1;LOG_1;criticRegistry_1;critics_1;singletonCritics_1;cachedCritics_1;theAgency_return_1;getCriticRegistry_return_1;getCriticList_return_1;register_crClassName_dmClassName_1;criticsForClass_clazz_return_1;criticListForSpecificClass_clazz_return_1;addStaticObserver_obs_1
SequenceDisabled,_-slQBOLaEeCVSp8F0qHMxQ,ConfigurationFactory,n_configurationFactory_1
SequenceDisabled,_-tnx0eLaEeCVSp8F0qHMxQ,ArgoModeCreateFigInk,n_argoModeCreateFigInk_1;instructions_return_1;createNewItem_me_snapX_snapY_return_1
SequenceDisabled,__A0aoeLaEeCVSp8F0qHMxQ,ModuleLoader2,n_moduleLoader2_1;LOG_1;moduleStatus_1;extensionLocations_1;FILE_PREFIX_1;JAR_PREFIX_1;CLASS_SUFFIX_1;getDetailsTabs_return_1;availableModules_return_1;doLoad_failingAllowed_1;isEnabled_name_return_1;allModules_return_1;isSelected_name_return_1;isSelectedInternal_name_return_1;setSelected_name_value_1;setSelectedInternal_name_value_1;getDescription_name_return_1;getDescriptionInternal_name_return_1;doInternal_failingAllowed_1;isEnabledInternal_name_return_1;findModule_name_return_1;huntForModules__1;huntForModulesFromExtensionDir__1;computeExtensionLocations__1;getExtensionLocations_return_1;huntModulesFromNamedDirectory_dirname_1;processJarFile_classloader_file_1;processEntry_classloader_cname_return_1;addClass_classname_1;addClass_classLoader_classname_return_1
SequenceDisabled,__A9kkeLaEeCVSp8F0qHMxQ,JarFileFilter,n_jarFileFilter_1;accept_pathname_return_1
SequenceDisabled,__ONWYuLaEeCVSp8F0qHMxQ,ContextApplicable,n_contextApplicable_1;LOG_1;applicable_1;modelElement_1;isApplicable_return_1;caseAClassifierContext_node_1;inAPreStereotype_node_1;inAPostStereotype_node_1
SequenceDisabled,__ciGQOLaEeCVSp8F0qHMxQ,PerspectiveConfigurator,n_perspectiveConfigurator_1;LOG_1;INSET_PX_1;configPanelNorth_1;configPanelSouth_1;splitPane_1;renameTextField_1;newPerspectiveButton_1;removePerspectiveButton_1;duplicatePerspectiveButton_1;moveUpButton_1;moveDownButton_1;addRuleButton_1;removeRuleButton_1;resetToDefaultButton_1;perspectiveList_1;perspectiveRulesList_1;ruleLibraryList_1;perspectiveListModel_1;perspectiveRulesListModel_1;ruleLibraryListModel_1;persLabel_1;ruleLibLabel_1;rulesLabel_1;makeLists__1;makeButtons__1;makeLayout__1;makeListeners__1;loadLibrary__1;loadPerspectives__1;updatePersLabel__1;updateLibLabel__1;updateRuleLabel__1;sortJListModel_list_1;doAddRule__1;doRemoveRule__1
SequenceDisabled,__t7_UuLaEeCVSp8F0qHMxQ,CrNameConflictAC,n_crNameConflictAC_1;getCriticizedDesignMaterials_return_1
SequenceDisabled,__svsgeLaEeCVSp8F0qHMxQ,CrReservedName,n_crReservedName_1;names_1;umlReserved_1;serialVersionUID_1;isBuiltin_name_return_1;getClarifier_return_1;getCriticizedDesignMaterials_return_1
SequenceDisabled,__vbNEeLaEeCVSp8F0qHMxQ,CrComponentWithoutNode,n_crComponentWithoutNode_1
SequenceDisabled,__14aY-LaEeCVSp8F0qHMxQ,CollabDiagramGraphModel,n_collabDiagramGraphModel_1;LOG_1;serialVersionUID_1;setCollaboration_collaboration_1;getPorts_nodeOrEdge_return_1;getOwner_port_return_1;getInEdges_port_return_1;getOutEdges_port_return_1;canAddNode_node_return_1;canAddEdge_edge_return_1;addNode_node_1;addEdge_edge_1;addNodeRelatedEdges_node_1;canConnect_fromP_toP_return_1;vetoableChange_pce_1
SequenceDisabled,_ABVccOLbEeCVSp8F0qHMxQ,PackagePortFigRect,n_packagePortFigRect_1;indentX_1;tabHeight_1;serialVersionUID_1;getClosestPoint_anotherPt_return_1
SequenceDisabled,_ADRWIuLbEeCVSp8F0qHMxQ,FigEdgePort,n_figEdgePort_1;bigPort_1;serialVersionUID_1;initialize__1;hit_r_return_1;setOwner_own_1;getOwner_return_1;classNameAndBounds_return_1;hitPort_x_y_return_1;hitFig_r_return_1;isSelectable_return_1;getPortFig_port_return_1
SequenceDisabled,_ADHlI-LbEeCVSp8F0qHMxQ,SelectionEdgeClarifiers,n_selectionEdgeClarifiers_1
SequenceDisabled,_AN-xUOLbEeCVSp8F0qHMxQ,Setting,n_setting_1;label_1;description_1;getLabel_return_1;getDescription_return_1;getLabel_return_2
SequenceDisabled,_Ab_YJOLbEeCVSp8F0qHMxQ,PropPanelAssociationRole,n_propPanelAssociationRole_1;serialVersionUID_1
SequenceDisabled,_AiGAJOLbEeCVSp8F0qHMxQ,ActionNewSignalEvent,n_actionNewSignalEvent_1;singleton_1;createEvent_ns_return_1;getSingleton_return_1
SequenceDisabled,_AxV9EOLbEeCVSp8F0qHMxQ,PropPanelTaggedValue,n_propPanelTaggedValue_1;modelElementSelector_1;typeSelector_1;referenceValuesScroll_1;dataValuesScroll_1;getReferenceValuesScroll_return_1;getDataValuesScroll_return_1;getModelElementSelector_return_1;getTypeSelector_return_1
StateDisabled,_-rGCQOLaEeCVSp8F0qHMxQ,ToDoTreeRenderer,n_toDoTreeRenderer_1;postIt0_1;postIt25_1;postIt50_1;postIt75_1;postIt99_1;postIt100_1;postItD0_1;postItD25_1;postItD50_1;postItD75_1;postItD99_1;postItD100_1;lookupIconResource_name_return_1;getTreeCellRendererComponent_tree_value_sel_expanded_leaf_row_hasTheFocus_return_1
StateDisabled,_-tLs8uLaEeCVSp8F0qHMxQ,ArgoFigPoly,n_argoFigPoly_1;notifier_1;deleteFromModel__1;removeNotificationListener_listener_filter_handback_1;addNotificationListener_listener_filter_handback_1;getNotificationInfo_return_1;removeNotificationListener_listener_1
StateDisabled,_-5YV4OLaEeCVSp8F0qHMxQ,VisibilityKindEUMLImpl,n_visibilityKindEUMLImpl_1;getPackage_return_1;getPrivate_return_1;getProtected_return_1;getPublic_return_1
StateDisabled,__H9kcOLaEeCVSp8F0qHMxQ,CrConsiderSingleton,n_crConsiderSingleton_1;serialVersionUID_1
StateDisabled,__LYE0uLaEeCVSp8F0qHMxQ,SAXParserBase,n_sAXParserBase_1;LOG_1;DBG_1;nElements_1;nFreeElements_1;stats_1;parseTime_1;getStats_return_1;getParseTime_return_1;parse_reader_1;parse_input_1;startElement_uri_localname_name_atts_1;endElement_uri_localname_name_1;isElementOfInterest_name_return_1;characters_ch_start_length_1;resolveEntity_publicId_systemId_return_1;getJarResource_cls_return_1
StateDisabled,__4tE4-LaEeCVSp8F0qHMxQ,SequenceDiagramGraphModel,n_sequenceDiagramGraphModel_1;LOG_1;collaboration_1;interaction_1;serialVersionUID_1;getPorts_nodeOrEdge_return_1;getOwner_port_return_1;getInEdges_port_return_1;getOutEdges_port_return_1;canAddNode_node_return_1;canAddEdge_edge_return_1;addNode_node_1;addEdge_edge_1;canConnect_fromP_toP_edgeType_return_1;connect_fromPort_toPort_edgeType_return_1;vetoableChange_pce_1;getCollaboration_return_1;getInteraction_return_1;getHomeModel_return_1;setHomeModel_namespace_1;propertyChange_evt_1
StateDisabled,_AGY7keLbEeCVSp8F0qHMxQ,ActionVisibilityPrivate,n_actionVisibilityPrivate_1;serialVersionUID_1;valueOfTarget_t_return_1
StateDisabled,_ALKG0eLbEeCVSp8F0qHMxQ,ActionAddExistingNodes,n_actionAddExistingNodes_1;objects_1;isEnabled_return_1;actionPerformed_ae_1
StateDisabled,_AMMooOLbEeCVSp8F0qHMxQ,FigUseCase,n_figUseCase_1;MIN_VERT_PADDING_1;STEREOTYPE_PADDING_1;SPACER_1;epSep_1;epVec_1;epBigPort_1;initialize__1;placeString_return_1;clone_return_1;getPopUpActions_me_return_1;classNameAndBounds_return_1;isExtensionPointVisible_return_1;setExtensionPointVisible_isVisible_1;setExtensionPointVisibleInternal_visible_1;makeSelection_return_1;getMinimumSize_return_1;getTextSize_return_1;calcEllipse_rectSize_vertPadding_return_1;calcX_a_b_y_return_1;setLineColor_col_1;getLineColor_return_1;setFillColor_col_1;getFillColor_return_1;isFilled_return_1;getLineWidth_return_1;mousePressed_me_1;mouseClicked_me_1;mouseExited_me_1;createContainedModelElement_fg_ie_1;modelChanged_mee_1;updateListeners_oldOwner_newOwner_1;renderingChanged__1;updateExtensionPoint__1;updateNameText__1;getGravityPoints_return_1;updateStereotypeText__1;positionStereotypes__1;getEPFigs_return_1
StateDisabled,_AQiWEOLbEeCVSp8F0qHMxQ,UMLMultiplicityPanel,n_uMLMultiplicityPanel_1;multiplicityComboBox_1;checkBox_1;multiplicityList_1;getPreferredSize_return_1;itemStateChanged_event_1;getTarget_return_1
StateDisabled,_AQiWFOLbEeCVSp8F0qHMxQ,MultiplicityComboBoxModel,n_multiplicityComboBoxModel_1;isValidElement_element_return_1;buildModelList__1;setSelectedItem_anItem_1;getSelectedModelElement_return_1
StateDisabled,_AZA8oOLbEeCVSp8F0qHMxQ,ActionSaveAllGraphics,n_actionSaveAllGraphics_1;LOG_1;overwrite_1;actionPerformed_ae_1;trySave_canOverwrite_return_1;trySave_canOverwrite_directory_return_1;trySaveDiagram_target_saveDir_return_1;saveGraphicsToFile_theFile_cmd_return_1;showStatus_text_1
StateDisabled,_AhDeUOLbEeCVSp8F0qHMxQ,UMLActionArgumentListModel,n_uMLActionArgumentListModel_1;serialVersionUID_1;buildModelList__1;isValidElement_element_return_1;moveDown_index_1;moveToBottom_index_1;moveToTop_index_1
StateDisabled,_AnYIwOLbEeCVSp8F0qHMxQ,UMLExtensionPointExtendListModel,n_uMLExtensionPointExtendListModel_1;buildModelList__1;isValidElement_o_return_1
StateDisabled,_AvaDZOLbEeCVSp8F0qHMxQ,UMLClassAttributeListModel,n_uMLClassAttributeListModel_1;buildModelList__1;isValidElement_element_return_1;moveDown_index1_1;moveToBottom_index_1;moveToTop_index_1
StateDisabled,_AtBdwOLbEeCVSp8F0qHMxQ,ActionSetModelElementVisibility,n_actionSetModelElementVisibility_1;SINGLETON_1;PUBLIC_COMMAND_1;PROTECTED_COMMAND_1;PRIVATE_COMMAND_1;PACKAGE_COMMAND_1;getInstance_return_1
StateDisabled,_AyYe4OLbEeCVSp8F0qHMxQ,PropPanelSubsystem,n_propPanelSubsystem_1;featureScroll_1;serialVersionUID_1;getFeatureScroll_return_1
StateDisabled,_AyYe4uLbEeCVSp8F0qHMxQ,ActionNewOperation,n_actionNewOperation_1;ACTION_KEY_1;serialVersionUID_1
StateDisabled,_A06OdOLbEeCVSp8F0qHMxQ,SingleElementIterator,n_singleElementIterator_1;done_1;hasNext_return_1;remove__1
UsecaseDisabled,_-5rQ0OLaEeCVSp8F0qHMxQ,CommandStackImpl,n_commandStackImpl_1;canRedo_return_1;canUndo_return_1;getRedoLabel_return_1;getUndoLabel_return_1;isCommandStackCapabilityAvailable_return_1;redo__1;undo__1
UsecaseDisabled,_-3JhQuLaEeCVSp8F0qHMxQ,StateMachinesHelperEUMLImpl,n_stateMachinesHelperEUMLImpl_1;addDeferrableEvent_state_deferrableEvent_1;addSubvertex_handle_subvertex_1;findNamespaceForEvent_trans_model_return_1;findOperationByName_trans_opname_return_1;getAllPossibleStatemachines_model_oSubmachineState_return_1;getAllPossibleSubvertices_oState_return_1;getAllSubStates_compState_return_1;getDestination_trans_return_1;getOutgoingStates_ostatevertex_return_1;getPath_o_return_1;getSource_trans_return_1;getStateMachine_handle_return_1;getStatebyName_path_container_return_1;getTop_sm_return_1;isAddingStatemachineAllowed_context_return_1;isTopState_o_return_1;removeDeferrableEvent_state_deferrableEvent_1;removeSubvertex_handle_subvertex_1;setBound_handle_bound_1;setChangeExpression_handle_value_1;setConcurrent_handle_concurrent_1;setContainer_handle_compositeState_1;setContext_statemachine_modelElement_1;setDoActivity_handle_value_1;setEffect_handle_value_1;setEntry_handle_value_1;setEventAsTrigger_transition_event_1;setExit_handle_value_1;setExpression_handle_value_1;setGuard_handle_guard_1;setInternalTransitions_handle_intTrans_1;setReferenceState_o_referenced_1;setSource_handle_state_1;setState_handle_element_1;setStateMachine_handle_stm_1;setStatemachineAsSubmachine_oSubmachineState_oStatemachine_1;setSubvertices_handle_subvertices_1;setTrigger_handle_event_1;setWhen_handle_value_1
UsecaseDisabled,_-8NAYuLaEeCVSp8F0qHMxQ,UndoCoreHelperDecorator,n_undoCoreHelperDecorator_1;setAbstract_handle_flag_1;setActive_handle_active_1;setAggregation_handle_aggregationKind_1;setLeaf_handle_flag_1;setChangeability_handle_ck_1;setReadOnly_handle_flag_1;setConcurrency_handle_concurrencyKind_1;setKind_handle_kind_1;setMultiplicity_handle_arg_1;setBody_handle_body_1;setNavigable_handle_flag_1;setOrdering_handle_ok_1;setPowertype_handle_pt_1;setQuery_handle_flag_1;setRoot_handle_flag_1;setSpecification_handle_specification_1;setSpecification_handle_specification_2;setSpecification_handle_specification_3;setTargetScope_handle_scopeKind_1;setVisibility_handle_visibility_1;addAllStereotypes_modelElement_stereotypes_1;addAnnotatedElement_comment_annotatedElement_1;addClient_handle_element_1;addClientDependency_handle_dependency_1;addComment_element_comment_1;addConnection_handle_connection_1;addConnection_handle_position_connection_1;addConstraint_handle_mc_1;addDeploymentLocation_handle_node_1;addElementResidence_handle_residence_1;addLiteral_handle_index_literal_1;addLink_handle_link_1;addOwnedElement_handle_me_1;addParameter_handle_index_parameter_1;addParameter_handle_parameter_1;addQualifier_handle_index_qualifier_1;addRaisedSignal_handle_sig_1;addSourceFlow_handle_flow_1;addStereotype_modelElement_stereotype_1;addSupplier_handle_element_1;addSupplierDependency_supplier_dependency_1;addTargetFlow_handle_flow_1;addTemplateParameter_handle_index_parameter_1;addTemplateParameter_handle_parameter_1;clearStereotypes_modelElement_1;removeAnnotatedElement_handle_me_1;removeClientDependency_handle_dep_1;removeConnection_handle_connection_1;removeConstraint_handle_cons_1;removeDeploymentLocation_handle_node_1;removeElementResidence_handle_residence_1;removeFeature_cls_feature_1;removeLiteral_enu_literal_1;removeOwnedElement_handle_value_1;removeParameter_handle_parameter_1;removeQualifier_handle_qualifier_1;removeSourceFlow_handle_flow_1;removeStereotype_modelElement_stereotype_1;removeSupplierDependency_supplier_dependency_1;removeTargetFlow_handle_flow_1;removeTemplateArgument_handle_argument_1;removeTemplateParameter_handle_parameter_1;setAnnotatedElements_handle_elems_1;setAssociation_handle_association_1;setAttributes_classifier_attributes_1;setBody_handle_expr_1;setChild_handle_child_1;setConnections_handle_elems_1;setContainer_handle_component_1;setDefaultElement_handle_element_1;setDefaultValue_handle_expr_1;setDiscriminator_handle_discriminator_1;setEnumerationLiterals_enumeration_literals_1;setFeature_elem_i_feature_1;setFeatures_handle_features_1;setInitialValue_at_expr_1;setModelElementContainer_handle_container_1;setNamespace_handle_ns_1;setOperations_classifier_operations_1;setOwner_handle_owner_1;setStatic_handle_isStatic_1;setParameters_handle_parameters_1;setParent_handle_parent_1;setQualifiers_handle_elems_1;setRaisedSignals_handle_raisedSignals_1;setResident_handle_resident_1;setResidents_handle_residents_1;setSources_handle_specifications_1;setSpecifications_handle_specifications_1;setTaggedValue_handle_tag_value_1;setType_handle_type_1
UsecaseDisabled,__NT-hOLaEeCVSp8F0qHMxQ,ProfileLoader,n_profileLoader_1;LOG_1;JAR_PREFIX_1;FILE_PREFIX_1;doLoad__1;huntForProfilesInDir_dir_1;loadProfilesFromJarFile_manifest_file_classloader_1;loadManifestDependenciesForProfile_attr_return_1;loadJavaCriticsForProfile_attr_classloader_return_1
UsecaseDisabled,__NdvgeLaEeCVSp8F0qHMxQ,JarFileFilter,n_jarFileFilter_1;accept_pathname_return_1
UsecaseDisabled,__T5usOLaEeCVSp8F0qHMxQ,ZoomSliderButton,n_zoomSliderButton_1;RESOURCE_NAME_1;LABEL_FONT_1;MINIMUM_ZOOM_1;MAXIMUM_ZOOM_1;SLIDER_HEIGHT_1;slider_1;currentValue_1;popupButtonIsActive_1;popupMenuIsShowing_1;mouseIsOverPopupButton_1;createPopupComponent__1;showPopup__1;handleSliderValueChange__1;handleTextEntry__1;updateCurrentValueLabel__1
UsecaseDisabled,__XeAEOLaEeCVSp8F0qHMxQ,StylePanelFig,n_stylePanelFig_1;LOG_1;CUSTOM_ITEM_1;bboxLabel_1;bboxField_1;fillLabel_1;fillField_1;lineLabel_1;lineField_1;stereoLabel_1;stereoField_1;serialVersionUID_1;initChoices__1;hasEditableBoundingBox_value_1;refresh__1;setTargetBBox__1;parseBBox_return_1;handleCustomColor_field_title_targetColor_1;setTargetFill__1;setTargetLine__1;getBBoxLabel_return_1;getBBoxField_return_1;getFillLabel_return_1;getFillField_return_1;getLineLabel_return_1;getLineField_return_1;getCustomItemName_return_1
UsecaseDisabled,__e6E0OLaEeCVSp8F0qHMxQ,ExplorerPopup,n_explorerPopup_1;createDiagrams_1;LOG_1;MODEL_ELEMENT_MENUITEMS_1;serialVersionUID_1;initMenuCreateDiagrams__1;initMenuCreateModelElements__1;addCreateModelElementAction_menuItems_metaType_relationshipDescr_1;buildDirectionalCreateMenuItem_metaType_source_dest_relationshipDescr_menu_1;menuLocalize_key_return_1;addMenuItemForBothEndsOf_edge_1
UsecaseDisabled,__fD10OLaEeCVSp8F0qHMxQ,ActionAddExistingRelatedNode,n_actionAddExistingRelatedNode_1;object_1;isEnabled_return_1;actionPerformed_ae_1
UsecaseDisabled,__mDOoOLaEeCVSp8F0qHMxQ,GoProjectToStateMachine,n_goProjectToStateMachine_1;getRuleName_return_1;getChildren_parent_return_1;getDependencies_parent_return_1
UsecaseDisabled,__g_vguLaEeCVSp8F0qHMxQ,GoCriticsToCritic,n_goCriticsToCritic_1;getRuleName_return_1;getChildren_parent_return_1;getDependencies_parent_return_1
UsecaseDisabled,__jOkIOLaEeCVSp8F0qHMxQ,AbstractPerspectiveRule,n_abstractPerspectiveRule_1;getRuleName_return_1;getChildren_parent_return_1;toString_return_1
UsecaseDisabled,__s5dguLaEeCVSp8F0qHMxQ,CrIllegalGeneralization,n_crIllegalGeneralization_1;getCriticizedDesignMaterials_return_1
UsecaseDisabled,__w6a0OLaEeCVSp8F0qHMxQ,CrNameConfusion,n_crNameConfusion_1;serialVersionUID_1;confusable_stripped1_stripped2_return_1;countDiffs_s1_s2_return_1;strip_s_return_1;getClarifier_return_1;getCriticizedDesignMaterials_return_1
UsecaseDisabled,__8uCMeLaEeCVSp8F0qHMxQ,SelectionState,n_selectionState_1;trans_1;icons_1;instructions_1;showIncoming_1;showOutgoing_1;getIcons_return_1;getInstructions_index_return_1;getNewEdgeType_index_return_1;getNewNode_index_return_1;getNewNodeType_index_return_1;isReverseEdge_index_return_1
UsecaseDisabled,_AKaf8-LbEeCVSp8F0qHMxQ,FigAssociationEndAnnotation,n_figAssociationEndAnnotation_1;serialVersionUID_1;NAV_AGGR_1;NAV_COMP_1;NONE_1;AGGREGATE_1;COMPOSITE_1;NAV_NONE_1;NAV_AGGREGATE_1;NAV_COMPOSITE_1;ARROW_HEADS_1;arrowType_1;setOwner_owner_1;removeFromDiagram__1;propertyChange_pce_1;determineArrowHead__1;getArrowType_return_1
UsecaseDisabled,_AC-bMuLbEeCVSp8F0qHMxQ,FigPermission,n_figPermission_1
UsecaseDisabled,_AugrgOLbEeCVSp8F0qHMxQ,UMLAssociationConnectionListModel,n_uMLAssociationConnectionListModel_1;others_1;addOtherModelEventListeners_newTarget_1;removeOtherModelEventListeners_oldTarget_1;buildModelList__1;isValidElement_o_return_1;moveDown_index_1;moveToBottom_index_1;moveToTop_index_1
UsecaseDisabled,_AyOt4-LbEeCVSp8F0qHMxQ,ActionAddPackageImport,n_actionAddPackageImport_1;getChoices_return_1;getSelected_return_1;getDialogTitle_return_1;doIt_selected_1
