ActivityDisabled,_-j84cuLaEeCVSp8F0qHMxQ,ResourceLoaderWrapper,n_resourceLoaderWrapper_1;LOG_1;initialStateIcon_1;deepIcon_1;shallowIcon_1;forkIcon_1;joinIcon_1;branchIcon_1;junctionIcon_1;realizeIcon_1;signalIcon_1;exceptionIcon_1;commentIcon_1;iconCache_1;instance_1;images_1;getInstance_return_1;lookAndFeelPath_classname_element_return_1;initResourceLoader__1;addResourceLocation_location_1;lookupIconResource_resource_return_1;lookupIconResource_resource_desc_return_1;lookupIcon_key_return_1;lookupIcon_value_return_1;getImageBinding_name_return_1;lookupIconUrl_name_loader_return_1;lookupIconUrl_name_return_1
ActivityDisabled,_-riuMuLaEeCVSp8F0qHMxQ,ActionSnooze,n_actionSnooze_1;actionPerformed_ae_1
ActivityDisabled,_-tnx0eLaEeCVSp8F0qHMxQ,ArgoModeCreateFigInk,n_argoModeCreateFigInk_1;instructions_return_1;createNewItem_me_snapX_snapY_return_1
ActivityDisabled,__KCoEeLaEeCVSp8F0qHMxQ,UmlVersionException,n_umlVersionException_1
ActivityDisabled,__MbNsuLaEeCVSp8F0qHMxQ,UserDefinedProfile,n_userDefinedProfile_1;LOG_1;displayName_1;modelFile_1;profilePackages_1;finishLoading__1;filterPackages_return_1;str2KnowledgeType_token_return_1;str2Priority_prioStr_return_1;getAllCritiquesInModel_return_1;getAllCommentsInModel_objs_return_1;getDisplayName_return_1;getModelFile_return_1;toString_return_1;getProfilePackages_return_1;loadImage_stereotype_f_return_1
ActivityDisabled,__MkXouLaEeCVSp8F0qHMxQ,FigNodeDescriptor,n_figNodeDescriptor_1;stereotype_1;img_1;src_1;length_1;isValid_return_1
ActivityDisabled,__RxnweLaEeCVSp8F0qHMxQ,UpArrowIcon,n_upArrowIcon_1;getIconWidth_return_1;getIconHeight_return_1
ActivityDisabled,__SEis-LaEeCVSp8F0qHMxQ,ProgressEvent,n_progressEvent_1;length_1;position_1;serialVersionUID_1;getPosition_return_1;getLength_return_1
ActivityDisabled,__VY8cOLaEeCVSp8F0qHMxQ,ArgoStatusBar,n_argoStatusBar_1;showStatusOnSwingThread_status_1
ActivityDisabled,__cFaUOLaEeCVSp8F0qHMxQ,ExplorerTree,n_explorerTree_1;updatingSelection_1;updatingSelectionViaTreeSelection_1;serialVersionUID_1;refreshSelection__1;setSelection_targets_1;addTargetsInternal_addedTargets_1;selectVisible_target_1;selectAll_targets_1
ActivityDisabled,__cFaUuLaEeCVSp8F0qHMxQ,ExplorerMouseListener,n_explorerMouseListener_1;mLTree_1;mousePressed_me_1;mouseReleased_me_1;mouseClicked_me_1;myDoubleClick__1;showPopupMenu_me_1
ActivityDisabled,__xj7EOLaEeCVSp8F0qHMxQ,ClClassName,n_clClassName_1;theInstance_1;WAVE_LENGTH_1;WAVE_HEIGHT_1;fig_1;getIconWidth_return_1;getIconHeight_return_1;hit_x_y_return_1;getTheInstance_return_1
ActivityDisabled,_____suLaEeCVSp8F0qHMxQ,FigOperation,n_figOperation_1;setOwner_owner_1;removeFromDiagram__1;propertyChange_pce_1;getFigFontStyle_return_1;getNotationProviderType_return_1
ActivityDisabled,_AHSTcOLbEeCVSp8F0qHMxQ,AbstractActionRadioMenuItem,n_abstractActionRadioMenuItem_1;isEnabled_return_1;valueOfTarget_t_return_1
ActivityDisabled,_AJ90AOLbEeCVSp8F0qHMxQ,DnDJGraph,n_dnDJGraph_1;LOG_1;serialVersionUID_1;makeDropTarget__1;dragEnter_dtde_1;dragOver_dtde_1;dropActionChanged_dtde_1;dragExit_dte_1;drop_dropTargetDropEvent_1
ActivityDisabled,_ATqikOLbEeCVSp8F0qHMxQ,ActionGenerateProjectCode,n_actionGenerateProjectCode_1;actionPerformed_ae_1;isEnabled_return_1;isCodeRelevantClassifier_cls_return_1
ActivityDisabled,_AfkQkOLbEeCVSp8F0qHMxQ,ActionNewSendAction,n_actionNewSendAction_1;SINGLETON_1;createAction_return_1;getInstance_return_1
ActivityDisabled,_Aeq4suLbEeCVSp8F0qHMxQ,ActionNewSignal,n_actionNewSignal_1
ActivityDisabled,_AmL18uLbEeCVSp8F0qHMxQ,PropPanelInclude,n_propPanelInclude_1;serialVersionUID_1;getBase_return_1;setBase_base_1;getAddition_return_1;setAddition_addition_1;isAcceptableUseCase_modElem_return_1
CollabDisabled,_-ouDsOLaEeCVSp8F0qHMxQ,GoListToTypeToItem,n_goListToTypeToItem_1;getChild_parent_index_return_1;getChildCount_parent_return_1;getIndexOfChild_parent_child_return_1;isLeaf_node_return_1;valueForPathChanged_path_newValue_1
CollabDisabled,_-8zdU-LaEeCVSp8F0qHMxQ,UndoActivityGraphsHelperDecorator,n_undoActivityGraphsHelperDecorator_1
CollabDisabled,__D8AEuLaEeCVSp8F0qHMxQ,AssociationEndNameNotationJava,n_associationEndNameNotationJava_1;INSTANCE_1;getInstance_return_1;getParsingHelp_return_1;parse_modelElement_text_1;toString_modelElement_args_return_1;toString_modelElement_useGuillemets_return_1
CollabDisabled,__Nm5c-LaEeCVSp8F0qHMxQ,JavaFormatingStrategy,n_javaFormatingStrategy_1;formatElement_element_namespace_return_1;defaultAssocEndName_assocEnd_namespace_return_1;defaultAssocName_assoc_ns_return_1;defaultGeneralizationName_gen_namespace_return_1;defaultName_element_namespace_return_1;getPathSeparator_return_1;buildPath_buffer_element_pathSep_1;getElementSeparator_return_1;getEmptyCollection_return_1;formatCollection_iter_namespace_return_1
CollabDisabled,__ZjqwOLaEeCVSp8F0qHMxQ,ActionPageSetup,n_actionPageSetup_1;actionPerformed_ae_1
CollabDisabled,__ydS8OLaEeCVSp8F0qHMxQ,CrTooManyTransitions,n_crTooManyTransitions_1;TRANSITIONS_THRESHOLD_1;serialVersionUID_1;getCriticizedDesignMaterials_return_1
CollabDisabled,__5Jw0uLaEeCVSp8F0qHMxQ,SequenceDiagramRenderer,n_sequenceDiagramRenderer_1;serialVersionUID_1;LOG_1;getFigNodeFor_gm_lay_node_styleAttributes_return_1;getFigEdgeFor_gm_lay_edge_styleAttributes_return_1;getFigEdgeFor_edge_styleAttributes_return_1
CollabDisabled,_AG_YhOLbEeCVSp8F0qHMxQ,ActionSetAddAssociationClassMode,n_actionSetAddAssociationClassMode_1;serialVersionUID_1
CollabDisabled,_AC-bMOLbEeCVSp8F0qHMxQ,SelectionNodeClarifiers2,n_selectionNodeClarifiers2_1;LOG_1;BASE_1;TOP_1;BOTTOM_1;LEFT_1;RIGHT_1;LOWER_LEFT_1;OFFSET_1;button_1;getNewNode_arg0_return_1;dragHandle_mX_mY_anX_anY_hand_1;buttonClicked_buttonCode_1;createEdgeAbove_gm_newNode_return_1;createEdgeUnder_gm_newNode_return_1;createEdgeLeft_gm_newNode_return_1;createEdgeRight_gm_newNode_return_1;createEdge_gm_newNode_index_return_1;createEdgeToSelf_gm_return_1;getIcons_return_1;getInstructions_index_return_1;getNewNodeType_index_return_1;getNewEdgeType_index_return_1;isReverseEdge_index_return_1;isDraggableHandle_index_return_1;isEdgePostProcessRequested_return_1;getButton_return_1
CollabDisabled,_AQFqIOLbEeCVSp8F0qHMxQ,ImportStatusScreen,n_importStatusScreen_1;cancelButton_1;progressLabel_1;progress_1;messageArea_1;hasMessages_1;canceled_1;serialVersionUID_1;isComplete_return_1;close__1;isCanceled_return_1;notifyMessage_title_introduction_message_1;notifyNullAction__1;updateMainTask_name_1;updateSubTask_action_1
CollabDisabled,_AZnZkOLbEeCVSp8F0qHMxQ,ActionNavigateNamespace,n_actionNavigateNamespace_1;navigateTo_elem_return_1
CollabDisabled,_ATXAmeLbEeCVSp8F0qHMxQ,TabDocumentation,n_tabDocumentation_1;orientation_1;disableTextArea_textArea_1;shouldBeEnabled_return_1;shouldBeEnabled_target_return_1
CollabDisabled,_ATXAl-LbEeCVSp8F0qHMxQ,MoveToBottomAction,n_moveToBottomAction_1;index_1;isEnabled_return_1
CollabDisabled,_AbGnUuLbEeCVSp8F0qHMxQ,ActionSetObjectFlowStateClassifier,n_actionSetObjectFlowStateClassifier_1
CollabDisabled,_Aj9BVOLbEeCVSp8F0qHMxQ,PropPanelCompositeState,n_propPanelCompositeState_1;serialVersionUID_1;subverticesList_1;addConcurrentRegion_1;addExtraButtons__1;updateExtraButtons__1;initialize__1
CollabDisabled,_An9-ouLbEeCVSp8F0qHMxQ,UMLFeatureOwnerListModel,n_uMLFeatureOwnerListModel_1;buildModelList__1;isValidElement_o_return_1
CollabDisabled,_AoQ5k-LbEeCVSp8F0qHMxQ,UMLStructuralFeatureChangeabilityRadioButtonPanel,n_uMLStructuralFeatureChangeabilityRadioButtonPanel_1;labelTextsAndActionCommands_1;buildModel__1
DeployDisabled,_-lABVeLaEeCVSp8F0qHMxQ,OrCM,n_orCM_1
DeployDisabled,_-n-c0uLaEeCVSp8F0qHMxQ,Wizard,n_wizard_1;panels_1;step_1;finished_1;started_1;getProgress_return_1;getNumSteps_return_1;getCurrentPanel_return_1;getPanel_s_return_1;canGoNext_return_1;next__1;canGoBack_return_1;back__1;canFinish_return_1;isStarted_return_1;isFinished_return_1;finish__1;makePanel_newStep_return_1;doAction_oldStep_1;doAction__1;undoAction_oldStep_1;undoAction__1;getStep_return_1
DeployDisabled,_-rY9MuLaEeCVSp8F0qHMxQ,ToDoPerspective,n_toDoPerspective_1;LOG_1;flat_1;flatChildren_1;getChild_parent_index_return_1;getChildCount_parent_return_1;getIndexOfChild_parent_child_return_1;getFlat_return_1;calcFlatChildren__1;addFlatChildren_node_1
DeployDisabled,_-1zdcOLaEeCVSp8F0qHMxQ,StateMachinesFactoryEUMLImpl,n_stateMachinesFactoryEUMLImpl_1;buildCallEvent_ns_return_1;buildCallEvent_trans_name_ns_return_1;buildChangeEvent_ns_return_1;buildChangeEvent_s_ns_return_1;buildCompositeState_compositeState_return_1;buildCompositeStateOnStateMachine_statemachine_return_1;buildFinalState_compositeState_return_1;buildGuard_transition_return_1;buildInternalTransition_state_return_1;buildPseudoState_compositeState_return_1;buildSignalEvent_ns_return_1;buildSignalEvent_name_ns_return_1;buildSimpleState_compositeState_return_1;buildStateMachine_oContext_return_1;buildStubState_compositeState_return_1;buildSubmachineState_compositeState_return_1;buildSynchState_compositeState_return_1;buildTimeEvent_ns_return_1;buildTimeEvent_s_ns_return_1;buildTransition_owningState_source_dest_return_1;buildTransition_source_target_return_1;createCallEvent_return_1;createChangeEvent_return_1;createCompositeState_return_1;createFinalState_return_1;createGuard_return_1;createPseudostate_return_1;createSignalEvent_return_1;createSimpleState_return_1;createStateMachine_return_1;createStubState_return_1;createSubmachineState_return_1;createSynchState_return_1;createTimeEvent_return_1;createTransition_return_1
DeployDisabled,_-3JhQuLaEeCVSp8F0qHMxQ,StateMachinesHelperEUMLImpl,n_stateMachinesHelperEUMLImpl_1;addDeferrableEvent_state_deferrableEvent_1;addSubvertex_handle_subvertex_1;findNamespaceForEvent_trans_model_return_1;findOperationByName_trans_opname_return_1;getAllPossibleStatemachines_model_oSubmachineState_return_1;getAllPossibleSubvertices_oState_return_1;getAllSubStates_compState_return_1;getDestination_trans_return_1;getOutgoingStates_ostatevertex_return_1;getPath_o_return_1;getSource_trans_return_1;getStateMachine_handle_return_1;getStatebyName_path_container_return_1;getTop_sm_return_1;isAddingStatemachineAllowed_context_return_1;isTopState_o_return_1;removeDeferrableEvent_state_deferrableEvent_1;removeSubvertex_handle_subvertex_1;setBound_handle_bound_1;setChangeExpression_handle_value_1;setConcurrent_handle_concurrent_1;setContainer_handle_compositeState_1;setContext_statemachine_modelElement_1;setDoActivity_handle_value_1;setEffect_handle_value_1;setEntry_handle_value_1;setEventAsTrigger_transition_event_1;setExit_handle_value_1;setExpression_handle_value_1;setGuard_handle_guard_1;setInternalTransitions_handle_intTrans_1;setReferenceState_o_referenced_1;setSource_handle_state_1;setState_handle_element_1;setStateMachine_handle_stm_1;setStatemachineAsSubmachine_oSubmachineState_oStatemachine_1;setSubvertices_handle_subvertices_1;setTrigger_handle_event_1;setWhen_handle_value_1
DeployDisabled,__Erm8OLaEeCVSp8F0qHMxQ,AbstractMessageNotationUml,n_abstractMessageNotationUml_1;LOG_1;parameterCustomSep_1;toString_umlMessage_showSequenceNumbers_return_1;getInitiatorOfAction_umlAction_return_1;initParameterSeparators_return_1;parse_umlMessage_text_1;getParsingHelp_return_1;generateMessageNumber_umlMessage_umlPredecessor_position_return_1;findMsgOrderBreak_s_return_1;generateMessageNumber_message_return_1;countSuccessors_message_return_1;generateRecurrence_expr_return_1;printDebugInfo_s_fname_guard_paramExpr_varname_predecessors_seqno_parallell_iterative_1;parseArguments_paramExpr_mayDeleteExpr_return_1;handlePredecessors_umlMessage_predecessors_hasPredecessors_1;handleOperation_umlMessage_fname_refindOperation_1;handleSequenceNumber_umlMessage_seqno_refindOperation_return_1;handleArguments_umlMessage_args_refindOperation_return_1;handleFunctionName_umlMessage_fname_varname_refindOperation_return_1;fillBlankVariableName_umlMessage_varname_mayDeleteExpr_return_1;fillBlankFunctionName_umlMessage_fname_mayDeleteExpr_return_1;handleGuard_umlMessage_guard_parallell_iterative_1;buildAction_umlMessage_1;getExpressionLanguage_return_1;walkTree_root_path_return_1;walk_r_steps_strict_return_1;findCandidateRoots_c_a_veto_return_1;successor_r_steps_return_1;isMsgNumberStartOf_n1_n2_return_1;compareMsgNumbers_n1_n2_return_1;parseMsgOrder_s_return_1;findMsg_r_n_return_1;hasMsgWithActivator_r_m_return_1;isBadPreMsg_ans_chld_return_1;isPredecessorMsg_pre_suc_md_return_1;filterWithActivator_c_a_return_1;getOperation_classifiers_name_params_return_1;countParameters_bf_return_1;recCountPredecessors_umlMessage_ptr_return_1
DeployDisabled,__E1X8eLaEeCVSp8F0qHMxQ,MsgPtr,n_msgPtr_1;message_1
DeployDisabled,__WuZMuLaEeCVSp8F0qHMxQ,ShadowComboBox,n_shadowComboBox_1;serialVersionUID_1
DeployDisabled,__TmzwOLaEeCVSp8F0qHMxQ,SettingsTabEnvironment,n_settingsTabEnvironment_1;fieldArgoExtDir_1;fieldJavaHome_1;fieldUserHome_1;fieldUserDir_1;fieldStartupDir_1;fieldGraphicsFormat_1;fieldGraphicsResolution_1;theResolutions_1;serialVersionUID_1;handleSettingsTabRefresh__1;handleSettingsTabSave__1;handleSettingsTabCancel__1;handleResetToDefault__1;getTabKey_return_1;getTabPanel_return_1
DeployDisabled,__nPhcOLaEeCVSp8F0qHMxQ,UUIDHelper,n_uUIDHelper_1;getUUID_base_return_1;getNewUUID_return_1
DeployDisabled,__5crwOLaEeCVSp8F0qHMxQ,FigMessage,n_figMessage_1;getAction_return_1;getSourcePortFig_return_1;getDestPortFig_return_1;computeRouteImpl__1;isSelfMessage_return_1;getMessage_return_1;layoutEdge__1;getSource_return_1;getDestination_return_1;updateNameText__1;updateStereotypeText__1;determineFigNodes_return_1;makeSelection_return_1
DeployDisabled,_AEwj4eLbEeCVSp8F0qHMxQ,ArgoEditor,n_argoEditor_1;argoRenderingHints_1;serialVersionUID_1;mouseEntered_me_1;mouseMoved_me_1;setupRenderingHints__1
DeployDisabled,_ASePwuLbEeCVSp8F0qHMxQ,ActionBooleanTaggedValue,n_actionBooleanTaggedValue_1;tagName_1
DeployDisabled,_AbPxQ-LbEeCVSp8F0qHMxQ,ActionNewClassifierInState,n_actionNewClassifierInState_1;choiceClass_1;isEnabled_return_1;pickNicestStateFrom_states_return_1
DeployDisabled,_AdLq8eLbEeCVSp8F0qHMxQ,PropPanelInteraction,n_propPanelInteraction_1;serialVersionUID_1
DeployDisabled,_Am7c1OLbEeCVSp8F0qHMxQ,ActionAddExtendExtensionPoint,n_actionAddExtendExtensionPoint_1;SINGLETON_1;doIt_selected_1;getChoices_return_1;getDialogTitle_return_1;getSelected_return_1;getInstance_return_1
DeployDisabled,_Avj0Y-LbEeCVSp8F0qHMxQ,UMLGeneralizationChildListModel,n_uMLGeneralizationChildListModel_1;buildModelList__1;isValidElement_o_return_1
DeployDisabled,_AwTbQuLbEeCVSp8F0qHMxQ,PropPanelOperation,n_propPanelOperation_1;serialVersionUID_1;addRaisedSignal__1;addMethod__1;getDisplayNamespace_return_1
DeployDisabled,_AwclMOLbEeCVSp8F0qHMxQ,ActionNewRaisedSignal,n_actionNewRaisedSignal_1;serialVersionUID_1
Original,_-myKAOLaEeCVSp8F0qHMxQ,ToDoItem,n_toDoItem_1;INTERRUPTIVE_PRIORITY_1;HIGH_PRIORITY_1;MED_PRIORITY_1;LOW_PRIORITY_1;theHeadline_1;thePriority_1;theDescription_1;theMoreInfoURL_1;cachedExpandedHeadline_1;cachedExpandedDescription_1;serialVersionUID_1;checkArgument_dm_1;getHeadline_return_1;getDescription_return_1;getMoreInfoURL_return_1;getPriority_return_1;getProgress_return_1;getClarifier_return_1;containsKnowledgeType_type_return_1;hashCode_return_1;equals_o_return_1;select__1;deselect__1;action__1;changed__1;fixIt__1;canFixIt_return_1;toString_return_1
Original,_-47p8eLaEeCVSp8F0qHMxQ,XmiWriterEUMLImpl,n_xmiWriterEUMLImpl_1;oStream_1;model_1;write__1
Original,__L0wwuLaEeCVSp8F0qHMxQ,TodoTokenTable,n_todoTokenTable_1;STRING_TO_DO_1;STRING_TO_DO_LIST_1;STRING_TO_DO_ITEM_1;STRING_HEADLINE_1;STRING_DESCRIPTION_1;STRING_PRIORITY_1;STRING_MOREINFOURL_1;STRING_RESOLVEDCRITICS_1;STRING_ISSUE_1;STRING_POSTER_1;STRING_OFFENDER_1;STRING_PRIO_HIGH_1;STRING_PRIO_MED_1;STRING_PRIO_LOW_1;TOKEN_TO_DO_1;TOKEN_TO_DO_LIST_1;TOKEN_TO_DO_ITEM_1;TOKEN_HEADLINE_1;TOKEN_DESCRIPTION_1;TOKEN_PRIORITY_1;TOKEN_MOREINFOURL_1;TOKEN_RESOLVEDCRITICS_1;TOKEN_ISSUE_1;TOKEN_POSTER_1;TOKEN_OFFENDER_1;TOKEN_UNDEFINED_1;setupTokens__1
Original,__NK0lOLaEeCVSp8F0qHMxQ,ZipModelLoader,n_zipModelLoader_1;LOG_1;openZipStreamAt_url_ext_return_1
Original,__f9NsOLaEeCVSp8F0qHMxQ,GoStateMachineToState,n_goStateMachineToState_1;getRuleName_return_1;getChildren_parent_return_1;getDependencies_parent_return_1
Original,__rtKsOLaEeCVSp8F0qHMxQ,CrForkOutgoingTransition,n_crForkOutgoingTransition_1;getCriticizedDesignMaterials_return_1
Original,__xNVwOLaEeCVSp8F0qHMxQ,CrOppEndVsAttr,n_crOppEndVsAttr_1;serialVersionUID_1;getCriticizedDesignMaterials_return_1
Original,__3qjEuLaEeCVSp8F0qHMxQ,SelectionComponentInstance,n_selectionComponentInstance_1;dep_1;depRight_1;icons_1;instructions_1;getIcons_return_1;getInstructions_index_return_1;getNewEdgeType_index_return_1;getNewNode_index_return_1;getNewNodeType_index_return_1;isReverseEdge_index_return_1
Original,_AM8PgOLbEeCVSp8F0qHMxQ,GeneratorManager,n_generatorManager_1;LOG_1;INSTANCE_1;generators_1;getInstance_return_1;getGenerators_return_1;getLanguages_return_1;getCodePath_me_return_1
Original,_AZwjguLbEeCVSp8F0qHMxQ,UMLCallStateEntryList,n_uMLCallStateEntryList_1;getPopupMenu_return_1
Original,_AZwjhOLbEeCVSp8F0qHMxQ,PopupMenuNewCallAction,n_popupMenuNewCallAction_1
Original,_Ab_YIOLbEeCVSp8F0qHMxQ,UMLMessagePredecessorListModel,n_uMLMessagePredecessorListModel_1;buildModelList__1;isValidElement_elem_return_1
Original,_AhpUM-LbEeCVSp8F0qHMxQ,UMLStateInternalTransition,n_uMLStateInternalTransition_1;buildModelList__1;isValidElement_element_return_1
Original,_AlSeFuLbEeCVSp8F0qHMxQ,UMLStateMachineTopListModel,n_uMLStateMachineTopListModel_1;buildModelList__1;isValidElement_element_return_1
Original,_AtU_wOLbEeCVSp8F0qHMxQ,UMLStructuralFeatureTypeComboBoxModel,n_uMLStructuralFeatureTypeComboBoxModel_1;isValidElement_element_return_1;buildModelList__1;buildMinimalModelList__1;isLazy_return_1;getSelectedModelElement_return_1;addOtherModelEventListeners_newTarget_1;removeOtherModelEventListeners_oldTarget_1
Original,_AxDCJOLbEeCVSp8F0qHMxQ,PropPanelStereotype,n_propPanelStereotype_1;serialVersionUID_1;metaClasses_1;generalizationScroll_1;specializationScroll_1;tagDefinitionScroll_1;extendedElementsScroll_1;getGeneralizationScroll_return_1;getSpecializationScroll_return_1;getTagDefinitionScroll_return_1;getExtendedElementsScroll_return_1;initMetaClasses__1
Original,_AxMME-LbEeCVSp8F0qHMxQ,ActionAddStereotypeBaseClass,n_actionAddStereotypeBaseClass_1;getChoices_return_1;getDialogTitle_return_1;getSelected_return_1;doIt_selected_1
Original,_AyFj8eLbEeCVSp8F0qHMxQ,ActionRemovePackageImport,n_actionRemovePackageImport_1
Original,_A0BdpOLbEeCVSp8F0qHMxQ,TokenSep,n_tokenSep_1;next_1;theString_1;length_1;pattern_1;addChar_c_return_1;reset__1;length_return_1;getString_return_1;getNext_return_1
SequenceDisabled,_-hk54eLaEeCVSp8F0qHMxQ,PostLoad,n_postLoad_1;LOG_1;postLoadActions_1;run__1
SequenceDisabled,_-y-y8uLaEeCVSp8F0qHMxQ,XmiException,n_xmiException_1;publicId_1;systemId_1;lineNumber_1;columnNumber_1;init_publicId_systemId_line_column_1;getPublicId_return_1;getSystemId_return_1;getLineNumber_return_1;getColumnNumber_return_1
SequenceDisabled,_-_CR8eLaEeCVSp8F0qHMxQ,ExtensionMechanismsHelperMDRImpl,n_extensionMechanismsHelperMDRImpl_1;LOG_1;packageMap_1;getStereotypes_ns_return_1;getStereotype_ns_stereo_return_1;getStereotype_models_stereo_return_1;getMetaModelName_m_return_1;getAllPossibleStereotypes_models_modelElement_return_1;isApplicableStereo_element_stereo_return_1;getNames_elements_return_1;isValidStereotype_theModelElement_theStereotype_return_1;getStereotypes_models_return_1;addCopyStereotype_modelElement_stereotype_1;isStereotype_object_name_base_return_1;isStereotypeInh_object_name_base_return_1;addExtendedElement_handle_extendedElement_1;addBaseClass_handle_baseClass_1;removeBaseClass_handle_baseClass_1;setIcon_handle_icon_1;setValueOfTag_handle_value_1;setDataValues_handle_values_1;addTaggedValue_handle_taggedValue_1;removeTaggedValue_handle_taggedValue_1;setTaggedValue_handle_taggedValues_1;setTagType_handle_tagType_1;setType_handle_type_1;hasStereotype_handle_name_return_1
SequenceDisabled,__Fk-0uLaEeCVSp8F0qHMxQ,CallStateNotationUml,n_callStateNotationUml_1;parse_modelElement_text_1;parseCallState_callState_s1_return_1;getParsingHelp_return_1;toString_modelElement_args_return_1;toString_modelElement_return_1
SequenceDisabled,__KfUAuLaEeCVSp8F0qHMxQ,PGMLStackParser,n_pGMLStackParser_1;LOG_1;figEdges_1;modelElementsByFigEdge_1;addTranslations__1;getHandler_stack_container_uri_localname_qname_attributes_return_1;setAttrs_f_attrList_1;interpretStyle_st_return_1;setStyleAttributes_fig_attributeMap_1;readDiagram_is_closeStream_return_1;addFigEdge_figEdge_sourcePortFigId_destPortFigId_sourceFigNodeId_destFigNodeId_1;getFigNode_figId_return_1;getPortFig_figNode_return_1;constructFig_className_href_bounds_return_1;setDiagram_diagram_1
SequenceDisabled,__KCoE-LaEeCVSp8F0qHMxQ,ZipFilePersister,n_zipFilePersister_1;LOG_1;getExtension_return_1;getDesc_return_1;isSaveEnabled_return_1;openZipStreamAt_url_ext_return_1;hasAnIcon_return_1
SequenceDisabled,__MbNsuLaEeCVSp8F0qHMxQ,UserDefinedProfile,n_userDefinedProfile_1;LOG_1;displayName_1;modelFile_1;profilePackages_1;finishLoading__1;filterPackages_return_1;str2KnowledgeType_token_return_1;str2Priority_prioStr_return_1;getAllCritiquesInModel_return_1;getAllCommentsInModel_objs_return_1;getDisplayName_return_1;getModelFile_return_1;toString_return_1;getProfilePackages_return_1
SequenceDisabled,__2eQQeLaEeCVSp8F0qHMxQ,FigAssociationRole,n_figAssociationRole_1;getNotationProviderType_return_1;computeRouteImpl__1
SequenceDisabled,__4aJ8uLaEeCVSp8F0qHMxQ,LayoutHelper,n_layoutHelper_1;NORTH_1;NORTHEAST_1;EAST_1;SOUTHEAST_1;SOUTH_1;SOUTHWEST_1;WEST_1;NORTHWEST_1;getPointOnPerimeter_rect_direction_return_1;getPointOnPerimeter_rect_direction_xOff_yOff_return_1;getRoutingPolygonStraightLine_start_end_return_1;getRoutingPolygonStraightLineWithOffset_start_end_offset_return_1
SequenceDisabled,_AEmy4eLbEeCVSp8F0qHMxQ,FigProfileIcon,n_figProfileIcon_1;image_1;label_1;GAP_1;getLabelFig_return_1;getLabel_return_1;setLabel_txt_1
SequenceDisabled,_AJEcIeLbEeCVSp8F0qHMxQ,ActionStereotypeViewTextual,n_actionStereotypeViewTextual_1
SequenceDisabled,_AIU1QOLbEeCVSp8F0qHMxQ,ArgoFigText,n_argoFigText_1;notifier_1;deleteFromModel__1;removeNotificationListener_listener_filter_handback_1;addNotificationListener_listener_filter_handback_1;getNotificationInfo_return_1;removeNotificationListener_listener_1;renderingChanged__1;updateFont__1;getFigFontStyle_return_1;setOwner_own_1;updateListeners_oldOwner_newOwner_1;propertyChange_pce_1
SequenceDisabled,_AN-xUOLbEeCVSp8F0qHMxQ,Setting,n_setting_1;label_1;description_1;getLabel_return_1;getDescription_return_1;getLabel_return_2
SequenceDisabled,_AN-xWOLbEeCVSp8F0qHMxQ,PathListSelection,n_pathListSelection_1;defaultPathList_1;pathList_1;getDefaultPathList_return_1;getPathList_return_1;setPathList_newPathList_1
SequenceDisabled,_ASePxOLbEeCVSp8F0qHMxQ,UMLExpressionLanguageField,n_uMLExpressionLanguageField_1;notifyModel_1;targetChanged__1;targetReasserted__1;update__1;changedUpdate_p1_1;removeUpdate_p1_1;insertUpdate_p1_1
SequenceDisabled,_AtLOwuLbEeCVSp8F0qHMxQ,ActionAddSupplierDependencyAction,n_actionAddSupplierDependencyAction_1;doIt_selected_1;getChoices_return_1;getDialogTitle_return_1;getSelected_return_1
SequenceDisabled,_AyYe5uLbEeCVSp8F0qHMxQ,PropPanelElementImport,n_propPanelElementImport_1;modifiersPanel_1;aliasTextField_1;getAliasTextField_return_1;getModifiersPanel_return_1
SequenceDisabled,_AyiP4eLbEeCVSp8F0qHMxQ,UMLElementImportIsSpecificationCheckbox,n_uMLElementImportIsSpecificationCheckbox_1;buildModel__1
StateDisabled,_-p5vcOLaEeCVSp8F0qHMxQ,ToDoPane,n_toDoPane_1;LOG_1;WARN_THRESHOLD_1;ALARM_THRESHOLD_1;WARN_COLOR_1;ALARM_COLOR_1;clicksInToDoPane_1;dblClicksInToDoPane_1;toDoPerspectivesChanged_1;tree_1;combo_1;perspectives_1;countLabel_1;lastSel_1;serialVersionUID_1;getPerspectiveList_return_1;setPerspectives_pers_1;setCurPerspective_per_1;getSelectedObject_return_1;swingInvoke_task_1;formatCountLabel_size_return_1;updateCountLabel__1;updateTree__1;mySingleClick_row_path_1;myDoubleClick_row_path_1;buildPerspectives_return_1
StateDisabled,_-vG_keLaEeCVSp8F0qHMxQ,NonUndoableCommand,n_nonUndoableCommand_1;execute_return_1;undo__1;isUndoable_return_1;isRedoable_return_1
StateDisabled,_-7AtkOLaEeCVSp8F0qHMxQ,StateMachinesFactoryMDRImpl,n_stateMachinesFactoryMDRImpl_1;LOG_1;getSmPackage_return_1;createCallEvent_return_1;createChangeEvent_return_1;createCompositeState_return_1;createFinalState_return_1;createGuard_return_1;createPseudostate_return_1;createSignalEvent_return_1;createSimpleState_return_1;createStateMachine_return_1;createStubState_return_1;createSubmachineState_return_1;createSynchState_return_1;createTimeEvent_return_1;createTransition_return_1;buildCompositeStateOnStateMachine_statemachine_return_1;buildStateMachine_oContext_return_1;buildTransition_owningState_source_dest_return_1;buildPseudoState_compositeState_return_1;buildSynchState_compositeState_return_1;buildStubState_compositeState_return_1;buildCompositeState_compositeState_return_1;buildSimpleState_compositeState_return_1;buildFinalState_compositeState_return_1;buildSubmachineState_compositeState_return_1;buildInternalTransition_state_return_1;buildTransition_source_target_return_1;buildCallEvent_ns_return_1;buildCallEvent_trans_name_ns_return_1;buildSignalEvent_ns_return_1;buildSignalEvent_name_ns_return_1;buildTimeEvent_ns_return_1;buildTimeEvent_s_ns_return_1;buildChangeEvent_ns_return_1;buildChangeEvent_expression_ns_return_1;buildGuard_transition_return_1;deleteCallEvent_elem_1;deleteChangeEvent_elem_1;deleteCompositeState_elem_1;deleteEvent_elem_1;deleteFinalState_elem_1;deleteGuard_elem_1;deletePseudostate_elem_1;deleteSignalEvent_elem_1;deleteState_elem_1;deleteNonNull_action_1;deleteSimpleState_elem_1;deleteStateMachine_elem_1;deleteStateVertex_elem_1;deleteStubState_elem_1;deleteSubmachineState_elem_1;deleteSynchState_elem_1;deleteTimeEvent_elem_1;deleteTransition_elem_1
StateDisabled,__CJ3YOLaEeCVSp8F0qHMxQ,MultiplicityNotation,n_multiplicityNotation_1
StateDisabled,__Zs0tOLaEeCVSp8F0qHMxQ,ActionNew,n_actionNew_1;serialVersionUID_1
StateDisabled,__e6E0OLaEeCVSp8F0qHMxQ,ExplorerPopup,n_explorerPopup_1;createDiagrams_1;LOG_1;MODEL_ELEMENT_MENUITEMS_1;serialVersionUID_1;initMenuCreateDiagrams__1;initMenuCreateModelElements__1;addCreateModelElementAction_menuItems_metaType_relationshipDescr_1;buildDirectionalCreateMenuItem_metaType_source_dest_relationshipDescr_menu_1;menuLocalize_key_return_1;addMenuItemForBothEndsOf_edge_1
StateDisabled,__fWwweLaEeCVSp8F0qHMxQ,ActionCreateAssociationRole,n_actionCreateAssociationRole_1;metaType_1;classifierRoles_1
StateDisabled,__gGXpOLaEeCVSp8F0qHMxQ,GoTransitionToTarget,n_goTransitionToTarget_1;getRuleName_return_1;getChildren_parent_return_1;getDependencies_parent_return_1
StateDisabled,__1lfc-LaEeCVSp8F0qHMxQ,ActionCreatePartition,n_actionCreatePartition_1;machine_1;createMode_instructions_return_1
StateDisabled,__3XoJOLaEeCVSp8F0qHMxQ,UMLDeploymentDiagram,n_uMLDeploymentDiagram_1;LOG_1;actionMNode_1;actionMNodeInstance_1;actionMComponent_1;actionMComponentInstance_1;actionMClass_1;actionMInterface_1;actionMObject_1;actionMDependency_1;actionMAssociation_1;actionMLink_1;actionAssociation_1;actionAggregation_1;actionComposition_1;actionUniAssociation_1;actionUniAggregation_1;actionUniComposition_1;actionMGeneralization_1;actionMAbstraction_1;serialVersionUID_1;setNamespace_handle_1;getUmlActions_return_1;getAssociationActions_return_1;getLabelName_return_1;getActionAggregation_return_1;getActionAssociation_return_1;getActionComposition_return_1;getActionMAssociation_return_1;getActionMClass_return_1;getActionMComponent_return_1;getActionMComponentInstance_return_1;getActionMDependency_return_1;getActionMGeneralization_return_1;getActionMAbstraction_return_1;getActionMInterface_return_1;getActionMLink_return_1;getActionMNode_return_1;getActionMNodeInstance_return_1;getActionMObject_return_1;getActionUniAggregation_return_1;getActionUniAssociation_return_1;getActionUniComposition_return_1;isRelocationAllowed_base_return_1;getRelocationCandidates_root_return_1;relocate_base_return_1;setModelElementNamespace_modelElement_namespace_1;encloserChanged_enclosed_oldEncloser_newEncloser_1;doesAccept_objectToAccept_return_1;drop_droppedObject_location_return_1
StateDisabled,___QY0uLaEeCVSp8F0qHMxQ,StylePanelFigClass,n_stylePanelFigClass_1;attrCheckBox_1;operCheckBox_1;refreshTransaction_1;serialVersionUID_1;refresh__1
StateDisabled,_AUaJcOLbEeCVSp8F0qHMxQ,UMLTableCellRenderer,n_uMLTableCellRenderer_1;setValue_value_1
StateDisabled,_AllZAuLbEeCVSp8F0qHMxQ,UMLCompositeStateSubvertexList,n_uMLCompositeStateSubvertexList_1;getPopupMenu_return_1
StateDisabled,_Aq8aIOLbEeCVSp8F0qHMxQ,PropPanelInterface,n_propPanelInterface_1;serialVersionUID_1
StateDisabled,_ArPVEuLbEeCVSp8F0qHMxQ,ActionSetAssociationEndOrdering,n_actionSetAssociationEndOrdering_1;SINGLETON_1;getInstance_return_1
StateDisabled,_AyOt4eLbEeCVSp8F0qHMxQ,UMLClassifierPackageImportsListModel,n_uMLClassifierPackageImportsListModel_1;buildModelList__1;isValidElement_elem_return_1
StateDisabled,_AyFj8-LbEeCVSp8F0qHMxQ,PropPanelPackage,n_propPanelPackage_1;serialVersionUID_1;modifiersPanel_1;generalizationScroll_1;specializationScroll_1;placeElements__1;getModifiersPanel_return_1;getGeneralizationScroll_return_1;getSpecializationScroll_return_1
StateDisabled,_A0KnkeLbEeCVSp8F0qHMxQ,QuotedStringSeparator,n_quotedStringSeparator_1;escChr_1;startChr_1;stopChr_1;esced_1;tokLen_1;level_1;reset__1;tokenLength_return_1;hasFreePart_return_1;endChar_c_return_1
UsecaseDisabled,_-nX_4OLaEeCVSp8F0qHMxQ,ChecklistStatus,n_checklistStatus_1;numChecks_1
UsecaseDisabled,__V-yUuLaEeCVSp8F0qHMxQ,DisplayTextTree,n_displayTextTree_1;LOG_1;expandedPathsInModel_1;reexpanding_1;showStereotype_1;serialVersionUID_1;convertValueToText_value_selected_expanded_leaf_row_hasFocus_return_1;formatExtensionPoint_value_return_1;formatTaggedValueLabel_value_return_1;formatTransitionLabel_value_return_1;generateStereotype_st_return_1;getModelElementDisplayName_modelElement_return_1;fireTreeExpanded_path_1;fireTreeCollapsed_path_1;setModel_newModel_1;getExpandedPaths_return_1;reexpand__1;setShowStereotype_show_1
UsecaseDisabled,__V1oYuLaEeCVSp8F0qHMxQ,ArgoToolbarManager,n_argoToolbarManager_1;KEY_NAME_1;popup_1;menu_1;allMenuItems_1;registerNew_key_newToolbar_prefferedMenuPosition_1;registerContainer_container_toolbars_1;registerToolbar_key_newToolbar_prefferedMenuPosition_1;getPopupMenu_return_1;getMenu_return_1;getConfiguredToolbarAppearance_toolbarName_return_1
UsecaseDisabled,__V1oZOLaEeCVSp8F0qHMxQ,ToolbarManagerMenuItemAction,n_toolbarManagerMenuItemAction_1;key_1;toolbars_1;getKey_return_1;getToolbars_return_1
UsecaseDisabled,__g1-gOLaEeCVSp8F0qHMxQ,GoNodeToResidentComponent,n_goNodeToResidentComponent_1;getRuleName_return_1;getChildren_parent_return_1;getDependencies_parent_return_1
UsecaseDisabled,__w6a0uLaEeCVSp8F0qHMxQ,AbstractCrTooMany,n_abstractCrTooMany_1;criticThreshold_1;setThreshold_threshold_1;getThreshold_return_1
UsecaseDisabled,__zM50OLaEeCVSp8F0qHMxQ,UMLMutableGraphSupport,n_uMLMutableGraphSupport_1;LOG_1;nodes_1;edges_1;homeModel_1;getNodes_return_1;getEdges_return_1;containsNode_node_return_1;constainsEdge_edge_return_1;removeNode_node_1;removeEdge_edge_1;canConnect_fromP_toP_return_1;connect_fromPort_toPort_return_1;getHomeModel_return_1;setHomeModel_ns_1;connect_fromPort_toPort_edgeClass_return_1;connect_fromPort_toPort_edgeType_return_1;connect_fromPort_toPort_edgeType_styleAttributes_return_1;canAddNode_node_return_1;getSourcePort_edge_return_1;getDestPort_edge_return_1;canAddEdge_edge_return_1;addNodeRelatedEdges_node_1;buildConnection_edgeType_fromElement_fromStyle_toElement_toStyle_unidirectional_namespace_return_1;isConnectionValid_edgeType_fromElement_toElement_return_1;isRemoveFromDiagramAllowed_figs_return_1
UsecaseDisabled,__4__0uLaEeCVSp8F0qHMxQ,PropPanelUMLSequenceDiagram,n_propPanelUMLSequenceDiagram_1
UsecaseDisabled,_AUQYceLbEeCVSp8F0qHMxQ,UMLTreeCellRenderer,n_uMLTreeCellRenderer_1;name_1;typeName_1;getTreeCellRendererComponent_tree_value_sel_expanded_leaf_row_hasFocusParam_return_1
UsecaseDisabled,_AaXAceLbEeCVSp8F0qHMxQ,ActionRemoveCISState,n_actionRemoveCISState_1;serialVersionUID_1
UsecaseDisabled,_AZwjheLbEeCVSp8F0qHMxQ,UMLActionSynchCheckBox,n_uMLActionSynchCheckBox_1;buildModel__1
UsecaseDisabled,_AgKGdOLbEeCVSp8F0qHMxQ,UMLActionAsynchronousCheckBox,n_uMLActionAsynchronousCheckBox_1;buildModel__1
UsecaseDisabled,_AlSeFuLbEeCVSp8F0qHMxQ,UMLStateMachineTopListModel,n_uMLStateMachineTopListModel_1;buildModelList__1;isValidElement_element_return_1
UsecaseDisabled,_AtU_wuLbEeCVSp8F0qHMxQ,UMLParameterDirectionKindRadioButtonPanel,n_uMLParameterDirectionKindRadioButtonPanel_1;labelTextsAndActionCommands_1;buildModel__1
UsecaseDisabled,_AvHIcuLbEeCVSp8F0qHMxQ,PropPanelParameter,n_propPanelParameter_1;serialVersionUID_1;behFeatureScroll_1;getBehavioralFeatureScroll_return_1
UsecaseDisabled,_ApdMZOLbEeCVSp8F0qHMxQ,EnumerationListModel,n_enumerationListModel_1
UsecaseDisabled,_AxV9EOLbEeCVSp8F0qHMxQ,PropPanelTaggedValue,n_propPanelTaggedValue_1;modelElementSelector_1;typeSelector_1;referenceValuesScroll_1;dataValuesScroll_1;getReferenceValuesScroll_return_1;getDataValuesScroll_return_1;getModelElementSelector_return_1;getTypeSelector_return_1
UsecaseDisabled,_AxfHAOLbEeCVSp8F0qHMxQ,ActionSetTaggedValueType,n_actionSetTaggedValueType_1
UsecaseDisabled,_Azt7oOLbEeCVSp8F0qHMxQ,PredicateStringMatch,n_predicateStringMatch_1;MAX_PATS_1;patterns_1;patternCount_1;evaluate_o_return_1
