ActivityDisabled,_-lABUOLaEeCVSp8F0qHMxQ,NotSnoozedCM,n_notSnoozedCM_1
ActivityDisabled,_-z4K0uLaEeCVSp8F0qHMxQ,AbstractUmlHelperDecorator,n_abstractUmlHelperDecorator_1;addListenersToModel_model_1;deleteCollection_col_1;getSource_relationship_return_1;getDestination_relationship_return_1
ActivityDisabled,_-zIj8OLaEeCVSp8F0qHMxQ,NotImplementedException,n_notImplementedException_1;serialVersionUID_1
ActivityDisabled,__Lrm0uLaEeCVSp8F0qHMxQ,ProjectFileView,n_projectFileView_1;instance_1;getInstance_return_1;getIcon_f_return_1
ActivityDisabled,__k270OLaEeCVSp8F0qHMxQ,GoNamespaceToDiagram,n_goNamespaceToDiagram_1;getRuleName_return_1;getChildren_namespace_return_1;getDependencies_parent_return_1
ActivityDisabled,__2VGVOLaEeCVSp8F0qHMxQ,SelectionClassifierRole,n_selectionClassifierRole_1;assocrole_1;selfassoc_1;icons_1;instructions_1;showIncoming_1;showOutgoing_1;getIcons_return_1;getInstructions_index_return_1;getNewEdgeType_index_return_1;getNewNodeType_index_return_1;getNewNode_index_return_1;isReverseEdge_index_return_1;dragHandle_mx_my_anX_anY_hand_1
ActivityDisabled,__5crwOLaEeCVSp8F0qHMxQ,FigMessage,n_figMessage_1;getAction_return_1;getSourcePortFig_return_1;getDestPortFig_return_1;computeRouteImpl__1;isSelfMessage_return_1;getMessage_return_1;layoutEdge__1;getSource_return_1;getDestination_return_1;updateNameText__1;updateStereotypeText__1;determineFigNodes_return_1;makeSelection_return_1
ActivityDisabled,__8R9UOLaEeCVSp8F0qHMxQ,PropPanelUMLStateDiagram,n_propPanelUMLStateDiagram_1
ActivityDisabled,__-gx9OLaEeCVSp8F0qHMxQ,ClassdiagramInheritanceEdge,n_classdiagramInheritanceEdge_1;LOG_1;EPSILON_1;high_1;low_1;offset_1;getVerticalOffset_return_1;getCenterHigh_return_1;getCenterLow_return_1;getDownGap_return_1;layout__1;setOffset_anOffset_1;getOffset_return_1
ActivityDisabled,_AGPxpOLbEeCVSp8F0qHMxQ,RadioAction,n_radioAction_1;realAction_1;actionPerformed_actionEvent_1;getAction_return_1
ActivityDisabled,_AKta5OLbEeCVSp8F0qHMxQ,SPFigEdgeModelElement,n_sPFigEdgeModelElement_1
ActivityDisabled,_ATEFouLbEeCVSp8F0qHMxQ,UMLList2,n_uMLList2_1;LOG_1;getTarget_return_1;showPopup_event_1;hasPopup_return_1
ActivityDisabled,_AYRVw-LbEeCVSp8F0qHMxQ,SourcePathControllerImpl,n_sourcePathControllerImpl_1;getSourcePath_modelElement_return_1;setSourcePath_modelElement_sourcePath_1;toString_return_1;deleteSourcePath_modelElement_1;getAllModelElementsWithSourcePath_return_1
ActivityDisabled,_AUaJdOLbEeCVSp8F0qHMxQ,ScrollList,n_scrollList_1;serialVersionUID_1;keyReleased_arg0_1;keyTyped_arg0_1;addNotify__1;removeNotify__1
ActivityDisabled,_AYuBs-LbEeCVSp8F0qHMxQ,ActionOpenProject,n_actionOpenProject_1;doCommand_argument_return_1
ActivityDisabled,_AaDedeLbEeCVSp8F0qHMxQ,PropPanelActivityGraph,n_propPanelActivityGraph_1;initialize__1
ActivityDisabled,_AaDed-LbEeCVSp8F0qHMxQ,UMLActivityGraphPartiitionListModel,n_uMLActivityGraphPartiitionListModel_1;buildModelList__1;isValidElement_element_return_1
ActivityDisabled,_AoHvpOLbEeCVSp8F0qHMxQ,ActionAddAssociationSpecification,n_actionAddAssociationSpecification_1;SINGLETON_1;doIt_selected_1;getChoices_return_1;getDialogTitle_return_1;getSelected_return_1;getInstance_return_1
CollabDisabled,_-3JhQuLaEeCVSp8F0qHMxQ,StateMachinesHelperEUMLImpl,n_stateMachinesHelperEUMLImpl_1;addDeferrableEvent_state_deferrableEvent_1;addSubvertex_handle_subvertex_1;findNamespaceForEvent_trans_model_return_1;findOperationByName_trans_opname_return_1;getAllPossibleStatemachines_model_oSubmachineState_return_1;getAllPossibleSubvertices_oState_return_1;getAllSubStates_compState_return_1;getDestination_trans_return_1;getOutgoingStates_ostatevertex_return_1;getPath_o_return_1;getSource_trans_return_1;getStateMachine_handle_return_1;getStatebyName_path_container_return_1;getTop_sm_return_1;isAddingStatemachineAllowed_context_return_1;isTopState_o_return_1;removeDeferrableEvent_state_deferrableEvent_1;removeSubvertex_handle_subvertex_1;setBound_handle_bound_1;setChangeExpression_handle_value_1;setConcurrent_handle_concurrent_1;setContainer_handle_compositeState_1;setContext_statemachine_modelElement_1;setDoActivity_handle_value_1;setEffect_handle_value_1;setEntry_handle_value_1;setEventAsTrigger_transition_event_1;setExit_handle_value_1;setExpression_handle_value_1;setGuard_handle_guard_1;setInternalTransitions_handle_intTrans_1;setReferenceState_o_referenced_1;setSource_handle_state_1;setState_handle_element_1;setStateMachine_handle_stm_1;setStatemachineAsSubmachine_oSubmachineState_oStatemachine_1;setSubvertices_handle_subvertices_1;setTrigger_handle_event_1;setWhen_handle_value_1
CollabDisabled,_-88nQOLaEeCVSp8F0qHMxQ,ModelManagementHelperMDRImpl,n_modelManagementHelperMDRImpl_1;LOG_1;getAllSubSystems_ns_return_1;getAllNamespaces_ns_return_1;getAllModelElementsOfKindWithModel_model_type_return_1;getAllModelElementsOfKind_nsa_type_return_1;contained_container_candidate_return_1;getAllModelElementsOfKind_nsa_kind_return_1;getAllSurroundingNamespaces_ns_return_1;getAllBehavioralFeatures_ns_return_1;getAllPossibleImports_pack_return_1;getElement_path_theRootNamespace_return_1;getElement_fullPath_return_1;getPathList_element_return_1;isCyclicOwnership_parent_child_return_1;getOwnerShipPath_elem_return_1;removeImportedElement_pack_me_1;setImportedElements_pack_imports_1;setAlias_handle_alias_1;setSpecification_handle_specification_1;getContents_modelelement_return_1;getContents_results_modelelement_1;getContents_pkg_return_1;getContents_results_pkg_1;getContents_instance_return_1;getContents_results_instance_1;getAllImportedElements_pack_return_1;getAllImportedElements_results_pack_1;getAllContents_pack_return_1;getAllContents_results_pack_dupCheck_1;isReadOnly_element_return_1
CollabDisabled,_--lmAOLaEeCVSp8F0qHMxQ,UseCasesFactoryMDRImpl,n_useCasesFactoryMDRImpl_1;createExtend_return_1;createExtensionPoint_return_1;createActor_return_1;createInclude_return_1;createUseCase_return_1;buildExtend_abase_anextension_return_1;buildExtend_abase_anextension_apoint_return_1;buildExtensionPoint_modelElement_return_1;buildInclude_abase_anaddition_return_1;buildActor_actor_model_return_1;deleteActor_elem_1;deleteExtend_elem_1;deleteExtensionPoint_elem_1;deleteInclude_elem_1;deleteUseCase_elem_1;deleteUseCaseInstance_elem_1
CollabDisabled,__F35weLaEeCVSp8F0qHMxQ,InitNotationUml,n_initNotationUml_1;init__1;getProjectSettingsTabs_return_1;getSettingsTabs_return_1;getDetailsTabs_return_1
CollabDisabled,__JcyMOLaEeCVSp8F0qHMxQ,AbstractFilePersister,n_abstractFilePersister_1;LOG_1;persistersByClass_1;persistersByTag_1;listenerList_1;registerPersister_target_tag_persister_return_1;createTempFile_file_return_1;copyFile_src_dest_return_1;accept_f_return_1;getExtension_return_1;getDesc_return_1;getExtension_f_return_1;getExtension_filename_return_1;isFileExtensionApplicable_filename_return_1;getDescription_return_1;isSaveEnabled_return_1;isLoadEnabled_return_1;hasAnIcon_return_1
CollabDisabled,__JcyMuLaEeCVSp8F0qHMxQ,ProgressMgr,n_progressMgr_1;percentPhasesComplete_1;phasesCompleted_1;numberOfPhases_1;setPercentPhasesComplete_aPercentPhasesComplete_1;setPhasesCompleted_aPhasesCompleted_1;setNumberOfPhases_aNumberOfPhases_1;getNumberOfPhases_return_1;nextPhase__1;fireProgressEvent_percent_1
CollabDisabled,__Zs0sOLaEeCVSp8F0qHMxQ,ActionAboutArgoUML,n_actionAboutArgoUML_1;serialVersionUID_1;actionPerformed_ae_1
CollabDisabled,__eUO8OLaEeCVSp8F0qHMxQ,ExplorerTreeModel,n_explorerTreeModel_1;LOG_1;rules_1;modelElementMap_1;order_1;updatingChildren_1;serialVersionUID_1;modelElementChanged_node_1;modelElementAdded_node_1;traverseModified_start_node_1;modelElementRemoved_node_1;structureChanged__1;updateChildren_path_1;collectChildren_modelElement_newChildren_deps_1;prepareAddRemoveSets_children_newChildren_return_1;insertNodeInto_newChild_parent_index_1;removeNodeFromParent_node_1;findNodes_modelElement_return_1
CollabDisabled,__f9NtOLaEeCVSp8F0qHMxQ,GoTransitionToGuard,n_goTransitionToGuard_1;getRuleName_return_1;getChildren_parent_return_1;getDependencies_parent_return_1
CollabDisabled,__mf6kuLaEeCVSp8F0qHMxQ,TargetManager,n_targetManager_1;LOG_1;targets_1;modelTarget_1;figTarget_1;listenerList_1;inTransaction_1;internalOnSetTarget_eventName_oldTargets_1;getTarget_return_1;setTargets_targetsCollection_1;addTarget_target_1;removeTarget_target_1;getOwnerAndAllFigs_o_return_1;getOwner_o_return_1;getTargets_return_1;getSingleTarget_return_1;getModelTargets_return_1;getSingleModelTarget_return_1;startTargetTransaction__1;isInTargetTransaction_return_1;endTargetTransaction__1;getFigTarget_return_1;determineFigTarget_target_return_1;getModelTarget_return_1;determineModelTarget_target_return_1;navigateForward__1;navigateBackward__1;navigateForwardPossible_return_1;navigateBackPossible_return_1;cleanHistory__1
CollabDisabled,__mprk-LaEeCVSp8F0qHMxQ,Remover,n_remover_1;propertyChange_evt_1;handleNotification_notification_handback_1;remove_obj_1
CollabDisabled,__8bHQOLaEeCVSp8F0qHMxQ,FigFinalState,n_figFinalState_1;WIDTH_1;HEIGHT_1;inCircle_1;outCircle_1;serialVersionUID_1;initFigs__1;clone_return_1;makeSelection_return_1;isResizable_return_1;setLineColor_col_1;getLineColor_return_1;setFillColor_col_1;getFillColor_return_1;isFilled_return_1;getLineWidth_return_1;mouseClicked_me_1;getGravityPoints_return_1
CollabDisabled,_ABVccOLbEeCVSp8F0qHMxQ,PackagePortFigRect,n_packagePortFigRect_1;indentX_1;tabHeight_1;serialVersionUID_1;getClosestPoint_anotherPt_return_1
CollabDisabled,_AFWZwOLbEeCVSp8F0qHMxQ,UMLDiagram,n_uMLDiagram_1;LOG_1;actionComment_1;actionCommentLink_1;actionSelect_1;actionBroom_1;actionRectangle_1;actionRRectangle_1;actionCircle_1;actionLine_1;actionText_1;actionPoly_1;actionSpline_1;actionInk_1;toolBar_1;selectedAction_1;initialize_owner_1;getClassAndModelID_return_1;getJToolBar_return_1;initToolBar__1;getActions_return_1;getUmlActions_return_1;getManipulateActions_return_1;getCommentActions_return_1;getShapeActions_return_1;getShapePopupActions_return_1;setSelectedAction_theAction_1;getSelectedAction_return_1;deselectAllTools__1;makeCreateNodeAction_modelElement_descr_return_1;makeCreateEdgeAction_modelElement_descr_return_1;makeCreateDependencyAction_modeClass_metaType_descr_return_1;makeCreateGeneralizationAction_return_1;makeCreateAssociationAction_aggregationKind_unidirectional_descr_return_1;makeCreateAssociationEndAction_descr_return_1;makeCreateAssociationClassAction_descr_return_1;resetDiagramSerial__1;getNextDiagramSerial_return_1;getLabelName_return_1;isRelocationAllowed_base_return_1;relocate_base_return_1;getNewDiagramName_return_1;doesAccept_objectToAccept_return_1;drop_droppedObject_location_return_1;getInstructions_droppedObject_return_1;getModePlace_gf_instructions_return_1
CollabDisabled,_AEKG9OLbEeCVSp8F0qHMxQ,FigCompartmentBox,n_figCompartmentBox_1;DEFAULT_COMPARTMENT_BOUNDS_1;borderFig_1;initialize__1;translate_dx_dy_1;mouseClicked_mouseEvent_1;createContainedModelElement_fg_ie_1;getBorderFig_return_1;addChildDimensions_size_child_return_1
CollabDisabled,_ALKG0-LbEeCVSp8F0qHMxQ,FigStereotypesGroup,n_figStereotypesGroup_1;bigPort_1;LOG_1;keyword_1;stereotypeCount_1;hidingStereotypesWithIcon_1;setOwner_own_1;removeFromDiagram__1;getBigPort_return_1;propertyChange_event_1;reorderStereotypeFigs__1;getStereotypeFigs_return_1;populate__1;getStereotypeCount_return_1;getBoundsForNextStereotype_return_1;updateHiddenStereotypes__1;setKeyword_word_1;isHidingStereotypesWithIcon_return_1;setHidingStereotypesWithIcon_hideStereotypesWithIcon_1;getMinimumSize_return_1
CollabDisabled,_ASLU0OLbEeCVSp8F0qHMxQ,LabelledLayout,n_labelledLayout_1;serialVersionUID_1;hgap_1;vgap_1;ignoreSplitters_1;addLayoutComponent_name_comp_1;removeLayoutComponent_comp_1;preferredLayoutSize_parent_return_1;minimumLayoutSize_parent_return_1;layoutContainer_parent_1;getSectionCount_parent_return_1;getSectionWidth_parent_sectionCount_return_1;getUsableWidth_parent_return_1;layoutSection_parent_sectionX_sectionWidth_components_sectionNo_1;getChildHeight_childComp_return_1;isResizable_comp_return_1;calculateHeight_parentHeight_totalHeight_unknownHeightsLeft_childComp_return_1;getPreferredHeight_comp_return_1;getPreferredWidth_comp_return_1;getMinimumHeight_comp_return_1;getMaximumWidth_comp_return_1;getHgap_return_1;setHgap_hgap_1;getVgap_return_1;setVgap_vgap_1
CollabDisabled,_AUaJcuLbEeCVSp8F0qHMxQ,UMLComboBoxNavigator,n_uMLComboBoxNavigator_1;icon_1;theComboBox_1;theButton_1;getPreferredSize_return_1;actionPerformed_event_1;itemStateChanged_event_1;setButtonEnabled_item_1;setEnabled_enabled_1
CollabDisabled,_AllZAOLbEeCVSp8F0qHMxQ,ActionNewCallEvent,n_actionNewCallEvent_1;singleton_1;createEvent_ns_return_1;getSingleton_return_1
DeployDisabled,_-xflNOLaEeCVSp8F0qHMxQ,AbstractStateMachinesHelperDecorator,n_abstractStateMachinesHelperDecorator_1;getSource_trans_return_1;getDestination_trans_return_1;getStateMachine_handle_return_1;setEventAsTrigger_transition_event_1;isAddingStatemachineAllowed_context_return_1;isTopState_o_return_1;getAllPossibleStatemachines_model_oSubmachineState_return_1;getAllPossibleSubvertices_oState_return_1;setStatemachineAsSubmachine_oSubmachineState_oStatemachine_1;getTop_sm_return_1;getOutgoingStates_ostatevertex_return_1;findOperationByName_trans_opname_return_1;getAllSubStates_compState_return_1;removeSubvertex_handle_subvertex_1;addSubvertex_handle_subvertex_1;setBound_handle_bound_1;setConcurrent_handle_concurrent_1;setContainer_handle_compositeState_1;setDoActivity_handle_value_1;setEffect_handle_value_1;setEntry_handle_value_1;setExit_handle_value_1;setExpression_handle_value_1;setGuard_handle_guard_1;setInternalTransitions_handle_intTrans_1;setSource_handle_state_1;setState_handle_element_1;setStateMachine_handle_stm_1;setSubvertices_handle_subvertices_1;setTrigger_handle_event_1;setWhen_handle_value_1;setChangeExpression_handle_value_1;getPath_o_return_1;getStatebyName_path_container_return_1;setReferenceState_o_referenced_1;findNamespaceForEvent_trans_model_return_1;addDeferrableEvent_state_deferrableEvent_1;removeDeferrableEvent_state_deferrableEvent_1;setContext_statemachine_modelElement_1
DeployDisabled,_-8NAYuLaEeCVSp8F0qHMxQ,UndoCoreHelperDecorator,n_undoCoreHelperDecorator_1;setAbstract_handle_flag_1;setActive_handle_active_1;setAggregation_handle_aggregationKind_1;setLeaf_handle_flag_1;setChangeability_handle_ck_1;setReadOnly_handle_flag_1;setConcurrency_handle_concurrencyKind_1;setKind_handle_kind_1;setMultiplicity_handle_arg_1;setBody_handle_body_1;setNavigable_handle_flag_1;setOrdering_handle_ok_1;setPowertype_handle_pt_1;setQuery_handle_flag_1;setRoot_handle_flag_1;setSpecification_handle_specification_1;setSpecification_handle_specification_2;setSpecification_handle_specification_3;setTargetScope_handle_scopeKind_1;setVisibility_handle_visibility_1;addAllStereotypes_modelElement_stereotypes_1;addAnnotatedElement_comment_annotatedElement_1;addClient_handle_element_1;addClientDependency_handle_dependency_1;addComment_element_comment_1;addConnection_handle_connection_1;addConnection_handle_position_connection_1;addConstraint_handle_mc_1;addDeploymentLocation_handle_node_1;addElementResidence_handle_residence_1;addLiteral_handle_index_literal_1;addLink_handle_link_1;addOwnedElement_handle_me_1;addParameter_handle_index_parameter_1;addParameter_handle_parameter_1;addQualifier_handle_index_qualifier_1;addRaisedSignal_handle_sig_1;addSourceFlow_handle_flow_1;addStereotype_modelElement_stereotype_1;addSupplier_handle_element_1;addSupplierDependency_supplier_dependency_1;addTargetFlow_handle_flow_1;addTemplateParameter_handle_index_parameter_1;addTemplateParameter_handle_parameter_1;clearStereotypes_modelElement_1;removeAnnotatedElement_handle_me_1;removeClientDependency_handle_dep_1;removeConnection_handle_connection_1;removeConstraint_handle_cons_1;removeDeploymentLocation_handle_node_1;removeElementResidence_handle_residence_1;removeFeature_cls_feature_1;removeLiteral_enu_literal_1;removeOwnedElement_handle_value_1;removeParameter_handle_parameter_1;removeQualifier_handle_qualifier_1;removeSourceFlow_handle_flow_1;removeStereotype_modelElement_stereotype_1;removeSupplierDependency_supplier_dependency_1;removeTargetFlow_handle_flow_1;removeTemplateArgument_handle_argument_1;removeTemplateParameter_handle_parameter_1;setAnnotatedElements_handle_elems_1;setAssociation_handle_association_1;setAttributes_classifier_attributes_1;setBody_handle_expr_1;setChild_handle_child_1;setConnections_handle_elems_1;setContainer_handle_component_1;setDefaultElement_handle_element_1;setDefaultValue_handle_expr_1;setDiscriminator_handle_discriminator_1;setEnumerationLiterals_enumeration_literals_1;setFeature_elem_i_feature_1;setFeatures_handle_features_1;setInitialValue_at_expr_1;setModelElementContainer_handle_container_1;setNamespace_handle_ns_1;setOperations_classifier_operations_1;setOwner_handle_owner_1;setStatic_handle_isStatic_1;setParameters_handle_parameters_1;setParent_handle_parent_1;setQualifiers_handle_elems_1;setRaisedSignals_handle_raisedSignals_1;setResident_handle_resident_1;setResidents_handle_residents_1;setSources_handle_specifications_1;setSpecifications_handle_specifications_1;setTaggedValue_handle_tag_value_1;setType_handle_type_1
DeployDisabled,__X6sAuLaEeCVSp8F0qHMxQ,PerspectiveSupport,n_perspectiveSupport_1;goRules_1;name_1;rules_1;addSubTreeModel_tm_1;removeSubTreeModel_tm_1;getSubTreeModelList_return_1;getName_return_1;toString_return_1;registerRule_rule_1;getGoRuleList_return_1
DeployDisabled,__ciGQOLaEeCVSp8F0qHMxQ,PerspectiveConfigurator,n_perspectiveConfigurator_1;LOG_1;INSET_PX_1;configPanelNorth_1;configPanelSouth_1;splitPane_1;renameTextField_1;newPerspectiveButton_1;removePerspectiveButton_1;duplicatePerspectiveButton_1;moveUpButton_1;moveDownButton_1;addRuleButton_1;removeRuleButton_1;resetToDefaultButton_1;perspectiveList_1;perspectiveRulesList_1;ruleLibraryList_1;perspectiveListModel_1;perspectiveRulesListModel_1;ruleLibraryListModel_1;persLabel_1;ruleLibLabel_1;rulesLabel_1;makeLists__1;makeButtons__1;makeLayout__1;makeListeners__1;loadLibrary__1;loadPerspectives__1;updatePersLabel__1;updateLibLabel__1;updateRuleLabel__1;sortJListModel_list_1;doAddRule__1;doRemoveRule__1
DeployDisabled,__c1BMeLaEeCVSp8F0qHMxQ,RemovePerspectiveListener,n_removePerspectiveListener_1
DeployDisabled,__1IzguLaEeCVSp8F0qHMxQ,FigPool,n_figPool_1;clone_return_1;addEnclosedFig_figState_1;setFillColor_col_1;getFillColor_return_1;isFilled_return_1;getMinimumSize_return_1;getUseTrapRect_return_1;isSelectable_return_1
DeployDisabled,__8k4QOLaEeCVSp8F0qHMxQ,ActionCreatePseudostate,n_actionCreatePseudostate_1;makeNode_return_1
DeployDisabled,_AAvmkuLbEeCVSp8F0qHMxQ,FigPackage,n_figPackage_1;LOG_1;MIN_HEIGHT_1;MIN_WIDTH_1;width_1;height_1;indentX_1;textH_1;tabHeight_1;body_1;stereotypeVisible_1;serialVersionUID_1;initialize__1;clone_return_1;setLineColor_col_1;getLineColor_return_1;setFillColor_col_1;getFillColor_return_1;isFilled_return_1;getLineWidth_return_1;updateStereotypeText__1;classNameAndBounds_return_1;getUseTrapRect_return_1;getMinimumSize_return_1;getPopUpActions_me_return_1;doStereotype_value_1;doVisibility_value_1;isStereotypeVisible_return_1;setStereotypeVisible_isVisible_1;isVisibilityVisible_return_1;setVisibilityVisible_isVisible_1;textEditStarted_ft_1;getClosestPoint_anotherPt_return_1;modelChanged_mee_1
DeployDisabled,_ABLrcOLbEeCVSp8F0qHMxQ,HideVisibilityAction,n_hideVisibilityAction_1;ACTION_KEY_1;serialVersionUID_1;actionPerformed_ae_1
DeployDisabled,_AFzFsOLbEeCVSp8F0qHMxQ,FigEdgeModelElement,n_figEdgeModelElement_1;LOG_1;removeFromDiagram_1;popupAddOffset_1;npArguments_1;nameFig_1;listeners_1;initFigs__1;initOwner_element_1;makeEdgePort__1;getTipString_me_return_1;getPopUpActions_me_return_1;getApplyStereotypeActions_return_1;getSquaredDistance_p1_p2_return_1;makeSelection_return_1;getNameFig_return_1;getNameBounds_return_1;getName_return_1;vetoableChange_pce_1;delayedVetoableChange_pce_1;propertyChange_pve_1;textEditStarted_ft_1;textEdited_ft_1;canEdit_f_return_1;mousePressed_me_1;mouseReleased_me_1;mouseEntered_me_1;mouseExited_me_1;mouseClicked_me_1;isReadOnly_return_1;keyPressed_ke_1;keyReleased_ke_1;keyTyped_ke_1;renderingChanged__1;updateNameText__1;updateStereotypeText__1;setOwner_owner_1;initNotationProviders_own_1;getNotationProviderType_return_1;updateListeners_oldOwner_newOwner_1;setLayer_lay_1;deleteFromModel__1;hit_r_return_1;removeFromDiagram__1;getRemoveDelegate_return_1;removeFromDiagramImpl__1;superRemoveFromDiagram__1;damage__1;determineFigNodes_return_1;getNoEdgePresentationFor_element_return_1;layoutThisToSelf__1;getSource_return_1;getDestination_return_1;allowRemoveFromDiagram_allowed_1;getPopupAddOffset_return_1;addElementListener_element_1;addElementListener_element_property_1;addElementListener_element_property_2;removeElementListener_element_1;removeAllElementListeners__1;removeElementListeners_listenerSet_1;addElementListeners_listenerSet_1;updateElementListeners_listenerSet_1;getNotationArguments_return_1;putNotationArgument_key_element_1;updateFont__1;getNameFigFontStyle_return_1;deepUpdateFont_fe_1;deepUpdateFontRecursive_f_pathFig_1
DeployDisabled,_ACO0U-LbEeCVSp8F0qHMxQ,ActionNavigateUpFromDiagram,n_actionNavigateUpFromDiagram_1;navigateTo_source_return_1;isEnabled_return_1
DeployDisabled,_AN-xUOLbEeCVSp8F0qHMxQ,Setting,n_setting_1;label_1;description_1;getLabel_return_1;getLabel_return_2;getDescription_return_1
DeployDisabled,_AN-xVOLbEeCVSp8F0qHMxQ,UniqueSelection,n_uniqueSelection_1;options_1;defaultSelection_1;selection_1;isOption_opt_return_1;getDefaultSelection_return_1;getOptions_return_1;setSelection_sel_return_1;getSelection_return_1
DeployDisabled,_AbsdNOLbEeCVSp8F0qHMxQ,UMLAssociationEndRoleBaseListModel,n_uMLAssociationEndRoleBaseListModel_1;buildModelList__1;isValidElement_base_return_1
DeployDisabled,_AgT3deLbEeCVSp8F0qHMxQ,PropPanelSendAction,n_propPanelSendAction_1;serialVersionUID_1;addExtraActions__1
DeployDisabled,_AhMoQOLbEeCVSp8F0qHMxQ,ActionNewAction,n_actionNewAction_1;ROLE_1;createAction_return_1;getAction_role_t_return_1
DeployDisabled,_AfHko-LbEeCVSp8F0qHMxQ,UMLReceptionSignalComboBoxModel,n_uMLReceptionSignalComboBoxModel_1;buildModelList__1;isValidElement_m_return_1;getSelectedModelElement_return_1
DeployDisabled,_Aj9BVOLbEeCVSp8F0qHMxQ,PropPanelCompositeState,n_propPanelCompositeState_1;serialVersionUID_1;subverticesList_1;addConcurrentRegion_1;addExtraButtons__1;updateExtraButtons__1;initialize__1
DeployDisabled,_AjDpc-LbEeCVSp8F0qHMxQ,ActionNewTransition,n_actionNewTransition_1;SOURCE_1;DESTINATION_1;isEnabled_return_1
DeployDisabled,_AyOt4-LbEeCVSp8F0qHMxQ,ActionAddPackageImport,n_actionAddPackageImport_1;getChoices_return_1;getSelected_return_1;getDialogTitle_return_1;doIt_selected_1
Original,_-l4yIOLaEeCVSp8F0qHMxQ,GoalModel,n_goalModel_1;goals_1;getGoalList_return_1;hasGoal_goalName_return_1;setGoalPriority_goalName_priority_1;startDesiring_goalName_1;stopDesiring_goalName_1
Original,_-qWbYOLaEeCVSp8F0qHMxQ,KnowledgeTypeNode,n_knowledgeTypeNode_1;types_1;name_1;getTypeList_return_1;getName_return_1;toString_return_1
Original,_-2s1UeLaEeCVSp8F0qHMxQ,CoreHelperEUMLImpl,n_coreHelperEUMLImpl_1;editingDomain_1;addAllStereotypes_modelElement_stereos_1;addAnnotatedElement_comment_annotatedElement_1;addClient_dependency_element_1;addClientDependency_handle_dependency_1;addComment_element_comment_1;addConnection_handle_connection_1;addConnection_handle_position_connection_1;addConstraint_handle_mc_1;addDeploymentLocation_handle_node_1;addElementResidence_handle_residence_1;addLink_handle_link_1;addLiteral_handle_index_literal_1;addMethod_handle_method_1;addOwnedElement_handle_me_msg_objects_1;addOwnedElement_handle_me_1;addParameter_handle_index_parameter_1;addParameter_handle_parameter_1;addQualifier_handle_position_qualifier_1;addRaisedSignal_handle_sig_1;addSourceFlow_handle_flow_1;addStereotype_modelElement_stereo_1;addSupplier_dependency_element_1;addSupplierDependency_supplier_dependency_1;addTargetFlow_handle_flow_1;addTemplateArgument_handle_index_argument_1;addTemplateArgument_handle_argument_1;addTemplateParameter_handle_index_parameter_1;addTemplateParameter_handle_parameter_1;clearStereotypes_handle_1;equalsAggregationKind_associationEnd_kindType_return_1;getAllAttributes_classifier_return_1;getAllBehavioralFeatures_element_return_1;getAllClasses_ns_return_1;getAllClassifiers_namespace_return_1;getAllComponents_ns_return_1;getAllDataTypes_ns_return_1;getAllInterfaces_ns_return_1;getAllMetaDatatypeNames_return_1;getAllMetatypeNames_return_1;getAllNodes_ns_return_1;getAllPossibleNamespaces_modelElement_model_return_1;getAllRealizedInterfaces_element_return_1;getAllSupertypes_classifier_return_1;getAllVisibleElements_ns_return_1;getAssociateEndsInh_classifier_return_1;getAssociatedClassifiers_aclassifier_return_1;getAssociationEnd_type_assoc_return_1;getAssociations_from_to_return_1;getAssociations_classifier_return_1;getAttributesInh_classifier_return_1;getBehavioralFeatures_classifier_return_1;getBody_comment_return_1;getChildren_element_return_1;getDependencies_supplierObj_clientObj_return_1;getExtendedClassifiers_element_return_1;getExtendingClassifiers_classifier_return_1;getExtendingElements_element_return_1;getFirstSharedNamespace_ns1_ns2_return_1;getFlows_source_target_return_1;getGeneralization_achild_aparent_return_1;getOperationsInh_classifier_return_1;getRealizedInterfaces_cls_return_1;getRelationships_source_dest_return_1;getReturnParameters_operation_return_1;getSource_relationship_return_1;getDestination_relationship_return_1;getSpecification_object_return_1;getSubtypes_cls_return_1;getSupertypes_generalizableElement_return_1;hasCompositeEnd_association_return_1;isSubType_type_subType_return_1;isValidNamespace_element_namespace_return_1;removeAnnotatedElement_comment_annotatedElement_1;removeClientDependency_handle_dep_1;removeConnection_handle_connection_1;removeConstraint_handle_cons_1;removeDeploymentLocation_handle_node_1;removeElementResidence_handle_residence_1;removeFeature_cls_feature_1;removeLiteral_enumeration_literal_1;removeOwnedElement_handle_value_1;removeParameter_handle_parameter_1;removeQualifier_handle_qualifier_1;removeSourceFlow_handle_flow_1;removeStereotype_handle_stereo_1;removeSupplierDependency_supplier_dependency_1;removeTargetFlow_handle_flow_1;removeTemplateArgument_binding_argument_1;removeTemplateParameter_handle_parameter_1;setAbstract_handle_isAbstract_1;setActive_handle_isActive_1;setAggregation_handle_aggregationKind_1;setAnnotatedElements_handle_elems_1;setAssociation_handle_association_1;setAttributes_classifier_attributes_1;setBody_handle_expr_1;setBody_handle_body_1;setChangeability_handle_ck_1;setChild_handle_child_1;setConcurrency_handle_concurrencyKind_1;setConnections_handle_ends_1;setContainer_handle_component_1;setDefaultElement_handle_element_1;setDefaultValue_handle_expression_1;setDiscriminator_handle_discriminator_1;setEnumerationLiterals_enumeration_literals_1;setFeature_classifier_index_feature_1;setFeatures_classifier_features_1;setInitialValue_attribute_expression_1;setKind_handle_kind_1;setLeaf_handle_isLeaf_1;setModelElementContainer_handle_container_1;setMultiplicity_handle_arg_1;setName_handle_name_1;setNamespace_handle_ns_1;setNavigable_handle_flag_1;setOperations_classifier_operations_1;setOrdering_handle_ordering_1;setOwner_handle_owner_1;setParameter_handle_parameter_1;setParameters_handle_parameters_1;setParent_handle_parent_1;setPowertype_handle_powerType_1;setQualifiers_handle_qualifiers_1;setQuery_handle_isQuery_1;setRaisedSignals_handle_raisedSignals_1;setReadOnly_handle_isReadOnly_1;setResident_handle_resident_1;setResidents_handle_residents_1;setRoot_handle_isRoot_1;setSources_handle_specifications_1;setSpecification_handle_isSpecification_1;setSpecification_method_specification_1;setSpecification_operation_specification_1;setSpecifications_handle_specifications_1;setStatic_feature_isStatic_1;setTaggedValue_handle_tag_value_1;setTargetScope_handle_targetScope_1;setType_handle_type_1;setVisibility_handle_visibility_1;getParents_generalizableElement_return_1;getPackageImport_supplier_client_return_1;getPackageImports_client_return_1
Original,__BaQg-LaEeCVSp8F0qHMxQ,SDNotationSettings,n_sDNotationSettings_1;showSequenceNumbers_1;isShowSequenceNumbers_return_1;setShowSequenceNumbers_showThem_1
Original,__JTBMOLaEeCVSp8F0qHMxQ,ModelMemberFilePersister,n_modelMemberFilePersister_1;LOG_1;curModel_1;uUIDRefs_1;elementsRead_1;getMainTag_return_1;parse_label_xmiExtensionString_1;getCurModel_return_1;getUUIDRefs_return_1;readModels_source_1;getElementsRead_return_1;setElementsRead_elements_1
Original,__iMCUOLaEeCVSp8F0qHMxQ,GoOperationToCollaboration,n_goOperationToCollaboration_1;getRuleName_return_1;getChildren_parent_return_1;getDependencies_parent_return_1
Original,__qg35OLaEeCVSp8F0qHMxQ,CrNodesOverlap,n_crNodesOverlap_1;getCriticizedDesignMaterials_return_1
Original,__3N3IOLaEeCVSp8F0qHMxQ,PropPanelUMLDeploymentDiagram,n_propPanelUMLDeploymentDiagram_1
Original,_ARR89OLbEeCVSp8F0qHMxQ,ActionLayout,n_actionLayout_1;isEnabled_return_1;actionPerformed_ae_1
Original,_ASxKsuLbEeCVSp8F0qHMxQ,UMLStimulusActionTextProperty,n_uMLStimulusActionTextProperty_1;thePropertyName_1;isAffected_event_return_1;targetChanged__1
Original,_AdVb8OLbEeCVSp8F0qHMxQ,PropPanelMessage,n_propPanelMessage_1;serialVersionUID_1
Original,_AdVb8uLbEeCVSp8F0qHMxQ,ActionToolNewAction,n_actionToolNewAction_1;serialVersionUID_1
Original,_Ah8PIuLbEeCVSp8F0qHMxQ,PropPanelChangeEvent,n_propPanelChangeEvent_1;initialize__1
Original,_AiwugOLbEeCVSp8F0qHMxQ,PropPanelSubmachineState,n_propPanelSubmachineState_1;serialVersionUID_1;addExtraButtons__1;updateExtraButtons__1
Original,_Apm9ZeLbEeCVSp8F0qHMxQ,ActionNewModelElementConstraint,n_actionNewModelElementConstraint_1;SINGLETON_1;getInstance_return_1
Original,_Asbn4uLbEeCVSp8F0qHMxQ,ActionSetAssociationEndMultiplicity,n_actionSetAssociationEndMultiplicity_1;SINGLETON_1;setSelectedItem_item_target_1;getInstance_return_1
Original,_AslY4OLbEeCVSp8F0qHMxQ,PropPanelPermission,n_propPanelPermission_1;serialVersionUID_1
Original,_A06OcOLbEeCVSp8F0qHMxQ,FileConstants,n_fileConstants_1;COMPRESSED_FILE_EXT_1;UNCOMPRESSED_FILE_EXT_1;PROJECT_FILE_EXT_1
SequenceDisabled,_-r1pIOLaEeCVSp8F0qHMxQ,GoListToGoalsToItems,n_goListToGoalsToItems_1;getChild_parent_index_return_1;getChildCount_parent_return_1;getIndexOfChild_parent_child_return_1;isLeaf_node_return_1;valueForPathChanged_path_newValue_1;getGoalList_return_1
SequenceDisabled,_-uOOwOLaEeCVSp8F0qHMxQ,MemberList,n_memberList_1;LOG_1;diagramMembers_1;remove_member_return_1;iterator_return_1;listIterator_return_1;listIterator_arg0_return_1;buildOrderedMemberList_return_1;size_return_1;contains_member_return_1;clear__1;isEmpty_return_1;containsAll_arg0_return_1;addAll_arg0_return_1;addAll_arg0_arg1_return_1;removeAll_arg0_return_1;retainAll_arg0_return_1;indexOf_arg0_return_1;lastIndexOf_arg0_return_1;subList_arg0_arg1_return_1
SequenceDisabled,__Lh10uLaEeCVSp8F0qHMxQ,SaveException,n_saveException_1
SequenceDisabled,__SYEtOLaEeCVSp8F0qHMxQ,TabText,n_tabText_1;target_1;textArea_1;parseChanges_1;enabled_1;toolbar_1;LOG_1;serialVersionUID_1;doGenerateText__1;getTarget_return_1;refresh__1;shouldBeEnabled_t_return_1;genText_t_return_1;getToolbar_return_1;shouldBeEnabled_return_1;setEditable_editable_1;setVisible_visible_1
SequenceDisabled,__WlPQOLaEeCVSp8F0qHMxQ,SaveSwingWorker,n_saveSwingWorker_1;overwrite_1;file_1;result_1;finished__1
SequenceDisabled,__e6E0OLaEeCVSp8F0qHMxQ,ExplorerPopup,n_explorerPopup_1;createDiagrams_1;LOG_1;MODEL_ELEMENT_MENUITEMS_1;serialVersionUID_1;initMenuCreateDiagrams__1;initMenuCreateModelElements__1;addCreateModelElementAction_menuItems_metaType_relationshipDescr_1;buildDirectionalCreateMenuItem_metaType_source_dest_relationshipDescr_menu_1;menuLocalize_key_return_1;addMenuItemForBothEndsOf_edge_1
SequenceDisabled,__fNm0eLaEeCVSp8F0qHMxQ,OrderedMenu,n_orderedMenu_1;compareTo_o_return_1
SequenceDisabled,__iVMROLaEeCVSp8F0qHMxQ,GoModelElementToContainedLostElements,n_goModelElementToContainedLostElements_1;getRuleName_return_1;getChildren_parent_return_1;getDependencies_parent_return_1
SequenceDisabled,__k270OLaEeCVSp8F0qHMxQ,GoNamespaceToDiagram,n_goNamespaceToDiagram_1;getRuleName_return_1;getChildren_namespace_return_1;getDependencies_parent_return_1
SequenceDisabled,__30UEeLaEeCVSp8F0qHMxQ,CubePortFigRect,n_cubePortFigRect_1;d_1;serialVersionUID_1;getClosestPoint_anotherPt_return_1
SequenceDisabled,_AC0qMeLbEeCVSp8F0qHMxQ,InitDiagramAppearanceUI,n_initDiagramAppearanceUI_1;init__1;getProjectSettingsTabs_return_1;getSettingsTabs_return_1;getDetailsTabs_return_1
SequenceDisabled,_AG_YgOLbEeCVSp8F0qHMxQ,FigDependency,n_figDependency_1;serialVersionUID_1;constructFigs__1;createEndArrow_return_1;canEdit_f_return_1;setLineColor_color_1;updateNameText__1;updateStereotypeText__1
SequenceDisabled,_AMMooOLbEeCVSp8F0qHMxQ,FigUseCase,n_figUseCase_1;MIN_VERT_PADDING_1;STEREOTYPE_PADDING_1;SPACER_1;epSep_1;epVec_1;epBigPort_1;initialize__1;placeString_return_1;clone_return_1;getPopUpActions_me_return_1;classNameAndBounds_return_1;isExtensionPointVisible_return_1;setExtensionPointVisible_isVisible_1;setExtensionPointVisibleInternal_visible_1;makeSelection_return_1;getMinimumSize_return_1;getTextSize_return_1;calcEllipse_rectSize_vertPadding_return_1;calcX_a_b_y_return_1;setLineColor_col_1;getLineColor_return_1;setFillColor_col_1;getFillColor_return_1;isFilled_return_1;getLineWidth_return_1;mousePressed_me_1;mouseClicked_me_1;mouseExited_me_1;createContainedModelElement_fg_ie_1;modelChanged_mee_1;updateListeners_oldOwner_newOwner_1;renderingChanged__1;updateExtensionPoint__1;updateNameText__1;getGravityPoints_return_1;updateStereotypeText__1;positionStereotypes__1;getEPFigs_return_1
SequenceDisabled,_AX-a0OLbEeCVSp8F0qHMxQ,TabSrc,n_tabSrc_1;serialVersionUID_1;LOG_1;fileName_1;cbFiles_1;predicates_1;finalize__1;generateSource_elem_1;genText_modelObject_return_1;shouldBeEnabled_target_return_1;itemStateChanged_event_1;refresh__1
SequenceDisabled,_AX-a0uLbEeCVSp8F0qHMxQ,DefaultPredicate,n_defaultPredicate_1;evaluate_object_return_1
SequenceDisabled,_AbGnUuLbEeCVSp8F0qHMxQ,ActionSetObjectFlowStateClassifier,n_actionSetObjectFlowStateClassifier_1
SequenceDisabled,_AhzFM-LbEeCVSp8F0qHMxQ,ActionNewStubState,n_actionNewStubState_1;SINGLETON_1;getInstance_return_1
SequenceDisabled,_AmL18uLbEeCVSp8F0qHMxQ,PropPanelInclude,n_propPanelInclude_1;serialVersionUID_1;getBase_return_1;setBase_base_1;getAddition_return_1;setAddition_addition_1;isAcceptableUseCase_modElem_return_1
SequenceDisabled,_ApTbYOLbEeCVSp8F0qHMxQ,UMLClassifierPowertypeRangeListModel,n_uMLClassifierPowertypeRangeListModel_1;buildModelList__1;isValidElement_element_return_1
StateDisabled,_-g-c8OLaEeCVSp8F0qHMxQ,Main,n_main_1;LOG_1;DEFAULT_LOGGING_CONFIGURATION_1;DEFAULT_MODEL_IMPLEMENTATION_1;postLoadActions_1;doSplash_1;reloadRecent_1;batch_1;commands_1;projectName_1;theTheme_1;main_args_1;initPreinitialize__1;initTranslator__1;setSystemProperties__1;parseCommandLine_args_1;initModel__1;getMostRecentProject_return_1;projectUrl_theProjectName_urlToOpen_return_1;printUsage__1;checkJVMVersion__1;checkHostsFile__1;performCommands_list_1;performCommandsInternal_list_1;initVersion__1
StateDisabled,_-nq60uLaEeCVSp8F0qHMxQ,TableModelChecklist,n_tableModelChecklist_1;LOG_1;target_1;getColumnCount_return_1;getColumnName_c_return_1;getColumnClass_c_return_1;isCellEditable_row_col_return_1;getRowCount_return_1;getValueAt_row_col_return_1;setValueAt_aValue_rowIndex_columnIndex_1;vetoableChange_pce_1;propertyChange_evt_1
StateDisabled,__AXuseLaEeCVSp8F0qHMxQ,XmiHeaderProviderImpl,n_xmiHeaderProviderImpl_1;UML_VERSION_1;LOG_1;version_1;writeHeader_ps_1
StateDisabled,__EidAOLaEeCVSp8F0qHMxQ,AssociationRoleNotationUml,n_associationRoleNotationUml_1;getParsingHelp_return_1;parse_modelElement_text_1;parseRole_role_text_1;toString_modelElement_args_return_1;toString_modelElement_return_1
StateDisabled,__IGuYOLaEeCVSp8F0qHMxQ,CrSingletonViolatedMissingStaticAttr,n_crSingletonViolatedMissingStaticAttr_1
StateDisabled,__PZpMOLaEeCVSp8F0qHMxQ,Uml14ModelInterpreter,n_uml14ModelInterpreter_1;LOG_1;toString_obj_return_1;colToString_collection_return_1
StateDisabled,__Res0OLaEeCVSp8F0qHMxQ,ActionSetAddMessageMode,n_actionSetAddMessageMode_1
StateDisabled,__RCA4eLaEeCVSp8F0qHMxQ,SequenceDiagramRenderer,n_sequenceDiagramRenderer_1;LOG_1;getFigNodeFor_gm_lay_node_styleAttributes_return_1;getFigEdgeFor_gm_lay_edge_styleAttributes_return_1
StateDisabled,__SEis-LaEeCVSp8F0qHMxQ,ProgressEvent,n_progressEvent_1;length_1;position_1;serialVersionUID_1;getPosition_return_1;getLength_return_1
StateDisabled,__n_IUOLaEeCVSp8F0qHMxQ,GenCompositeClasses,n_genCompositeClasses_1;SINGLETON_1;serialVersionUID_1;getSINGLETON_return_1;gen_o_return_1;collectChildren_o_return_1
StateDisabled,__n1XU-LaEeCVSp8F0qHMxQ,PredicateSearch,n_predicateSearch_1;matchDiagram_name_return_1;matchPackage_pkg_return_1;evaluate_element_return_1
StateDisabled,__w6a1OLaEeCVSp8F0qHMxQ,WizBreakCircularComp,n_wizBreakCircularComp_1;LOG_1;instructions1_1;instructions2_1;instructions3_1;selectedCls_1;selectedAsc_1;getNumSteps_return_1;getOptions1_return_1;getOptions2_return_1;makePanel_newStep_return_1;doAction_oldStep_1;canGoNext_return_1;canFinish_return_1
StateDisabled,__sTAkOLaEeCVSp8F0qHMxQ,CrTooManyAssoc,n_crTooManyAssoc_1;ASSOCIATIONS_THRESHOLD_1;getCriticizedDesignMaterials_return_1
StateDisabled,_AZ6UgOLbEeCVSp8F0qHMxQ,UMLObjectFlowStateClassifierComboBoxModel,n_uMLObjectFlowStateClassifierComboBoxModel_1;isValidElement_o_return_1;buildModelList__1;getSelectedModelElement_return_1
StateDisabled,_AhfjNeLbEeCVSp8F0qHMxQ,ActionNavigateOppositeLinkEnd,n_actionNavigateOppositeLinkEnd_1;navigateTo_source_return_1
StateDisabled,_Aj9BUuLbEeCVSp8F0qHMxQ,UMLGuardTransitionListModel,n_uMLGuardTransitionListModel_1;buildModelList__1;isValidElement_element_return_1
StateDisabled,_AxDCJOLbEeCVSp8F0qHMxQ,PropPanelStereotype,n_propPanelStereotype_1;serialVersionUID_1;metaClasses_1;generalizationScroll_1;specializationScroll_1;tagDefinitionScroll_1;extendedElementsScroll_1;getGeneralizationScroll_return_1;getSpecializationScroll_return_1;getTagDefinitionScroll_return_1;getExtendedElementsScroll_return_1;initMetaClasses__1
StateDisabled,_AxMMFeLbEeCVSp8F0qHMxQ,ActionDeleteStereotypeBaseClass,n_actionDeleteStereotypeBaseClass_1
UsecaseDisabled,_-iBl0OLaEeCVSp8F0qHMxQ,SubsystemUtility,n_subsystemUtility_1
UsecaseDisabled,__BHVkeLaEeCVSp8F0qHMxQ,InitModuleLoader,n_initModuleLoader_1;getProjectSettingsTabs_return_1;getSettingsTabs_return_1;init__1;getDetailsTabs_return_1
UsecaseDisabled,__OqCUOLaEeCVSp8F0qHMxQ,ComputeDesignMaterials,n_computeDesignMaterials_1;LOG_1;dms_1;caseAClassifierContext_node_1;getCriticizedDesignMaterials_return_1
UsecaseDisabled,__ciGQOLaEeCVSp8F0qHMxQ,PerspectiveConfigurator,n_perspectiveConfigurator_1;LOG_1;INSET_PX_1;configPanelNorth_1;configPanelSouth_1;splitPane_1;renameTextField_1;newPerspectiveButton_1;removePerspectiveButton_1;duplicatePerspectiveButton_1;moveUpButton_1;moveDownButton_1;addRuleButton_1;removeRuleButton_1;resetToDefaultButton_1;perspectiveList_1;perspectiveRulesList_1;ruleLibraryList_1;perspectiveListModel_1;perspectiveRulesListModel_1;ruleLibraryListModel_1;persLabel_1;ruleLibLabel_1;rulesLabel_1;makeLists__1;makeButtons__1;makeLayout__1;makeListeners__1;loadLibrary__1;loadPerspectives__1;updatePersLabel__1;updateLibLabel__1;updateRuleLabel__1;sortJListModel_list_1;doAddRule__1;doRemoveRule__1
UsecaseDisabled,__dRtIeLaEeCVSp8F0qHMxQ,RuleListMouseListener,n_ruleListMouseListener_1;mouseClicked_me_1
UsecaseDisabled,__ydS9OLaEeCVSp8F0qHMxQ,CrCircularAssocClass,n_crCircularAssocClass_1;serialVersionUID_1;getCriticizedDesignMaterials_return_1
UsecaseDisabled,__sTAkOLaEeCVSp8F0qHMxQ,CrTooManyAssoc,n_crTooManyAssoc_1;ASSOCIATIONS_THRESHOLD_1;getCriticizedDesignMaterials_return_1
UsecaseDisabled,_ABfNdOLbEeCVSp8F0qHMxQ,FigFeature,n_figFeature_1;EVENT_NAME_1;setOwner_owner_1;removeFromDiagram__1;propertyChange_pce_1;makeSelection_return_1;setTextFilled_filled_1;setFilled_filled_1;updateOwnerScope_isClassifier_1
UsecaseDisabled,_ABfNduLbEeCVSp8F0qHMxQ,SelectionFeature,n_selectionFeature_1;serialVersionUID_1
UsecaseDisabled,_AIxhNOLbEeCVSp8F0qHMxQ,ActionMultiplicity,n_actionMultiplicity_1;str_1;mult_1;actionPerformed_ae_1;isEnabled_return_1
UsecaseDisabled,_ADRWIOLbEeCVSp8F0qHMxQ,DiagramNameDocument,n_diagramNameDocument_1;LOG_1;field_1;stopEvents_1;highlightTag_1
UsecaseDisabled,_ADagEOLbEeCVSp8F0qHMxQ,ModeCreateGeneralization,n_modeCreateGeneralization_1;getMetaType_return_1
UsecaseDisabled,_ADHlIeLbEeCVSp8F0qHMxQ,FigTextGroup,n_figTextGroup_1;supressCalcBounds_1;updateFigTexts__1;calcBounds__1;removeFromDiagram__1;deleteFromModel__1;mousePressed_me_1;mouseReleased_me_1;mouseEntered_me_1;mouseExited_me_1;mouseClicked_me_1;hit_r_return_1;contains_x_y_return_1
UsecaseDisabled,_ANFZcuLbEeCVSp8F0qHMxQ,GeneratorHelper,n_generatorHelper_1
UsecaseDisabled,_AOIiVOLbEeCVSp8F0qHMxQ,Import,n_import_1;configPanel_1;descend_1;changedOnly_1;createDiagrams_1;minimiseFigs_1;layoutDiagrams_1;classOnly_1;classAndFeatures_1;fullImport_1;sourceEncoding_1;dialog_1;myFrame_1;getInputSourceEncoding_return_1;isAttributeSelected_return_1;isDatatypeSelected_return_1;disposeDialog__1;getConfigPanel_return_1;addConfigCheckboxes_panel_1;addDetailLevelButtons_panel_1;addSourceEncoding_panel_1;getConfigPanelExtension_return_1;doFile__1;getImportLevel_return_1;isCreateDiagramsSelected_return_1;isMinimizeFigsSelected_return_1;isDiagramLayoutSelected_return_1;isDescendSelected_return_1;isChangedOnlySelected_return_1;getChooser_return_1
UsecaseDisabled,_AORsQuLbEeCVSp8F0qHMxQ,ImportFileChooser,n_importFileChooser_1;initChooser__1;approveSelection__1;cancelSelection__1
UsecaseDisabled,_AjDpceLbEeCVSp8F0qHMxQ,UMLCompositeStateConcurrentCheckBox,n_uMLCompositeStateConcurrentCheckBox_1;buildModel__1
UsecaseDisabled,_AqpfMuLbEeCVSp8F0qHMxQ,ActionSetStructuralFeatureTargetScope,n_actionSetStructuralFeatureTargetScope_1;SINGLETON_1;getInstance_return_1
UsecaseDisabled,_AwvgI-LbEeCVSp8F0qHMxQ,ActionSetTagDefinitionMultiplicity,n_actionSetTagDefinitionMultiplicity_1;setSelectedItem_item_target_1
UsecaseDisabled,_AyYe5OLbEeCVSp8F0qHMxQ,PropPanelModel,n_propPanelModel_1;placeElements__1
