ActivityDisabled,_-g-c8OLaEeCVSp8F0qHMxQ,Main,n_main_1;LOG_1;DEFAULT_LOGGING_CONFIGURATION_1;DEFAULT_MODEL_IMPLEMENTATION_1;postLoadActions_1;doSplash_1;reloadRecent_1;batch_1;commands_1;projectName_1;theTheme_1;main_args_1;initPreinitialize__1;initTranslator__1;setSystemProperties__1;parseCommandLine_args_1;initModel__1;getMostRecentProject_return_1;projectUrl_theProjectName_urlToOpen_return_1;printUsage__1;checkJVMVersion__1;checkHostsFile__1;performCommands_list_1;performCommandsInternal_list_1;initVersion__1
ActivityDisabled,__JTBMuLaEeCVSp8F0qHMxQ,XmiFormatException,n_xmiFormatException_1
ActivityDisabled,__Rxnw-LaEeCVSp8F0qHMxQ,SpacerPanel,n_spacerPanel_1;w_1;h_1;getMinimumSize_return_1;getPreferredSize_return_1;getSize_return_1
ActivityDisabled,__gZSkOLaEeCVSp8F0qHMxQ,GoLinkToStimuli,n_goLinkToStimuli_1;getChildren_parent_return_1;getRuleName_return_1;getDependencies_parent_return_1
ActivityDisabled,__9xLEOLaEeCVSp8F0qHMxQ,FigSimpleState,n_figSimpleState_1;cover_1;divider_1;initializeSimpleState__1;clone_return_1;getMinimumSize_return_1;setLineColor_col_1;getLineColor_return_1;setFillColor_col_1;getFillColor_return_1;isFilled_return_1;getLineWidth_return_1;getInitialHeight_return_1;getInitialWidth_return_1;getInitialX_return_1;getInitialY_return_1
ActivityDisabled,_____sOLaEeCVSp8F0qHMxQ,FigClass,n_figClass_1;constructFigs__1;clone_return_1;makeSelection_return_1;buildModifierPopUp_return_1;getLineWidth_return_1;getPreviousVisibleFeature_fgVec_ft_i_return_1;getNextVisibleFeature_fgVec_ft_i_return_1;setEnclosingFig_encloser_1;updateNameText__1
ActivityDisabled,_AHSTcOLbEeCVSp8F0qHMxQ,AbstractActionRadioMenuItem,n_abstractActionRadioMenuItem_1;isEnabled_return_1;valueOfTarget_t_return_1
ActivityDisabled,_AK2k0uLbEeCVSp8F0qHMxQ,ActionEdgesDisplay,n_actionEdgesDisplay_1;show_1;actionPerformed_ae_1;isEnabled_return_1
ActivityDisabled,_AJEcI-LbEeCVSp8F0qHMxQ,ModeAddToDiagram,n_modeAddToDiagram_1;serialVersionUID_1;modelElements_1;addRelatedEdges_1;instructions_1;LOG_1;instructions_return_1;getInitialCursor_return_1;mouseReleased_me_1;keyTyped_ke_1
ActivityDisabled,_ALdBweLbEeCVSp8F0qHMxQ,UseCaseDiagramGraphModel,n_useCaseDiagramGraphModel_1;LOG_1;serialVersionUID_1;getPorts_nodeOrEdge_return_1;getOwner_port_return_1;getInEdges_port_return_1;getOutEdges_port_return_1;canAddNode_node_return_1;canAddEdge_edge_return_1;addNode_node_1;addEdge_edge_1;addNodeRelatedEdges_node_1;canConnect_fromP_toP_return_1;vetoableChange_pce_1
ActivityDisabled,_AOIiVOLbEeCVSp8F0qHMxQ,Import,n_import_1;configPanel_1;descend_1;changedOnly_1;createDiagrams_1;minimiseFigs_1;layoutDiagrams_1;classOnly_1;classAndFeatures_1;fullImport_1;sourceEncoding_1;dialog_1;myFrame_1;getInputSourceEncoding_return_1;isAttributeSelected_return_1;isDatatypeSelected_return_1;disposeDialog__1;getConfigPanel_return_1;addConfigCheckboxes_panel_1;addDetailLevelButtons_panel_1;addSourceEncoding_panel_1;getConfigPanelExtension_return_1;doFile__1;getImportLevel_return_1;isCreateDiagramsSelected_return_1;isMinimizeFigsSelected_return_1;isDiagramLayoutSelected_return_1;isDescendSelected_return_1;isChangedOnlySelected_return_1;getChooser_return_1
ActivityDisabled,_AORsQuLbEeCVSp8F0qHMxQ,ImportFileChooser,n_importFileChooser_1;initChooser__1;approveSelection__1;cancelSelection__1
ActivityDisabled,_ATXAmeLbEeCVSp8F0qHMxQ,TabDocumentation,n_tabDocumentation_1;orientation_1;disableTextArea_textArea_1;shouldBeEnabled_return_1;shouldBeEnabled_target_return_1
ActivityDisabled,_AZ6UguLbEeCVSp8F0qHMxQ,PropPanelActionState,n_propPanelActionState_1;serialVersionUID_1
ActivityDisabled,_Amoh4OLbEeCVSp8F0qHMxQ,UMLExtendExtensionPointListModel,n_uMLExtendExtensionPointListModel_1;buildModelList__1;isValidElement_o_return_1;moveDown_index1_1;moveToBottom_index_1;moveToTop_index_1
ActivityDisabled,_Amxr1OLbEeCVSp8F0qHMxQ,PropPanelExtensionPoint,n_propPanelExtensionPoint_1;serialVersionUID_1;navigateUp__1
ActivityDisabled,_Am7c0eLbEeCVSp8F0qHMxQ,ActionNewExtensionPoint,n_actionNewExtensionPoint_1
ActivityDisabled,_An0NouLbEeCVSp8F0qHMxQ,PropPanelGeneralization,n_propPanelGeneralization_1;serialVersionUID_1;discriminatorTextField_1;navigateUp__1;getDiscriminatorTextField_return_1
ActivityDisabled,_At61ouLbEeCVSp8F0qHMxQ,UMLAssociationLinkListModel,n_uMLAssociationLinkListModel_1;buildModelList__1;isValidElement_o_return_1
CollabDisabled,_-tB78-LaEeCVSp8F0qHMxQ,ArgoFigLine,n_argoFigLine_1;notifier_1;deleteFromModel__1;removeNotificationListener_listener_filter_handback_1;addNotificationListener_listener_filter_handback_1;getNotificationInfo_return_1;removeNotificationListener_listener_1
CollabDisabled,__FbN0uLaEeCVSp8F0qHMxQ,MessageNotationUml,n_messageNotationUml_1;LOG_1;toString_modelElement_args_return_1
CollabDisabled,__F35w-LaEeCVSp8F0qHMxQ,TransitionNotationUml,n_transitionNotationUml_1;parse_modelElement_text_1;parseTransition_trans_s_return_1;parseTrigger_trans_trigger_1;parseGuard_trans_guard_1;parseEffect_trans_actions_1;delete_obj_1;getParsingHelp_return_1;toString_modelElement_args_return_1;toString_modelElement_return_1;generateEvent_m_return_1;generateGuard_m_return_1;generateParameterList_parameterListOwner_return_1;generateExpression_expr_return_1;generateParameter_parameter_return_1;generateKind_kind_return_1;generateClassifierRef_cls_return_1;initialiseListener_listener_modelElement_1;addListenersForAction_listener_action_1;addListenersForEvent_listener_event_1;addListenersForTransition_listener_transition_1
CollabDisabled,__MuIoOLaEeCVSp8F0qHMxQ,FileModelLoader,n_fileModelLoader_1;LOG_1
CollabDisabled,__OWgU-LaEeCVSp8F0qHMxQ,CrOCL,n_crOCL_1;ocl_1;designMaterials_1;getCriticizedDesignMaterials_return_1;getOCL_return_1
CollabDisabled,__WuZMuLaEeCVSp8F0qHMxQ,ShadowComboBox,n_shadowComboBox_1;serialVersionUID_1
CollabDisabled,__WuZNOLaEeCVSp8F0qHMxQ,ShadowRenderer,n_shadowRenderer_1;serialVersionUID_1;currentFig_1;getListCellRendererComponent_list_value_index_isSelected_cellHasFocus_return_1
CollabDisabled,__ciGQOLaEeCVSp8F0qHMxQ,PerspectiveConfigurator,n_perspectiveConfigurator_1;LOG_1;INSET_PX_1;configPanelNorth_1;configPanelSouth_1;splitPane_1;renameTextField_1;newPerspectiveButton_1;removePerspectiveButton_1;duplicatePerspectiveButton_1;moveUpButton_1;moveDownButton_1;addRuleButton_1;removeRuleButton_1;resetToDefaultButton_1;perspectiveList_1;perspectiveRulesList_1;ruleLibraryList_1;perspectiveListModel_1;perspectiveRulesListModel_1;ruleLibraryListModel_1;persLabel_1;ruleLibLabel_1;rulesLabel_1;makeLists__1;makeButtons__1;makeLayout__1;makeListeners__1;loadLibrary__1;loadPerspectives__1;updatePersLabel__1;updateLibLabel__1;updateRuleLabel__1;sortJListModel_list_1;doAddRule__1;doRemoveRule__1
CollabDisabled,__da3EeLaEeCVSp8F0qHMxQ,MoveDownListener,n_moveDownListener_1
CollabDisabled,__mM_o-LaEeCVSp8F0qHMxQ,GoStateToExit,n_goStateToExit_1;getChildren_parent_return_1;getDependencies_parent_return_1;getRuleName_return_1
CollabDisabled,__qEL8OLaEeCVSp8F0qHMxQ,CrUtilityViolated,n_crUtilityViolated_1;getCriticizedDesignMaterials_return_1
CollabDisabled,_AFgKw-LbEeCVSp8F0qHMxQ,ActionAddExistingEdge,n_actionAddExistingEdge_1;serialVersionUID_1;edge_1;actionPerformed_arg0_1;isEnabled_return_1
CollabDisabled,_AQiWEOLbEeCVSp8F0qHMxQ,UMLMultiplicityPanel,n_uMLMultiplicityPanel_1;multiplicityComboBox_1;checkBox_1;multiplicityList_1;getPreferredSize_return_1;itemStateChanged_event_1;getTarget_return_1
CollabDisabled,_AQiWFuLbEeCVSp8F0qHMxQ,MultiplicityCheckBox,n_multiplicityCheckBox_1
CollabDisabled,_AXYk8OLbEeCVSp8F0qHMxQ,ActionSaveGraphics,n_actionSaveGraphics_1;serialVersionUID_1;LOG_1;actionPerformed_ae_1;trySave_return_1;doSave_theFile_suffix_useUI_return_1;updateStatus_status_1;doCommand_argument_return_1
CollabDisabled,_AZKtoOLbEeCVSp8F0qHMxQ,SaveGraphicsManager,n_saveGraphicsManager_1;MIN_MARGIN_1;otherFilters_1;setDefaultFilterBySuffix_suffix_1;setFileChooserFilters_chooser_defaultName_1;getDefaultSuffix_return_1;fixExtension_in_return_1;getSaveActionBySuffix_suffix_return_1;getSettingsList_return_1;adjustDrawingArea_area_return_1
CollabDisabled,_AZKtouLbEeCVSp8F0qHMxQ,FileFilterChangedListener,n_fileFilterChangedListener_1;chooser_1;defaultName_1;propertyChange_evt_1
CollabDisabled,_AgT3deLbEeCVSp8F0qHMxQ,PropPanelSendAction,n_propPanelSendAction_1;serialVersionUID_1;addExtraActions__1
CollabDisabled,_Aj9BUuLbEeCVSp8F0qHMxQ,UMLGuardTransitionListModel,n_uMLGuardTransitionListModel_1;buildModelList__1;isValidElement_element_return_1
CollabDisabled,_AlcPE-LbEeCVSp8F0qHMxQ,ActionNewSynchState,n_actionNewSynchState_1;SINGLETON_1;getInstance_return_1
CollabDisabled,_A0UYk-LbEeCVSp8F0qHMxQ,MyTokenizer,n_myTokenizer_1;sIdx_1;eIdx_1;tokIdx_1;source_1;savedToken_1;savedIdx_1;customSeps_1;putToken_1;hasMoreTokens_return_1;nextToken_return_1;nextElement_return_1;hasMoreElements_return_1;getTokenIndex_return_1
DeployDisabled,_-jEHoeLaEeCVSp8F0qHMxQ,ArgoEvent,n_argoEvent_1;eventType_1;getEventType_return_1;getEventStartRange_return_1;getEventEndRange_return_1;toString_return_1
DeployDisabled,_-nX_4OLaEeCVSp8F0qHMxQ,ChecklistStatus,n_checklistStatus_1;numChecks_1
DeployDisabled,_-svBA-LaEeCVSp8F0qHMxQ,ArgoFigRect,n_argoFigRect_1;notifier_1;deleteFromModel__1;removeNotificationListener_listener_filter_handback_1;addNotificationListener_listener_filter_handback_1;getNotificationInfo_return_1;removeNotificationListener_listener_1
DeployDisabled,_-5-LwuLaEeCVSp8F0qHMxQ,UndoUmlHelperDecorator,n_undoUmlHelperDecorator_1
DeployDisabled,__YXX8uLaEeCVSp8F0qHMxQ,PredicateMType,n_predicateMType_1;serialVersionUID_1;toString_return_1
DeployDisabled,__T2EUOLaEeCVSp8F0qHMxQ,GotoDialog,n_gotoDialog_1;nameButtons__1
DeployDisabled,__cFaUOLaEeCVSp8F0qHMxQ,ExplorerTree,n_explorerTree_1;updatingSelection_1;updatingSelectionViaTreeSelection_1;serialVersionUID_1;refreshSelection__1;setSelection_targets_1;addTargetsInternal_addedTargets_1;selectVisible_target_1;selectAll_targets_1
DeployDisabled,__jhfEOLaEeCVSp8F0qHMxQ,GoComponentToResidentModelElement,n_goComponentToResidentModelElement_1;getRuleName_return_1;getChildren_parent_return_1;getDependencies_parent_return_1
DeployDisabled,__pBqIOLaEeCVSp8F0qHMxQ,Init,n_init_1;init__1;createChecklists__1
DeployDisabled,__o4gM-LaEeCVSp8F0qHMxQ,UMLCheckItem,n_uMLCheckItem_1;LOG_1;expand_res_dm_return_1
DeployDisabled,_ADHlI-LbEeCVSp8F0qHMxQ,SelectionEdgeClarifiers,n_selectionEdgeClarifiers_1
DeployDisabled,_AK2k0uLbEeCVSp8F0qHMxQ,ActionEdgesDisplay,n_actionEdgesDisplay_1;show_1;actionPerformed_ae_1;isEnabled_return_1
DeployDisabled,_ASePwOLbEeCVSp8F0qHMxQ,UMLPlainTextDocument,n_uMLPlainTextDocument_1;LOG_1;firing_1;editing_1;panelTarget_1;eventName_1;propertyChange_evt_1;getTarget_return_1;setTarget_target_1;remove_offs_len_1;setPropertyInternal_newValue_1;setProperty_text_1;getProperty_return_1;isFiring_return_1;updateText_textValue_1;getEventName_return_1;setEventName_en_1
DeployDisabled,_AXhu4eLbEeCVSp8F0qHMxQ,AbstractActionRemoveElement,n_abstractActionRemoveElement_1;target_1;objectToRemove_1;getTarget_return_1;setTarget_theTarget_1;getObjectToRemove_return_1;setObjectToRemove_theObjectToRemove_1;isEnabled_return_1
DeployDisabled,_AsR24OLbEeCVSp8F0qHMxQ,UMLAssociationEndTypeComboBoxModel,n_uMLAssociationEndTypeComboBoxModel_1;getSelectedModelElement_return_1
DeployDisabled,_Ap54U-LbEeCVSp8F0qHMxQ,UMLAssociationEndSpecificationListModel,n_uMLAssociationEndSpecificationListModel_1;buildModelList__1;isValidElement_o_return_1
DeployDisabled,_AuNwkeLbEeCVSp8F0qHMxQ,ActionNewParameter,n_actionNewParameter_1
Original,_-tnx0eLaEeCVSp8F0qHMxQ,ArgoModeCreateFigInk,n_argoModeCreateFigInk_1;instructions_return_1;createNewItem_me_snapX_snapY_return_1
Original,_-76FcOLaEeCVSp8F0qHMxQ,CollaborationsFactoryMDRImpl,n_collaborationsFactoryMDRImpl_1;createAssociationEndRole_return_1;getCollabPkg_return_1;createAssociationRole_return_1;createClassifierRole_return_1;createCollaboration_return_1;createCollaborationInstanceSet_return_1;createInteraction_return_1;createInteractionInstanceSet_return_1;createMessage_return_1;buildClassifierRole_collaboration_return_1;buildCollaboration_handle_return_1;buildCollaboration_namespace_representedElement_return_1;buildInteraction_handle_return_1;buildAssociationEndRole_atype_return_1;buildAssociationRole_from_to_return_1;buildAssociationRole_from_to_return_2;buildAssociationRole_from_agg1_to_agg2_unidirectional_return_1;buildAssociationRole_from_agg1_to_agg2_unidirectional_return_2;buildAssociationRole_link_return_1;buildMessageInteraction_inter_role_return_1;lastMessage_c_m_return_1;findEnd_m_return_1;buildMessage_acollab_arole_return_1;buildMessageCollab_collab_role_return_1;buildActivator_owner_interaction_return_1;deleteAssociationEndRole_elem_1;deleteAssociationRole_elem_1;deleteClassifierRole_elem_1;deleteCollaboration_elem_1;deleteCollaborationInstanceSet_elem_1;deleteInteraction_elem_1;deleteInteractionInstanceSet_elem_1;deleteMessage_elem_1
Original,_-8D2c-LaEeCVSp8F0qHMxQ,ModelManagementFactoryMDRImpl,n_modelManagementFactoryMDRImpl_1;LOG_1;theRootModel_1;getModelManagementPackage_return_1;setRootModel_rootModel_1;getRootModel_return_1;createElementImport_return_1;buildElementImport_pack_me_return_1;createPackage_return_1;buildPackage_name_return_1;createSubsystem_return_1;copyPackage_source_ns_return_1;doCopyPackage_source_target_1;deleteElementImport_elem_1;deleteModel_elem_1;deletePackage_elem_1;deleteSubsystem_elem_1
Original,__GxRoOLaEeCVSp8F0qHMxQ,ExtensionPointNotationUml,n_extensionPointNotationUml_1;parse_modelElement_text_1;parseExtensionPointFig_ep_text_1;parseExtensionPoint_text_return_1;getParsingHelp_return_1;toString_modelElement_args_return_1;toString_modelElement_return_1
Original,__G6bkuLaEeCVSp8F0qHMxQ,SDMessageNotationUml,n_sDMessageNotationUml_1;toString_modelElement_args_return_1
Original,__HzzcuLaEeCVSp8F0qHMxQ,OCLExpander,n_oCLExpander_1;createEvaluator__1
Original,__SEis-LaEeCVSp8F0qHMxQ,ProgressEvent,n_progressEvent_1;length_1;position_1;serialVersionUID_1;getPosition_return_1;getLength_return_1
Original,__ShOoeLaEeCVSp8F0qHMxQ,LookAndFeelMgr,n_lookAndFeelMgr_1;LOG_1;SINGLETON_1;METAL_LAF_CLASS_NAME_1;DEFAULT_KEY_1;DEFAULT_THEME_1;BIG_THEME_1;HUGE_THEME_1;THEMES_1;defaultLafClass_1;getInstance_return_1;initializeLookAndFeel__1;getThemeClassNameFromArg_arg_return_1;printThemeArgs__1;getAvailableLookAndFeelNames_return_1;getAvailableThemeNames_return_1;getLookAndFeelFromName_name_return_1;getThemeFromName_name_return_1;isThemeCompatibleLookAndFeel_lafClass_return_1;getCurrentLookAndFeel_return_1;getCurrentLookAndFeelName_return_1;setCurrentLAFAndThemeByName_lafName_themeName_1;getCurrentThemeClassName_return_1;getCurrentThemeName_return_1;setCurrentTheme_themeClass_1;getStandardFont_return_1;getSmallFont_return_1;setLookAndFeel_lafClass_1;setTheme_theme_1;getMetalTheme_themeClass_return_1
Original,__S96keLaEeCVSp8F0qHMxQ,JasonsBigTheme,n_jasonsBigTheme_1;primary1_1;primary2_1;primary3_1;secondary1_1;secondary2_1;secondary3_1;controlFont_1;systemFont_1;windowTitleFont_1;userFont_1;smallFont_1;getName_return_1;getPrimary1_return_1;getPrimary2_return_1;getPrimary3_return_1;getSecondary1_return_1;getSecondary2_return_1;getSecondary3_return_1;getControlTextFont_return_1;getSystemTextFont_return_1;getUserTextFont_return_1;getMenuTextFont_return_1;getSubTextFont_return_1;getWindowTitleFont_return_1
Original,__hllYuLaEeCVSp8F0qHMxQ,GoProjectToModel,n_goProjectToModel_1;getRuleName_return_1;getChildren_parent_return_1;getDependencies_parent_return_1
Original,__zplwOLaEeCVSp8F0qHMxQ,UmlDiagramRenderer,n_umlDiagramRenderer_1;getFigNodeFor_node_x_y_styleAttributes_return_1;setStyleAttributes_fig_attributeMap_1;getFigEdgeFor_edge_styleAttributes_return_1;setPorts_layer_newEdge_1;setSourcePort_edge_source_1;setDestPort_edge_dest_1;getNodePresentationFor_lay_modelElement_return_1
Original,__3XoJOLaEeCVSp8F0qHMxQ,UMLDeploymentDiagram,n_uMLDeploymentDiagram_1;LOG_1;actionMNode_1;actionMNodeInstance_1;actionMComponent_1;actionMComponentInstance_1;actionMClass_1;actionMInterface_1;actionMObject_1;actionMDependency_1;actionMAssociation_1;actionMLink_1;actionAssociation_1;actionAggregation_1;actionComposition_1;actionUniAssociation_1;actionUniAggregation_1;actionUniComposition_1;actionMGeneralization_1;actionMAbstraction_1;serialVersionUID_1;setNamespace_handle_1;getUmlActions_return_1;getAssociationActions_return_1;getLabelName_return_1;getActionAggregation_return_1;getActionAssociation_return_1;getActionComposition_return_1;getActionMAssociation_return_1;getActionMClass_return_1;getActionMComponent_return_1;getActionMComponentInstance_return_1;getActionMDependency_return_1;getActionMGeneralization_return_1;getActionMAbstraction_return_1;getActionMInterface_return_1;getActionMLink_return_1;getActionMNode_return_1;getActionMNodeInstance_return_1;getActionMObject_return_1;getActionUniAggregation_return_1;getActionUniAssociation_return_1;getActionUniComposition_return_1;isRelocationAllowed_base_return_1;getRelocationCandidates_root_return_1;relocate_base_return_1;setModelElementNamespace_modelElement_namespace_1;encloserChanged_enclosed_oldEncloser_newEncloser_1;doesAccept_objectToAccept_return_1;drop_droppedObject_location_return_1
Original,__-820OLaEeCVSp8F0qHMxQ,FigClassifierBox,n_figClassifierBox_1;borderFig_1;constructFigs__1;getDefaultBounds_return_1;clone_return_1;updateOperations__1;renderingChanged__1;propertyChange_event_1;getOperationsBounds_return_1;isOperationsVisible_return_1;setOperationsVisible_isVisible_1;translate_dx_dy_1;getPopUpActions_me_return_1;classNameAndBounds_return_1;buildModifierPopUp_return_1
Original,_AeOMwOLbEeCVSp8F0qHMxQ,ActionAddInstanceClassifier,n_actionAddInstanceClassifier_1;choiceClass_1;doIt_selected_1;getChoices_return_1;getDialogTitle_return_1;getSelected_return_1
Original,_Ai6fguLbEeCVSp8F0qHMxQ,UMLSignalEventSignalList,n_uMLSignalEventSignalList_1;getPopupMenu_return_1
Original,_Avj0Y-LbEeCVSp8F0qHMxQ,UMLGeneralizationChildListModel,n_uMLGeneralizationChildListModel_1;buildModelList__1;isValidElement_o_return_1
Original,_A0UYkeLbEeCVSp8F0qHMxQ,LineSeparator,n_lineSeparator_1;hasCr_1;hasLf_1;hasPeeked_1;reset__1;tokenLength_return_1;getPeekCount_return_1;hasFreePart_return_1;addChar_c_return_1;endChar_c_return_1
SequenceDisabled,_-myKAOLaEeCVSp8F0qHMxQ,ToDoItem,n_toDoItem_1;INTERRUPTIVE_PRIORITY_1;HIGH_PRIORITY_1;MED_PRIORITY_1;LOW_PRIORITY_1;theHeadline_1;thePriority_1;theDescription_1;theMoreInfoURL_1;cachedExpandedHeadline_1;cachedExpandedDescription_1;serialVersionUID_1;checkArgument_dm_1;getHeadline_return_1;getDescription_return_1;getMoreInfoURL_return_1;getPriority_return_1;getProgress_return_1;getClarifier_return_1;containsKnowledgeType_type_return_1;hashCode_return_1;equals_o_return_1;select__1;deselect__1;action__1;changed__1;fixIt__1;canFixIt_return_1;toString_return_1
SequenceDisabled,_-vG_keLaEeCVSp8F0qHMxQ,NonUndoableCommand,n_nonUndoableCommand_1;execute_return_1;undo__1;isUndoable_return_1;isRedoable_return_1
SequenceDisabled,__AN9sOLaEeCVSp8F0qHMxQ,ExtensionMechanismsFactoryMDRImpl,n_extensionMechanismsFactoryMDRImpl_1;createTaggedValue_return_1;getTagDefinition_tagName_return_1;buildStereotype_theModelElementObject_theName_theNamespaceObject_return_1;buildStereotype_theModelElementObject_theName_model_models_return_1;buildStereotype_text_return_1;buildStereotype_text_namespace_return_1;buildTaggedValue_tag_value_return_1;buildTaggedValue_type_return_1;buildTaggedValue_type_values_return_1;copyTaggedValues_source_target_1;copyTaggedValue_source_return_1;deleteStereotype_elem_1;deleteTaggedValue_elem_1;deleteTagDefinition_elem_1;copyStereotype_source_ns_return_1;doCopyStereotype_source_target_1;buildTagDefinition_name_owner_namespace_return_1;buildTagDefinition_name_owner_ns_tagType_return_1;createTagDefinition_return_1;createStereotype_return_1;copyTagDefinition_anElement_aNs_return_1;doCopyTagDefinition_source_target_1
SequenceDisabled,__XxiEuLaEeCVSp8F0qHMxQ,ExceptionDialog,n_exceptionDialog_1;closeButton_1;copyButton_1;northLabel_1;textArea_1;serialVersionUID_1;formatException_message_e_highlightCause_return_1;disposeDialog__1
SequenceDisabled,__YXX8OLaEeCVSp8F0qHMxQ,FindDialog,n_findDialog_1;instance_1;nextResultNum_1;numFinds_1;INSET_PX_1;search_1;clearTabs_1;nameLocTab_1;elementName_1;diagramName_1;location_1;type_1;typeDetails_1;results_1;help_1;resultTabs_1;serialVersionUID_1;getInstance_return_1;initNameLocTab__1;initHelpTab__1;initTypes__1;nameButtons__1;doSearch__1;reset__1;doClearTabs__1;doResetFields_complete_1;doGoToSelection__1;mousePressed_me_1;mouseReleased_me_1;mouseEntered_me_1;mouseExited_me_1;mouseClicked_me_1;myDoubleClick_tab_1
SequenceDisabled,__aJgpOLaEeCVSp8F0qHMxQ,KeyStrokeCellRenderer,n_keyStrokeCellRenderer_1;setValue_value_1
SequenceDisabled,__e6E0OLaEeCVSp8F0qHMxQ,ExplorerPopup,n_explorerPopup_1;createDiagrams_1;LOG_1;MODEL_ELEMENT_MENUITEMS_1;serialVersionUID_1;initMenuCreateDiagrams__1;initMenuCreateModelElements__1;addCreateModelElementAction_menuItems_metaType_relationshipDescr_1;buildDirectionalCreateMenuItem_metaType_source_dest_relationshipDescr_menu_1;menuLocalize_key_return_1;addMenuItemForBothEndsOf_edge_1
SequenceDisabled,__fNm0-LaEeCVSp8F0qHMxQ,ActionCreateAssociation,n_actionCreateAssociation_1;metaType_1;classifiers_1
SequenceDisabled,__mf6kuLaEeCVSp8F0qHMxQ,TargetManager,n_targetManager_1;LOG_1;instance_1;targets_1;modelTarget_1;figTarget_1;listenerList_1;inTransaction_1;getInstance_return_1;internalOnSetTarget_eventName_oldTargets_1;getTarget_return_1;setTargets_targetsCollection_1;addTarget_target_1;removeTarget_target_1;getOwnerAndAllFigs_o_return_1;getOwner_o_return_1;getTargets_return_1;getSingleTarget_return_1;getModelTargets_return_1;getSingleModelTarget_return_1;startTargetTransaction__1;isInTargetTransaction_return_1;endTargetTransaction__1;getFigTarget_return_1;determineFigTarget_target_return_1;getModelTarget_return_1;determineModelTarget_target_return_1;navigateForward__1;navigateBackward__1;navigateForwardPossible_return_1;navigateBackPossible_return_1;cleanHistory__1
SequenceDisabled,__tCndOLaEeCVSp8F0qHMxQ,ClAttributeCompartment,n_clAttributeCompartment_1;LOG_1;theInstance_1;WAVE_LENGTH_1;WAVE_HEIGHT_1;fig_1;getIconWidth_return_1;getIconHeight_return_1;hit_x_y_return_1;getTheInstance_return_1
SequenceDisabled,_ABVccOLbEeCVSp8F0qHMxQ,PackagePortFigRect,n_packagePortFigRect_1;indentX_1;tabHeight_1;serialVersionUID_1;getClosestPoint_anotherPt_return_1
SequenceDisabled,_AChvQOLbEeCVSp8F0qHMxQ,FigEdgeAssociationClass,n_figEdgeAssociationClass_1;serialVersionUID_1;LOG_1;canEdit_f_return_1;getRemoveDelegate_return_1;setDestFigNode_fn_1;setSourceFigNode_fn_1
SequenceDisabled,_ACO0UeLbEeCVSp8F0qHMxQ,UMLDiagramHomeModelComboBoxModel,n_uMLDiagramHomeModelComboBoxModel_1;buildModelList__1;buildMinimalModelList__1;isLazy_return_1;getSelectedModelElement_return_1;isValidElement_element_return_1
SequenceDisabled,_ATzsgOLbEeCVSp8F0qHMxQ,UMLCheckBox2,n_uMLCheckBox2_1;checkBoxTarget_1;propertySetName_1;propertyChange_evt_1;getTarget_return_1;setTarget_target_1;buildModel__1
SequenceDisabled,_AQ1RAOLbEeCVSp8F0qHMxQ,AbstractActionNavigate,n_abstractActionNavigate_1;setIcon_newIcon_return_1;navigateTo_source_return_1;isEnabled_return_1
SequenceDisabled,_AhDeUOLbEeCVSp8F0qHMxQ,UMLActionArgumentListModel,n_uMLActionArgumentListModel_1;serialVersionUID_1;buildModelList__1;isValidElement_element_return_1;moveDown_index_1;moveToBottom_index_1;moveToTop_index_1
SequenceDisabled,_Au9XcOLbEeCVSp8F0qHMxQ,PropPanelAssociationEnd,n_propPanelAssociationEnd_1;serialVersionUID_1;typeCombobox_1;associationScroll_1;navigabilityCheckBox_1;orderingCheckBox_1;targetScopeCheckBox_1;aggregationRadioButtonpanel_1;changeabilityRadioButtonpanel_1;visibilityRadioButtonPanel_1;specificationScroll_1;qualifiersScroll_1;associationLabel_1;createControls__1;positionStandardControls__1;positionControls__1;setAssociationLabel_label_1;getMultiplicityComboBox_return_1
SequenceDisabled,_An0NoOLbEeCVSp8F0qHMxQ,ActionSetGeneralizableElementRoot,n_actionSetGeneralizableElementRoot_1;SINGLETON_1;getInstance_return_1
StateDisabled,_-yr4AuLaEeCVSp8F0qHMxQ,AbstractUseCasesHelperDecorator,n_abstractUseCasesHelperDecorator_1;getExtensionPoints_useCase_return_1;getAllUseCases_ns_return_1;getAllActors_ns_return_1;getExtendedUseCases_ausecase_return_1;getExtends_abase_anextension_return_1;getIncludedUseCases_ausecase_return_1;getIncludes_abase_aninclusion_return_1;getSpecificationPath_ausecase_return_1;setBase_extend_base_1;removeExtend_elem_extend_1;removeExtensionPoint_elem_ep_1;removeInclude_usecase_include_1;addExtend_elem_extend_1;addExtensionPoint_handle_extensionPoint_1;addExtensionPoint_handle_position_extensionPoint_1;addInclude_usecase_include_1;setAddition_handle_useCase_1;setCondition_handle_booleanExpression_1;setExtension_handle_ext_1;setExtensionPoints_handle_extensionPoints_1;setIncludes_handle_includes_1;setLocation_handle_loc_1;setUseCase_elem_usecase_1
StateDisabled,_-4ovAOLaEeCVSp8F0qHMxQ,OrderingKindEUMLImpl,n_orderingKindEUMLImpl_1;getOrdered_return_1;getUnordered_return_1
StateDisabled,__EFxEOLaEeCVSp8F0qHMxQ,ObjectNotationUml,n_objectNotationUml_1;getParsingHelp_return_1;parse_modelElement_text_1;toString_modelElement_args_return_1;toString_modelElement_return_1
StateDisabled,__U8QgeLaEeCVSp8F0qHMxQ,SettingsTabAppearance,n_settingsTabAppearance_1;lookAndFeel_1;metalTheme_1;language_1;metalLabel_1;smoothEdges_1;locale_1;serialVersionUID_1;setMetalThemeState__1;handleSettingsTabRefresh__1;handleSettingsTabSave__1;handleSettingsTabCancel__1;handleResetToDefault__1;getTabKey_return_1;getTabPanel_return_1
StateDisabled,__t7_UOLaEeCVSp8F0qHMxQ,CrConstructorNeeded,n_crConstructorNeeded_1
StateDisabled,__-EGAOLaEeCVSp8F0qHMxQ,ClassdiagramEdge,n_classdiagramEdge_1;vGap_1;hGap_1;currentEdge_1;underlyingFig_1;destFigNode_1;sourceFigNode_1;layout__1;getHGap_return_1;getVGap_return_1;getDestFigNode_return_1;getSourceFigNode_return_1;getCurrentEdge_return_1;getUnderlyingFig_return_1
StateDisabled,_AaNPc-LbEeCVSp8F0qHMxQ,ActionSetClassifierInStateType,n_actionSetClassifierInStateType_1;serialVersionUID_1
StateDisabled,_AccEEOLbEeCVSp8F0qHMxQ,ActionNewActionForMessage,n_actionNewActionForMessage_1;SINGLETON_1;isEnabled_return_1;getInstance_return_1
StateDisabled,_AhWZQ-LbEeCVSp8F0qHMxQ,PropPanelNodeInstance,n_propPanelNodeInstance_1;serialVersionUID_1
StateDisabled,_AjzQUuLbEeCVSp8F0qHMxQ,UMLSignalEventSignalListModel,n_uMLSignalEventSignalListModel_1;buildModelList__1;isValidElement_element_return_1
StateDisabled,_Asbn4OLbEeCVSp8F0qHMxQ,ActionSetStructuralFeatureMultiplicity,n_actionSetStructuralFeatureMultiplicity_1;SINGLETON_1;setSelectedItem_item_target_1;getInstance_return_1
StateDisabled,_Au9XcOLbEeCVSp8F0qHMxQ,PropPanelAssociationEnd,n_propPanelAssociationEnd_1;serialVersionUID_1;typeCombobox_1;associationScroll_1;navigabilityCheckBox_1;orderingCheckBox_1;targetScopeCheckBox_1;aggregationRadioButtonpanel_1;changeabilityRadioButtonpanel_1;visibilityRadioButtonPanel_1;specificationScroll_1;qualifiersScroll_1;associationLabel_1;createControls__1;positionStandardControls__1;positionControls__1;setAssociationLabel_label_1;getMultiplicityComboBox_return_1
StateDisabled,_An0NouLbEeCVSp8F0qHMxQ,PropPanelGeneralization,n_propPanelGeneralization_1;serialVersionUID_1;discriminatorTextField_1;navigateUp__1;getDiscriminatorTextField_return_1
StateDisabled,_AtxEpuLbEeCVSp8F0qHMxQ,UMLConstraintBodyDocument,n_uMLConstraintBodyDocument_1;setProperty_text_1;getProperty_return_1
StateDisabled,_ApdMYOLbEeCVSp8F0qHMxQ,UMLAssociationEndAssociationListModel,n_uMLAssociationEndAssociationListModel_1;buildModelList__1;isValidElement_element_return_1
StateDisabled,_AqDCQOLbEeCVSp8F0qHMxQ,UMLClassifierCreateActionListModel,n_uMLClassifierCreateActionListModel_1;buildModelList__1;isValidElement_element_return_1
StateDisabled,_A0BdouLbEeCVSp8F0qHMxQ,ItemUID,n_itemUID_1;LOG_1;MYCLASS_1;id_1;toString_return_1;generateID_return_1;getIDOfObject_obj_canCreate_return_1;readObjectID_obj_return_1;createObjectID_obj_return_1
UsecaseDisabled,_-j84cuLaEeCVSp8F0qHMxQ,ResourceLoaderWrapper,n_resourceLoaderWrapper_1;LOG_1;initialStateIcon_1;deepIcon_1;shallowIcon_1;forkIcon_1;joinIcon_1;branchIcon_1;junctionIcon_1;realizeIcon_1;signalIcon_1;exceptionIcon_1;commentIcon_1;iconCache_1;instance_1;images_1;getInstance_return_1;lookAndFeelPath_classname_element_return_1;initResourceLoader__1;addResourceLocation_location_1;lookupIconResource_resource_return_1;lookupIconResource_resource_desc_return_1;lookupIcon_key_return_1;lookupIcon_value_return_1;getImageBinding_name_return_1;lookupIconUrl_name_loader_return_1;lookupIconUrl_name_return_1
UsecaseDisabled,_-ksfUOLaEeCVSp8F0qHMxQ,CompoundCritic,n_compoundCritic_1;critics_1;extraDesignMaterials_1;getCriticList_return_1;getSupportedDecisions_return_1;getSupportedGoals_return_1;containsKnowledgeType_type_return_1;addKnowledgeType_type_1;getClarifier_return_1;isActive_return_1;isEnabled_return_1;getCriticizedDesignMaterials_return_1;addExtraCriticizedDesignMaterial_dm_1;toString_return_1
UsecaseDisabled,_-vtcgeLaEeCVSp8F0qHMxQ,DelayedChangeNotify,n_delayedChangeNotify_1;pce_1;run__1
UsecaseDisabled,_-z4K0uLaEeCVSp8F0qHMxQ,AbstractUmlHelperDecorator,n_abstractUmlHelperDecorator_1;addListenersToModel_model_1;deleteCollection_col_1;getSource_relationship_return_1;getDestination_relationship_return_1
UsecaseDisabled,__O89QeLaEeCVSp8F0qHMxQ,OclEnumLiteral,n_oclEnumLiteral_1;name_1;equals_obj_return_1;hashCode_return_1
UsecaseDisabled,__Q428-LaEeCVSp8F0qHMxQ,FigDestroy,n_figDestroy_1;createCross_bounds_1
UsecaseDisabled,__Y9N0OLaEeCVSp8F0qHMxQ,AboutBox,n_aboutBox_1;INSET_PX_1;extraTabs_1;tabs_1;serialVersionUID_1;localize_str_return_1;createPane_text_return_1;addAboutTab_name_tab_1;removeAboutTab_name_1;getVersion_return_1;getCredits_return_1
UsecaseDisabled,__mM_oeLaEeCVSp8F0qHMxQ,GoOperationToCollaborationDiagram,n_goOperationToCollaborationDiagram_1;getChildren_parent_return_1;getDependencies_parent_return_1;getRuleName_return_1
UsecaseDisabled,__vISJOLaEeCVSp8F0qHMxQ,CrMergeClasses,n_crMergeClasses_1;getCriticizedDesignMaterials_return_1
UsecaseDisabled,__8R9VOLaEeCVSp8F0qHMxQ,InitStateDiagram,n_initStateDiagram_1;getDetailsTabs_return_1;getProjectSettingsTabs_return_1;getSettingsTabs_return_1;init__1
UsecaseDisabled,_Aki3MOLbEeCVSp8F0qHMxQ,UMLTransitionTriggerList,n_uMLTransitionTriggerList_1
UsecaseDisabled,_Aki3NOLbEeCVSp8F0qHMxQ,UMLEventParameterListModel,n_uMLEventParameterListModel_1;buildModelList__1;isValidElement_element_return_1
UsecaseDisabled,_ApdMZuLbEeCVSp8F0qHMxQ,ActionSetOperationConcurrencyKind,n_actionSetOperationConcurrencyKind_1;SINGLETON_1;SEQUENTIAL_COMMAND_1;GUARDED_COMMAND_1;CONCURRENT_COMMAND_1;getInstance_return_1
UsecaseDisabled,_AqWkQuLbEeCVSp8F0qHMxQ,ActionSetFlowSource,n_actionSetFlowSource_1;SINGLETON_1;getInstance_return_1
UsecaseDisabled,_ApwHUeLbEeCVSp8F0qHMxQ,ActionSetAssociationEndAggregation,n_actionSetAssociationEndAggregation_1;SINGLETON_1;AGGREGATE_COMMAND_1;COMPOSITE_COMMAND_1;NONE_COMMAND_1;getInstance_return_1
UsecaseDisabled,_AyiP5eLbEeCVSp8F0qHMxQ,ElementImportImportedElementListModel,n_elementImportImportedElementListModel_1;buildModelList__1;isValidElement_element_return_1
UsecaseDisabled,_A0Knk-LbEeCVSp8F0qHMxQ,ExprSeparatorWithStrings,n_exprSeparatorWithStrings_1;isSQuot_1;isDQuot_1;isEsc_1;tokLevel_1;tokLen_1;reset__1;tokenLength_return_1;hasFreePart_return_1;endChar_c_return_1
