ActivityDisabled,_-lABVeLaEeCVSp8F0qHMxQ,OrCM,n_orCM_1
ActivityDisabled,_-xMqQ-LaEeCVSp8F0qHMxQ,AbstractCoreHelperDecorator,n_abstractCoreHelperDecorator_1;clearStereotypes_modelElement_1;isSubType_type_subType_return_1;getAllSupertypes_cls1_return_1;getSupertypes_generalizableElement_return_1;getAssociateEndsInh_classifier1_return_1;removeFeature_cls_feature_1;removeLiteral_enu_literal_1;setOperations_classifier_operations_1;setAttributes_classifier_attributes_1;getAttributesInh_classifier_return_1;getOperationsInh_classifier_return_1;getParents_generalizableElement_return_1;getReturnParameters_operation_return_1;getSpecification_object_return_1;getSubtypes_cls_return_1;getAllBehavioralFeatures_element_return_1;getBehavioralFeatures_clazz_return_1;getAllInterfaces_ns_return_1;getAllClasses_ns_return_1;getRealizedInterfaces_cls_return_1;getExtendedClassifiers_clazz_return_1;getGeneralization_child_parent_return_1;getBody_comment_return_1;getFlows_source_target_return_1;getExtendingElements_clazz_return_1;getExtendingClassifiers_clazz_return_1;getAllComponents_ns_return_1;getAllDataTypes_ns_return_1;getAllNodes_ns_return_1;getAssociatedClassifiers_classifier_return_1;getAssociations_from_to_return_1;getAllClassifiers_namespace_return_1;getAssociations_classifier_return_1;getAssociationEnd_type_assoc_return_1;getAllAttributes_clazz_return_1;getAllVisibleElements_ns_return_1;getSource_relationship_return_1;getDestination_relationship_return_1;getDependencies_supplier_client_return_1;getPackageImport_supplier_client_return_1;getPackageImports_client_return_1;getRelationships_source_dest_return_1;isValidNamespace_mObj_nsObj_return_1;getFirstSharedNamespace_ns1_ns2_return_1;getAllPossibleNamespaces_modelElement_model_return_1;getChildren_o_return_1;getAllRealizedInterfaces_o_return_1;hasCompositeEnd_association_return_1;equalsAggregationKind_associationEnd_kindType_return_1;removeAnnotatedElement_handle_me_1;removeClientDependency_handle_dep_1;removeConstraint_handle_cons_1;removeOwnedElement_handle_value_1;removeParameter_handle_parameter_1;removeQualifier_handle_parameter_1;removeSourceFlow_handle_flow_1;removeSupplierDependency_supplier_dependency_1;removeStereotype_modelElement_stereotype_1;removeTargetFlow_handle_flow_1;removeTemplateArgument_handle_argument_1;removeTemplateParameter_handle_parameter_1;addAnnotatedElement_comment_annotatedElement_1;addClient_handle_element_1;addClientDependency_handle_dependency_1;addComment_element_comment_1;addConnection_handle_connection_1;addConnection_handle_position_connection_1;addConstraint_handle_mc_1;addDeploymentLocation_handle_node_1;addLiteral_handle_index_literal_1;addLink_handle_link_1;addOwnedElement_handle_me_1;addParameter_handle_index_parameter_1;addParameter_handle_parameter_1;addQualifier_handle_index_qualifier_1;addRaisedSignal_handle_sig_1;addSourceFlow_handle_flow_1;addAllStereotypes_modelElement_stereotypes_1;addStereotype_modelElement_stereotype_1;addSupplier_handle_element_1;addSupplierDependency_supplier_dependency_1;addTargetFlow_handle_flow_1;addTemplateArgument_handle_index_argument_1;addTemplateArgument_handle_argument_1;addTemplateParameter_handle_index_parameter_1;addTemplateParameter_handle_parameter_1;setAnnotatedElements_handle_elems_1;setAssociation_handle_association_1;setRaisedSignals_handle_raisedSignals_1;setBody_handle_expr_1;setChild_handle_child_1;setConnections_handle_elems_1;setDefaultElement_handle_element_1;setDefaultValue_handle_expr_1;setDiscriminator_handle_discriminator_1;setFeature_elem_i_feature_1;setFeatures_handle_features_1;setContainer_handle_component_1;setInitialValue_at_expr_1;setModelElementContainer_handle_container_1;setNamespace_handle_ns_1;setOwner_handle_owner_1;setStatic_handle_isStatic_1;setParameter_handle_parameter_1;setParameters_handle_parameters_1;setParent_handle_parent_1;setQualifiers_handle_elems_1;setResident_handle_resident_1;setResidents_handle_residents_1;setSources_handle_specifications_1;setSpecifications_handle_specifications_1;setTaggedValue_handle_tag_value_1;setType_handle_type_1;removeDeploymentLocation_handle_node_1;setAbstract_handle_flag_1;setActive_handle_active_1;setAggregation_handle_aggregationKind_1;setLeaf_handle_flag_1;setChangeability_handle_ck_1;setReadOnly_handle_isReadOnly_1;setConcurrency_handle_concurrencyKind_1;setKind_handle_kind_1;setMultiplicity_handle_arg_1;setName_handle_name_1;setBody_handle_body_1;setNavigable_handle_flag_1;setOrdering_handle_ok_1;setPowertype_handle_pt_1;setQuery_handle_flag_1;setRoot_handle_flag_1;setSpecification_handle_specification_1;setTargetScope_handle_scopeKind_1;setVisibility_handle_visibility_1;removeConnection_handle_connection_1;addElementResidence_handle_residence_1;removeElementResidence_handle_residence_1;setEnumerationLiterals_enumeration_literals_1;getAllMetatypeNames_return_1;getAllMetaDatatypeNames_return_1
ActivityDisabled,_-2QJYeLaEeCVSp8F0qHMxQ,CopyHelperEUMLImpl,n_copyHelperEUMLImpl_1;copy_source_destination_return_1
ActivityDisabled,_-19OcuLaEeCVSp8F0qHMxQ,ChangeCommand,n_changeCommand_1;objects_1;setObjects_objects_1;getLabel_return_1;isValid_label_objects_return_1
ActivityDisabled,__AN9suLaEeCVSp8F0qHMxQ,DataTypesHelperMDRImpl,n_dataTypesHelperMDRImpl_1;equalsINITIALKind_kind_return_1;equalsDeepHistoryKind_kind_return_1;equalsShallowHistoryKind_kind_return_1;equalsFORKKind_kind_return_1;equalsJOINKind_kind_return_1;equalsCHOICEKind_kind_return_1;equalsJUNCTIONKind_kind_return_1;multiplicityToString_multiplicity_return_1;multiplicityRangeToString_range_return_1;setBody_handle_body_return_1;getBody_handle_return_1;setLanguage_handle_language_return_1;getLanguage_handle_return_1
ActivityDisabled,__HN9kOLaEeCVSp8F0qHMxQ,InitNotationUI,n_initNotationUI_1;init__1;getProjectSettingsTabs_return_1;getSettingsTabs_return_1;getDetailsTabs_return_1
ActivityDisabled,__S96k-LaEeCVSp8F0qHMxQ,ActionImportXMI,n_actionImportXMI_1;serialVersionUID_1
ActivityDisabled,__Y0D4OLaEeCVSp8F0qHMxQ,UndoableAction,n_undoableAction_1
ActivityDisabled,__XB7MuLaEeCVSp8F0qHMxQ,ActionSettings,n_actionSettings_1;serialVersionUID_1;actionPerformed_event_1
ActivityDisabled,__uFwUuLaEeCVSp8F0qHMxQ,CrInvalidJoin,n_crInvalidJoin_1;getCriticizedDesignMaterials_return_1
ActivityDisabled,__7iWcOLaEeCVSp8F0qHMxQ,FigTransition,n_figTransition_1;endArrow_1;dashed_1;initializeTransition__1;setLayer_lay_1;setOwner_owner_1;initPorts_lay_owner_1;getNotationProviderType_return_1;renderingChanged__1;updateDashed__1;getPopUpActions_me_return_1;getDestination_return_1;getSource_return_1
ActivityDisabled,_AKta5OLbEeCVSp8F0qHMxQ,SPFigEdgeModelElement,n_sPFigEdgeModelElement_1
ActivityDisabled,_AW75AuLbEeCVSp8F0qHMxQ,TabStereotype,n_tabStereotype_1;INSET_PX_1;orientation_1;selectedScroll_1;availableScroll_1;panel_1;addStButton_1;removeStButton_1;xferButtons_1;selectedList_1;availableList_1;serialVersionUID_1;makePanel_return_1;shouldBeEnabled_return_1;shouldBeEnabled_target_return_1;setTarget_theTarget_1;doAddStereotype__1;doRemoveStereotype__1
ActivityDisabled,_AXFC8eLbEeCVSp8F0qHMxQ,AvailableListSelectionListener,n_availableListSelectionListener_1;valueChanged_lse_1
ActivityDisabled,_AZ6UgOLbEeCVSp8F0qHMxQ,UMLObjectFlowStateClassifierComboBoxModel,n_uMLObjectFlowStateClassifierComboBoxModel_1;isValidElement_o_return_1;buildModelList__1;getSelectedModelElement_return_1
ActivityDisabled,_AgT3deLbEeCVSp8F0qHMxQ,PropPanelSendAction,n_propPanelSendAction_1;serialVersionUID_1;addExtraActions__1
ActivityDisabled,_AkP8QOLbEeCVSp8F0qHMxQ,PropPanelTimeEvent,n_propPanelTimeEvent_1;initialize__1
ActivityDisabled,_AsR24OLbEeCVSp8F0qHMxQ,UMLAssociationEndTypeComboBoxModel,n_uMLAssociationEndTypeComboBoxModel_1;getSelectedModelElement_return_1
CollabDisabled,_-0eAsOLaEeCVSp8F0qHMxQ,AbstractModelEventPump,n_abstractModelEventPump_1;addModelEventListener_listener_modelelement_eventNames_1;addModelEventListener_listener_modelelement_eventName_1;addModelEventListener_listener_modelelement_1;removeModelEventListener_listener_modelelement_eventNames_1;removeModelEventListener_listener_modelelement_eventName_1;removeModelEventListener_listener_modelelement_1;addClassModelEventListener_listener_modelClass_eventNames_1;addClassModelEventListener_listener_modelClass_eventName_1;removeClassModelEventListener_listener_modelClass_eventNames_1;removeClassModelEventListener_listener_modelClass_eventName_1
CollabDisabled,__BRGk-LaEeCVSp8F0qHMxQ,NotationSettings,n_notationSettings_1;DEFAULT_SETTINGS_1;parent_1;notationLanguage_1;showAssociationNames_1;showAssociationNamesSet_1;showVisibilities_1;showVisibilitiesSet_1;showPaths_1;showPathsSet_1;fullyHandleStereotypes_1;fullyHandleStereotypesSet_1;useGuillemets_1;useGuillemetsSet_1;showMultiplicities_1;showMultiplicitiesSet_1;showSingularMultiplicities_1;showSingularMultiplicitiesSet_1;showTypes_1;showTypesSet_1;showProperties_1;showPropertiesSet_1;showInitialValues_1;showInitialValuesSet_1;initializeDefaultSettings_return_1;getDefaultSettings_return_1;getNotationLanguage_return_1;setNotationLanguage_newLanguage_return_1;isFullyHandleStereotypes_return_1;setFullyHandleStereotypes_newValue_1;isShowSingularMultiplicities_return_1;setShowSingularMultiplicities_showem_1;isUseGuillemets_return_1;setUseGuillemets_showem_1;isShowTypes_return_1;setShowTypes_showem_1;isShowProperties_return_1;setShowProperties_showem_1;isShowInitialValues_return_1;setShowInitialValues_showem_1;isShowMultiplicities_return_1;setShowMultiplicities_showem_1;isShowAssociationNames_return_1;setShowAssociationNames_showem_1;isShowVisibilities_return_1;setShowVisibilities_showem_1;isShowPaths_return_1;setShowPaths_showPaths_1;doUndoable_memento_1
CollabDisabled,__EPiEOLaEeCVSp8F0qHMxQ,StateBodyNotationUml,n_stateBodyNotationUml_1;LANGUAGE_1;parse_modelElement_text_1;getParsingHelp_return_1;toString_modelElement_settings_return_1;toString_modelElement_args_return_1;toString_modelElement_return_1;buildNewCallAction_s_return_1;delete_obj_1
CollabDisabled,__EPiEuLaEeCVSp8F0qHMxQ,ModelElementInfoList,n_modelElementInfoList_1;theList_1;checkRetain_line_return_1;finalisedList_return_1
CollabDisabled,__NT-guLaEeCVSp8F0qHMxQ,InitProfileSubsystem,n_initProfileSubsystem_1;init__1
CollabDisabled,__R7YwOLaEeCVSp8F0qHMxQ,JLinkButton,n_jLinkButton_1;ALWAYS_UNDERLINE_1;HOVER_UNDERLINE_1;NEVER_UNDERLINE_1;SYSTEM_DEFAULT_1;linkBehavior_1;linkColor_1;colorPressed_1;visitedLinkColor_1;disabledLinkColor_1;buttonURL_1;defaultAction_1;isLinkVisited_1;updateUI__1;getUIClassID_return_1;setupToolTipText__1;getLinkBehavior_return_1;getLinkColor_return_1;getActiveLinkColor_return_1;getDisabledLinkColor_return_1;getVisitedLinkColor_return_1;getLinkURL_return_1;setLinkURL_url_1;isLinkVisited_return_1;paramString_return_1
CollabDisabled,__XnxFOLaEeCVSp8F0qHMxQ,HelpListener,n_helpListener_1
CollabDisabled,__amMk-LaEeCVSp8F0qHMxQ,InitUiCmdSubsystem,n_initUiCmdSubsystem_1;getProjectSettingsTabs_return_1;getSettingsTabs_return_1;init__1;getDetailsTabs_return_1
CollabDisabled,__ciGQOLaEeCVSp8F0qHMxQ,PerspectiveConfigurator,n_perspectiveConfigurator_1;LOG_1;INSET_PX_1;configPanelNorth_1;configPanelSouth_1;splitPane_1;renameTextField_1;newPerspectiveButton_1;removePerspectiveButton_1;duplicatePerspectiveButton_1;moveUpButton_1;moveDownButton_1;addRuleButton_1;removeRuleButton_1;resetToDefaultButton_1;perspectiveList_1;perspectiveRulesList_1;ruleLibraryList_1;perspectiveListModel_1;perspectiveRulesListModel_1;ruleLibraryListModel_1;persLabel_1;ruleLibLabel_1;rulesLabel_1;makeLists__1;makeButtons__1;makeLayout__1;makeListeners__1;loadLibrary__1;loadPerspectives__1;updatePersLabel__1;updateLibLabel__1;updateRuleLabel__1;sortJListModel_list_1;doAddRule__1;doRemoveRule__1
CollabDisabled,__c1BMeLaEeCVSp8F0qHMxQ,RemovePerspectiveListener,n_removePerspectiveListener_1
CollabDisabled,__e6E0OLaEeCVSp8F0qHMxQ,ExplorerPopup,n_explorerPopup_1;createDiagrams_1;LOG_1;MODEL_ELEMENT_MENUITEMS_1;serialVersionUID_1;initMenuCreateDiagrams__1;initMenuCreateModelElements__1;addCreateModelElementAction_menuItems_metaType_relationshipDescr_1;buildDirectionalCreateMenuItem_metaType_source_dest_relationshipDescr_menu_1;menuLocalize_key_return_1;addMenuItemForBothEndsOf_edge_1
CollabDisabled,__u-hI-LaEeCVSp8F0qHMxQ,WizAddOperation,n_wizAddOperation_1;label_1;instructions_1;doAction_oldStep_1;makePanel_newStep_return_1
CollabDisabled,__0PbouLaEeCVSp8F0qHMxQ,DiagramUtils,n_diagramUtils_1;LOG_1;getActiveLayer_return_1
CollabDisabled,__1IzguLaEeCVSp8F0qHMxQ,FigPool,n_figPool_1;clone_return_1;addEnclosedFig_figState_1;setFillColor_col_1;getFillColor_return_1;isFilled_return_1;getMinimumSize_return_1;getUseTrapRect_return_1;isSelectable_return_1
CollabDisabled,_AGPxoOLbEeCVSp8F0qHMxQ,ActionStereotypeViewBigIcon,n_actionStereotypeViewBigIcon_1
CollabDisabled,_AdVb8OLbEeCVSp8F0qHMxQ,PropPanelMessage,n_propPanelMessage_1;serialVersionUID_1
CollabDisabled,_AdVb8uLbEeCVSp8F0qHMxQ,ActionToolNewAction,n_actionToolNewAction_1;serialVersionUID_1
CollabDisabled,_AdVb8-LbEeCVSp8F0qHMxQ,ActionAddClassifierRoleBase,n_actionAddClassifierRoleBase_1;SINGLETON_1;getChoices_return_1;getSelected_return_1;getDialogTitle_return_1;doIt_selected_1
CollabDisabled,_Aj9BUOLbEeCVSp8F0qHMxQ,UMLStateExitList,n_uMLStateExitList_1;getPopupMenu_return_1
CollabDisabled,_AxV9EOLbEeCVSp8F0qHMxQ,PropPanelTaggedValue,n_propPanelTaggedValue_1;modelElementSelector_1;typeSelector_1;referenceValuesScroll_1;dataValuesScroll_1;getReferenceValuesScroll_return_1;getDataValuesScroll_return_1;getModelElementSelector_return_1;getTypeSelector_return_1
CollabDisabled,_Axo4AOLbEeCVSp8F0qHMxQ,UMLReferenceValueListModel,n_uMLReferenceValueListModel_1;buildModelList__1;isValidElement_element_return_1
DeployDisabled,_-9_JEeLaEeCVSp8F0qHMxQ,MDRModelImplementation,n_mDRModelImplementation_1;LOG_1;repository_1;umlPackage_1;mofPackage_1;mofExtent_1;objectToId_1;public2SystemIds_1;searchDirs_1;extents_1;MOF_EXTENT_NAME_1;MODEL_EXTENT_NAME_1;METAMODEL_URL_1;getUmlPackage_return_1;createExtent_name_readOnly_return_1;deleteExtent_extent_1;deleteExtentUnchecked_extent_1;getExtents_return_1;isReadOnly_extent_return_1;getMofPackage_return_1;getModelPackage_return_1;getRepository_return_1;getDefaultRepository_return_1;initializeM2__1;initializeFactories_up_1;createDefaultExtent_return_1;shutdown__1;getObjectToId_return_1;getPublic2SystemIds_return_1;addSearchPath_path_1;removeSearchPath_path_1;getSearchPath_return_1
DeployDisabled,__Lh10OLaEeCVSp8F0qHMxQ,ArgoParser,n_argoParser_1;LOG_1;memberList_1;isElementOfInterest_name_return_1;getMemberList_return_1
DeployDisabled,__LFJ4eLaEeCVSp8F0qHMxQ,ProfileConfigurationParser,n_profileConfigurationParser_1;LOG_1;model_1;filename_1;profiles_1;unresolvedFilenames_1;getProfiles_return_1;getUnresolvedFilenames_return_1
DeployDisabled,__IjaUeLaEeCVSp8F0qHMxQ,XmiFilePersister,n_xmiFilePersister_1;LOG_1;pgmlStrings_1;todoString_1;argoString_1;getExtension_return_1;getDesc_return_1;isSaveEnabled_return_1;hasAnIcon_return_1;parse_label_xmiExtensionString_1
DeployDisabled,__Sq_oOLaEeCVSp8F0qHMxQ,StatusBar,n_statusBar_1;msg_1;progress_1;statusText_1;showProgress_percent_1;incProgress_delataPercent_1;doFakeProgress_s_work_1;run__1
DeployDisabled,__TbNkOLaEeCVSp8F0qHMxQ,SplashPanel,n_splashPanel_1;splashImage_1;getImage_return_1
DeployDisabled,__Too8eLaEeCVSp8F0qHMxQ,GResolution,n_gResolution_1;resolution_1;label_1;getResolution_return_1;toString_return_1
DeployDisabled,__hllYOLaEeCVSp8F0qHMxQ,OperationsNode,n_operationsNode_1;parent_1;getParent_return_1;toString_return_1;subsumes_obj_return_1
DeployDisabled,__qg34OLaEeCVSp8F0qHMxQ,CrNonAggDataType,n_crNonAggDataType_1;getCriticizedDesignMaterials_return_1
DeployDisabled,__xaxIOLaEeCVSp8F0qHMxQ,CrCircularInheritance,n_crCircularInheritance_1;LOG_1;getCriticizedDesignMaterials_return_1
DeployDisabled,___QY0uLaEeCVSp8F0qHMxQ,StylePanelFigClass,n_stylePanelFigClass_1;attrCheckBox_1;operCheckBox_1;refreshTransaction_1;serialVersionUID_1;refresh__1
DeployDisabled,_ARR88uLbEeCVSp8F0qHMxQ,ActionSetSourcePath,n_actionSetSourcePath_1;serialVersionUID_1;getNewDirectory_return_1
DeployDisabled,_ATXAmeLbEeCVSp8F0qHMxQ,TabDocumentation,n_tabDocumentation_1;orientation_1;disableTextArea_textArea_1;shouldBeEnabled_return_1;shouldBeEnabled_target_return_1
DeployDisabled,_AbZiQ-LbEeCVSp8F0qHMxQ,ActionSetRepresentedClassifierCollaboration,n_actionSetRepresentedClassifierCollaboration_1
DeployDisabled,_Amoh4uLbEeCVSp8F0qHMxQ,UMLExtensionPointUseCaseListModel,n_uMLExtensionPointUseCaseListModel_1;buildModelList__1;isValidElement_o_return_1
DeployDisabled,_AtxEpuLbEeCVSp8F0qHMxQ,UMLConstraintBodyDocument,n_uMLConstraintBodyDocument_1;setProperty_text_1;getProperty_return_1
DeployDisabled,_AwmWNOLbEeCVSp8F0qHMxQ,ActionSetMetaClass,n_actionSetMetaClass_1;SINGLETON_1
Original,__JvtIOLaEeCVSp8F0qHMxQ,FigEdgeHandler,n_figEdgeHandler_1
Original,__OqCUuLaEeCVSp8F0qHMxQ,OclInterpreter,n_oclInterpreter_1;tree_1;applicable_modelElement_return_1;check_modelElement_return_1;getTriggers_return_1;getCriticizedDesignMaterials_return_1
Original,__YXX8OLaEeCVSp8F0qHMxQ,FindDialog,n_findDialog_1;instance_1;nextResultNum_1;numFinds_1;INSET_PX_1;search_1;clearTabs_1;nameLocTab_1;elementName_1;diagramName_1;location_1;type_1;typeDetails_1;results_1;help_1;resultTabs_1;serialVersionUID_1;getInstance_return_1;initNameLocTab__1;initHelpTab__1;initTypes__1;nameButtons__1;doSearch__1;reset__1;doClearTabs__1;doResetFields_complete_1;doGoToSelection__1;mousePressed_me_1;mouseReleased_me_1;mouseEntered_me_1;mouseExited_me_1;mouseClicked_me_1;myDoubleClick_tab_1
Original,__ZQv0uLaEeCVSp8F0qHMxQ,PrintManager,n_printManager_1;printCmd_1;INSTANCE_1;getInstance_return_1;print__1;showPageSetupDialog__1
Original,__Z2lsOLaEeCVSp8F0qHMxQ,ActionExit,n_actionExit_1;serialVersionUID_1;actionPerformed_ae_1;doCommand_argument_return_1
Original,__lKd1OLaEeCVSp8F0qHMxQ,GoProjectToDiagram,n_goProjectToDiagram_1;getRuleName_return_1;getChildren_parent_return_1;getDependencies_parent_return_1
Original,__pxRAuLaEeCVSp8F0qHMxQ,CrMissingOperName,n_crMissingOperName_1;getCriticizedDesignMaterials_return_1
Original,__p7CA-LaEeCVSp8F0qHMxQ,CrInvalidPseudoStateTrigger,n_crInvalidPseudoStateTrigger_1;getCriticizedDesignMaterials_return_1
Original,__smikOLaEeCVSp8F0qHMxQ,CrNoGuard,n_crNoGuard_1;getCriticizedDesignMaterials_return_1
Original,__tMYceLaEeCVSp8F0qHMxQ,CrUML,n_crUML_1;LOG_1;localizationPrefix_1;OCL_START_1;OCL_END_1;serialVersionUID_1;setResource_key_1;getLocalizedString_suffix_return_1;getLocalizedString_key_suffix_return_1;getInstructions_return_1;getDefaultSuggestion_return_1;setupHeadAndDesc__1;getClassSimpleName_return_1
Original,__2eQQeLaEeCVSp8F0qHMxQ,FigAssociationRole,n_figAssociationRole_1;getNotationProviderType_return_1;computeRouteImpl__1
Original,__9dpEuLaEeCVSp8F0qHMxQ,FigSubmachineState,n_figSubmachineState_1;INCLUDE_HEIGHT_1;WIDTH_1;cover_1;divider_1;divider2_1;circle1_1;circle2_1;circle1tocircle2_1;include_1;initFigs__1;setOwner_node_1;clone_return_1;getMinimumSize_return_1;getUseTrapRect_return_1;setLineColor_col_1;getLineColor_return_1;setFillColor_col_1;getFillColor_return_1;isFilled_return_1;getLineWidth_return_1;modelChanged_mee_1;updateListeners_oldOwner_newOwner_1;updateListenersX_newOwner_oldV_1;updateInclude__1;generateSubmachine_m_return_1;getInitialHeight_return_1;getInitialWidth_return_1;getInitialX_return_1;getInitialY_return_1
Original,_ANr2YuLbEeCVSp8F0qHMxQ,ImportCommon,n_importCommon_1;MAX_PROGRESS_PREPARE_1;MAX_PROGRESS_IMPORT_1;MAX_PROGRESS_1;modules_1;srcPath_1;selectedFiles_1;getImportLevel_return_1;initCurrentDiagram__1;getInputSourceEncoding_return_1;setSrcPath_path_1;getSrcPath_return_1;isCreateDiagramsSelected_return_1;isMinimizeFigsSelected_return_1;isDiagramLayoutSelected_return_1;isDescendSelected_return_1;isChangedOnlySelected_return_1;getModules_return_1;setSelectedFiles_files_1;getSelectedFiles_return_1;getLanguages_return_1;isDescend_return_1;isChangedOnly_return_1;isCreateDiagrams_return_1;isMinimizeFigs_return_1;skipTokens_st_count_1;isDiagramLayout_return_1;getEncoding_return_1;addFiguresToDiagrams_newElements_1;getQualifiedName_element_return_1;printToBuffer_e_return_1
Original,_AYkQsuLbEeCVSp8F0qHMxQ,UMLDerivedCheckBox,n_uMLDerivedCheckBox_1
Original,_Aj9BVOLbEeCVSp8F0qHMxQ,PropPanelCompositeState,n_propPanelCompositeState_1;serialVersionUID_1;subverticesList_1;addConcurrentRegion_1;addExtraButtons__1;updateExtraButtons__1;initialize__1
Original,_As4T0OLbEeCVSp8F0qHMxQ,ActionSetParameterDirectionKind,n_actionSetParameterDirectionKind_1;SINGLETON_1;IN_COMMAND_1;OUT_COMMAND_1;INOUT_COMMAND_1;RETURN_COMMAND_1;getInstance_return_1
Original,_AxV9EOLbEeCVSp8F0qHMxQ,PropPanelTaggedValue,n_propPanelTaggedValue_1;modelElementSelector_1;typeSelector_1;referenceValuesScroll_1;dataValuesScroll_1;getReferenceValuesScroll_return_1;getDataValuesScroll_return_1;getModelElementSelector_return_1;getTypeSelector_return_1
Original,_AxV9EuLbEeCVSp8F0qHMxQ,ActionSetTaggedValueModelElement,n_actionSetTaggedValueModelElement_1
SequenceDisabled,_-iBl0OLaEeCVSp8F0qHMxQ,SubsystemUtility,n_subsystemUtility_1
SequenceDisabled,_-mCjIeLaEeCVSp8F0qHMxQ,ResolvedCritic,n_resolvedCritic_1;LOG_1;critic_1;offenders_1;hashCode_return_1;equals_obj_return_1;getCritic_return_1;getOffenderList_return_1;toString_return_1
SequenceDisabled,_-06soOLaEeCVSp8F0qHMxQ,AbstractExtensionMechanismsHelperDecorator,n_abstractExtensionMechanismsHelperDecorator_1;getStereotypes_ns_return_1;getStereotype_ns_stereo_return_1;getStereotype_models_stereo_return_1;getMetaModelName_m_return_1;getAllPossibleStereotypes_models_modelElement_return_1;isValidStereotype_theModelElement_theStereotype_return_1;getStereotypes_models_return_1;addCopyStereotype_modelElement_stereotype_1;isStereotype_object_name_base_return_1;isStereotypeInh_object_name_base_return_1;addExtendedElement_handle_extendedElement_1;addBaseClass_handle_baseClass_1;removeBaseClass_handle_baseClass_1;setIcon_handle_icon_1;setTagType_handle_tagType_1;setType_handle_type_1;setValueOfTag_handle_value_1;setDataValues_handle_values_1;addTaggedValue_handle_taggedValue_1;removeTaggedValue_handle_taggedValue_1;setTaggedValue_handle_taggedValues_1;hasStereotype_handle_name_return_1
SequenceDisabled,__OgRVOLaEeCVSp8F0qHMxQ,EvaluateInvariant,n_evaluateInvariant_1;ok_1;modelElement_1;isOK_return_1;caseAConstraint_node_1
SequenceDisabled,__TbNkOLaEeCVSp8F0qHMxQ,SplashPanel,n_splashPanel_1;splashImage_1;getImage_return_1
SequenceDisabled,__X6sAuLaEeCVSp8F0qHMxQ,PerspectiveSupport,n_perspectiveSupport_1;goRules_1;name_1;rules_1;addSubTreeModel_tm_1;removeSubTreeModel_tm_1;getSubTreeModelList_return_1;getName_return_1;toString_return_1;registerRule_rule_1;getGoRuleList_return_1
SequenceDisabled,__aJgoOLaEeCVSp8F0qHMxQ,SettingsTabShortcuts,n_settingsTabShortcuts_1;serialVersionUID_1;NONE_NAME_1;DEFAULT_NAME_1;CUSTOM_NAME_1;table_1;selectedContainer_1;shortcutFieldDefaultBg_1;customButton_1;defaultButton_1;noneButton_1;warningLabel_1;lastRowSelected_1;columnNames_1;elements_1;getTabKey_return_1;getTabPanel_return_1;enableFields_enable_1;handleResetToDefault__1;handleSettingsTabCancel__1;handleSettingsTabRefresh__1;handleSettingsTabSave__1;valueChanged_lse_1;resetKeyStrokeConflict__1;setKeyStrokeValue_newKeyStroke_1;checkShortcutAlreadyAssigned_newKeyStroke_1
SequenceDisabled,__k270uLaEeCVSp8F0qHMxQ,GoSummaryToInheritance,n_goSummaryToInheritance_1;getRuleName_return_1;getChildren_parent_return_1;getDependencies_parent_return_1
SequenceDisabled,__qqo4eLaEeCVSp8F0qHMxQ,WizAddConstructor,n_wizAddConstructor_1;label_1;instructions_1;serialVersionUID_1;doAction_oldStep_1;getCreateStereotype_obj_return_1;makePanel_newStep_return_1
SequenceDisabled,__xNVxOLaEeCVSp8F0qHMxQ,ProfileCodeGeneration,n_profileCodeGeneration_1;critics_1;getDisplayName_return_1;getProfileIdentifier_return_1
SequenceDisabled,__vRcEuLaEeCVSp8F0qHMxQ,CrConflictingComposites,n_crConflictingComposites_1
SequenceDisabled,_AAcEkeLbEeCVSp8F0qHMxQ,FigStereotypeDeclaration,n_figStereotypeDeclaration_1;serialVersionUID_1;constructFigs__1;makeSelection_return_1;getPopUpActions_me_return_1;getMinimumSize_return_1;modelChanged_mee_1;updateListeners_oldOwner_newOwner_1
SequenceDisabled,___2OseLaEeCVSp8F0qHMxQ,SelectionClass,n_selectionClass_1;inherit_1;assoc_1;compos_1;selfassoc_1;useComposite_1;icons_1;instructions_1;edgeType_1;getIcons_return_1;getInstructions_index_return_1;getNewNodeType_i_return_1;getNewEdgeType_i_return_1;isReverseEdge_i_return_1;isDraggableHandle_index_return_1;isEdgePostProcessRequested_return_1;mouseEntered_me_1;getNewNode_index_return_1
SequenceDisabled,_ACFDUeLbEeCVSp8F0qHMxQ,SettingsTabDiagramAppearance,n_settingsTabDiagramAppearance_1;jbtnDiagramFont_1;selectedDiagramFontName_1;selectedDiagramFontSize_1;scope_1;jlblDiagramFont_1;initialize__1;getJbtnDiagramFont_return_1;handleSettingsTabRefresh__1;handleSettingsTabSave__1;handleSettingsTabCancel__1;handleResetToDefault__1;getTabKey_return_1;getTabPanel_return_1;createCheckBox_key_return_1;createLabel_key_return_1;createButton_key_return_1;setVisible_arg0_1
SequenceDisabled,_AbisMOLbEeCVSp8F0qHMxQ,PropPanelCollaboration,n_propPanelCollaboration_1;serialVersionUID_1
SequenceDisabled,_Ak_jIeLbEeCVSp8F0qHMxQ,ActionSetCompositeStateConcurrent,n_actionSetCompositeStateConcurrent_1;SINGLETON_1;getInstance_return_1
SequenceDisabled,_AtBdxOLbEeCVSp8F0qHMxQ,UMLClassOperationListModel,n_uMLClassOperationListModel_1;buildModelList__1;isValidElement_element_return_1;moveDown_index1_1;moveToBottom_index_1;moveToTop_index_1
StateDisabled,_-vG_keLaEeCVSp8F0qHMxQ,NonUndoableCommand,n_nonUndoableCommand_1;execute_return_1;undo__1;isUndoable_return_1;isRedoable_return_1
StateDisabled,_-7dZgeLaEeCVSp8F0qHMxQ,XmiReferenceResolverImpl,n_xmiReferenceResolverImpl_1;LOG_1;idToObjects_1;objectsToId_1;topSystemId_1;baseUri_1;modulesPath_1;urlMap_1;reverseUrlMap_1;profile_1;public2SystemIds_1;modelPublicId_1;CLASSPATH_MODEL_SUFFIXES_1;register_systemId_xmiId_object_1;getIdToObjectMap_return_1;clearIdMaps__1;toURL_systemId_return_1;findModuleURL_moduleName_return_1;getSuffix_systemId_return_1;findModelUrlOnClasspath_systemId_return_1;getValidURL_systemId_return_1;fixupURL_url_return_1;readExternalDocument_arg0_1
StateDisabled,_--I6EuLaEeCVSp8F0qHMxQ,ActivityGraphsFactoryMDRImpl,n_activityGraphsFactoryMDRImpl_1;createActionState_return_1;createActivityGraph_return_1;createCallState_return_1;createClassifierInState_return_1;createObjectFlowState_return_1;createPartition_return_1;createSubactivityState_return_1;buildActivityGraph_theContext_return_1;buildObjectFlowState_compositeState_return_1;buildClassifierInState_classifier_state_return_1;deleteActionState_elem_1;deleteActivityGraph_elem_1;deleteCallState_elem_1;deleteClassifierInState_elem_1;deleteObjectFlowState_elem_1;deletePartition_elem_1;deleteSubactivityState_elem_1
StateDisabled,__L0wwOLaEeCVSp8F0qHMxQ,OldZargoFilePersister,n_oldZargoFilePersister_1;LOG_1;ARGO_MINI_TEE_1;getDesc_return_1;isSaveEnabled_return_1;isLoadEnabled_return_1
StateDisabled,__WlPQOLaEeCVSp8F0qHMxQ,SaveSwingWorker,n_saveSwingWorker_1;overwrite_1;file_1;result_1;finished__1
StateDisabled,__acbkOLaEeCVSp8F0qHMxQ,GenericArgoMenuBar,n_genericArgoMenuBar_1;LOG_1;moduleMenus_1;moduleCreateDiagramActions_1;disableableActions_1;ZOOM_FACTOR_1;MENU_1;MENUITEM_1;fileToolbar_1;editToolbar_1;viewToolbar_1;createDiagramToolbar_1;edit_1;select_1;createDiagramMenu_1;tools_1;generate_1;help_1;navigateTargetForwardAction_1;navigateTargetBackAction_1;serialVersionUID_1;initActions__1;setMnemonic_item_key_1;menuLocalize_key_return_1;menuItemLocalize_key_return_1;initMenus__1;initModulesUI__1;initMenuFile__1;initMenuEdit__1;initMenuView__1;initMenuCreate__1;initMenuArrange__1;initAlignMenu_align_1;initDistributeMenu_distribute_1;initReorderMenu_reorder_1;initMenuGeneration__1;initMenuCritique__1;initMenuTools__1;initMenuHelp__1;initModulesMenus__1;initModulesActions__1;getCreateDiagramToolbar_return_1;getCreateDiagramMenu_return_1;getEditToolbar_return_1;getFileToolbar_return_1;getViewToolbar_return_1;prepareKey_str_return_1;addFileSaved_filename_1;getTools_return_1;setTarget__1;registerMenuItem_menu_1;registerCreateDiagramAction_action_1;registerForMacEvents__1;macQuit__1;macAbout__1;macPreferences__1;macOpenFile_filename_1
StateDisabled,__bfkceLaEeCVSp8F0qHMxQ,ExplorerEventAdaptor,n_explorerEventAdaptor_1;LOG_1;structureChanged__1;modelElementAdded_element_1;modelElementChanged_element_1;propertyChange_pce_1
StateDisabled,__bouYeLaEeCVSp8F0qHMxQ,ProfileChangeListener,n_profileChangeListener_1
StateDisabled,__ciGQOLaEeCVSp8F0qHMxQ,PerspectiveConfigurator,n_perspectiveConfigurator_1;LOG_1;INSET_PX_1;configPanelNorth_1;configPanelSouth_1;splitPane_1;renameTextField_1;newPerspectiveButton_1;removePerspectiveButton_1;duplicatePerspectiveButton_1;moveUpButton_1;moveDownButton_1;addRuleButton_1;removeRuleButton_1;resetToDefaultButton_1;perspectiveList_1;perspectiveRulesList_1;ruleLibraryList_1;perspectiveListModel_1;perspectiveRulesListModel_1;ruleLibraryListModel_1;persLabel_1;ruleLibLabel_1;rulesLabel_1;makeLists__1;makeButtons__1;makeLayout__1;makeListeners__1;loadLibrary__1;loadPerspectives__1;updatePersLabel__1;updateLibLabel__1;updateRuleLabel__1;sortJListModel_list_1;doAddRule__1;doRemoveRule__1
StateDisabled,__c1BMeLaEeCVSp8F0qHMxQ,RemovePerspectiveListener,n_removePerspectiveListener_1
StateDisabled,__iMCVOLaEeCVSp8F0qHMxQ,GoStateToDoActivity,n_goStateToDoActivity_1;getChildren_parent_return_1;getDependencies_parent_return_1;getRuleName_return_1
StateDisabled,__j0aBOLaEeCVSp8F0qHMxQ,GoModelElementToComment,n_goModelElementToComment_1;getChildren_parent_return_1;getRuleName_return_1;getDependencies_parent_return_1
StateDisabled,_AILrUeLbEeCVSp8F0qHMxQ,ModeLabelDrag,n_modeLabelDrag_1;dragFig_1;figEdge_1;dragBasePoint_1;deltax_1;deltay_1;instructions_return_1;mousePressed_me_1;mouseReleased_me_1;mouseDragged_me_1
StateDisabled,_AE5t0uLbEeCVSp8F0qHMxQ,ModeCreateAssociationEnd,n_modeCreateAssociationEnd_1;serialVersionUID_1;getMetaType_return_1;buildConnection_graphModel_edgeType_sourceFig_destFig_return_1;convertToFigNode_fig_return_1
StateDisabled,_AQiWEOLbEeCVSp8F0qHMxQ,UMLMultiplicityPanel,n_uMLMultiplicityPanel_1;multiplicityComboBox_1;checkBox_1;multiplicityList_1;getPreferredSize_return_1;itemStateChanged_event_1;getTarget_return_1
StateDisabled,_AQiWEuLbEeCVSp8F0qHMxQ,MultiplicityComboBox,n_multiplicityComboBox_1;doOnEdit_item_1
StateDisabled,_AW75AuLbEeCVSp8F0qHMxQ,TabStereotype,n_tabStereotype_1;INSET_PX_1;orientation_1;selectedScroll_1;availableScroll_1;panel_1;addStButton_1;removeStButton_1;xferButtons_1;selectedList_1;availableList_1;serialVersionUID_1;makePanel_return_1;shouldBeEnabled_return_1;shouldBeEnabled_target_return_1;setTarget_theTarget_1;doAddStereotype__1;doRemoveStereotype__1
StateDisabled,_AeFC0OLbEeCVSp8F0qHMxQ,ActionNewCreateAction,n_actionNewCreateAction_1;SINGLETON_1;createAction_return_1;getInstance_return_1
StateDisabled,_Agv8UuLbEeCVSp8F0qHMxQ,PropPanelObject,n_propPanelObject_1;serialVersionUID_1
StateDisabled,_Ay-UwOLbEeCVSp8F0qHMxQ,StringNamespaceElement,n_stringNamespaceElement_1;element_1;getNamespaceElement_return_1;toString_return_1
UsecaseDisabled,__H9kcOLaEeCVSp8F0qHMxQ,CrConsiderSingleton,n_crConsiderSingleton_1;serialVersionUID_1
UsecaseDisabled,__Jl8IuLaEeCVSp8F0qHMxQ,VersionException,n_versionException_1
UsecaseDisabled,__KfUAOLaEeCVSp8F0qHMxQ,MemberFilePersister,n_memberFilePersister_1;getMainTag_return_1;addXmlFileToWriter_writer_file_1
UsecaseDisabled,__KfUAuLaEeCVSp8F0qHMxQ,PGMLStackParser,n_pGMLStackParser_1;LOG_1;figEdges_1;modelElementsByFigEdge_1;addTranslations__1;getHandler_stack_container_uri_localname_qname_attributes_return_1;setAttrs_f_attrList_1;interpretStyle_st_return_1;setStyleAttributes_fig_attributeMap_1;readDiagram_is_closeStream_return_1;addFigEdge_figEdge_sourcePortFigId_destPortFigId_sourceFigNodeId_destFigNodeId_1;getFigNode_figId_return_1;getPortFig_figNode_return_1;constructFig_className_href_bounds_return_1;setDiagram_diagram_1
UsecaseDisabled,__X6sAOLaEeCVSp8F0qHMxQ,TabResults,n_tabResults_1;LOG_1;numJumpToRelated_1;INSET_PX_1;root_1;mainPane_1;results_1;related_1;diagrams_1;relatedShown_1;resultsLabel_1;resultsTable_1;relatedLabel_1;relatedTable_1;serialVersionUID_1;setResults_res_dia_1;doDoubleClick__1;selectResult_index_1;actionPerformed_ae_1;mousePressed_me_1;mouseReleased_me_1;mouseClicked_me_1;mouseEntered_me_1;mouseExited_me_1;myDoubleClick_src_1;valueChanged_lse_1;run__1
UsecaseDisabled,__YEdAOLaEeCVSp8F0qHMxQ,GUI,n_gUI_1;instance_1;settingsTabs_1;projectSettingsTabs_1;getInstance_return_1;getSettingsTabs_return_1;getProjectSettingsTabs_return_1
UsecaseDisabled,__pBqIOLaEeCVSp8F0qHMxQ,Init,n_init_1;init__1;createChecklists__1
UsecaseDisabled,__tWJceLaEeCVSp8F0qHMxQ,CrSubclassReference,n_crSubclassReference_1;getCriticizedDesignMaterials_return_1
UsecaseDisabled,__71RYOLaEeCVSp8F0qHMxQ,FigHistoryState,n_figHistoryState_1;X_1;Y_1;WIDTH_1;HEIGHT_1;h_1;head_1;serialVersionUID_1;initFigs__1;setStandardBounds_x_y_width_height_1;getH_return_1;placeString_return_1;clone_return_1;isResizable_return_1;setLineColor_col_1;getLineColor_return_1;setFillColor_col_1;getFillColor_return_1;isFilled_return_1;getLineWidth_return_1;mouseClicked_me_1
UsecaseDisabled,__83zMeLaEeCVSp8F0qHMxQ,StateDiagramPropPanelFactory,n_stateDiagramPropPanelFactory_1
UsecaseDisabled,_AG_YgOLbEeCVSp8F0qHMxQ,FigDependency,n_figDependency_1;serialVersionUID_1;constructFigs__1;createEndArrow_return_1;canEdit_f_return_1;setLineColor_color_1;updateNameText__1;updateStereotypeText__1
UsecaseDisabled,_Aa82UOLbEeCVSp8F0qHMxQ,UMLActivityGraphContextComboBoxModel,n_uMLActivityGraphContextComboBoxModel_1;buildModelList__1;isValidElement_element_return_1;getSelectedModelElement_return_1
UsecaseDisabled,_AqWkQuLbEeCVSp8F0qHMxQ,ActionSetFlowSource,n_actionSetFlowSource_1;SINGLETON_1;getInstance_return_1
UsecaseDisabled,_Av2vUOLbEeCVSp8F0qHMxQ,ActionSetAssociationEndNavigable,n_actionSetAssociationEndNavigable_1;SINGLETON_1;getInstance_return_1
UsecaseDisabled,_AxDCIuLbEeCVSp8F0qHMxQ,ActionNewTagDefinition,n_actionNewTagDefinition_1
UsecaseDisabled,_AyFj8-LbEeCVSp8F0qHMxQ,PropPanelPackage,n_propPanelPackage_1;serialVersionUID_1;modifiersPanel_1;generalizationScroll_1;specializationScroll_1;placeElements__1;getModifiersPanel_return_1;getGeneralizationScroll_return_1;getSpecializationScroll_return_1
UsecaseDisabled,_AzIFxOLbEeCVSp8F0qHMxQ,KeyEventUtils,n_keyEventUtils_1;MODIFIER_JOINER_1;SHIFT_MODIFIER_1;CTRL_MODIFIER_1;META_MODIFIER_1;ALT_MODIFIER_1;ALT_GRAPH_MODIFIER_1;isActionEvent_evt_return_1;getKeyText_keyCode_return_1;getModifiersText_modifiers_return_1;formatKeyStroke_keyStroke_return_1
