ActivityDisabled,_-nX_4OLaEeCVSp8F0qHMxQ,ChecklistStatus,n_checklistStatus_1;numChecks_1
ActivityDisabled,_-tnx0eLaEeCVSp8F0qHMxQ,ArgoModeCreateFigInk,n_argoModeCreateFigInk_1;instructions_return_1;createNewItem_me_snapX_snapY_return_1
ActivityDisabled,_-35IIOLaEeCVSp8F0qHMxQ,ExtensionMechanismsFactoryEUMLImpl,n_extensionMechanismsFactoryEUMLImpl_1;buildStereotype_theModelElementObject_theName_theNamespaceObject_return_1;buildStereotype_theModelElementObject_theName_model_models_return_1;buildStereotype_text_ns_return_1;buildTagDefinition_name_stereotype_ns_return_1;buildTagDefinition_name_stereotype_namespace_tagType_return_1;buildTaggedValue_tag_value_return_1;buildTaggedValue_type_value_return_1;copyStereotype_source_ns_return_1;copyTagDefinition_aTd_aNs_return_1;copyTaggedValues_source_target_1;createStereotype_return_1;createTagDefinition_return_1;createTaggedValue_return_1
ActivityDisabled,_-8zdU-LaEeCVSp8F0qHMxQ,UndoActivityGraphsHelperDecorator,n_undoActivityGraphsHelperDecorator_1
ActivityDisabled,__NT-hOLaEeCVSp8F0qHMxQ,ProfileLoader,n_profileLoader_1;LOG_1;JAR_PREFIX_1;FILE_PREFIX_1;doLoad__1;huntForProfilesInDir_dir_1;loadProfilesFromJarFile_manifest_file_classloader_1;loadManifestDependenciesForProfile_attr_return_1;loadJavaCriticsForProfile_attr_classloader_return_1
ActivityDisabled,__NdvgeLaEeCVSp8F0qHMxQ,JarFileFilter,n_jarFileFilter_1;accept_pathname_return_1
ActivityDisabled,__n1XU-LaEeCVSp8F0qHMxQ,PredicateSearch,n_predicateSearch_1;matchDiagram_name_return_1;matchPackage_pkg_return_1;evaluate_element_return_1
ActivityDisabled,__o4gM-LaEeCVSp8F0qHMxQ,UMLCheckItem,n_uMLCheckItem_1;LOG_1;expand_res_dm_return_1
ActivityDisabled,_ALKG0-LbEeCVSp8F0qHMxQ,FigStereotypesGroup,n_figStereotypesGroup_1;bigPort_1;LOG_1;keyword_1;stereotypeCount_1;hidingStereotypesWithIcon_1;setOwner_own_1;removeFromDiagram__1;getBigPort_return_1;propertyChange_event_1;reorderStereotypeFigs__1;getStereotypeFigs_return_1;populate__1;getStereotypeCount_return_1;getBoundsForNextStereotype_return_1;updateHiddenStereotypes__1;setKeyword_word_1;isHidingStereotypesWithIcon_return_1;setHidingStereotypesWithIcon_hideStereotypesWithIcon_1;getMinimumSize_return_1
ActivityDisabled,_AG_YguLbEeCVSp8F0qHMxQ,ArgoFigGroup,n_argoFigGroup_1;LOG_1;renderingChanged__1;setOwner_owner_1
ActivityDisabled,_AYkQtOLbEeCVSp8F0qHMxQ,ActionImportFromSources,n_actionImportFromSources_1;LOG_1;SINGLETON_1;actionPerformed_event_1;getInstance_return_1
ActivityDisabled,_ARuo4OLbEeCVSp8F0qHMxQ,ActionCollaborationDiagram,n_actionCollaborationDiagram_1;serialVersionUID_1
ActivityDisabled,_AmL18OLbEeCVSp8F0qHMxQ,UMLCallEventOperationComboBoxModel,n_uMLCallEventOperationComboBoxModel_1;buildModelList__1;getSelectedModelElement_return_1;isValidElement_element_return_1
ActivityDisabled,_Apm9ZeLbEeCVSp8F0qHMxQ,ActionNewModelElementConstraint,n_actionNewModelElementConstraint_1;SINGLETON_1;getInstance_return_1
ActivityDisabled,_Aoj0guLbEeCVSp8F0qHMxQ,UMLAssociationEndQualifiersListModel,n_uMLAssociationEndQualifiersListModel_1;buildModelList__1;isValidElement_o_return_1;moveDown_index_1;moveToBottom_index_1;moveToTop_index_1
ActivityDisabled,_ApwHVeLbEeCVSp8F0qHMxQ,UMLAssociationEndChangeabilityRadioButtonPanel,n_uMLAssociationEndChangeabilityRadioButtonPanel_1;labelTextsAndActionCommands_1;buildModel__1
ActivityDisabled,_AxypAuLbEeCVSp8F0qHMxQ,UMLTagDefinitionNamespaceComboBoxModel,n_uMLTagDefinitionNamespaceComboBoxModel_1;LOG_1;isValidElement_o_return_1;buildModelList__1
ActivityDisabled,_AzkxsuLbEeCVSp8F0qHMxQ,PredicateGefWrapper,n_predicateGefWrapper_1;predicate_1;evaluate_object_return_1;getGefPredicate_return_1
CollabDisabled,_-tU25OLaEeCVSp8F0qHMxQ,ArgoFigInk,n_argoFigInk_1;notifier_1;deleteFromModel__1;removeNotificationListener_listener_filter_handback_1;addNotificationListener_listener_filter_handback_1;getNotificationInfo_return_1;removeNotificationListener_listener_1
CollabDisabled,_-7dZgeLaEeCVSp8F0qHMxQ,XmiReferenceResolverImpl,n_xmiReferenceResolverImpl_1;LOG_1;idToObjects_1;objectsToId_1;topSystemId_1;baseUri_1;modulesPath_1;urlMap_1;reverseUrlMap_1;profile_1;public2SystemIds_1;modelPublicId_1;CLASSPATH_MODEL_SUFFIXES_1;register_systemId_xmiId_object_1;getIdToObjectMap_return_1;clearIdMaps__1;toURL_systemId_return_1;findModuleURL_moduleName_return_1;getSuffix_systemId_return_1;findModelUrlOnClasspath_systemId_return_1;getValidURL_systemId_return_1;fixupURL_url_return_1;readExternalDocument_arg0_1
CollabDisabled,__DWKMuLaEeCVSp8F0qHMxQ,ObjectFlowStateTypeNotation,n_objectFlowStateTypeNotation_1
CollabDisabled,__IGuYuLaEeCVSp8F0qHMxQ,CrConsiderFacade,n_crConsiderFacade_1;serialVersionUID_1
CollabDisabled,__VitcuLaEeCVSp8F0qHMxQ,MultiEditorPane,n_multiEditorPane_1;LOG_1;tabInstances_1;tabs_1;tabPanels_1;lastTab_1;getPreferredSize_return_1;getMinimumSize_return_1;getIndexOfNamedTab_tabName_return_1;selectTabNamed_tabName_1;selectNextTab__1;mousePressed_me_1;mouseReleased_me_1;mouseEntered_me_1;mouseExited_me_1;mouseClicked_me_1;mySingleClick_tab_1;myDoubleClick_tab_1;getTabs_return_1
CollabDisabled,__eUO8OLaEeCVSp8F0qHMxQ,ExplorerTreeModel,n_explorerTreeModel_1;LOG_1;rules_1;modelElementMap_1;order_1;updatingChildren_1;serialVersionUID_1;modelElementChanged_node_1;modelElementAdded_node_1;traverseModified_start_node_1;modelElementRemoved_node_1;structureChanged__1;updateChildren_path_1;collectChildren_modelElement_newChildren_deps_1;prepareAddRemoveSets_children_newChildren_return_1;insertNodeInto_newChild_parent_index_1;removeNodeFromParent_node_1;findNodes_modelElement_return_1;getNodeUpdater_return_1
CollabDisabled,__eUO8uLaEeCVSp8F0qHMxQ,ExplorerUpdater,n_explorerUpdater_1;pendingUpdates_1;hot_1;MAX_UPDATES_PER_RUN_1;schedule__1;run__1
CollabDisabled,__gjDkuLaEeCVSp8F0qHMxQ,OutgoingDependencyNode,n_outgoingDependencyNode_1;parent_1;getParent_return_1;toString_return_1;subsumes_obj_return_1
CollabDisabled,__vbNE-LaEeCVSp8F0qHMxQ,CrMultiComposite,n_crMultiComposite_1;getCriticizedDesignMaterials_return_1
CollabDisabled,__s5dgOLaEeCVSp8F0qHMxQ,ProfileGoodPractices,n_profileGoodPractices_1;critics_1;getDisplayName_return_1;getProfileIdentifier_return_1
CollabDisabled,_AbPxQeLbEeCVSp8F0qHMxQ,PropPanelCallState,n_propPanelCallState_1;callActionEntryScroll_1;callActionEntryList_1;serialVersionUID_1;addExtraButtons__1;getCallActionEntryScroll_return_1
CollabDisabled,_AagKYuLbEeCVSp8F0qHMxQ,PropPanelObjectFlowState,n_propPanelObjectFlowState_1;classifierComboBox_1;statesScroll_1;addExtraButtons__1;propertyChange_evt_1;getClassifierComboBox_return_1;removeTopStateFrom_ret_1;getType_target_return_1
CollabDisabled,_Aap7YOLbEeCVSp8F0qHMxQ,ActionAddOFSState,n_actionAddOFSState_1;choiceClass_1;serialVersionUID_1;doIt_selected_1;getChoices_return_1;getDialogTitle_return_1;getSelected_return_1
CollabDisabled,_AcJJIuLbEeCVSp8F0qHMxQ,UMLMessageSenderListModel,n_uMLMessageSenderListModel_1;buildModelList__1;isValidElement_elem_return_1
CollabDisabled,_AdB59eLbEeCVSp8F0qHMxQ,UMLAssociationRoleMessageListModel,n_uMLAssociationRoleMessageListModel_1;buildModelList__1;isValidElement_o_return_1
CollabDisabled,_AnOXweLbEeCVSp8F0qHMxQ,UMLIncludeBaseListModel,n_uMLIncludeBaseListModel_1;buildModelList__1
CollabDisabled,_Aoj0guLbEeCVSp8F0qHMxQ,UMLAssociationEndQualifiersListModel,n_uMLAssociationEndQualifiersListModel_1;buildModelList__1;isValidElement_o_return_1;moveDown_index_1;moveToBottom_index_1;moveToTop_index_1
CollabDisabled,_AyYe4OLbEeCVSp8F0qHMxQ,PropPanelSubsystem,n_propPanelSubsystem_1;featureScroll_1;serialVersionUID_1;getFeatureScroll_return_1
CollabDisabled,_AyYe4uLbEeCVSp8F0qHMxQ,ActionNewOperation,n_actionNewOperation_1;ACTION_KEY_1;serialVersionUID_1
CollabDisabled,_AyrZ0eLbEeCVSp8F0qHMxQ,PathComparator,n_pathComparator_1;collator_1;compare_o1_o2_return_1;comparePaths_o1_o2_return_1
DeployDisabled,_-ten4-LaEeCVSp8F0qHMxQ,ArgoFigSpline,n_argoFigSpline_1;notifier_1;deleteFromModel__1;removeNotificationListener_listener_filter_handback_1;addNotificationListener_listener_filter_handback_1;getNotificationInfo_return_1;removeNotificationListener_listener_1
DeployDisabled,_-vahkeLaEeCVSp8F0qHMxQ,ProjectImpl,n_projectImpl_1;LOG_1;UNTITLED_FILE_1;serialVersionUID_1;uri_1;authorname_1;authoremail_1;description_1;version_1;searchpath_1;members_1;historyFile_1;persistenceVersion_1;models_1;root_1;roots_1;diagrams_1;currentNamespace_1;uuidRefs_1;vetoSupport_1;savedDiagramName_1;defaultModelTypeCache_1;trashcan_1;dirty_1;getName_return_1;getUri_return_1;getURI_return_1;setUri_theUri_1;setFile_file_1;getSearchPathList_return_1;addSearchPath_searchPathElement_1;getMembers_return_1;addModel_model_1;addModelInternal_model_1;setSaveEnabled_enable_1;getAuthorname_return_1;getAuthoremail_return_1;getVersion_return_1;getDescription_return_1;getHistoryFile_return_1;getUserDefinedModelList_return_1;getModels_return_1;getModel_return_1;findType_s_return_1;getDefaultAttributeType_return_1;getDefaultParameterType_return_1;getDefaultReturnType_return_1;findType_s_defineNew_return_1;findFigsForMember_member_return_1;findAllPresentationsFor_obj_return_1;findTypeInModel_typeName_namespace_return_1;getCurrentNamespace_return_1;getDiagramList_return_1;getDiagramCount_return_1;getPresentationCountFor_me_return_1;getInitialTarget_return_1;getVetoSupport_return_1;preSave__1;postSave__1;postLoad__1;emptyTrashCan__1;moveToTrash_obj_1;trashInternal_obj_1;isInTrash_obj_return_1;findTypeInDefaultModel_name_return_1;getRoot_return_1;setRoot_theRoot_1;getRoots_return_1;setRoots_elements_1;isValidDiagramName_name_return_1;getUUIDRefs_return_1;setSearchPath_theSearchpath_1;setUUIDRefs_uUIDRefs_1;setVetoSupport_theVetoSupport_1;setSavedDiagramName_diagramName_1;remove__1;getPersistenceVersion_return_1;setPersistenceVersion_pv_1;repair_return_1;isDirty_return_1;setDirty_isDirty_1
DeployDisabled,_-_eW0OLaEeCVSp8F0qHMxQ,CoreHelperMDRImpl,n_coreHelperMDRImpl_1;LOG_1;getFirstItemOrNull_c_return_1;isSubType_type_subType_return_1;getAllSupertypes_cls1_return_1;getSupertypes_genElement_return_1;getAssociateEndsInh_classifier1_return_1;removeFeature_cls_feature_1;removeLiteral_enu_literal_1;setOperations_classifier_operations_1;setAttributes_classifier_attributes_1;getAttributesInh_classifier_return_1;getOperationsInh_classifier_return_1;getParents_generalizableElement_return_1;getParents_ge_return_1;getAllParents_ge_return_1;getAllParents_result_ge_1;isVisiblyOwned_element_ge_dupCheck_return_1;getFullName_elem_return_1;getReturnParameters_operation_return_1;getSpecification_object_return_1;getSubtypes_cls_return_1;getAllBehavioralFeatures_element_return_1;getBehavioralFeatures_clazz_return_1;getAllInterfaces_ns_return_1;getAllClasses_ns_return_1;getRealizedInterfaces_cls_return_1;getExtendedClassifiers_clazz_return_1;getGeneralization_achild_aparent_return_1;getBody_comment_return_1;getFlows_source_target_return_1;getExtendingElements_clazz_return_1;getExtendingClassifiers_clazz_return_1;getAllComponents_ns_return_1;getAllDataTypes_ns_return_1;getAllNodes_ns_return_1;getAssociatedClassifiers_aclassifier_return_1;getAssociations_from_to_return_1;getAllClassifiers_namespace_return_1;getAssociations_oclassifier_return_1;getAssociationEnd_type_assoc_return_1;getAllAttributes_clazz_return_1;getAllVisibleElements_ns_return_1;getSource_relationship_return_1;getDestination_relationship_return_1;getDependencies_supplierObj_clientObj_return_1;getPackageImports_client_return_1;hasImportStereotype_permission_return_1;getPackageImport_supplier_client_return_1;getRelationships_source_dest_return_1;isValidNamespace_mObj_nsObj_return_1;getAllPossibleNamespaces_modelElement_model_return_1;getChildren_o_return_1;getChildren_currentChildren_gen_generalizations_1;getAllRealizedInterfaces_o_return_1;internalGetAllRealizedInterfaces_o_col_visited_return_1;hasCompositeEnd_association_return_1;equalsAggregationKind_associationEnd_kindType_return_1;removeAnnotatedElement_handle_me_1;removeClientDependency_handle_dep_1;removeConnection_handle_connection_1;removeConstraint_handle_cons_1;removeOwnedElement_handle_value_1;removeParameter_handle_parameter_1;removeQualifier_handle_qualifier_1;removeSourceFlow_handle_flow_1;removeSupplierDependency_supplier_dependency_1;removeTargetFlow_handle_flow_1;removeTemplateArgument_handle_argument_1;removeTemplateParameter_handle_parameter_1;addAnnotatedElement_comment_annotatedElement_1;addClient_handle_element_1;addClientDependency_handle_dependency_1;addComment_element_comment_1;addConnection_handle_connection_1;addConnection_handle_position_connection_1;addConstraint_handle_mc_1;addDeploymentLocation_handle_node_1;addElementResidence_handle_node_1;removeElementResidence_handle_node_1;getElementResidence_handle_return_1;addLiteral_handle_index_literal_1;addLink_handle_link_1;addOwnedElement_handle_me_1;addParameter_handle_index_parameter_1;addParameter_handle_parameter_1;addQualifier_handle_index_qualifier_1;addRaisedSignal_handle_sig_1;addSourceFlow_handle_flow_1;addSupplier_handle_element_1;addSupplierDependency_supplier_dependency_1;addTargetFlow_handle_flow_1;addTemplateArgument_handle_index_argument_1;addTemplateArgument_handle_argument_1;addTemplateParameter_handle_index_parameter_1;addTemplateParameter_handle_parameter_1;setAbstract_handle_flag_1;setActive_handle_active_1;setAggregation_handle_aggregationKind_1;setAnnotatedElements_handle_elems_1;setAssociation_handle_association_1;setLeaf_handle_flag_1;setRaisedSignals_handle_raisedSignals_1;setBody_handle_expr_1;setChangeability_handle_ck_1;setReadOnly_handle_isReadOnly_1;setChild_handle_child_1;setConcurrency_handle_concurrencyKind_1;setConnections_handle_elems_1;setDefaultElement_handle_element_1;setDefaultValue_handle_expr_1;setDiscriminator_handle_discriminator_1;setFeature_elem_i_impl_1;setFeatures_handle_features_1;setContainer_handle_container_1;setInitialValue_at_expr_1;setKind_handle_kind_1;setModelElementContainer_handle_container_1;setMultiplicity_handle_arg_1;setName_handle_name_1;setBody_handle_body_1;setNamespace_handle_ns_1;setNavigable_handle_flag_1;setOrdering_handle_ok_1;setOwner_handle_owner_1;setStatic_handle_isStatic_1;setParameter_handle_parameter_1;setParameters_handle_parameters_1;setParent_handle_parent_1;setPowertype_handle_pt_1;setQualifiers_handle_elems_1;setQuery_handle_flag_1;setResident_handle_resident_1;setResidents_handle_residents_1;setRoot_handle_flag_1;setSources_handle_specifications_1;setSpecification_handle_specification_1;setSpecification_operation_specification_1;setSpecification_method_specification_1;setSpecifications_handle_specifications_1;setTaggedValue_handle_tag_value_1;setTargetScope_handle_scopeKind_1;setType_handle_type_1;setVisibility_handle_visibility_1;removeDeploymentLocation_handle_node_1;addStereotype_modelElement_stereo_1;addAllStereotypes_modelElement_stereos_1;removeStereotype_modelElement_stereo_1;clearStereotypes_modelElement_1;setEnumerationLiterals_enumeration_literals_1;getAllMetatypeNames_return_1;getAllMetaDatatypeNames_return_1;createCommand_accesser_newValue_oldValue_descr_1
DeployDisabled,_-8D2ceLaEeCVSp8F0qHMxQ,XmiReferenceProviderImpl,n_xmiReferenceProviderImpl_1;mofIdToXmiId_1;topSystemIdSaved_1;topSystemId_1;getReference_object_return_1
DeployDisabled,__BHVkeLaEeCVSp8F0qHMxQ,InitModuleLoader,n_initModuleLoader_1;getProjectSettingsTabs_return_1;getSettingsTabs_return_1;init__1;getDetailsTabs_return_1
DeployDisabled,__HXHgOLaEeCVSp8F0qHMxQ,NotationComboBox,n_notationComboBox_1;LOG_1;singleton_1;serialVersionUID_1;getInstance_return_1;refresh__1
DeployDisabled,__Lrm0uLaEeCVSp8F0qHMxQ,ProjectFileView,n_projectFileView_1;instance_1;getInstance_return_1;getIcon_f_return_1
DeployDisabled,__ItLUuLaEeCVSp8F0qHMxQ,OffenderXMLHelper,n_offenderXMLHelper_1;item_1;getOffender_return_1
DeployDisabled,__7O0cOLaEeCVSp8F0qHMxQ,StateDiagramGraphModel,n_stateDiagramGraphModel_1;LOG_1;machine_1;serialVersionUID_1;getMachine_return_1;setMachine_sm_1;getPorts_nodeOrEdge_return_1;getOwner_port_return_1;getInEdges_port_return_1;getOutEdges_port_return_1;canAddNode_node_return_1;canAddEdge_edge_return_1;addNode_node_1;addEdge_edge_1;addNodeRelatedEdges_node_1;canConnect_fromPort_toPort_return_1;connect_fromPort_toPort_edgeClass_return_1;vetoableChange_pce_1;canChangeConnectedNode_newNode_oldNode_edge_return_1;changeConnectedNode_newNode_oldNode_edge_isSource_1;isRemoveFromDiagramAllowed_figs_return_1
DeployDisabled,_AKQu8eLbEeCVSp8F0qHMxQ,FigOrdering,n_figOrdering_1;serialVersionUID_1;setText__1;getOrderingName_orderingKind_return_1
DeployDisabled,_AXhu4-LbEeCVSp8F0qHMxQ,ActionRemoveModelElement,n_actionRemoveModelElement_1;SINGLETON_1;isEnabled_return_1
DeployDisabled,_AYbGwuLbEeCVSp8F0qHMxQ,UMLSingleRowSelector,n_uMLSingleRowSelector_1;scroll_1;preferredSize_1;getMinimumSize_return_1;getMaximumSize_return_1;getPreferredSize_return_1
DeployDisabled,_AaXAcOLbEeCVSp8F0qHMxQ,ActionAddCISState,n_actionAddCISState_1;serialVersionUID_1;choiceClass_1;doIt_selected_1;getChoices_return_1;getDialogTitle_return_1;getSelected_return_1
DeployDisabled,_Ac4wBeLbEeCVSp8F0qHMxQ,UMLCollaborationInteractionListModel,n_uMLCollaborationInteractionListModel_1;buildModelList__1;isValidElement_elem_return_1
DeployDisabled,_AcJJIOLbEeCVSp8F0qHMxQ,ActionSetRepresentedOperationCollaboration,n_actionSetRepresentedOperationCollaboration_1
DeployDisabled,_AiwuguLbEeCVSp8F0qHMxQ,UMLStateDoActivityList,n_uMLStateDoActivityList_1;getPopupMenu_return_1
DeployDisabled,_AxV9EOLbEeCVSp8F0qHMxQ,PropPanelTaggedValue,n_propPanelTaggedValue_1;modelElementSelector_1;typeSelector_1;referenceValuesScroll_1;dataValuesScroll_1;getReferenceValuesScroll_return_1;getDataValuesScroll_return_1;getModelElementSelector_return_1;getTypeSelector_return_1
DeployDisabled,_AxfHAOLbEeCVSp8F0qHMxQ,ActionSetTaggedValueType,n_actionSetTaggedValueType_1
Original,_-0eAsOLaEeCVSp8F0qHMxQ,AbstractModelEventPump,n_abstractModelEventPump_1;addModelEventListener_listener_modelelement_eventNames_1;addModelEventListener_listener_modelelement_eventName_1;addModelEventListener_listener_modelelement_1;removeModelEventListener_listener_modelelement_eventNames_1;removeModelEventListener_listener_modelelement_eventName_1;removeModelEventListener_listener_modelelement_1;addClassModelEventListener_listener_modelClass_eventNames_1;addClassModelEventListener_listener_modelClass_eventName_1;removeClassModelEventListener_listener_modelClass_eventNames_1;removeClassModelEventListener_listener_modelClass_eventName_1
Original,_-3JhQOLaEeCVSp8F0qHMxQ,NotYetImplementedException,n_notYetImplementedException_1
Original,__H9kcuLaEeCVSp8F0qHMxQ,CrSingletonViolatedOnlyPrivateConstructors,n_crSingletonViolatedOnlyPrivateConstructors_1
Original,__KfUAOLaEeCVSp8F0qHMxQ,MemberFilePersister,n_memberFilePersister_1;getMainTag_return_1;addXmlFileToWriter_writer_file_1
Original,__XLFIeLaEeCVSp8F0qHMxQ,SwingWorker,n_swingWorker_1;LOG_1;value_1;timer_1;getValue_return_1;doConstruct_return_1;activateGlassPane__1;deactivateGlassPane__1;finished__1;interrupt__1;get_return_1;start__1
Original,__wnf4OLaEeCVSp8F0qHMxQ,CrNavFromInterface,n_crNavFromInterface_1;serialVersionUID_1;getCriticizedDesignMaterials_return_1
Original,__xEL0eLaEeCVSp8F0qHMxQ,CrInvalidFork,n_crInvalidFork_1;getCriticizedDesignMaterials_return_1
Original,__6WDo-LaEeCVSp8F0qHMxQ,FigClassifierRole,n_figClassifierRole_1;LOG_1;ROLE_WIDTH_1;MARGIN_1;ROWDISTANCE_1;MIN_HEAD_HEIGHT_1;MIN_HEAD_WIDTH_1;linkPositions_1;baseNames_1;classifierRoleName_1;serialVersionUID_1;mouseReleased_me_1;updateNameText__1;getNodeCount_return_1;superTranslate_dx_dy_1;getBeautifiedName_o_return_1;isCallMessage_message_return_1;isReturnMessage_message_return_1;isCreateMessage_message_return_1;isDestroyMessage_message_return_1;setPreviousState_start_newState_1;setFromActionNode_lastState_offset_return_1;updateNodeStates__1;addActivations__1;updateActivations__1;getHandler_stack_container_uri_localname_qname_attributes_return_1;updateBounds__1;setFillColor_col_1;setFilled_filled_1;getFillColor_return_1;isFilled_return_1;getLineColor_return_1;getLineWidth_return_1;updateListeners_oldOwner_newOwner_1;growToSize_nodeCount_1;grow_nodePosition_count_1;modelChanged_mee_1;updateEmptyNodeArray_start_emptyNodes_1;contractNodes_start_emptyNodes_1;updateBaseNames__1;updateClassifierRoleName__1;renderingChanged__1;deepHitPort_x_y_return_1;setOwner_own_1;getPortFig_messageNode_return_1;makeSelection_return_1;updateStereotypeText__1
Original,__-NP8OLaEeCVSp8F0qHMxQ,ClassdiagramLayouter,n_classdiagramLayouter_1;E_GAP_1;H_GAP_1;LOG_1;MAX_ROW_WIDTH_1;V_GAP_1;figNodes_1;layoutedClassNodes_1;layoutedEdges_1;layoutedObjects_1;nodeRows_1;xPos_1;yPos_1;getHGap_return_1;getMinimumDiagramSize_return_1;getVGap_return_1;layout__1;placeEdges__1;placeNodes__1;centerParents__1;xCenter_nodes_return_1;rankAndWeightNodes__1;setupLinks__1
Original,__-NP8uLaEeCVSp8F0qHMxQ,NodeRow,n_nodeRow_1;nodes_1;rowNumber_1;doSplit_maxWidth_gap_return_1;getNodeList_return_1;getRowNumber_return_1;getWidth_gap_return_1;setRowNumber_rowNum_1;adjustRowNodes__1;iterator_return_1
Original,_AAcEk-LbEeCVSp8F0qHMxQ,SelectionDataType,n_selectionDataType_1;getNewNode_buttonCode_return_1;getNewNodeType_buttonCode_return_1
Original,_AJ90AOLbEeCVSp8F0qHMxQ,DnDJGraph,n_dnDJGraph_1;LOG_1;serialVersionUID_1;makeDropTarget__1;dragEnter_dtde_1;dragOver_dtde_1;dropActionChanged_dtde_1;dragExit_dte_1;drop_dropTargetDropEvent_1
Original,_AOuYMOLbEeCVSp8F0qHMxQ,ConfigPanelExtension,n_configPanelExtension_1;configPanel_1;attribute_1;datatype_1;modelcollections_1;modelorderedcollections_1;collectionlist_1;orderedcollectionlist_1;createGridBagConstraints_topInset_bottomInset_fill_return_1;createGridBagConstraintsFinal_return_1;createGridBagConstraints_topInset_bottomInset_fill_return_2;createGridBagConstraintsFinal_return_2;getAttribute_return_1;getDatatype_return_1;disposeDialog__1
Original,_ASxKsuLbEeCVSp8F0qHMxQ,UMLStimulusActionTextProperty,n_uMLStimulusActionTextProperty_1;thePropertyName_1;isAffected_event_return_1;targetChanged__1
Original,_Ae9zpOLbEeCVSp8F0qHMxQ,ActionAddReceptionSignal,n_actionAddReceptionSignal_1;serialVersionUID_1;getChoices_return_1;getSelected_return_1;getDialogTitle_return_1;doIt_selected_1
Original,_Ap54UeLbEeCVSp8F0qHMxQ,UMLModelElementNameDocument,n_uMLModelElementNameDocument_1;setProperty_text_1;getProperty_return_1
Original,_AtU_xOLbEeCVSp8F0qHMxQ,PropPanelRelationship,n_propPanelRelationship_1;serialVersionUID_1
Original,_AxV9EOLbEeCVSp8F0qHMxQ,PropPanelTaggedValue,n_propPanelTaggedValue_1;modelElementSelector_1;typeSelector_1;referenceValuesScroll_1;dataValuesScroll_1;getReferenceValuesScroll_return_1;getDataValuesScroll_return_1;getModelElementSelector_return_1;getTypeSelector_return_1
Original,_AxV9EuLbEeCVSp8F0qHMxQ,ActionSetTaggedValueModelElement,n_actionSetTaggedValueModelElement_1
SequenceDisabled,_-u0EouLaEeCVSp8F0qHMxQ,AbstractCommand,n_abstractCommand_1;execute_return_1;undo__1;isUndoable_return_1;isRedoable_return_1
SequenceDisabled,__Df7MeLaEeCVSp8F0qHMxQ,ModelElementNameNotationJava,n_modelElementNameNotationJava_1;parse_modelElement_text_1;parseModelElement_modelElement_text_1;isValidJavaClassName_name_return_1;getParsingHelp_return_1;toString_modelElement_args_return_1
SequenceDisabled,__XnxFOLaEeCVSp8F0qHMxQ,HelpListener,n_helpListener_1
SequenceDisabled,__VY8dOLaEeCVSp8F0qHMxQ,ChildGenSearch,n_childGenSearch_1;childIterator_o_return_1
SequenceDisabled,__e6E0OLaEeCVSp8F0qHMxQ,ExplorerPopup,n_explorerPopup_1;createDiagrams_1;LOG_1;MODEL_ELEMENT_MENUITEMS_1;serialVersionUID_1;initMenuCreateDiagrams__1;initMenuCreateModelElements__1;addCreateModelElementAction_menuItems_metaType_relationshipDescr_1;buildDirectionalCreateMenuItem_metaType_source_dest_relationshipDescr_menu_1;menuLocalize_key_return_1;addMenuItemForBothEndsOf_edge_1
SequenceDisabled,__fNm0eLaEeCVSp8F0qHMxQ,OrderedMenu,n_orderedMenu_1;compareTo_o_return_1
SequenceDisabled,__0iWkuLaEeCVSp8F0qHMxQ,SelectionActionState,n_selectionActionState_1;trans_1;transDown_1;icons_1;instructions_1;showIncomingLeft_1;showIncomingAbove_1;showOutgoingRight_1;showOutgoingBelow_1;getNewNodeType_index_return_1;getNewNode_arg0_return_1;getIcons_return_1;getInstructions_index_return_1;getNewEdgeType_index_return_1;isReverseEdge_index_return_1
SequenceDisabled,_ACO0U-LbEeCVSp8F0qHMxQ,ActionNavigateUpFromDiagram,n_actionNavigateUpFromDiagram_1;navigateTo_source_return_1;isEnabled_return_1
SequenceDisabled,_AEA9BOLbEeCVSp8F0qHMxQ,FigUsage,n_figUsage_1;serialVersionUID_1
SequenceDisabled,_AHcEceLbEeCVSp8F0qHMxQ,FigNodeModelElement,n_figNodeModelElement_1;LOG_1;WIDTH_1;NAME_FIG_HEIGHT_1;NAME_V_PADDING_1;npArguments_1;invisibleAllowed_1;checkSize_1;popupAddOffset_1;ROOT_1;ABSTRACT_1;LEAF_1;ACTIVE_1;bigPort_1;nameFig_1;floatingStereotypes_1;stereotypeStyle_1;ICON_WIDTH_1;originalNameFig_1;enclosedFigs_1;encloser_1;readyToEdit_1;suppressCalcBounds_1;showBoldName_1;removeFromDiagram_1;editable_1;listeners_1;constructFigs__1;setLayer_lay_1;clone_return_1;placeString_return_1;getNameFig_return_1;getNameBounds_return_1;setNameFig_fig_1;getName_return_1;getPopUpActions_me_return_1;buildVisibilityPopUp_return_1;buildModifierPopUp_items_return_1;getEnclosingFig_return_1;setEnclosingFig_newEncloser_1;moveIntoComponent_newEncloser_1;addEnclosedFig_fig_1;removeEnclosedFig_fig_1;getEnclosedFigs_return_1;makeSelection_return_1;getTipString_me_return_1;vetoableChange_pce_1;delayedVetoableChange_pce_1;updateBounds__1;propertyChange_pve_1;formatEvent_event_return_1;isReadOnly_return_1;textEditStarted_ft_1;textEdited_ft_1;mouseClicked_me_1;keyPressed_ke_1;keyReleased_ke_1;keyTyped_ke_1;modelChanged_event_1;createContainedModelElement_fg_me_1;isPartlyOwner_o_return_1;isPartlyOwner_fig_o_return_1;deleteFromModel__1;setOwner_owner_1;initNotationProviders_own_1;getNotationProviderType_return_1;updateStereotypeText__1;updateNameText__1;isPathVisible_return_1;setPathVisible_visible_1;determineDefaultPathVisible__1;classNameAndBounds_return_1;updateListeners_oldOwner_newOwner_1;renderingChanged__1;updateStereotypeIcon__1;calcBounds__1;enableSizeChecking_flag_1;hit_r_return_1;removeFromDiagram__1;getRemoveDelegate_return_1;removeFromDiagramImpl__1;setBigPort_bp_1;getBigPort_return_1;isCheckSize_return_1;isDragConnectable_return_1;getEncloser_return_1;isReadyToEdit_return_1;setSuppressCalcBounds_scb_1;setVisible_visible_1;displace_xInc_yInc_1;allowRemoveFromDiagram_allowed_1;getPopupAddOffset_return_1;isEditable_return_1;setEditable_canEdit_1;addElementListener_element_1;addElementListener_element_property_1;addElementListener_element_property_2;removeElementListener_element_1;removeAllElementListeners__1;removeElementListeners_listenerSet_1;addElementListeners_listenerSet_1;updateElementListeners_listenerSet_1;getNotationArguments_return_1;putNotationArgument_key_value_1;isSingleTarget_return_1;getStereotypeView_return_1;getStereotypeStyle_return_1;getPracticalView_return_1;getStereotypeCount_return_1;setStereotypeStyle_style_1;updateSmallIcons_wid_1;updateFont__1;getNameFigFontStyle_return_1;deepUpdateFont_fg_1
SequenceDisabled,_AHu_YeLbEeCVSp8F0qHMxQ,SelectionDefaultClarifiers,n_selectionDefaultClarifiers_1;getIcons_return_1;getInstructions_index_return_1;getNewNodeType_index_return_1;getNewEdgeType_index_return_1;isReverseEdge_index_return_1
SequenceDisabled,_AOuYMOLbEeCVSp8F0qHMxQ,ConfigPanelExtension,n_configPanelExtension_1;configPanel_1;attribute_1;datatype_1;modelcollections_1;modelorderedcollections_1;collectionlist_1;orderedcollectionlist_1;createGridBagConstraints_topInset_bottomInset_fill_return_1;createGridBagConstraintsFinal_return_1;createGridBagConstraints_topInset_bottomInset_fill_return_2;createGridBagConstraintsFinal_return_2;getAttribute_return_1;getDatatype_return_1;disposeDialog__1
SequenceDisabled,_AZA8ouLbEeCVSp8F0qHMxQ,ActionSetMultiplicity,n_actionSetMultiplicity_1;setSelectedItem_item_target_1
SequenceDisabled,_AWfNEOLbEeCVSp8F0qHMxQ,ElementPropPanelFactory,n_elementPropPanelFactory_1
SequenceDisabled,_Aa82UuLbEeCVSp8F0qHMxQ,ActionSetSynch,n_actionSetSynch_1;SINGLETON_1;getInstance_return_1
SequenceDisabled,_Adel4uLbEeCVSp8F0qHMxQ,ActionRemoveClassifierRoleBase,n_actionRemoveClassifierRoleBase_1;SINGLETON_1;getInstance_return_1
SequenceDisabled,_Ae0psuLbEeCVSp8F0qHMxQ,UMLActionSequenceActionListModel,n_uMLActionSequenceActionListModel_1;buildModelList__1;isValidElement_element_return_1;moveDown_index_1;moveToBottom_index_1;moveToTop_index_1
SequenceDisabled,_Ak_jIeLbEeCVSp8F0qHMxQ,ActionSetCompositeStateConcurrent,n_actionSetCompositeStateConcurrent_1;SINGLETON_1;getInstance_return_1
SequenceDisabled,_AnEmwOLbEeCVSp8F0qHMxQ,PropPanelUseCase,n_propPanelUseCase_1;serialVersionUID_1
StateDisabled,_-8NAYuLaEeCVSp8F0qHMxQ,UndoCoreHelperDecorator,n_undoCoreHelperDecorator_1;setAbstract_handle_flag_1;setActive_handle_active_1;setAggregation_handle_aggregationKind_1;setLeaf_handle_flag_1;setChangeability_handle_ck_1;setReadOnly_handle_flag_1;setConcurrency_handle_concurrencyKind_1;setKind_handle_kind_1;setMultiplicity_handle_arg_1;setBody_handle_body_1;setNavigable_handle_flag_1;setOrdering_handle_ok_1;setPowertype_handle_pt_1;setQuery_handle_flag_1;setRoot_handle_flag_1;setSpecification_handle_specification_1;setSpecification_handle_specification_2;setSpecification_handle_specification_3;setTargetScope_handle_scopeKind_1;setVisibility_handle_visibility_1;addAllStereotypes_modelElement_stereotypes_1;addAnnotatedElement_comment_annotatedElement_1;addClient_handle_element_1;addClientDependency_handle_dependency_1;addComment_element_comment_1;addConnection_handle_connection_1;addConnection_handle_position_connection_1;addConstraint_handle_mc_1;addDeploymentLocation_handle_node_1;addElementResidence_handle_residence_1;addLiteral_handle_index_literal_1;addLink_handle_link_1;addOwnedElement_handle_me_1;addParameter_handle_index_parameter_1;addParameter_handle_parameter_1;addQualifier_handle_index_qualifier_1;addRaisedSignal_handle_sig_1;addSourceFlow_handle_flow_1;addStereotype_modelElement_stereotype_1;addSupplier_handle_element_1;addSupplierDependency_supplier_dependency_1;addTargetFlow_handle_flow_1;addTemplateParameter_handle_index_parameter_1;addTemplateParameter_handle_parameter_1;clearStereotypes_modelElement_1;removeAnnotatedElement_handle_me_1;removeClientDependency_handle_dep_1;removeConnection_handle_connection_1;removeConstraint_handle_cons_1;removeDeploymentLocation_handle_node_1;removeElementResidence_handle_residence_1;removeFeature_cls_feature_1;removeLiteral_enu_literal_1;removeOwnedElement_handle_value_1;removeParameter_handle_parameter_1;removeQualifier_handle_qualifier_1;removeSourceFlow_handle_flow_1;removeStereotype_modelElement_stereotype_1;removeSupplierDependency_supplier_dependency_1;removeTargetFlow_handle_flow_1;removeTemplateArgument_handle_argument_1;removeTemplateParameter_handle_parameter_1;setAnnotatedElements_handle_elems_1;setAssociation_handle_association_1;setAttributes_classifier_attributes_1;setBody_handle_expr_1;setChild_handle_child_1;setConnections_handle_elems_1;setContainer_handle_component_1;setDefaultElement_handle_element_1;setDefaultValue_handle_expr_1;setDiscriminator_handle_discriminator_1;setEnumerationLiterals_enumeration_literals_1;setFeature_elem_i_feature_1;setFeatures_handle_features_1;setInitialValue_at_expr_1;setModelElementContainer_handle_container_1;setNamespace_handle_ns_1;setOperations_classifier_operations_1;setOwner_handle_owner_1;setStatic_handle_isStatic_1;setParameters_handle_parameters_1;setParent_handle_parent_1;setQualifiers_handle_elems_1;setRaisedSignals_handle_raisedSignals_1;setResident_handle_resident_1;setResidents_handle_residents_1;setSources_handle_specifications_1;setSpecifications_handle_specifications_1;setTaggedValue_handle_tag_value_1;setType_handle_type_1
StateDisabled,__Erm8OLaEeCVSp8F0qHMxQ,AbstractMessageNotationUml,n_abstractMessageNotationUml_1;LOG_1;parameterCustomSep_1;toString_umlMessage_showSequenceNumbers_return_1;getInitiatorOfAction_umlAction_return_1;initParameterSeparators_return_1;parse_umlMessage_text_1;getParsingHelp_return_1;generateMessageNumber_umlMessage_umlPredecessor_position_return_1;findMsgOrderBreak_s_return_1;generateMessageNumber_message_return_1;countSuccessors_message_return_1;generateRecurrence_expr_return_1;printDebugInfo_s_fname_guard_paramExpr_varname_predecessors_seqno_parallell_iterative_1;parseArguments_paramExpr_mayDeleteExpr_return_1;handlePredecessors_umlMessage_predecessors_hasPredecessors_1;handleOperation_umlMessage_fname_refindOperation_1;handleSequenceNumber_umlMessage_seqno_refindOperation_return_1;handleArguments_umlMessage_args_refindOperation_return_1;handleFunctionName_umlMessage_fname_varname_refindOperation_return_1;fillBlankVariableName_umlMessage_varname_mayDeleteExpr_return_1;fillBlankFunctionName_umlMessage_fname_mayDeleteExpr_return_1;handleGuard_umlMessage_guard_parallell_iterative_1;buildAction_umlMessage_1;getExpressionLanguage_return_1;walkTree_root_path_return_1;walk_r_steps_strict_return_1;findCandidateRoots_c_a_veto_return_1;successor_r_steps_return_1;isMsgNumberStartOf_n1_n2_return_1;compareMsgNumbers_n1_n2_return_1;parseMsgOrder_s_return_1;findMsg_r_n_return_1;hasMsgWithActivator_r_m_return_1;isBadPreMsg_ans_chld_return_1;isPredecessorMsg_pre_suc_md_return_1;filterWithActivator_c_a_return_1;getOperation_classifiers_name_params_return_1;countParameters_bf_return_1
StateDisabled,__IGuYuLaEeCVSp8F0qHMxQ,CrConsiderFacade,n_crConsiderFacade_1;serialVersionUID_1
StateDisabled,__KfUAOLaEeCVSp8F0qHMxQ,MemberFilePersister,n_memberFilePersister_1;getMainTag_return_1;addXmlFileToWriter_writer_file_1
StateDisabled,__cFaUOLaEeCVSp8F0qHMxQ,ExplorerTree,n_explorerTree_1;updatingSelection_1;updatingSelectionViaTreeSelection_1;serialVersionUID_1;refreshSelection__1;setSelection_targets_1;addTargetsInternal_addedTargets_1;selectVisible_target_1;selectAll_targets_1
StateDisabled,__cPLU-LaEeCVSp8F0qHMxQ,ExplorerTreeExpansionListener,n_explorerTreeExpansionListener_1;treeCollapsed_event_1;treeExpanded_event_1
StateDisabled,__tpEYOLaEeCVSp8F0qHMxQ,CrProfile,n_crProfile_1;localizationPrefix_1;serialVersionUID_1;getLocalizedString_key_suffix_return_1
StateDisabled,__2VGVOLaEeCVSp8F0qHMxQ,SelectionClassifierRole,n_selectionClassifierRole_1;assocrole_1;selfassoc_1;icons_1;instructions_1;showIncoming_1;showOutgoing_1;getIcons_return_1;getInstructions_index_return_1;getNewEdgeType_index_return_1;getNewNodeType_index_return_1;getNewNode_index_return_1;isReverseEdge_index_return_1;dragHandle_mx_my_anX_anY_hand_1
StateDisabled,_ABoXYOLbEeCVSp8F0qHMxQ,FigClassifierBoxWithAttributes,n_figClassifierBoxWithAttributes_1;LOG_1;getAttributesBounds_return_1;isAttributesVisible_return_1;classNameAndBounds_return_1;updateListeners_oldOwner_newOwner_1;renderingChanged__1;updateAttributes__1;setOwner_owner_1;setAttributesVisible_isVisible_1;getMinimumSize_return_1;setStandardBounds_x_y_width_height_1
StateDisabled,___Ziw-LaEeCVSp8F0qHMxQ,FigSubsystem,n_figSubsystem_1;figPoly_1;constructFigs__1
StateDisabled,_AKG98uLbEeCVSp8F0qHMxQ,FigMultiplicity,n_figMultiplicity_1;getNotationProviderType_return_1
StateDisabled,_AGsdkOLbEeCVSp8F0qHMxQ,CompartmentFigText,n_compartmentFigText_1;MARGIN_1;serialVersionUID_1;LOG_1;refFig_1;highlighted_1;removeFromDiagram__1;isFilled_return_1;getLineColor_return_1;setHighlighted_flag_1;isHighlighted_return_1;textEdited__1
StateDisabled,_AMfjkeLbEeCVSp8F0qHMxQ,FigExtend,n_figExtend_1;DEFAULT_WIDTH_1;serialVersionUID_1;endArrow_1;initialize_owner_1;canEdit_f_return_1;updateListeners_oldOwner_newOwner_1;renderingChanged__1;updateConditionText__1;updateLabel__1;getLabel_return_1
StateDisabled,_Acu_BOLbEeCVSp8F0qHMxQ,UMLMessageActivatorComboBox,n_uMLMessageActivatorComboBox_1;doIt_event_1
StateDisabled,_Aj9BUOLbEeCVSp8F0qHMxQ,UMLStateExitList,n_uMLStateExitList_1;getPopupMenu_return_1
StateDisabled,_AkP8QOLbEeCVSp8F0qHMxQ,PropPanelTimeEvent,n_propPanelTimeEvent_1;initialize__1
StateDisabled,_Amoh5OLbEeCVSp8F0qHMxQ,UMLUseCaseIncludeListModel,n_uMLUseCaseIncludeListModel_1;buildModelList__1;isValidElement_o_return_1
StateDisabled,_AugrguLbEeCVSp8F0qHMxQ,PropPanelElementResidence,n_propPanelElementResidence_1
UsecaseDisabled,_-u0EpOLaEeCVSp8F0qHMxQ,DefaultUndoManager,n_defaultUndoManager_1;LOG_1;undoMax_1;listeners_1;newInteraction_1;newInteractionLabel_1;setUndoMax_max_1;undo__1;redo__1;startInteraction_label_1;addPropertyChangeListener_listener_1;removePropertyChangeListener_listener_1;fire_property_value_1
UsecaseDisabled,_-u91oeLaEeCVSp8F0qHMxQ,Interaction,n_interaction_1;commands_1;label_1;undo__1;execute_return_1;isUndoable_return_1;isRedoable_return_1;getUndoLabel_return_1;getRedoLabel_return_1;getCommands_return_1
UsecaseDisabled,_-06soOLaEeCVSp8F0qHMxQ,AbstractExtensionMechanismsHelperDecorator,n_abstractExtensionMechanismsHelperDecorator_1;getStereotypes_ns_return_1;getStereotype_ns_stereo_return_1;getStereotype_models_stereo_return_1;getMetaModelName_m_return_1;getAllPossibleStereotypes_models_modelElement_return_1;isValidStereotype_theModelElement_theStereotype_return_1;getStereotypes_models_return_1;addCopyStereotype_modelElement_stereotype_1;isStereotype_object_name_base_return_1;isStereotypeInh_object_name_base_return_1;addExtendedElement_handle_extendedElement_1;addBaseClass_handle_baseClass_1;removeBaseClass_handle_baseClass_1;setIcon_handle_icon_1;setTagType_handle_tagType_1;setType_handle_type_1;setValueOfTag_handle_value_1;setDataValues_handle_values_1;addTaggedValue_handle_taggedValue_1;removeTaggedValue_handle_taggedValue_1;setTaggedValue_handle_taggedValues_1;hasStereotype_handle_name_return_1
UsecaseDisabled,__BaQgeLaEeCVSp8F0qHMxQ,InitNotation,n_initNotation_1;init__1;getProjectSettingsTabs_return_1;getSettingsTabs_return_1;getDetailsTabs_return_1
UsecaseDisabled,__FSD4OLaEeCVSp8F0qHMxQ,EnumerationLiteralNotationUml,n_enumerationLiteralNotationUml_1;getParsingHelp_return_1;parse_modelElement_text_1;parseEnumerationLiteralFig_enumeration_literal_text_1;parseEnumerationLiteral_text_literal_1;toString_modelElement_args_return_1;toString_modelElement_useGuillemets_return_1
UsecaseDisabled,__I2VQOLaEeCVSp8F0qHMxQ,PrivateHandler,n_privateHandler_1;container_1;LOG_1;gotElement_contents_1;startElement_uri_localname_qname_attributes_1;getPips_figclassname_ownerhref_return_1;splitNameVal_str_return_1
UsecaseDisabled,__I2VQuLaEeCVSp8F0qHMxQ,NameVal,n_nameVal_1;name_1;value_1;getName_return_1;getValue_return_1
UsecaseDisabled,__JTBMOLaEeCVSp8F0qHMxQ,ModelMemberFilePersister,n_modelMemberFilePersister_1;LOG_1;curModel_1;uUIDRefs_1;elementsRead_1;getMainTag_return_1;parse_label_xmiExtensionString_1;getCurModel_return_1;getUUIDRefs_return_1;readModels_source_1;getElementsRead_return_1;setElementsRead_elements_1
UsecaseDisabled,__XnxEOLaEeCVSp8F0qHMxQ,ArgoJMenu,n_argoJMenu_1;serialVersionUID_1;localize_menuItem_key_1;addCheckItem_a_return_1;addRadioItem_a_return_1
UsecaseDisabled,__byfYOLaEeCVSp8F0qHMxQ,DnDExplorerTree,n_dnDExplorerTree_1;LOG_1;DIAGRAM_TO_CLIPBOARD_ACTION_1;clickOffset_1;sourcePath_1;ghostImage_1;selectedTreePath_1;dragSource_1;AUTOSCROLL_MARGIN_1;serialVersionUID_1;dragGestureRecognized_dragGestureEvent_1;isValidDrag_destinationPath_tf_return_1;dragDropEnd_dragSourceDropEvent_1;dragEnter_dragSourceDragEvent_1;dragExit_dragSourceEvent_1;dragOver_dragSourceDragEvent_1;dropActionChanged_dragSourceDragEvent_1;autoscroll_pt_1;getAutoscrollInsets_return_1
UsecaseDisabled,__j0aAuLaEeCVSp8F0qHMxQ,GoInteractionToMessages,n_goInteractionToMessages_1;getRuleName_return_1;getChildren_parent_return_1;getDependencies_parent_return_1
UsecaseDisabled,__pBqIOLaEeCVSp8F0qHMxQ,Init,n_init_1;init__1;createChecklists__1
UsecaseDisabled,__pBqI-LaEeCVSp8F0qHMxQ,WizNavigable,n_wizNavigable_1;LOG_1;instructions_1;option0_1;option1_1;option2_1;serialVersionUID_1;getOptions_return_1;makePanel_newStep_return_1;doAction_oldStep_1;canFinish_return_1
UsecaseDisabled,_AJXXEuLbEeCVSp8F0qHMxQ,StylePanelFigMessage,n_stylePanelFigMessage_1;arrowLabel_1;arrowField_1;refresh__1;setTargetArrow__1
UsecaseDisabled,_ATN2ouLbEeCVSp8F0qHMxQ,ActionNavigateOwner,n_actionNavigateOwner_1;navigateTo_source_return_1
UsecaseDisabled,_AaDec-LbEeCVSp8F0qHMxQ,UMLPartitionContentListModel,n_uMLPartitionContentListModel_1;buildModelList__1;isValidElement_element_return_1
UsecaseDisabled,_AdVb8OLbEeCVSp8F0qHMxQ,PropPanelMessage,n_propPanelMessage_1;serialVersionUID_1
UsecaseDisabled,_AyOt4eLbEeCVSp8F0qHMxQ,UMLClassifierPackageImportsListModel,n_uMLClassifierPackageImportsListModel_1;buildModelList__1;isValidElement_elem_return_1
UsecaseDisabled,_Azt7oOLbEeCVSp8F0qHMxQ,PredicateStringMatch,n_predicateStringMatch_1;MAX_PATS_1;patterns_1;patternCount_1;evaluate_o_return_1
