ActivityDisabled,_-lvoMeLaEeCVSp8F0qHMxQ,Goal,n_goal_1;UNSPEC_1;name_1;priority_1;hashCode_return_1;equals_d2_return_1;getName_return_1;getPriority_return_1;toString_return_1;getUnspecifiedGoal_return_1
ActivityDisabled,_-y1B9OLaEeCVSp8F0qHMxQ,AddAssociationEvent,n_addAssociationEvent_1;serialVersionUID_1
ActivityDisabled,_-4x48uLaEeCVSp8F0qHMxQ,CommonBehaviorFactoryEUMLImpl,n_commonBehaviorFactoryEUMLImpl_1;buildAction_message_return_1;buildCallAction_oper_name_return_1;buildLink_fromInstance_toInstance_return_1;buildReception_aClassifier_return_1;buildSignal_element_return_1;buildStimulus_link_return_1;buildUninterpretedAction_actionState_return_1;createActionSequence_return_1;createArgument_return_1;createAttributeLink_return_1;createCallAction_return_1;createComponentInstance_return_1;createCreateAction_return_1;createDataValue_return_1;createDestroyAction_return_1;createException_return_1;createLink_return_1;createLinkEnd_return_1;createLinkObject_return_1;createNodeInstance_return_1;createObject_return_1;createReception_return_1;createReturnAction_return_1;createSendAction_return_1;createSignal_return_1;createStimulus_return_1;createSubsystemInstance_return_1;createTerminateAction_return_1;createUninterpretedAction_return_1
ActivityDisabled,__KyO8-LaEeCVSp8F0qHMxQ,DiagramMemberFilePersister,n_diagramMemberFilePersister_1;LOG_1;PGML_TEE_1;CLASS_TRANSLATIONS_1;getMainTag_return_1;addTranslation_originalClassName_newClassName_1
ActivityDisabled,__NT-hOLaEeCVSp8F0qHMxQ,ProfileLoader,n_profileLoader_1;LOG_1;JAR_PREFIX_1;FILE_PREFIX_1;doLoad__1;huntForProfilesInDir_dir_1;loadProfilesFromJarFile_manifest_file_classloader_1;loadManifestDependenciesForProfile_attr_return_1;loadJavaCriticsForProfile_attr_classloader_return_1
ActivityDisabled,__NdvgeLaEeCVSp8F0qHMxQ,JarFileFilter,n_jarFileFilter_1;accept_pathname_return_1
ActivityDisabled,__QJQEuLaEeCVSp8F0qHMxQ,FigMessage,n_figMessage_1;serialVersionUID_1;LOG_1;action_1;initialize__1;getNotationProviderType_return_1;initNotationProviders_own_1;textEditStarted_ft_1;setOwner_owner_1;isCallAction_return_1;isCreateAction_return_1;isDestroyAction_return_1;isReturnAction_return_1;isSendAction_return_1;updateArrow__1;getAction_return_1;getPopUpActions_me_return_1;makeSelection_return_1;getFinalY_return_1;getStartY_return_1;isSelfMessage_return_1;convertToArc__1;computeRouteImpl__1;calcBounds__1;updateActivations__1;deleteFromModel__1;determineFigNodes_return_1;translate_dx_dy_1;updateListeners_oldOwner_newOwner_1;getReceiverOperations_return_1;determineActivator_return_1
ActivityDisabled,__gGXouLaEeCVSp8F0qHMxQ,GoNamespaceToOwnedElements,n_goNamespaceToOwnedElements_1;getRuleName_return_1;getChildren_parent_return_1;getDependencies_parent_return_1
ActivityDisabled,__kkA4OLaEeCVSp8F0qHMxQ,GoStateToDownstream,n_goStateToDownstream_1;getRuleName_return_1;getChildren_parent_return_1;getDependencies_parent_return_1
ActivityDisabled,__8bHQuLaEeCVSp8F0qHMxQ,ButtonActionNewEffect,n_buttonActionNewEffect_1;isEnabled_return_1;createEvent_ns_return_1;getKeyName_return_1;getIconName_return_1
ActivityDisabled,_AJEcJeLbEeCVSp8F0qHMxQ,AddToDiagramMemento,n_addToDiagramMemento_1;nodesPlaced_1;editor_1;mgm_1;undo__1;redo__1;dispose__1;toString_return_1
ActivityDisabled,_APf0QOLbEeCVSp8F0qHMxQ,ImportClasspathDialog,n_importClasspathDialog_1;paths_1;pathsModel_1;addButton_1;removeButton_1;chooser_1;setting_1;updatePathList__1
ActivityDisabled,_APo-MuLbEeCVSp8F0qHMxQ,AddListener,n_addListener_1
ActivityDisabled,_AS67sOLbEeCVSp8F0qHMxQ,UMLExpressionModel2,n_uMLExpressionModel2_1;propertyName_1;expression_1;mustRefresh_1;EMPTYSTRING_1;target_1;targetChanged__1;getExpression_return_1;setExpression_expr_1;newExpression_return_1;getLanguage_return_1;getBody_return_1;setLanguage_lang_1;setBody_body_1;setExpression_lang_body_1;setTarget_theNewTarget_1
ActivityDisabled,_AaNPdOLbEeCVSp8F0qHMxQ,UMLClassifierInStateTypeComboBoxModel,n_uMLClassifierInStateTypeComboBoxModel_1;serialVersionUID_1;isValidElement_o_return_1;buildModelList__1;getSelectedModelElement_return_1;modelChanged_evt_1
ActivityDisabled,_AgAVdOLbEeCVSp8F0qHMxQ,PropPanelException,n_propPanelException_1
ActivityDisabled,_Aj9BVOLbEeCVSp8F0qHMxQ,PropPanelCompositeState,n_propPanelCompositeState_1;serialVersionUID_1;subverticesList_1;addConcurrentRegion_1;addExtraButtons__1;updateExtraButtons__1;initialize__1
ActivityDisabled,_AjqGYeLbEeCVSp8F0qHMxQ,ActionNewSubmachineState,n_actionNewSubmachineState_1;SINGLETON_1;getInstance_return_1
ActivityDisabled,_AmU_5OLbEeCVSp8F0qHMxQ,PropPanelActor,n_propPanelActor_1;serialVersionUID_1
CollabDisabled,_-r_aIOLaEeCVSp8F0qHMxQ,WizStep,n_wizStep_1;WIZ_ICON_1;mainPanel_1;backButton_1;nextButton_1;finishButton_1;helpButton_1;buttonPanel_1;target_1;serialVersionUID_1;getMainPanel_return_1;getWizardIcon_return_1;setMnemonic_b_key_1;setTarget_item_1;enableButtons__1;refresh__1;doBack__1;doNext__1;doFinsh__1;doHelp__1;updateTabToDo__1;actionPerformed_ae_1
CollabDisabled,_-svBAeLaEeCVSp8F0qHMxQ,ArgoModeCreateFigSpline,n_argoModeCreateFigSpline_1;instructions_return_1;createNewItem_me_snapX_snapY_return_1
CollabDisabled,__FSD4OLaEeCVSp8F0qHMxQ,EnumerationLiteralNotationUml,n_enumerationLiteralNotationUml_1;getParsingHelp_return_1;parse_modelElement_text_1;parseEnumerationLiteralFig_enumeration_literal_text_1;parseEnumerationLiteral_text_literal_1;toString_modelElement_args_return_1;toString_modelElement_useGuillemets_return_1
CollabDisabled,__Jl8IOLaEeCVSp8F0qHMxQ,XmlFilePersister,n_xmlFilePersister_1;getExtension_return_1;hasAnIcon_return_1
CollabDisabled,__Rxnw-LaEeCVSp8F0qHMxQ,SpacerPanel,n_spacerPanel_1;w_1;h_1;getMinimumSize_return_1;getPreferredSize_return_1;getSize_return_1
CollabDisabled,__SYEsuLaEeCVSp8F0qHMxQ,NavigatorPane,n_navigatorPane_1;serialVersionUID_1;getMinimumSize_return_1
CollabDisabled,__55Xs-LaEeCVSp8F0qHMxQ,ModeCreateMessage,n_modeCreateMessage_1;LOG_1;startPort_1;startPortFig_1;message_1;serialVersionUID_1;createNewItem_me_snapX_snapY_return_1;instructions_return_1;mousePressed_me_1;mouseReleased_me_1;mouseDragged_me_1
CollabDisabled,_AK2k0uLbEeCVSp8F0qHMxQ,ActionEdgesDisplay,n_actionEdgesDisplay_1;show_1;actionPerformed_ae_1;isEnabled_return_1
CollabDisabled,_AVS6QOLbEeCVSp8F0qHMxQ,ActionNavigateUpPreviousDown,n_actionNavigateUpPreviousDown_1;navigateTo_source_return_1;getFamily_parent_return_1;getParent_child_return_1
CollabDisabled,_AaDecOLbEeCVSp8F0qHMxQ,PropPanelPartition,n_propPanelPartition_1;contentsScroll_1;activityGraphScroll_1;getContentsField_return_1;getActivityGraphField_return_1
CollabDisabled,_AcJJIuLbEeCVSp8F0qHMxQ,UMLMessageSenderListModel,n_uMLMessageSenderListModel_1;buildModelList__1;isValidElement_elem_return_1
CollabDisabled,_Ae9zpOLbEeCVSp8F0qHMxQ,ActionAddReceptionSignal,n_actionAddReceptionSignal_1;serialVersionUID_1;getChoices_return_1;getSelected_return_1;getDialogTitle_return_1;doIt_selected_1
CollabDisabled,_AgmyYuLbEeCVSp8F0qHMxQ,PropPanelReturnAction,n_propPanelReturnAction_1
CollabDisabled,_Amxr1OLbEeCVSp8F0qHMxQ,PropPanelExtensionPoint,n_propPanelExtensionPoint_1;serialVersionUID_1;navigateUp__1
CollabDisabled,_AtU_wOLbEeCVSp8F0qHMxQ,UMLStructuralFeatureTypeComboBoxModel,n_uMLStructuralFeatureTypeComboBoxModel_1;isValidElement_element_return_1;buildModelList__1;buildMinimalModelList__1;isLazy_return_1;getSelectedModelElement_return_1;addOtherModelEventListeners_newTarget_1;removeOtherModelEventListeners_oldTarget_1
CollabDisabled,_AoaqlOLbEeCVSp8F0qHMxQ,UMLComponentResidentListModel,n_uMLComponentResidentListModel_1;buildModelList__1;isValidElement_o_return_1
CollabDisabled,_AoQ5k-LbEeCVSp8F0qHMxQ,UMLStructuralFeatureChangeabilityRadioButtonPanel,n_uMLStructuralFeatureChangeabilityRadioButtonPanel_1;labelTextsAndActionCommands_1;buildModel__1
DeployDisabled,_-kQacuLaEeCVSp8F0qHMxQ,ApplicationVersion,n_applicationVersion_1;version_1;stableVersion_1;getVersion_return_1;getManualForCritic_return_1;getOnlineManual_return_1;getOnlineSupport_return_1;init_v_sv_1
DeployDisabled,_-mLtEeLaEeCVSp8F0qHMxQ,AbstractCognitiveTranslator,n_abstractCognitiveTranslator_1;i18nlocalize_key_return_1;i18nmessageFormat_key_args_return_1
DeployDisabled,_-mCjIeLaEeCVSp8F0qHMxQ,ResolvedCritic,n_resolvedCritic_1;LOG_1;critic_1;offenders_1;hashCode_return_1;equals_obj_return_1;getCritic_return_1;getOffenderList_return_1;toString_return_1
DeployDisabled,_-qpWUeLaEeCVSp8F0qHMxQ,GoListToOffenderToItem,n_goListToOffenderToItem_1;lastParent_1;cachedChildrenList_1;getChild_parent_index_return_1;getChildCount_parent_return_1;getIndexOfChild_parent_child_return_1;isLeaf_node_return_1;getChildrenList_parent_return_1;valueForPathChanged_path_newValue_1
DeployDisabled,_-tU24uLaEeCVSp8F0qHMxQ,ArgoModeCreateFigRRect,n_argoModeCreateFigRRect_1;createNewItem_me_snapX_snapY_return_1;instructions_return_1
DeployDisabled,_-vG_keLaEeCVSp8F0qHMxQ,NonUndoableCommand,n_nonUndoableCommand_1;execute_return_1;undo__1;isUndoable_return_1;isRedoable_return_1
DeployDisabled,__BtLceLaEeCVSp8F0qHMxQ,NotationNameImpl,n_notationNameImpl_1;LOG_1;name_1;version_1;icon_1;notations_1;getName_return_1;getVersion_return_1;getTitle_return_1;getIcon_return_1;getConfigurationValue_return_1;toString_return_1;getNotationNameString_k1_k2_return_1;getAvailableNotations_return_1
DeployDisabled,__TQ1geLaEeCVSp8F0qHMxQ,JasonsHugeTheme,n_jasonsHugeTheme_1;primary1_1;primary2_1;primary3_1;secondary1_1;secondary2_1;secondary3_1;controlFont_1;systemFont_1;windowTitleFont_1;userFont_1;smallFont_1;getName_return_1;getPrimary1_return_1;getPrimary2_return_1;getPrimary3_return_1;getSecondary1_return_1;getSecondary2_return_1;getSecondary3_return_1;getControlTextFont_return_1;getSystemTextFont_return_1;getUserTextFont_return_1;getMenuTextFont_return_1;getSubTextFont_return_1;getWindowTitleFont_return_1
DeployDisabled,__ldYwOLaEeCVSp8F0qHMxQ,GoProfileToCritics,n_goProfileToCritics_1;getRuleName_return_1;getChildren_parent_return_1;getDependencies_parent_return_1
DeployDisabled,__j0aAOLaEeCVSp8F0qHMxQ,GoClassifierToStructuralFeature,n_goClassifierToStructuralFeature_1;getRuleName_return_1;getChildren_parent_return_1;getDependencies_parent_return_1
DeployDisabled,_ADRWIOLbEeCVSp8F0qHMxQ,DiagramNameDocument,n_diagramNameDocument_1;LOG_1;field_1;stopEvents_1;highlightTag_1
DeployDisabled,_AW75AOLbEeCVSp8F0qHMxQ,UMLComboBox2,n_uMLComboBox2_1;actionPerformed_arg0_1;doIt_event_1;getTarget_return_1
DeployDisabled,_AfQukeLbEeCVSp8F0qHMxQ,PropPanelCallAction,n_propPanelCallAction_1;serialVersionUID_1;initialize__1
DeployDisabled,_AfQulOLbEeCVSp8F0qHMxQ,SetActionOperationAction,n_setActionOperationAction_1;serialVersionUID_1
DeployDisabled,_Ar-79OLbEeCVSp8F0qHMxQ,UMLOperationSpecificationDocument,n_uMLOperationSpecificationDocument_1;serialVersionUID_1;setProperty_text_1;getProperty_return_1
DeployDisabled,_AuNwkeLbEeCVSp8F0qHMxQ,ActionNewParameter,n_actionNewParameter_1
DeployDisabled,_Av2vUuLbEeCVSp8F0qHMxQ,UMLCommentAnnotatedElementListModel,n_uMLCommentAnnotatedElementListModel_1;buildModelList__1;isValidElement_element_return_1
DeployDisabled,_AyiP5eLbEeCVSp8F0qHMxQ,ElementImportImportedElementListModel,n_elementImportImportedElementListModel_1;buildModelList__1;isValidElement_element_return_1
Original,_-j84cuLaEeCVSp8F0qHMxQ,ResourceLoaderWrapper,n_resourceLoaderWrapper_1;LOG_1;initialStateIcon_1;deepIcon_1;shallowIcon_1;forkIcon_1;joinIcon_1;branchIcon_1;junctionIcon_1;realizeIcon_1;signalIcon_1;exceptionIcon_1;commentIcon_1;iconCache_1;instance_1;images_1;getInstance_return_1;lookAndFeelPath_classname_element_return_1;initResourceLoader__1;addResourceLocation_location_1;lookupIconResource_resource_return_1;lookupIconResource_resource_desc_return_1;lookupIcon_key_return_1;lookupIcon_value_return_1;getImageBinding_name_return_1;lookupIconUrl_name_loader_return_1;lookupIconUrl_name_return_1
Original,_-k2QUuLaEeCVSp8F0qHMxQ,StandardCM,n_standardCM_1
Original,_-lABUeLaEeCVSp8F0qHMxQ,DesignGoalsCM,n_designGoalsCM_1
Original,_-lABVOLaEeCVSp8F0qHMxQ,AndCM,n_andCM_1
Original,__IjaU-LaEeCVSp8F0qHMxQ,XmiInputStream,n_xmiInputStream_1;tagName_1;endTagName_1;attributes_1;extensionFound_1;endFound_1;parsingExtension_1;readingName_1;stringBuffer_1;type_1;eventSpacing_1;readCount_1;progressMgr_1;read_return_1;callExtensionParser__1;read_b_off_len_return_1;isNameTerminator_ch_return_1;close__1;realClose__1
Original,__ONWYOLaEeCVSp8F0qHMxQ,ComputeTriggers,n_computeTriggers_1;triggs_1;caseAClassifierContext_node_1;getTriggers_return_1
Original,__YXX8OLaEeCVSp8F0qHMxQ,FindDialog,n_findDialog_1;instance_1;nextResultNum_1;numFinds_1;INSET_PX_1;search_1;clearTabs_1;nameLocTab_1;elementName_1;diagramName_1;location_1;type_1;typeDetails_1;results_1;help_1;resultTabs_1;serialVersionUID_1;getInstance_return_1;initNameLocTab__1;initHelpTab__1;initTypes__1;nameButtons__1;doSearch__1;reset__1;doClearTabs__1;doResetFields_complete_1;doGoToSelection__1;mousePressed_me_1;mouseReleased_me_1;mouseEntered_me_1;mouseExited_me_1;mouseClicked_me_1;myDoubleClick_tab_1
Original,_AQiWEOLbEeCVSp8F0qHMxQ,UMLMultiplicityPanel,n_uMLMultiplicityPanel_1;multiplicityComboBox_1;checkBox_1;multiplicityList_1;getPreferredSize_return_1;itemStateChanged_event_1;getTarget_return_1
Original,_AQiWEuLbEeCVSp8F0qHMxQ,MultiplicityComboBox,n_multiplicityComboBox_1;doOnEdit_item_1
Original,_ARbt8uLbEeCVSp8F0qHMxQ,TabConstraints,n_tabConstraints_1;LOG_1;mOcleEditor_1;mMmeiTarget_1;setToolbarRollover_enable_1;setToolbarFloatable_enable_1;getOclToolbar_return_1;shouldBeEnabled_target_return_1;getTarget_return_1;refresh__1;setTarget_oTarget_1;setTargetInternal_oTarget_1
Original,_ARk34eLbEeCVSp8F0qHMxQ,ConstraintModel,n_constraintModel_1;theMMmeiTarget_1;theMAlConstraints_1;theMEllListeners_1;getConstraintCount_return_1;getConstraintAt_nIdx_return_1;removeConstraintAt_nIdx_1;addConstraint__1;representationFor_nIdx_return_1;addConstraintChangeListener_ccl_1;removeConstraintChangeListener_ccl_1;fireConstraintRemoved_mc_nIdx_1;fireConstraintAdded__1;fireConstraintDataChanged_nIdx_mcOld_mcNew_1;fireConstraintNameChanged_nIdx_mcOld_mcNew_1
Original,_ARk34-LbEeCVSp8F0qHMxQ,CR,n_cR_1
Original,_ARuo4uLbEeCVSp8F0qHMxQ,UMLStimulusActionTextField,n_uMLStimulusActionTextField_1;targetChanged__1;targetReasserted__1;propertyChange_event_1;update__1;changedUpdate_p1_1;removeUpdate_p1_1;insertUpdate_p1_1
Original,_ATXAleLbEeCVSp8F0qHMxQ,MoveToTopAction,n_moveToTopAction_1;index_1;isEnabled_return_1
Original,_AZwjguLbEeCVSp8F0qHMxQ,UMLCallStateEntryList,n_uMLCallStateEntryList_1;getPopupMenu_return_1
Original,_AZwjhOLbEeCVSp8F0qHMxQ,PopupMenuNewCallAction,n_popupMenuNewCallAction_1
Original,_AdVb8OLbEeCVSp8F0qHMxQ,PropPanelMessage,n_propPanelMessage_1;serialVersionUID_1
Original,_AjgVZOLbEeCVSp8F0qHMxQ,ActionSetContextStateMachine,n_actionSetContextStateMachine_1;SINGLETON_1;serialVersionUID_1;getInstance_return_1
Original,_Aj9BUuLbEeCVSp8F0qHMxQ,UMLGuardTransitionListModel,n_uMLGuardTransitionListModel_1;buildModelList__1;isValidElement_element_return_1
Original,_AwmWMuLbEeCVSp8F0qHMxQ,ActionNewStereotype,n_actionNewStereotype_1
Original,_A06OcuLbEeCVSp8F0qHMxQ,PredicateEquals,n_predicateEquals_1;pattern_1;evaluate_object_return_1
SequenceDisabled,__AXus-LaEeCVSp8F0qHMxQ,CollaborationsHelperMDRImpl,n_collaborationsHelperMDRImpl_1;LOG_1;getAllClassifierRoles_ns_return_1;getAllPossibleAssociationRoles_roleArg_return_1;getClassifierRoles_role_return_1;getAssociationRole_afrom_ato_return_1;getAllPossibleActivators_ames_return_1;hasAsActivator_message_activator_return_1;setActivator_ames_anactivator_1;getAllPossiblePredecessors_amessage_return_1;addBase_arole_abase_1;isNamedOrUnique_role_base_return_1;isNamedOrUnique_role_base_return_2;setBases_role_bases_1;allAvailableFeatures_arole_return_1;allAvailableContents_arole_return_1;getAllPossibleBases_role_return_1;getAllPossibleBases_aRole_return_1;getAllPossibleBases_role_return_2;getAllImportedClassifiers_obj_return_1;filterClassifiers_in_return_1;setBase_arole_abase_1;isAddingCollaborationAllowed_context_return_1;removeConstrainingElement_handle_constraint_1;removeMessage_handle_message_1;removeSuccessor_handle_mess_1;removePredecessor_handle_message_1;addConstrainingElement_handle_constraint_1;addInstance_classifierRole_instance_1;addMessage_handle_elem_1;addSuccessor_handle_mess_1;addPredecessor_handle_predecessor_1;setAction_handle_action_1;setContext_handle_col_1;setSuccessors_handle_messages_1;setPredecessors_handle_predecessors_1;setRepresentedClassifier_handle_classifier_1;setRepresentedOperation_handle_operation_1;setSender_handle_sender_1;removeInteraction_collab_interaction_1
SequenceDisabled,__FSD4OLaEeCVSp8F0qHMxQ,EnumerationLiteralNotationUml,n_enumerationLiteralNotationUml_1;getParsingHelp_return_1;parse_modelElement_text_1;parseEnumerationLiteralFig_enumeration_literal_text_1;parseEnumerationLiteral_text_literal_1;toString_modelElement_args_return_1;toString_modelElement_useGuillemets_return_1
SequenceDisabled,__JvtIOLaEeCVSp8F0qHMxQ,FigEdgeHandler,n_figEdgeHandler_1
SequenceDisabled,__MHrseLaEeCVSp8F0qHMxQ,URLModelLoader,n_uRLModelLoader_1;loadModel_url_publicId_return_1;makeZipEntryUrl_url_entryName_return_1
SequenceDisabled,__sAFoOLaEeCVSp8F0qHMxQ,WizAddInstanceVariable,n_wizAddInstanceVariable_1;label_1;instructions_1;doAction_oldStep_1;makePanel_newStep_return_1
SequenceDisabled,__rQewOLaEeCVSp8F0qHMxQ,CrCrossNamespaceAssoc,n_crCrossNamespaceAssoc_1;getCriticizedDesignMaterials_return_1
SequenceDisabled,__pBqI-LaEeCVSp8F0qHMxQ,WizNavigable,n_wizNavigable_1;LOG_1;instructions_1;option0_1;option1_1;option2_1;serialVersionUID_1;getOptions_return_1;makePanel_newStep_return_1;doAction_oldStep_1;canFinish_return_1
SequenceDisabled,__0_CgOLaEeCVSp8F0qHMxQ,UMLActivityDiagram,n_uMLActivityDiagram_1;LOG_1;serialVersionUID_1;theActivityGraph_1;actionState_1;actionStartPseudoState_1;actionFinalPseudoState_1;actionJunctionPseudoState_1;actionForkPseudoState_1;actionJoinPseudoState_1;actionTransition_1;actionObjectFlowState_1;actionSwimlane_1;actionCallState_1;actionSubactivityState_1;actionCallEvent_1;actionChangeEvent_1;actionSignalEvent_1;actionTimeEvent_1;actionGuard_1;actionCallAction_1;actionCreateAction_1;actionDestroyAction_1;actionReturnAction_1;actionSendAction_1;actionTerminateAction_1;actionUninterpretedAction_1;actionActionSequence_1;setup_namespace_agraph_1;propertyChange_evt_1;getOwner_return_1;getStateMachine_return_1;setStateMachine_sm_1;getUmlActions_return_1;getTriggerActions_return_1;getEffectActions_return_1;getLabelName_return_1;getActionCallState_return_1;getActionFinalPseudoState_return_1;getActionForkPseudoState_return_1;getActionJoinPseudoState_return_1;getActionJunctionPseudoState_return_1;getActionSwimlane_return_1;getActionObjectFlowState_return_1;getActionStartPseudoState_return_1;getActionState_return_1;getActionSubactivityState_return_1;getActionTransition_return_1;getActionCallEvent_return_1;getActionChangeEvent_return_1;getActionSignalEvent_return_1;getActionTimeEvent_return_1;getActionGuard_return_1;getActionCallAction_return_1;getActionCreateAction_return_1;getActionDestroyAction_return_1;getActionReturnAction_return_1;getActionSendAction_return_1;getActionTerminateAction_return_1;getActionUninterpretedAction_return_1;getActionActionSequence_return_1;getDependentElement_return_1;isRelocationAllowed_base_return_1;getRelocationCandidates_root_return_1;relocate_base_return_1;postLoad__1;encloserChanged_enclosed_oldEncloser_newEncloser_1;changePartition_enclosed_1;isStateInPartition_state_partition_return_1;doesAccept_objectToAccept_return_1;drop_droppedObject_location_return_1
SequenceDisabled,___QY0uLaEeCVSp8F0qHMxQ,StylePanelFigClass,n_stylePanelFigClass_1;attrCheckBox_1;operCheckBox_1;refreshTransaction_1;serialVersionUID_1;refresh__1
SequenceDisabled,_AC-bMuLbEeCVSp8F0qHMxQ,FigPermission,n_figPermission_1
SequenceDisabled,_AJhIFOLbEeCVSp8F0qHMxQ,ActionVisibilityProtected,n_actionVisibilityProtected_1;serialVersionUID_1;valueOfTarget_t_return_1
SequenceDisabled,_ALdBweLbEeCVSp8F0qHMxQ,UseCaseDiagramGraphModel,n_useCaseDiagramGraphModel_1;LOG_1;serialVersionUID_1;getPorts_nodeOrEdge_return_1;getOwner_port_return_1;getInEdges_port_return_1;getOutEdges_port_return_1;canAddNode_node_return_1;canAddEdge_edge_return_1;addNode_node_1;addEdge_edge_1;addNodeRelatedEdges_node_1;canConnect_fromP_toP_return_1;vetoableChange_pce_1
SequenceDisabled,_AUaJcuLbEeCVSp8F0qHMxQ,UMLComboBoxNavigator,n_uMLComboBoxNavigator_1;icon_1;theComboBox_1;theButton_1;getPreferredSize_return_1;actionPerformed_event_1;itemStateChanged_event_1;setButtonEnabled_item_1;setEnabled_enabled_1
SequenceDisabled,_AVJwUOLbEeCVSp8F0qHMxQ,UMLExpressionExpressionModel,n_uMLExpressionExpressionModel_1;getExpression_return_1;setExpression_expr_1;newExpression_return_1
SequenceDisabled,_ARbt8uLbEeCVSp8F0qHMxQ,TabConstraints,n_tabConstraints_1;LOG_1;mOcleEditor_1;mMmeiTarget_1;setToolbarRollover_enable_1;setToolbarFloatable_enable_1;getOclToolbar_return_1;shouldBeEnabled_target_return_1;getTarget_return_1;refresh__1;setTarget_oTarget_1;setTargetInternal_oTarget_1
SequenceDisabled,_ARk34eLbEeCVSp8F0qHMxQ,ConstraintModel,n_constraintModel_1;theMMmeiTarget_1;theMAlConstraints_1;theMEllListeners_1;getConstraintCount_return_1;getConstraintAt_nIdx_return_1;removeConstraintAt_nIdx_1;addConstraint__1;representationFor_nIdx_return_1;addConstraintChangeListener_ccl_1;removeConstraintChangeListener_ccl_1;fireConstraintRemoved_mc_nIdx_1;fireConstraintAdded__1;fireConstraintDataChanged_nIdx_mcOld_mcNew_1;fireConstraintNameChanged_nIdx_mcOld_mcNew_1
SequenceDisabled,_ARk34-LbEeCVSp8F0qHMxQ,CR,n_cR_1
SequenceDisabled,_Au9XcOLbEeCVSp8F0qHMxQ,PropPanelAssociationEnd,n_propPanelAssociationEnd_1;serialVersionUID_1;typeCombobox_1;associationScroll_1;navigabilityCheckBox_1;orderingCheckBox_1;targetScopeCheckBox_1;aggregationRadioButtonpanel_1;changeabilityRadioButtonpanel_1;visibilityRadioButtonPanel_1;specificationScroll_1;qualifiersScroll_1;associationLabel_1;createControls__1;positionStandardControls__1;positionControls__1;setAssociationLabel_label_1;getMultiplicityComboBox_return_1
SequenceDisabled,_A0UYkeLbEeCVSp8F0qHMxQ,LineSeparator,n_lineSeparator_1;hasCr_1;hasLf_1;hasPeeked_1;reset__1;tokenLength_return_1;getPeekCount_return_1;hasFreePart_return_1;addChar_c_return_1;endChar_c_return_1
StateDisabled,_-lABUeLaEeCVSp8F0qHMxQ,DesignGoalsCM,n_designGoalsCM_1
StateDisabled,_-n-c0uLaEeCVSp8F0qHMxQ,Wizard,n_wizard_1;panels_1;step_1;finished_1;started_1;getProgress_return_1;getNumSteps_return_1;getCurrentPanel_return_1;getPanel_s_return_1;canGoNext_return_1;next__1;canGoBack_return_1;back__1;canFinish_return_1;isStarted_return_1;isFinished_return_1;finish__1;makePanel_newStep_return_1;doAction_oldStep_1;doAction__1;undoAction_oldStep_1;undoAction__1;getStep_return_1
StateDisabled,_-6H8wOLaEeCVSp8F0qHMxQ,XmiReaderImpl,n_xmiReaderImpl_1;LOG_1;unknownElement_1;unknownElementName_1;uml13_1;ignoredElements_1;ignoredElementCount_1;xmiHeader_1;STYLE_PATH_1;UML_13_ELEMENTS_1;parse_inputSource_readOnly_return_1;deleteElements_elements_1;convertAndLoadUml13_systemId_extent_xmiReader_input_return_1;getXMIUUIDToObjectMap_return_1;chainedTransform_styles_input_return_1;serialTransform_styles_input_return_1;copySource_input_return_1;elementFound_name_1;setIgnoredElements_elementNames_return_1;getIgnoredElements_return_1;getIgnoredElementCount_return_1;getTagName_return_1;addSearchPath_path_1;removeSearchPath_path_1;getSearchPath_return_1;consumeHeader_stream_1;getHeader_return_1
StateDisabled,__EYsAeLaEeCVSp8F0qHMxQ,AssociationNameNotationUml,n_associationNameNotationUml_1;getParsingHelp_return_1;parse_modelElement_text_1;toString_modelElement_args_return_1;toString_modelElement_showAssociationName_fullyHandleStereotypes_showPath_showVisibility_useGuillemets_return_1
StateDisabled,__LYE0uLaEeCVSp8F0qHMxQ,SAXParserBase,n_sAXParserBase_1;LOG_1;DBG_1;nElements_1;nFreeElements_1;stats_1;parseTime_1;getStats_return_1;getParseTime_return_1;parse_reader_1;parse_input_1;startElement_uri_localname_name_atts_1;endElement_uri_localname_name_1;isElementOfInterest_name_return_1;characters_ch_start_length_1;resolveEntity_publicId_systemId_return_1;getJarResource_cls_return_1
StateDisabled,__QvF8-LaEeCVSp8F0qHMxQ,ModePlaceClassifierRole,n_modePlaceClassifierRole_1;mousePressed_me_1;mouseDragged_me_1;postProcessing__1
StateDisabled,__XB7MuLaEeCVSp8F0qHMxQ,ActionSettings,n_actionSettings_1;serialVersionUID_1;actionPerformed_event_1
StateDisabled,___QY0uLaEeCVSp8F0qHMxQ,StylePanelFigClass,n_stylePanelFigClass_1;attrCheckBox_1;operCheckBox_1;refreshTransaction_1;serialVersionUID_1;refresh__1
StateDisabled,_AKG98OLbEeCVSp8F0qHMxQ,FigAssociation,n_figAssociation_1;LOG_1;setOwner_owner_1;renderingChanged__1;initNotationProviders_own_1;initializeNotationProvidersInternal_own_1;updateListeners_oldOwner_newOwner_1;getNotationProviderType_return_1;textEdited_ft_1;textEditStarted_ft_1;applyArrowHeads__1;getPopUpActions_me_return_1;updateMultiplicity__1;layoutEdge__1;updateNameText__1
StateDisabled,_AZdokeLbEeCVSp8F0qHMxQ,SaveGIFAction2,n_saveGIFAction2_1;saveGraphics_s_ce_drawingArea_1
StateDisabled,_ASePwOLbEeCVSp8F0qHMxQ,UMLPlainTextDocument,n_uMLPlainTextDocument_1;LOG_1;firing_1;editing_1;panelTarget_1;eventName_1;propertyChange_evt_1;getTarget_return_1;setTarget_target_1;remove_offs_len_1;setPropertyInternal_newValue_1;setProperty_text_1;getProperty_return_1;isFiring_return_1;updateText_textValue_1;getEventName_return_1;setEventName_en_1
StateDisabled,_AagKYuLbEeCVSp8F0qHMxQ,PropPanelObjectFlowState,n_propPanelObjectFlowState_1;classifierComboBox_1;statesScroll_1;addExtraButtons__1;propertyChange_evt_1;getClassifierComboBox_return_1;removeTopStateFrom_ret_1;getType_target_return_1
StateDisabled,_Aap7YOLbEeCVSp8F0qHMxQ,ActionAddOFSState,n_actionAddOFSState_1;choiceClass_1;serialVersionUID_1;doIt_selected_1;getChoices_return_1;getDialogTitle_return_1;getSelected_return_1
StateDisabled,_Adel4OLbEeCVSp8F0qHMxQ,UMLMessageInteractionListModel,n_uMLMessageInteractionListModel_1;buildModelList__1;isValidElement_element_return_1
StateDisabled,_Au0NgeLbEeCVSp8F0qHMxQ,ActionSetParameterType,n_actionSetParameterType_1;SINGLETON_1;getInstance_return_1
StateDisabled,_ArZGEuLbEeCVSp8F0qHMxQ,UMLModelElementSourceFlowListModel,n_uMLModelElementSourceFlowListModel_1;buildModelList__1;isValidElement_o_return_1
StateDisabled,_AugrguLbEeCVSp8F0qHMxQ,PropPanelElementResidence,n_propPanelElementResidence_1
StateDisabled,_AyYe4OLbEeCVSp8F0qHMxQ,PropPanelSubsystem,n_propPanelSubsystem_1;featureScroll_1;serialVersionUID_1;getFeatureScroll_return_1
StateDisabled,_AyYe4uLbEeCVSp8F0qHMxQ,ActionNewOperation,n_actionNewOperation_1;ACTION_KEY_1;serialVersionUID_1
UsecaseDisabled,__AXuseLaEeCVSp8F0qHMxQ,XmiHeaderProviderImpl,n_xmiHeaderProviderImpl_1;UML_VERSION_1;LOG_1;version_1;writeHeader_ps_1
UsecaseDisabled,__GxRoOLaEeCVSp8F0qHMxQ,ExtensionPointNotationUml,n_extensionPointNotationUml_1;parse_modelElement_text_1;parseExtensionPointFig_ep_text_1;getParsingHelp_return_1;toString_modelElement_args_return_1;toString_modelElement_return_1
UsecaseDisabled,__IjaU-LaEeCVSp8F0qHMxQ,XmiInputStream,n_xmiInputStream_1;tagName_1;endTagName_1;attributes_1;extensionFound_1;endFound_1;parsingExtension_1;readingName_1;stringBuffer_1;type_1;eventSpacing_1;readCount_1;progressMgr_1;read_return_1;callExtensionParser__1;read_b_off_len_return_1;isNameTerminator_ch_return_1;close__1;realClose__1
UsecaseDisabled,__av9kOLaEeCVSp8F0qHMxQ,LastRecentlyUsedMenuList,n_lastRecentlyUsedMenuList_1;MAX_COUNT_DEFAULT_1;fileMenu_1;lruCount_1;maxCount_1;menuIndex_1;menuItems_1;addEventHandler_filename_addAt_return_1;addEntry_filename_1
UsecaseDisabled,__ciGQOLaEeCVSp8F0qHMxQ,PerspectiveConfigurator,n_perspectiveConfigurator_1;LOG_1;INSET_PX_1;configPanelNorth_1;configPanelSouth_1;splitPane_1;renameTextField_1;newPerspectiveButton_1;removePerspectiveButton_1;duplicatePerspectiveButton_1;moveUpButton_1;moveDownButton_1;addRuleButton_1;removeRuleButton_1;resetToDefaultButton_1;perspectiveList_1;perspectiveRulesList_1;ruleLibraryList_1;perspectiveListModel_1;perspectiveRulesListModel_1;ruleLibraryListModel_1;persLabel_1;ruleLibLabel_1;rulesLabel_1;makeLists__1;makeButtons__1;makeLayout__1;makeListeners__1;loadLibrary__1;loadPerspectives__1;updatePersLabel__1;updateLibLabel__1;updateRuleLabel__1;sortJListModel_list_1;doAddRule__1;doRemoveRule__1
UsecaseDisabled,__d3jA-LaEeCVSp8F0qHMxQ,RulesListSelectionListener,n_rulesListSelectionListener_1;valueChanged_lse_1
UsecaseDisabled,__cFaUOLaEeCVSp8F0qHMxQ,ExplorerTree,n_explorerTree_1;updatingSelection_1;updatingSelectionViaTreeSelection_1;serialVersionUID_1;refreshSelection__1;setSelection_targets_1;addTargetsInternal_addedTargets_1;selectVisible_target_1;selectAll_targets_1
UsecaseDisabled,__cFaUuLaEeCVSp8F0qHMxQ,ExplorerMouseListener,n_explorerMouseListener_1;mLTree_1;mousePressed_me_1;mouseReleased_me_1;mouseClicked_me_1;myDoubleClick__1;showPopupMenu_me_1
UsecaseDisabled,__xtsEOLaEeCVSp8F0qHMxQ,CrTooManyOper,n_crTooManyOper_1;OPERATIONS_THRESHOLD_1;serialVersionUID_1;getCriticizedDesignMaterials_return_1
UsecaseDisabled,__smikuLaEeCVSp8F0qHMxQ,CrObjectWithoutClassifier,n_crObjectWithoutClassifier_1
UsecaseDisabled,__4QY8OLaEeCVSp8F0qHMxQ,FigObject,n_figObject_1;cover_1;initFigs__1;getNotationProviderType_return_1;clone_return_1;setLineColor_col_1;getLineColor_return_1;setFillColor_col_1;getFillColor_return_1;isFilled_return_1;getLineWidth_return_1;makeSelection_return_1;getMinimumSize_return_1;setEnclosingFig_encloser_1
UsecaseDisabled,_AYIL0OLbEeCVSp8F0qHMxQ,UMLComboBoxModel2,n_uMLComboBoxModel2_1;LOG_1;CLEARED_1;comboBoxTarget_1;objects_1;selectedObject_1;isClearable_1;propertySetName_1;fireListEvents_1;buildingModel_1;processingWillBecomeVisible_1;modelValid_1;propertyChange_pve_1;isValidElement_element_return_1;buildModelList__1;getName_obj_return_1;setElements_elements_1;getTarget_return_1;removeAll_col_1;addAll_col_1;getChangedElement_e_return_1;setTarget_theNewTarget_1;buildMinimalModelList__1;buildModelListTimed__1;removeOtherModelEventListeners_oldTarget_1;addOtherModelEventListeners_newTarget_1;getSelectedModelElement_return_1;getElementAt_index_return_1;getSize_return_1;getIndexOf_o_return_1;removeAllElements__1;getSelectedItem_return_1;external2internal_o_return_1;internal2external_o_return_1;contains_elem_return_1;isValidEvent_e_return_1;fireContentsChanged_source_index0_index1_1;fireIntervalAdded_source_index0_index1_1;fireIntervalRemoved_source_index0_index1_1;isClearable_return_1;getPropertySetName_return_1;isFireListEvents_return_1;setFireListEvents_events_1;isLazy_return_1;setModelInvalid__1;popupMenuWillBecomeVisible_ev_1
UsecaseDisabled,_AZ6UguLbEeCVSp8F0qHMxQ,PropPanelActionState,n_propPanelActionState_1;serialVersionUID_1
UsecaseDisabled,_AagKYuLbEeCVSp8F0qHMxQ,PropPanelObjectFlowState,n_propPanelObjectFlowState_1;classifierComboBox_1;statesScroll_1;addExtraButtons__1;propertyChange_evt_1;getClassifierComboBox_return_1;removeTopStateFrom_ret_1;getType_target_return_1
UsecaseDisabled,_AagKZOLbEeCVSp8F0qHMxQ,UMLOFSStateListModel,n_uMLOFSStateListModel_1;serialVersionUID_1;buildModelList__1;isValidElement_elem_return_1
UsecaseDisabled,_AfHko-LbEeCVSp8F0qHMxQ,UMLReceptionSignalComboBoxModel,n_uMLReceptionSignalComboBoxModel_1;buildModelList__1;isValidElement_m_return_1;getSelectedModelElement_return_1
UsecaseDisabled,_AmCE9eLbEeCVSp8F0qHMxQ,UMLCallEventOperationComboBox2,n_uMLCallEventOperationComboBox2_1
UsecaseDisabled,_AjWkYOLbEeCVSp8F0qHMxQ,ActionNewPseudoState,n_actionNewPseudoState_1;kind_1
UsecaseDisabled,_AotlgOLbEeCVSp8F0qHMxQ,ActionAddOperation,n_actionAddOperation_1;targetFollower_1;serialVersionUID_1;getTargetFollower_return_1;actionPerformed_ae_1;shouldBeEnabled_return_1
UsecaseDisabled,_AyFj9eLbEeCVSp8F0qHMxQ,ActionDialogElementImport,n_actionDialogElementImport_1;getChoices_target_return_1;getSelected_target_return_1;getDialogTitle_return_1;isMultiSelect_return_1;isExclusive_return_1;doIt_target_selected_1
