ActivityDisabled,_-ten4eLaEeCVSp8F0qHMxQ,DeferredBufferedImage,n_deferredBufferedImage_1;LOG_1;TRANSPARENT_BG_COLOR_1;BACKGROUND_COLOR_1;BUFFER_HEIGHT_1;x_1;y_1;width_1;height_1;scale_1;image_1;editor_1;scaledBufferHeight_1;y1_1;y2_1;getData_return_1;getData_clip_return_1;isRasterValid_clip_return_1;computeRaster_clip_1;offsetWindow_clip_return_1;copyData_outRaster_return_1;getSources_return_1;getColorModel_return_1;getMinX_return_1;getMinY_return_1;getMinTileX_return_1;getMinTileY_return_1;getNumXTiles_return_1;getNumYTiles_return_1;getProperty_name_return_1;getPropertyNames_return_1;getSampleModel_return_1;getTile_tileX_tileY_return_1;getTileGridXOffset_return_1;getTileGridYOffset_return_1;getTileWidth_return_1;getTileHeight_return_1;getWidth_return_1;getHeight_return_1
ActivityDisabled,_-5Ok4OLaEeCVSp8F0qHMxQ,ChangeableKindEUMLImpl,n_changeableKindEUMLImpl_1;getAddOnly_return_1;getChangeable_return_1;getFrozen_return_1
ActivityDisabled,_-_Lb4uLaEeCVSp8F0qHMxQ,ActivityGraphsHelperMDRImpl,n_activityGraphsHelperMDRImpl_1;findClassifierByName_ofs_s_return_1;findStateByName_c_s_return_1;isAddingActivityGraphAllowed_context_return_1;addInState_classifierInState_state_1;setInStates_classifierInState_newStates_1;setContents_partition_contents_1;addContent_partition_modelElement_1;removeContent_partition_modelElement_1;setSynch_objectFlowState_isSynch_1;addParameter_objectFlowState_parameter_1;removeParameter_objectFlowState_parameter_1;setParameters_objectFlowState_parameters_1
ActivityDisabled,__A9kk-LaEeCVSp8F0qHMxQ,ModuleStatus,n_moduleStatus_1;enabled_1;selected_1;isEnabled_return_1;setEnabled__1;setDisabled__1;isSelected_return_1;setSelected__1;setUnselect__1;setSelected_value_1
ActivityDisabled,__T5usOLaEeCVSp8F0qHMxQ,ZoomSliderButton,n_zoomSliderButton_1;RESOURCE_NAME_1;LABEL_FONT_1;MINIMUM_ZOOM_1;MAXIMUM_ZOOM_1;SLIDER_HEIGHT_1;slider_1;currentValue_1;popupButtonIsActive_1;popupMenuIsShowing_1;mouseIsOverPopupButton_1;createPopupComponent__1;showPopup__1;handleSliderValueChange__1;handleTextEntry__1;updateCurrentValueLabel__1
ActivityDisabled,__XxiEuLaEeCVSp8F0qHMxQ,ExceptionDialog,n_exceptionDialog_1;closeButton_1;copyButton_1;northLabel_1;textArea_1;serialVersionUID_1;formatException_message_e_highlightCause_return_1;disposeDialog__1
ActivityDisabled,__VY8dOLaEeCVSp8F0qHMxQ,ChildGenSearch,n_childGenSearch_1;childIterator_o_return_1
ActivityDisabled,__U8QgeLaEeCVSp8F0qHMxQ,SettingsTabAppearance,n_settingsTabAppearance_1;lookAndFeel_1;metalTheme_1;language_1;metalLabel_1;smoothEdges_1;locale_1;serialVersionUID_1;setMetalThemeState__1;handleSettingsTabRefresh__1;handleSettingsTabSave__1;handleSettingsTabCancel__1;handleResetToDefault__1;getTabKey_return_1;getTabPanel_return_1
ActivityDisabled,__byfYOLaEeCVSp8F0qHMxQ,DnDExplorerTree,n_dnDExplorerTree_1;LOG_1;DIAGRAM_TO_CLIPBOARD_ACTION_1;clickOffset_1;sourcePath_1;ghostImage_1;selectedTreePath_1;dragSource_1;AUTOSCROLL_MARGIN_1;serialVersionUID_1;dragGestureRecognized_dragGestureEvent_1;isValidDrag_destinationPath_tf_return_1;dragDropEnd_dragSourceDropEvent_1;dragEnter_dragSourceDragEvent_1;dragExit_dragSourceEvent_1;dragOver_dragSourceDragEvent_1;dropActionChanged_dragSourceDragEvent_1;autoscroll_pt_1;getAutoscrollInsets_return_1
ActivityDisabled,__l6EseLaEeCVSp8F0qHMxQ,GoModelToDiagrams,n_goModelToDiagrams_1;getRuleName_return_1;getChildren_model_return_1;isInPath_namespace_model_return_1;getDependencies_parent_return_1
ActivityDisabled,__hllYuLaEeCVSp8F0qHMxQ,GoProjectToModel,n_goProjectToModel_1;getRuleName_return_1;getChildren_parent_return_1;getDependencies_parent_return_1
ActivityDisabled,_ANPKceLbEeCVSp8F0qHMxQ,ClassGenerationDialog,n_classGenerationDialog_1;SOURCE_LANGUAGE_TAG_1;LOG_1;isPathInModel_1;languages_1;classTable_1;outputDirectoryComboBox_1;languageHistory_1;serialVersionUID_1;nameButtons__1;setClassTableColumnWidths__1;buildLanguages__1;getClasspathEntries_return_1;doBrowse__1
ActivityDisabled,_ANY7ceLbEeCVSp8F0qHMxQ,TableModelClassChecks,n_tableModelClassChecks_1;classes_1;checked_1;serialVersionUID_1;setTarget_nodes_1;getLanguagesCount_return_1;getChecked_return_1;getColumnCount_return_1;getColumnName_c_return_1;getColumnClass_c_return_1;isCellEditable_row_col_return_1;getRowCount_return_1;getValueAt_row_col_return_1;setValueAt_aValue_rowIndex_columnIndex_1;setAllChecks_value_1
ActivityDisabled,_AZA8oOLbEeCVSp8F0qHMxQ,ActionSaveAllGraphics,n_actionSaveAllGraphics_1;LOG_1;overwrite_1;actionPerformed_ae_1;trySave_canOverwrite_return_1;trySave_canOverwrite_directory_return_1;trySaveDiagram_target_saveDir_return_1;saveGraphicsToFile_theFile_cmd_return_1;showStatus_text_1
ActivityDisabled,_AmU_4uLbEeCVSp8F0qHMxQ,UMLUseCaseExtendListModel,n_uMLUseCaseExtendListModel_1;buildModelList__1;isValidElement_o_return_1
ActivityDisabled,_AwTbQOLbEeCVSp8F0qHMxQ,UMLModelElementElementResidenceListModel,n_uMLModelElementElementResidenceListModel_1;buildModelList__1;isValidElement_o_return_1
ActivityDisabled,_Avs-UOLbEeCVSp8F0qHMxQ,PropPanelClassifier,n_propPanelClassifier_1;modifiersPanel_1;generalizationScroll_1;specializationScroll_1;featureScroll_1;createActionScroll_1;powerTypeRangeScroll_1;associationEndScroll_1;attributeScroll_1;operationScroll_1;initialize__1;getAssociationEndScroll_return_1;getCreateActionScroll_return_1;getFeatureScroll_return_1;getGeneralizationScroll_return_1;getPowerTypeRangeScroll_return_1;getSpecializationScroll_return_1;getAttributeScroll_return_1;getOperationScroll_return_1;getModifiersPanel_return_1
ActivityDisabled,_AxV9EOLbEeCVSp8F0qHMxQ,PropPanelTaggedValue,n_propPanelTaggedValue_1;modelElementSelector_1;typeSelector_1;referenceValuesScroll_1;dataValuesScroll_1;getReferenceValuesScroll_return_1;getDataValuesScroll_return_1;getModelElementSelector_return_1;getTypeSelector_return_1
ActivityDisabled,_AxV9E-LbEeCVSp8F0qHMxQ,UMLTaggedValueModelElementComboBoxModel,n_uMLTaggedValueModelElementComboBoxModel_1;buildModelList__1;getSelectedModelElement_return_1;isValidElement_element_return_1
CollabDisabled,_-n-c0OLaEeCVSp8F0qHMxQ,SnoozeOrder,n_snoozeOrder_1;LOG_1;INITIAL_INTERVAL_MS_1;snoozeUntil_1;snoozeAgain_1;interval_1;now_1;serialVersionUID_1;getNow_return_1;getSnoozed_return_1;snooze__1;unsnooze__1;nextInterval_last_return_1
CollabDisabled,__AqpouLaEeCVSp8F0qHMxQ,SettingsTabModules,n_settingsTabModules_1;table_1;fieldAllExtDirs_1;columnNames_1;elements_1;serialVersionUID_1;handleSettingsTabRefresh__1;handleSettingsTabSave__1;handleSettingsTabCancel__1;getTabKey_return_1;getTabPanel_return_1;handleResetToDefault__1
CollabDisabled,__YNm8OLaEeCVSp8F0qHMxQ,HelpBox,n_helpBox_1;LOG_1;tabs_1;panes_1;pages_1;serialVersionUID_1;hyperlinkUpdate_event_1
CollabDisabled,__bC4hOLaEeCVSp8F0qHMxQ,ActionAdjustSnap,n_actionAdjustSnap_1;guideSize_1;DEFAULT_ID_1;myGroup_1;setGroup_group_1;init__1;createAdjustSnapActions_return_1
CollabDisabled,__ciGQOLaEeCVSp8F0qHMxQ,PerspectiveConfigurator,n_perspectiveConfigurator_1;LOG_1;INSET_PX_1;configPanelNorth_1;configPanelSouth_1;splitPane_1;renameTextField_1;newPerspectiveButton_1;removePerspectiveButton_1;duplicatePerspectiveButton_1;moveUpButton_1;moveDownButton_1;addRuleButton_1;removeRuleButton_1;resetToDefaultButton_1;perspectiveList_1;perspectiveRulesList_1;ruleLibraryList_1;perspectiveListModel_1;perspectiveRulesListModel_1;ruleLibraryListModel_1;persLabel_1;ruleLibLabel_1;rulesLabel_1;makeLists__1;makeButtons__1;makeLayout__1;makeListeners__1;loadLibrary__1;loadPerspectives__1;updatePersLabel__1;updateLibLabel__1;updateRuleLabel__1;sortJListModel_list_1;doAddRule__1;doRemoveRule__1
CollabDisabled,__da3E-LaEeCVSp8F0qHMxQ,RenameListener,n_renameListener_1
CollabDisabled,__ldYwuLaEeCVSp8F0qHMxQ,GoUseCaseToExtensionPoint,n_goUseCaseToExtensionPoint_1;getRuleName_return_1;getChildren_parent_return_1;getDependencies_parent_return_1
CollabDisabled,__rtKsuLaEeCVSp8F0qHMxQ,CrMultipleDeepHistoryStates,n_crMultipleDeepHistoryStates_1;LOG_1;serialVersionUID_1;getCriticizedDesignMaterials_return_1
CollabDisabled,__6DIseLaEeCVSp8F0qHMxQ,ModeChangeHeight,n_modeChangeHeight_1;contract_1;contractSet_1;startX_1;startY_1;currentY_1;editor_1;rubberbandColor_1;serialVersionUID_1;mousePressed_me_1;mouseDragged_me_1;mouseReleased_me_1;instructions_return_1;isContract_return_1
CollabDisabled,__8uCMeLaEeCVSp8F0qHMxQ,SelectionState,n_selectionState_1;trans_1;icons_1;instructions_1;showIncoming_1;showOutgoing_1;getIcons_return_1;getInstructions_index_return_1;getNewEdgeType_index_return_1;getNewNode_index_return_1;getNewNodeType_index_return_1;isReverseEdge_index_return_1
CollabDisabled,_AJhIEOLbEeCVSp8F0qHMxQ,StylePanelFigAssociationClass,n_stylePanelFigAssociationClass_1;hasEditableBoundingBox_value_1;setTargetBBox__1;refresh__1
CollabDisabled,_AI7SMOLbEeCVSp8F0qHMxQ,ActionSetAddAssociationEndMode,n_actionSetAddAssociationEndMode_1;serialVersionUID_1
CollabDisabled,_ADkREOLbEeCVSp8F0qHMxQ,FigNameWithAbstractAndBold,n_figNameWithAbstractAndBold_1;getFigFontStyle_return_1
CollabDisabled,_AVvmMOLbEeCVSp8F0qHMxQ,ActionGenerationSettings,n_actionGenerationSettings_1;actionPerformed_ae_1;isEnabled_return_1
CollabDisabled,_ASLU0OLbEeCVSp8F0qHMxQ,LabelledLayout,n_labelledLayout_1;serialVersionUID_1;hgap_1;vgap_1;ignoreSplitters_1;addLayoutComponent_name_comp_1;removeLayoutComponent_comp_1;preferredLayoutSize_parent_return_1;minimumLayoutSize_parent_return_1;layoutContainer_parent_1;getSectionCount_parent_return_1;getSectionWidth_parent_sectionCount_return_1;getUsableWidth_parent_return_1;layoutSection_parent_sectionX_sectionWidth_components_sectionNo_1;getChildHeight_childComp_return_1;isResizable_comp_return_1;calculateHeight_parentHeight_totalHeight_unknownHeightsLeft_childComp_return_1;getPreferredHeight_comp_return_1;getPreferredWidth_comp_return_1;getMinimumHeight_comp_return_1;getMaximumWidth_comp_return_1;getHgap_return_1;setHgap_hgap_1;getVgap_return_1;setVgap_vgap_1
CollabDisabled,_AYIL0uLbEeCVSp8F0qHMxQ,UMLModelElementCommentDocument,n_uMLModelElementCommentDocument_1;useBody_1;setProperty_text_1;getProperty_return_1
CollabDisabled,_AtLOwOLbEeCVSp8F0qHMxQ,PropPanelAssociation,n_propPanelAssociation_1;serialVersionUID_1;assocEndScroll_1;associationRoleScroll_1;linksScroll_1;modifiersPanel_1;initialize__1
CollabDisabled,_AuXhk-LbEeCVSp8F0qHMxQ,PropPanelAttribute,n_propPanelAttribute_1;serialVersionUID_1
CollabDisabled,_AuXhleLbEeCVSp8F0qHMxQ,UMLInitialValueExpressionModel,n_uMLInitialValueExpressionModel_1;getExpression_return_1;setExpression_expression_1;newExpression_return_1
DeployDisabled,__DpFI-LaEeCVSp8F0qHMxQ,OperationNotationJava,n_operationNotationJava_1;LOG_1;parse_modelElement_text_1;getParsingHelp_return_1;toString_modelElement_args_return_1;toString_modelElement_return_1;generateConcurrency_op_return_1;generateAbstractness_op_return_1
DeployDisabled,__Erm8OLaEeCVSp8F0qHMxQ,AbstractMessageNotationUml,n_abstractMessageNotationUml_1;LOG_1;parameterCustomSep_1;toString_umlMessage_showSequenceNumbers_return_1;getInitiatorOfAction_umlAction_return_1;initParameterSeparators_return_1;parse_umlMessage_text_1;getParsingHelp_return_1;generateMessageNumber_umlMessage_umlPredecessor_position_return_1;findMsgOrderBreak_s_return_1;generateMessageNumber_message_return_1;countSuccessors_message_return_1;generateRecurrence_expr_return_1;printDebugInfo_s_fname_guard_paramExpr_varname_predecessors_seqno_parallell_iterative_1;parseArguments_paramExpr_mayDeleteExpr_return_1;handlePredecessors_umlMessage_predecessors_hasPredecessors_1;handleOperation_umlMessage_fname_refindOperation_1;handleSequenceNumber_umlMessage_seqno_refindOperation_return_1;handleArguments_umlMessage_args_refindOperation_return_1;handleFunctionName_umlMessage_fname_varname_refindOperation_return_1;fillBlankVariableName_umlMessage_varname_mayDeleteExpr_return_1;fillBlankFunctionName_umlMessage_fname_mayDeleteExpr_return_1;handleGuard_umlMessage_guard_parallell_iterative_1;buildAction_umlMessage_1;getExpressionLanguage_return_1;walkTree_root_path_return_1;walk_r_steps_strict_return_1;findCandidateRoots_c_a_veto_return_1;successor_r_steps_return_1;isMsgNumberStartOf_n1_n2_return_1;compareMsgNumbers_n1_n2_return_1;parseMsgOrder_s_return_1;findMsg_r_n_return_1;hasMsgWithActivator_r_m_return_1;isBadPreMsg_ans_chld_return_1;isPredecessorMsg_pre_suc_md_return_1;filterWithActivator_c_a_return_1;getOperation_classifiers_name_params_return_1;countParameters_bf_return_1
DeployDisabled,__HqCc-LaEeCVSp8F0qHMxQ,OCLUtil,n_oCLUtil_1;getInnerMostEnclosingNamespace_me_return_1;getContextString_me_return_1
DeployDisabled,__JTBMuLaEeCVSp8F0qHMxQ,XmiFormatException,n_xmiFormatException_1
DeployDisabled,__ew65OLaEeCVSp8F0qHMxQ,TypeThenNameOrder,n_typeThenNameOrder_1;compare_obj1_obj2_return_1;toString_return_1
DeployDisabled,__lKd0OLaEeCVSp8F0qHMxQ,GoModelElementToContents,n_goModelElementToContents_1;getRuleName_return_1;getChildren_parent_return_1;getDependencies_parent_return_1
DeployDisabled,__f9NtOLaEeCVSp8F0qHMxQ,GoTransitionToGuard,n_goTransitionToGuard_1;getRuleName_return_1;getChildren_parent_return_1;getDependencies_parent_return_1
DeployDisabled,__poHEOLaEeCVSp8F0qHMxQ,CrNoTriggerOrGuard,n_crNoTriggerOrGuard_1;serialVersionUID_1;getCriticizedDesignMaterials_return_1
DeployDisabled,__tMYc-LaEeCVSp8F0qHMxQ,CrSeqInstanceWithoutClassifier,n_crSeqInstanceWithoutClassifier_1
DeployDisabled,__wwp0OLaEeCVSp8F0qHMxQ,CrUnconventionalClassName,n_crUnconventionalClassName_1;serialVersionUID_1;getClarifier_return_1;computeSuggestion_sug_return_1;getCriticizedDesignMaterials_return_1
DeployDisabled,__55Xs-LaEeCVSp8F0qHMxQ,ModeCreateMessage,n_modeCreateMessage_1;LOG_1;startPort_1;startPortFig_1;message_1;serialVersionUID_1;createNewItem_me_snapX_snapY_return_1;instructions_return_1;mousePressed_me_1;mouseReleased_me_1;mouseDragged_me_1
DeployDisabled,__-p74eLaEeCVSp8F0qHMxQ,ClassdiagramAssociationEdge,n_classdiagramAssociationEdge_1;SELF_SIZE_1;layout__1;getCenterRight_fig_return_1
DeployDisabled,_ADRWIuLbEeCVSp8F0qHMxQ,FigEdgePort,n_figEdgePort_1;bigPort_1;serialVersionUID_1;initialize__1;hit_r_return_1;setOwner_own_1;getOwner_return_1;classNameAndBounds_return_1;hitPort_x_y_return_1;hitFig_r_return_1;isSelectable_return_1;getPortFig_port_return_1
DeployDisabled,_AMC3oOLbEeCVSp8F0qHMxQ,UMLUseCaseDiagram,n_uMLUseCaseDiagram_1;LOG_1;actionActor_1;actionUseCase_1;actionAssociation_1;actionAggregation_1;actionComposition_1;actionUniAssociation_1;actionUniAggregation_1;actionUniComposition_1;actionGeneralize_1;actionExtend_1;actionInclude_1;actionDependency_1;actionExtensionPoint_1;setNamespace_handle_1;getUmlActions_return_1;getAssociationActions_return_1;getLabelName_return_1;getActionActor_return_1;getActionAggregation_return_1;getActionAssociation_return_1;getActionComposition_return_1;getActionDependency_return_1;getActionExtend_return_1;getActionGeneralize_return_1;getActionInclude_return_1;getActionUniAggregation_return_1;getActionUniAssociation_return_1;getActionUniComposition_return_1;getActionUseCase_return_1;getActionExtensionPoint_return_1;isRelocationAllowed_base_return_1;relocate_base_return_1;getRelocationCandidates_root_return_1;encloserChanged_enclosed_oldEncloser_newEncloser_1;doesAccept_objectToAccept_return_1;drop_droppedObject_location_return_1
DeployDisabled,_AgKGdOLbEeCVSp8F0qHMxQ,UMLActionAsynchronousCheckBox,n_uMLActionAsynchronousCheckBox_1;buildModel__1
DeployDisabled,_ArZGEOLbEeCVSp8F0qHMxQ,PropPanelFlow,n_propPanelFlow_1;serialVersionUID_1;initialize__1
DeployDisabled,_AzkxtOLbEeCVSp8F0qHMxQ,PredicateTrue,n_predicateTrue_1;theInstance_1;evaluate_obj_return_1;getInstance_return_1
Original,_-wmNUOLaEeCVSp8F0qHMxQ,UmlChangeEvent,n_umlChangeEvent_1;originalEvent_1;getOriginalEvent_return_1;toString_return_1
Original,_-6tyouLaEeCVSp8F0qHMxQ,MetaTypesMDRImpl,n_metaTypesMDRImpl_1;getName_modelElement_return_1;getAbstraction_return_1;getAction_return_1;getActionExpression_return_1;getActionState_return_1;getActor_return_1;getAggregationKind_return_1;getArtifact_return_1;getAssociation_return_1;getAssociationClass_return_1;getAssociationEnd_return_1;getAssociationEndRole_return_1;getAssociationRole_return_1;getAttribute_return_1;getBehavioralFeature_return_1;getBinding_return_1;getBooleanExpression_return_1;getCallAction_return_1;getCallConcurrencyKind_return_1;getCallState_return_1;getUMLClass_return_1;getClassifier_return_1;getClassifierRole_return_1;getCollaboration_return_1;getComment_return_1;getComponent_return_1;getComponentInstance_return_1;getCompositeState_return_1;getConstraint_return_1;getCreateAction_return_1;getDataType_return_1;getDependency_return_1;getDestroyAction_return_1;getEnumeration_return_1;getEnumerationLiteral_return_1;getElementImport_return_1;getEvent_return_1;getException_return_1;getExtend_return_1;getExtensionPoint_return_1;getFinalState_return_1;getGeneralizableElement_return_1;getGeneralization_return_1;getGuard_return_1;getInclude_return_1;getInstance_return_1;getInterface_return_1;getLink_return_1;getMessage_return_1;getModel_return_1;getModelElement_return_1;getMultiplicity_return_1;getNamespace_return_1;getNode_return_1;getNodeInstance_return_1;getObject_return_1;getObjectFlowState_return_1;getOperation_return_1;getPackage_return_1;getParameter_return_1;getParameterDirectionKind_return_1;getPartition_return_1;getPackageImport_return_1;getPseudostate_return_1;getPseudostateKind_return_1;getReception_return_1;getReturnAction_return_1;getScopeKind_return_1;getSendAction_return_1;getSignal_return_1;getSimpleState_return_1;getState_return_1;getStateMachine_return_1;getStateVertex_return_1;getStereotype_return_1;getStimulus_return_1;getStubState_return_1;getSubactivityState_return_1;getSubmachineState_return_1;getSubsystem_return_1;getSynchState_return_1;getTemplateArgument_return_1;getTemplateParameter_return_1;getTerminateAction_return_1;getTransition_return_1;getUsage_return_1;getUseCase_return_1;getVisibilityKind_return_1;getTagDefinition_return_1;getTaggedValue_return_1;getInteraction_return_1;getActionSequence_return_1;getArgument_return_1;getAttributeLink_return_1;getCallEvent_return_1;getChangeEvent_return_1;getClassifierInState_return_1;getCollaborationInstanceSet_return_1;getDataValue_return_1;getElement_return_1;getElementResidence_return_1;getExpression_return_1;getFeature_return_1;getFlow_return_1;getInteractionInstanceSet_return_1;getLinkEnd_return_1;getLinkObject_return_1;getMethod_return_1;getMultiplicityRange_return_1;getPrimitiveType_return_1;getRelationship_return_1;getSignalEvent_return_1;getStructuralFeature_return_1;getSubsystemInstance_return_1;getTimeEvent_return_1;getUninterpretedAction_return_1
Original,_-76FcOLaEeCVSp8F0qHMxQ,CollaborationsFactoryMDRImpl,n_collaborationsFactoryMDRImpl_1;createAssociationEndRole_return_1;getCollabPkg_return_1;createAssociationRole_return_1;createClassifierRole_return_1;createCollaboration_return_1;createCollaborationInstanceSet_return_1;createInteraction_return_1;createInteractionInstanceSet_return_1;createMessage_return_1;buildClassifierRole_collaboration_return_1;buildCollaboration_handle_return_1;buildCollaboration_namespace_representedElement_return_1;buildInteraction_handle_return_1;buildAssociationEndRole_atype_return_1;buildAssociationRole_from_to_return_1;buildAssociationRole_from_to_return_2;buildAssociationRole_from_agg1_to_agg2_unidirectional_return_1;buildAssociationRole_from_agg1_to_agg2_unidirectional_return_2;buildAssociationRole_link_return_1;buildMessageInteraction_inter_role_return_1;lastMessage_c_m_return_1;findEnd_m_return_1;buildMessage_acollab_arole_return_1;buildMessageCollab_collab_role_return_1;buildActivator_owner_interaction_return_1;deleteAssociationEndRole_elem_1;deleteAssociationRole_elem_1;deleteClassifierRole_elem_1;deleteCollaboration_elem_1;deleteCollaborationInstanceSet_elem_1;deleteInteraction_elem_1;deleteInteractionInstanceSet_elem_1;deleteMessage_elem_1
Original,__CwUU-LaEeCVSp8F0qHMxQ,ClassifierRoleNotation,n_classifierRoleNotation_1;initialiseListener_listener_modelElement_1
Original,__MRcsuLaEeCVSp8F0qHMxQ,CoreProfileReference,n_coreProfileReference_1;PROFILES_RESOURCE_PATH_1;PROFILES_BASE_URL_1
Original,__MbNsuLaEeCVSp8F0qHMxQ,UserDefinedProfile,n_userDefinedProfile_1;LOG_1;displayName_1;modelFile_1;profilePackages_1;finishLoading__1;filterPackages_return_1;str2KnowledgeType_token_return_1;str2Priority_prioStr_return_1;getAllCritiquesInModel_return_1;getAllCommentsInModel_objs_return_1;getDisplayName_return_1;getModelFile_return_1;toString_return_1;getProfilePackages_return_1;loadImage_stereotype_f_return_1
Original,__MkXouLaEeCVSp8F0qHMxQ,FigNodeDescriptor,n_figNodeDescriptor_1;stereotype_1;img_1;src_1;length_1;isValid_return_1
Original,__Q428OLaEeCVSp8F0qHMxQ,ActionAddClassifierRole,n_actionAddClassifierRole_1;serialVersionUID_1;createMode_instructions_return_1;makeNode_return_1
Original,__Sq_oOLaEeCVSp8F0qHMxQ,StatusBar,n_statusBar_1;msg_1;progress_1;statusText_1;showProgress_percent_1;incProgress_delataPercent_1;doFakeProgress_s_work_1;run__1
Original,__g1-gOLaEeCVSp8F0qHMxQ,GoNodeToResidentComponent,n_goNodeToResidentComponent_1;getRuleName_return_1;getChildren_parent_return_1;getDependencies_parent_return_1
Original,__mf6kuLaEeCVSp8F0qHMxQ,TargetManager,n_targetManager_1;LOG_1;instance_1;targets_1;modelTarget_1;figTarget_1;listenerList_1;historyManager_1;inTransaction_1;getInstance_return_1;internalOnSetTarget_eventName_oldTargets_1;getTarget_return_1;setTargets_targetsCollection_1;addTarget_target_1;removeTarget_target_1;getOwnerAndAllFigs_o_return_1;getOwner_o_return_1;getTargets_return_1;getSingleTarget_return_1;getModelTargets_return_1;getSingleModelTarget_return_1;startTargetTransaction__1;isInTargetTransaction_return_1;endTargetTransaction__1;getFigTarget_return_1;determineFigTarget_target_return_1;getModelTarget_return_1;determineModelTarget_target_return_1;navigateForward__1;navigateBackward__1;navigateForwardPossible_return_1;navigateBackPossible_return_1;cleanHistory__1
Original,__mprkeLaEeCVSp8F0qHMxQ,HistoryManager,n_historyManager_1;MAX_SIZE_1;history_1;navigateBackward_1;currentTarget_1;umlListener_1;putInHistory_target_1;resize__1;navigateForward__1;navigateBackward__1;navigateBackPossible_return_1;navigateForwardPossible_return_1;clean__1
Original,__0ZMouLaEeCVSp8F0qHMxQ,ActivityDiagramLayouter,n_activityDiagramLayouter_1;objects_1;STARTING_POINT_1;finalState_1;layout__1;placeNodes_seen_node_index_return_1;getMinimumDiagramSize_return_1
Original,_AMyegOLbEeCVSp8F0qHMxQ,TempFileUtils,n_tempFileUtils_1;LOG_1;createTempDir_return_1;readAllFiles_dir_return_1;deleteDir_dir_1;readFileNames_dir_return_1
Original,_AgAVcuLbEeCVSp8F0qHMxQ,ActionNewArgument,n_actionNewArgument_1
Original,_AnEmxOLbEeCVSp8F0qHMxQ,ActionNewActor,n_actionNewActor_1
Original,_AxDCIuLbEeCVSp8F0qHMxQ,ActionNewTagDefinition,n_actionNewTagDefinition_1
Original,_A0digOLbEeCVSp8F0qHMxQ,ToolBarUtility,n_toolBarUtility_1;LOG_1;manageDefault_actions_key_1;addItemsToToolBar_buttonPanel_actions_1;addItemsToToolBar_buttonPanel_actions_2;buildPopupToolBoxButton_actions_rollover_return_1
SequenceDisabled,_-3ccMOLaEeCVSp8F0qHMxQ,ExtensionMechanismsHelperEUMLImpl,n_extensionMechanismsHelperEUMLImpl_1;addBaseClass_handle_baseClass_1;addCopyStereotype_modelElement_stereotype_1;addExtendedElement_handle_extendedElement_1;addTaggedValue_handle_taggedValue_1;getAllPossibleStereotypes_models_modelElement_return_1;getMetaModelName_m_return_1;getMetaModelName_clazz_return_1;getStereotype_ns_stereo_return_1;getStereotype_models_stereo_return_1;getStereotypes_ns_return_1;getStereotypes_models_return_1;hasStereotype_handle_name_return_1;isStereotype_object_name_base_return_1;isStereotypeInh_object_name_base_return_1;isValidStereotype_theModelElement_theStereotype_return_1;removeBaseClass_handle_baseClass_1;removeTaggedValue_handle_taggedValue_1;setIcon_handle_icon_1;setTaggedValue_handle_taggedValues_1;setTagType_handle_tagType_1;setType_handle_type_1;setValueOfTag_handle_value_1;setDataValues_handle_value_1
SequenceDisabled,__R7YwuLaEeCVSp8F0qHMxQ,BasicLinkButtonUI,n_basicLinkButtonUI_1;UI_1;createUI_jcomponent_return_1
SequenceDisabled,__av9kuLaEeCVSp8F0qHMxQ,ShortcutChangedEvent,n_shortcutChangedEvent_1;serialVersionUID_1;keyStroke_1;getKeyStroke_return_1
SequenceDisabled,__kHU8eLaEeCVSp8F0qHMxQ,GoSummaryToIncomingDependency,n_goSummaryToIncomingDependency_1;getRuleName_return_1;getChildren_parent_return_1;getDependencies_parent_return_1
SequenceDisabled,__1R9cuLaEeCVSp8F0qHMxQ,FigPartition,n_figPartition_1;MIN_WIDTH_1;MIN_HEIGHT_1;leftLine_1;rightLine_1;topLine_1;bottomLine_1;seperator_1;initFigs__1;clone_return_1;setLineColor_col_1;getLineColor_return_1;setFillColor_col_1;getFillColor_return_1;isFilled_return_1;getLineWidth_return_1;placeString_return_1;getMinimumSize_return_1;makeSelection_return_1;appendToPool_activityGraph_1;removeFromDiagramImpl__1;translateWithContents_dx_1;getPartitions_layer_return_1;getDragDependencies_return_1
SequenceDisabled,__1buceLaEeCVSp8F0qHMxQ,SelectionPartition,n_selectionPartition_1;cx_1;cy_1;cw_1;ch_1;updateHandleBox__1;dragHandle_mX_mY_anX_anY_hand_1
SequenceDisabled,_AHSTcuLbEeCVSp8F0qHMxQ,ActionList,n_actionList_1;readonly_1;trimMenu_menu_return_1;isUmlMutator_a_return_1
SequenceDisabled,_AJq5EOLbEeCVSp8F0qHMxQ,ActionModifierActive,n_actionModifierActive_1;serialVersionUID_1;valueOfTarget_t_return_1
SequenceDisabled,_AUjTYeLbEeCVSp8F0qHMxQ,UMLDeprecatedCheckBox,n_uMLDeprecatedCheckBox_1
SequenceDisabled,_AS67suLbEeCVSp8F0qHMxQ,PropPanelFactoryManager,n_propPanelFactoryManager_1;ppfactories_1;getFactories_return_1
SequenceDisabled,_AaDecOLbEeCVSp8F0qHMxQ,PropPanelPartition,n_propPanelPartition_1;contentsScroll_1;activityGraphScroll_1;getContentsField_return_1;getActivityGraphField_return_1
SequenceDisabled,_AdLq8eLbEeCVSp8F0qHMxQ,PropPanelInteraction,n_propPanelInteraction_1;serialVersionUID_1
SequenceDisabled,_Afafk-LbEeCVSp8F0qHMxQ,PropPanelArgument,n_propPanelArgument_1;serialVersionUID_1
SequenceDisabled,_Ak1yIOLbEeCVSp8F0qHMxQ,UMLSynchStateBoundDocument,n_uMLSynchStateBoundDocument_1;serialVersionUID_1;setProperty_text_1;getProperty_return_1
SequenceDisabled,_Aj9BVOLbEeCVSp8F0qHMxQ,PropPanelCompositeState,n_propPanelCompositeState_1;serialVersionUID_1;subverticesList_1;addConcurrentRegion_1;addExtraButtons__1;updateExtraButtons__1;initialize__1
SequenceDisabled,_AnYIwuLbEeCVSp8F0qHMxQ,UMLExtendExtensionListModel,n_uMLExtendExtensionListModel_1;buildModelList__1;isValidElement_element_return_1
SequenceDisabled,_Ar1yAOLbEeCVSp8F0qHMxQ,UMLGeneralizableElementLeafCheckBox,n_uMLGeneralizableElementLeafCheckBox_1;buildModel__1
SequenceDisabled,_AuEmouLbEeCVSp8F0qHMxQ,UMLOperationConcurrencyRadioButtonPanel,n_uMLOperationConcurrencyRadioButtonPanel_1;labelTextsAndActionCommands_1;getCommands_return_1;buildModel__1
StateDisabled,_-pKIkuLaEeCVSp8F0qHMxQ,WizStepCue,n_wizStepCue_1;instructions_1;serialVersionUID_1
StateDisabled,__H9kcOLaEeCVSp8F0qHMxQ,CrConsiderSingleton,n_crConsiderSingleton_1;serialVersionUID_1
StateDisabled,__IQfY-LaEeCVSp8F0qHMxQ,ZargoFilePersister,n_zargoFilePersister_1;LOG_1;getExtension_return_1;getDesc_return_1;isSaveEnabled_return_1;toURL_file_return_1;zargoToUml_file_progressMgr_return_1;copyArgo_file_encoding_writer_1;copyXmi_file_encoding_writer_1;copyDiagrams_file_encoding_writer_1;copyMember_file_tag_outputEncoding_writer_1;readerToWriter_reader_writer_1;openZipStreamAt_url_ext_return_1;openZipEntry_url_entryName_return_1;makeZipEntryUrl_url_entryName_return_1;getPgmlCount_file_return_1;containsTodo_file_return_1;containsProfile_file_return_1;getEntryNames_file_extension_return_1
StateDisabled,__OzMQOLaEeCVSp8F0qHMxQ,EvaluateExpression,n_evaluateExpression_1;LOG_1;vt_1;val_1;fwd_1;getValue_return_1;caseAIfExpression_node_1;caseALogicalExpressionTail_node_1;caseARelationalExpressionTail_node_1;caseAAdditiveExpressionTail_node_1;caseAMultiplicativeExpressionTail_node_1;caseAUnaryUnaryExpression_node_1;caseAPostfixExpressionTail_node_1;caseAFeaturePrimaryExpression_node_1;outAEmptyFeatureCallParameters_node_1;caseAFeatureCallParameters_node_1;loadState_state_1;saveState_return_1;caseAStandardDeclarator_node_1;outAIterateDeclarator_node_1;caseALetExpression_node_1;outAStringLiteral_node_1;outARealLiteral_node_1;outAIntegerLiteral_node_1;outABooleanLiteral_node_1;outAEnumLiteral_node_1;caseALiteralCollection_node_1;caseAExpressionListOrRange_node_1;caseAListExpressionListOrRangeTail_node_1;caseAFeatureCall_node_1;caseAActualParameterList_node_1;asBoolean_value_node_return_1;asInteger_value_node_return_1;runFeatureCall_subject_feature_type_parameters_return_1;errorNotType_node_type_dft_1;error_node_1
StateDisabled,__Q428uLaEeCVSp8F0qHMxQ,FigHead,n_figHead_1;nameFig_1;stereotypeFig_1;rectFig_1;DEFAULT_WIDTH_1;DEFAULT_HEIGHT_1;initialize_stereotypeFigure_nameFigure_1;getMinimumSize_return_1;getMinimumHeight_return_1;getMinimumWidth_return_1;setFilled_filled_1;getFillColor_return_1
StateDisabled,__YNm8OLaEeCVSp8F0qHMxQ,HelpBox,n_helpBox_1;LOG_1;tabs_1;panes_1;pages_1;serialVersionUID_1;hyperlinkUpdate_event_1
StateDisabled,__hvWZOLaEeCVSp8F0qHMxQ,GoMessageToAction,n_goMessageToAction_1;getRuleName_return_1;getChildren_parent_return_1;getDependencies_parent_return_1
StateDisabled,_AXrf4OLbEeCVSp8F0qHMxQ,UMLEditableComboBox,n_uMLEditableComboBox_1;doOnEdit_item_1;focusGained_arg0_1;focusLost_arg0_1
StateDisabled,_AXrf4uLbEeCVSp8F0qHMxQ,UMLComboBoxEditor,n_uMLComboBoxEditor_1;theShowIcon_1;setItem_anObject_1;isShowIcon_return_1;setShowIcon_showIcon_1;getEditorComponent_return_1;selectAll__1;getItem_return_1
StateDisabled,_AXhu4-LbEeCVSp8F0qHMxQ,ActionRemoveModelElement,n_actionRemoveModelElement_1;SINGLETON_1;isEnabled_return_1
StateDisabled,_AcJJIOLbEeCVSp8F0qHMxQ,ActionSetRepresentedOperationCollaboration,n_actionSetRepresentedOperationCollaboration_1
StateDisabled,_AcSTE-LbEeCVSp8F0qHMxQ,ActionSetClassifierRoleMultiplicity,n_actionSetClassifierRoleMultiplicity_1;SINGLETON_1;setSelectedItem_item_target_1;getInstance_return_1
StateDisabled,_Agv8UuLbEeCVSp8F0qHMxQ,PropPanelObject,n_propPanelObject_1;serialVersionUID_1
StateDisabled,_AgmyYuLbEeCVSp8F0qHMxQ,PropPanelReturnAction,n_propPanelReturnAction_1
StateDisabled,_Ai6fguLbEeCVSp8F0qHMxQ,UMLSignalEventSignalList,n_uMLSignalEventSignalList_1;getPopupMenu_return_1
StateDisabled,_AvaDYuLbEeCVSp8F0qHMxQ,ActionSetBehavioralFeatureQuery,n_actionSetBehavioralFeatureQuery_1;SINGLETON_1;getInstance_return_1
StateDisabled,_AvQSZOLbEeCVSp8F0qHMxQ,UMLParameterBehavioralFeatListModel,n_uMLParameterBehavioralFeatListModel_1;buildModelList__1;isValidElement_o_return_1
StateDisabled,_ArsBAOLbEeCVSp8F0qHMxQ,PropPanelMethod,n_propPanelMethod_1
StateDisabled,_ArsBAuLbEeCVSp8F0qHMxQ,UMLMethodSpecificationComboBoxModel,n_uMLMethodSpecificationComboBoxModel_1;isValidElement_element_return_1;buildModelList__1;getSelectedModelElement_return_1
UsecaseDisabled,__CAtc-LaEeCVSp8F0qHMxQ,AssociationEndNameNotation,n_associationEndNameNotation_1;initialiseListener_listener_modelElement_1;updateListener_listener_modelElement_pce_1
UsecaseDisabled,__Lh10uLaEeCVSp8F0qHMxQ,SaveException,n_saveException_1
UsecaseDisabled,__NwqceLaEeCVSp8F0qHMxQ,ProfileMeta,n_profileMeta_1;PROFILE_FILE_1;model_1;loadWellFormednessRules__1;getDisplayName_return_1;getProfilePackages_return_1
UsecaseDisabled,__PizIOLaEeCVSp8F0qHMxQ,OclType,n_oclType_1;name_1;getName_return_1
UsecaseDisabled,__Q428-LaEeCVSp8F0qHMxQ,FigDestroy,n_figDestroy_1;createCross_bounds_1
UsecaseDisabled,__VitcuLaEeCVSp8F0qHMxQ,MultiEditorPane,n_multiEditorPane_1;LOG_1;tabInstances_1;tabs_1;tabPanels_1;lastTab_1;getPreferredSize_return_1;getMinimumSize_return_1;getIndexOfNamedTab_tabName_return_1;selectTabNamed_tabName_1;selectNextTab__1;mousePressed_me_1;mouseReleased_me_1;mouseEntered_me_1;mouseExited_me_1;mouseClicked_me_1;mySingleClick_tab_1;myDoubleClick_tab_1;getTabs_return_1
UsecaseDisabled,__e6E0OLaEeCVSp8F0qHMxQ,ExplorerPopup,n_explorerPopup_1;createDiagrams_1;LOG_1;MODEL_ELEMENT_MENUITEMS_1;serialVersionUID_1;initMenuCreateDiagrams__1;initMenuCreateModelElements__1;addCreateModelElementAction_menuItems_metaType_relationshipDescr_1;buildDirectionalCreateMenuItem_metaType_source_dest_relationshipDescr_menu_1;menuLocalize_key_return_1;addMenuItemForBothEndsOf_edge_1
UsecaseDisabled,__fD10OLaEeCVSp8F0qHMxQ,ActionAddExistingRelatedNode,n_actionAddExistingRelatedNode_1;object_1;isEnabled_return_1;actionPerformed_ae_1
UsecaseDisabled,__lAs0uLaEeCVSp8F0qHMxQ,GoClassifierToCollaboration,n_goClassifierToCollaboration_1;getRuleName_return_1;getChildren_parent_return_1;getDependencies_parent_return_1
UsecaseDisabled,_AHcEceLbEeCVSp8F0qHMxQ,FigNodeModelElement,n_figNodeModelElement_1;LOG_1;WIDTH_1;NAME_FIG_HEIGHT_1;NAME_V_PADDING_1;npArguments_1;invisibleAllowed_1;checkSize_1;popupAddOffset_1;ROOT_1;ABSTRACT_1;LEAF_1;ACTIVE_1;bigPort_1;nameFig_1;floatingStereotypes_1;stereotypeStyle_1;ICON_WIDTH_1;originalNameFig_1;enclosedFigs_1;encloser_1;readyToEdit_1;suppressCalcBounds_1;showBoldName_1;removeFromDiagram_1;editable_1;listeners_1;constructFigs__1;setLayer_lay_1;clone_return_1;placeString_return_1;getNameFig_return_1;getNameBounds_return_1;setNameFig_fig_1;getName_return_1;getPopUpActions_me_return_1;buildVisibilityPopUp_return_1;buildModifierPopUp_items_return_1;getEnclosingFig_return_1;setEnclosingFig_newEncloser_1;moveIntoComponent_newEncloser_1;addEnclosedFig_fig_1;removeEnclosedFig_fig_1;getEnclosedFigs_return_1;makeSelection_return_1;getTipString_me_return_1;vetoableChange_pce_1;delayedVetoableChange_pce_1;updateBounds__1;propertyChange_pve_1;formatEvent_event_return_1;isReadOnly_return_1;textEditStarted_ft_1;textEdited_ft_1;mouseClicked_me_1;keyPressed_ke_1;keyReleased_ke_1;keyTyped_ke_1;modelChanged_event_1;createContainedModelElement_fg_me_1;isPartlyOwner_o_return_1;isPartlyOwner_fig_o_return_1;deleteFromModel__1;setOwner_owner_1;initNotationProviders_own_1;getNotationProviderType_return_1;updateStereotypeText__1;updateNameText__1;isPathVisible_return_1;setPathVisible_visible_1;determineDefaultPathVisible__1;classNameAndBounds_return_1;updateListeners_oldOwner_newOwner_1;renderingChanged__1;updateStereotypeIcon__1;calcBounds__1;enableSizeChecking_flag_1;hit_r_return_1;removeFromDiagram__1;getRemoveDelegate_return_1;removeFromDiagramImpl__1;setBigPort_bp_1;getBigPort_return_1;isCheckSize_return_1;isDragConnectable_return_1;getEncloser_return_1;isReadyToEdit_return_1;setSuppressCalcBounds_scb_1;setVisible_visible_1;displace_xInc_yInc_1;allowRemoveFromDiagram_allowed_1;getPopupAddOffset_return_1;isEditable_return_1;setEditable_canEdit_1;addElementListener_element_1;addElementListener_element_property_1;addElementListener_element_property_2;removeElementListener_element_1;removeAllElementListeners__1;removeElementListeners_listenerSet_1;addElementListeners_listenerSet_1;updateElementListeners_listenerSet_1;getNotationArguments_return_1;putNotationArgument_key_value_1;isSingleTarget_return_1;getStereotypeView_return_1;getStereotypeStyle_return_1;getPracticalView_return_1;getStereotypeCount_return_1;setStereotypeStyle_style_1;updateSmallIcons_wid_1;updateFont__1;getNameFigFontStyle_return_1;deepUpdateFont_fg_1
UsecaseDisabled,_AHu_YeLbEeCVSp8F0qHMxQ,SelectionDefaultClarifiers,n_selectionDefaultClarifiers_1;getIcons_return_1;getInstructions_index_return_1;getNewNodeType_index_return_1;getNewEdgeType_index_return_1;isReverseEdge_index_return_1
UsecaseDisabled,_AYuBseLbEeCVSp8F0qHMxQ,TabTaggedValuesModel,n_tabTaggedValuesModel_1;LOG_1;target_1;serialVersionUID_1;getColumnCount_return_1;getColumnName_c_return_1;getColumnClass_c_return_1;isCellEditable_row_col_return_1;getRowCount_return_1;getValueAt_row_col_return_1;setValueAt_aValue_rowIndex_columnIndex_1;addRow_values_1;removeRow_row_1;getFromCollection_collection_index_return_1;propertyChange_evt_1;vetoableChange_pce_1;delayedVetoableChange_pce_1
UsecaseDisabled,_AXhu4-LbEeCVSp8F0qHMxQ,ActionRemoveModelElement,n_actionRemoveModelElement_1;SINGLETON_1;isEnabled_return_1
UsecaseDisabled,_AdLq8-LbEeCVSp8F0qHMxQ,ActionAddMessagePredecessor,n_actionAddMessagePredecessor_1;SINGLETON_1;getChoices_return_1;getSelected_return_1;getDialogTitle_return_1;doIt_selected_1;getInstance_return_1
UsecaseDisabled,_AdLq8eLbEeCVSp8F0qHMxQ,PropPanelInteraction,n_propPanelInteraction_1;serialVersionUID_1
UsecaseDisabled,_Ae0ptuLbEeCVSp8F0qHMxQ,PopupMenuNewActionSequenceAction,n_popupMenuNewActionSequenceAction_1
UsecaseDisabled,_An0NouLbEeCVSp8F0qHMxQ,PropPanelGeneralization,n_propPanelGeneralization_1;serialVersionUID_1;discriminatorTextField_1;navigateUp__1;getDiscriminatorTextField_return_1
UsecaseDisabled,_AslY4uLbEeCVSp8F0qHMxQ,ActionSetGeneralizationPowertype,n_actionSetGeneralizationPowertype_1;SINGLETON_1;getInstance_return_1
UsecaseDisabled,_AyYe4OLbEeCVSp8F0qHMxQ,PropPanelSubsystem,n_propPanelSubsystem_1;featureScroll_1;serialVersionUID_1;getFeatureScroll_return_1
UsecaseDisabled,_AyYe4uLbEeCVSp8F0qHMxQ,ActionNewOperation,n_actionNewOperation_1;ACTION_KEY_1;serialVersionUID_1
