ActivityDisabled,_-jzugOLaEeCVSp8F0qHMxQ,ArgoHelpEvent,n_argoHelpEvent_1;helpText_1;getEventStartRange_return_1;getHelpText_return_1
ActivityDisabled,_-u0EpOLaEeCVSp8F0qHMxQ,DefaultUndoManager,n_defaultUndoManager_1;LOG_1;undoMax_1;listeners_1;newInteraction_1;newInteractionLabel_1;setUndoMax_max_1;undo__1;redo__1;startInteraction_label_1;addPropertyChangeListener_listener_1;removePropertyChangeListener_listener_1;fire_property_value_1
ActivityDisabled,_-u91oeLaEeCVSp8F0qHMxQ,Interaction,n_interaction_1;commands_1;label_1;undo__1;execute_return_1;isUndoable_return_1;isRedoable_return_1;getUndoLabel_return_1;getRedoLabel_return_1;getCommands_return_1
ActivityDisabled,_-4ovAuLaEeCVSp8F0qHMxQ,UseCasesHelperEUMLImpl,n_useCasesHelperEUMLImpl_1;addExtend_handle_extend_1;addExtensionPoint_handle_extensionPoint_1;addExtensionPoint_handle_position_extensionPoint_1;addInclude_usecase_include_1;getAllActors_ns_return_1;getAllUseCases_ns_return_1;getExtendedUseCases_ausecase_return_1;getExtends_abase_anextension_return_1;getIncludedUseCases_ausecase_return_1;getIncludes_abase_aninclusion_return_1;getSpecificationPath_ausecase_return_1;removeExtend_elem_extend_1;removeExtensionPoint_elem_ep_1;removeInclude_usecase_include_1;setAddition_handle_useCase_1;setBase_extend_base_1;setCondition_handle_booleanExpression_1;setExtension_handle_ext_1;setExtensionPoints_handle_extensionPoints_1;setIncludes_handle_includes_1;setLocation_handle_loc_1;setUseCase_elem_usecase_1
ActivityDisabled,__KfUAuLaEeCVSp8F0qHMxQ,PGMLStackParser,n_pGMLStackParser_1;LOG_1;figEdges_1;modelElementsByFigEdge_1;addTranslations__1;getHandler_stack_container_uri_localname_qname_attributes_return_1;setAttrs_f_attrList_1;interpretStyle_st_return_1;setStyleAttributes_fig_attributeMap_1;readDiagram_is_closeStream_return_1;addFigEdge_figEdge_sourcePortFigId_destPortFigId_sourceFigNodeId_destFigNodeId_1;getFigNode_figId_return_1;getPortFig_figNode_return_1;constructFig_className_href_bounds_return_1;setDiagram_diagram_1
ActivityDisabled,__Kod8eLaEeCVSp8F0qHMxQ,EdgeData,n_edgeData_1;figEdge_1;sourcePortFigId_1;destPortFigId_1;sourceFigNodeId_1;destFigNodeId_1;getDestFigNodeId_return_1;getDestPortFigId_return_1;getFigEdge_return_1;getSourceFigNodeId_return_1;getSourcePortFigId_return_1
ActivityDisabled,__Rod0uLaEeCVSp8F0qHMxQ,LeftArrowIcon,n_leftArrowIcon_1;getIconWidth_return_1;getIconHeight_return_1
ActivityDisabled,__YNm8OLaEeCVSp8F0qHMxQ,HelpBox,n_helpBox_1;LOG_1;tabs_1;panes_1;pages_1;serialVersionUID_1;hyperlinkUpdate_event_1
ActivityDisabled,__ZjqwuLaEeCVSp8F0qHMxQ,ActionFind,n_actionFind_1;name_1;actionPerformed_ae_1
ActivityDisabled,__acbkOLaEeCVSp8F0qHMxQ,GenericArgoMenuBar,n_genericArgoMenuBar_1;LOG_1;moduleMenus_1;moduleCreateDiagramActions_1;disableableActions_1;ZOOM_FACTOR_1;MENU_1;MENUITEM_1;fileToolbar_1;editToolbar_1;viewToolbar_1;createDiagramToolbar_1;edit_1;select_1;createDiagramMenu_1;tools_1;generate_1;help_1;navigateTargetForwardAction_1;navigateTargetBackAction_1;serialVersionUID_1;initActions__1;setMnemonic_item_key_1;menuLocalize_key_return_1;menuItemLocalize_key_return_1;initMenus__1;initModulesUI__1;initMenuFile__1;initMenuEdit__1;initMenuView__1;initMenuCreate__1;initMenuArrange__1;initAlignMenu_align_1;initDistributeMenu_distribute_1;initReorderMenu_reorder_1;initMenuGeneration__1;initMenuCritique__1;initMenuTools__1;initMenuHelp__1;initModulesMenus__1;initModulesActions__1;getCreateDiagramToolbar_return_1;getCreateDiagramMenu_return_1;getEditToolbar_return_1;getFileToolbar_return_1;getViewToolbar_return_1;prepareKey_str_return_1;addFileSaved_filename_1;getTools_return_1;setTarget__1;registerMenuItem_menu_1;registerCreateDiagramAction_action_1;registerForMacEvents__1;macQuit__1;macAbout__1;macPreferences__1;macOpenFile_filename_1
ActivityDisabled,__ew65OLaEeCVSp8F0qHMxQ,TypeThenNameOrder,n_typeThenNameOrder_1;compare_obj1_obj2_return_1;toString_return_1
ActivityDisabled,__cFaUOLaEeCVSp8F0qHMxQ,ExplorerTree,n_explorerTree_1;updatingSelection_1;updatingSelectionViaTreeSelection_1;serialVersionUID_1;refreshSelection__1;setSelection_targets_1;addTargetsInternal_addedTargets_1;selectVisible_target_1;selectAll_targets_1
ActivityDisabled,__cPLU-LaEeCVSp8F0qHMxQ,ExplorerTreeExpansionListener,n_explorerTreeExpansionListener_1;treeCollapsed_event_1;treeExpanded_event_1
ActivityDisabled,__jOkIOLaEeCVSp8F0qHMxQ,AbstractPerspectiveRule,n_abstractPerspectiveRule_1;getRuleName_return_1;getChildren_parent_return_1;toString_return_1
ActivityDisabled,_ALv8sOLbEeCVSp8F0qHMxQ,FigInclude,n_figInclude_1;serialVersionUID_1;endArrow_1;initialize__1;canEdit_f_return_1
ActivityDisabled,_AOIiVOLbEeCVSp8F0qHMxQ,Import,n_import_1;configPanel_1;descend_1;changedOnly_1;createDiagrams_1;minimiseFigs_1;layoutDiagrams_1;classOnly_1;classAndFeatures_1;fullImport_1;sourceEncoding_1;dialog_1;myFrame_1;getInputSourceEncoding_return_1;isAttributeSelected_return_1;isDatatypeSelected_return_1;disposeDialog__1;getConfigPanel_return_1;addConfigCheckboxes_panel_1;addDetailLevelButtons_panel_1;addSourceEncoding_panel_1;getConfigPanelExtension_return_1;doFile__1;getImportLevel_return_1;isCreateDiagramsSelected_return_1;isMinimizeFigsSelected_return_1;isDiagramLayoutSelected_return_1;isDescendSelected_return_1;isChangedOnlySelected_return_1;getChooser_return_1
ActivityDisabled,_AORsQeLbEeCVSp8F0qHMxQ,SelectedLanguageListener,n_selectedLanguageListener_1;tab_1;updateTabbedPane__1
ActivityDisabled,_AUjTYeLbEeCVSp8F0qHMxQ,UMLDeprecatedCheckBox,n_uMLDeprecatedCheckBox_1
ActivityDisabled,_AfkQkuLbEeCVSp8F0qHMxQ,ActionNewCallAction,n_actionNewCallAction_1;SINGLETON_1;createAction_return_1;getInstance_return_1
ActivityDisabled,_AftagOLbEeCVSp8F0qHMxQ,UMLStimulusReceiverListModel,n_uMLStimulusReceiverListModel_1;buildModelList__1;isValidElement_element_return_1
ActivityDisabled,_AvHIcuLbEeCVSp8F0qHMxQ,PropPanelParameter,n_propPanelParameter_1;serialVersionUID_1;behFeatureScroll_1;getBehavioralFeatureScroll_return_1
CollabDisabled,__B28cOLaEeCVSp8F0qHMxQ,Notation,n_notation_1;LOG_1;DEFAULT_NOTATION_NAME_1;DEFAULT_NOTATION_VERSION_1;DEFAULT_NOTATION_1;SINGLETON_1;getInstance_return_1;propertyChange_pce_1;getAvailableNotations_return_1
CollabDisabled,__CAtceLaEeCVSp8F0qHMxQ,EnumerationLiteralNotation,n_enumerationLiteralNotation_1;initialiseListener_listener_modelElement_1
CollabDisabled,__LO64-LaEeCVSp8F0qHMxQ,PersistenceException,n_persistenceException_1;serialVersionUID_1
CollabDisabled,__OWgUeLaEeCVSp8F0qHMxQ,InvalidOclException,n_invalidOclException_1
CollabDisabled,__V1oYuLaEeCVSp8F0qHMxQ,ArgoToolbarManager,n_argoToolbarManager_1;KEY_NAME_1;instance_1;popup_1;menu_1;allMenuItems_1;getInstance_return_1;registerNew_key_newToolbar_prefferedMenuPosition_1;registerContainer_container_toolbars_1;registerToolbar_key_newToolbar_prefferedMenuPosition_1;getPopupMenu_return_1;getMenu_return_1;getConfiguredToolbarAppearance_toolbarName_return_1
CollabDisabled,__bfkceLaEeCVSp8F0qHMxQ,ExplorerEventAdaptor,n_explorerEventAdaptor_1;LOG_1;structureChanged__1;modelElementAdded_element_1;modelElementChanged_element_1;propertyChange_pce_1
CollabDisabled,__bouYeLaEeCVSp8F0qHMxQ,ProfileChangeListener,n_profileChangeListener_1
CollabDisabled,__ktx4eLaEeCVSp8F0qHMxQ,GoModelToBaseElements,n_goModelToBaseElements_1;getRuleName_return_1;getChildren_parent_return_1;getDependencies_parent_return_1
CollabDisabled,__vISJOLaEeCVSp8F0qHMxQ,CrMergeClasses,n_crMergeClasses_1;getCriticizedDesignMaterials_return_1
CollabDisabled,__ynD8-LaEeCVSp8F0qHMxQ,CrAssocNameConflict,n_crAssocNameConflict_1;getAllTypes_assoc_return_1;getCriticizedDesignMaterials_return_1
CollabDisabled,__675guLaEeCVSp8F0qHMxQ,FigLifeLine,n_figLifeLine_1;serialVersionUID_1;LOG_1;WIDTH_1;HEIGHT_1;rect_1;line_1;activationFigs_1;getMinimumSize_return_1;calcBounds__1;removeActivations__1;getYCoordinate_nodeIndex_return_1;getHandler_stack_container_uri_localname_qname_attributes_return_1
CollabDisabled,__7FqgOLaEeCVSp8F0qHMxQ,FigLifeLineHandler,n_figLifeLineHandler_1;getElementHandler_stack_container_uri_localname_qname_attributes_return_1
CollabDisabled,__8R9UuLaEeCVSp8F0qHMxQ,FigJunctionState,n_figJunctionState_1;X_1;Y_1;WIDTH_1;HEIGHT_1;head_1;serialVersionUID_1;initFigs__1;clone_return_1;isResizable_return_1;setLineColor_col_1;getLineColor_return_1;setFillColor_col_1;getFillColor_return_1;isFilled_return_1;getLineWidth_return_1;mouseClicked_me_1;getClosestPoint_anotherPt_return_1
CollabDisabled,__7rgYeLaEeCVSp8F0qHMxQ,ButtonActionNewCallEvent,n_buttonActionNewCallEvent_1;createEvent_ns_return_1;getKeyName_return_1;getIconName_return_1
CollabDisabled,__-zs4uLaEeCVSp8F0qHMxQ,FigModel,n_figModel_1;figPoly_1;constructFigs__1
CollabDisabled,_AAvmkuLbEeCVSp8F0qHMxQ,FigPackage,n_figPackage_1;LOG_1;MIN_HEIGHT_1;MIN_WIDTH_1;width_1;height_1;indentX_1;textH_1;tabHeight_1;body_1;stereotypeVisible_1;serialVersionUID_1;initialize__1;clone_return_1;setLineColor_col_1;getLineColor_return_1;setFillColor_col_1;getFillColor_return_1;isFilled_return_1;getLineWidth_return_1;updateStereotypeText__1;classNameAndBounds_return_1;getUseTrapRect_return_1;getMinimumSize_return_1;getPopUpActions_me_return_1;doStereotype_value_1;doVisibility_value_1;isStereotypeVisible_return_1;setStereotypeVisible_isVisible_1;isVisibilityVisible_return_1;setVisibilityVisible_isVisible_1;textEditStarted_ft_1;getClosestPoint_anotherPt_return_1;modelChanged_mee_1
CollabDisabled,_ABLrceLbEeCVSp8F0qHMxQ,ShowVisibilityAction,n_showVisibilityAction_1;ACTION_KEY_1;serialVersionUID_1;actionPerformed_ae_1
CollabDisabled,_ALAV0-LbEeCVSp8F0qHMxQ,ActionAddNote,n_actionAddNote_1;DEFAULT_POS_1;DISTANCE_1;serialVersionUID_1;actionPerformed_ae_1
CollabDisabled,_AW75AuLbEeCVSp8F0qHMxQ,TabStereotype,n_tabStereotype_1;INSET_PX_1;orientation_1;selectedScroll_1;availableScroll_1;panel_1;addStButton_1;removeStButton_1;xferButtons_1;selectedList_1;availableList_1;serialVersionUID_1;makePanel_return_1;shouldBeEnabled_return_1;shouldBeEnabled_target_return_1;setTarget_theTarget_1;doAddStereotype__1;doRemoveStereotype__1
CollabDisabled,_AXFC8-LbEeCVSp8F0qHMxQ,SelectedListSelectionListener,n_selectedListSelectionListener_1;valueChanged_lse_1
CollabDisabled,_ApwHVeLbEeCVSp8F0qHMxQ,UMLAssociationEndChangeabilityRadioButtonPanel,n_uMLAssociationEndChangeabilityRadioButtonPanel_1;labelTextsAndActionCommands_1;buildModel__1
DeployDisabled,_-rY9MOLaEeCVSp8F0qHMxQ,WizStepTextField,n_wizStepTextField_1;instructions_1;label_1;field_1;serialVersionUID_1;getText_return_1
DeployDisabled,__T5usOLaEeCVSp8F0qHMxQ,ZoomSliderButton,n_zoomSliderButton_1;RESOURCE_NAME_1;LABEL_FONT_1;MINIMUM_ZOOM_1;MAXIMUM_ZOOM_1;SLIDER_HEIGHT_1;slider_1;currentValue_1;popupButtonIsActive_1;popupMenuIsShowing_1;mouseIsOverPopupButton_1;createPopupComponent__1;showPopup__1;handleSliderValueChange__1;handleTextEntry__1;updateCurrentValueLabel__1
DeployDisabled,__T5usuLaEeCVSp8F0qHMxQ,MyPopupMenuListener,n_myPopupMenuListener_1
DeployDisabled,__WIjUOLaEeCVSp8F0qHMxQ,ActionRedo,n_actionRedo_1;serialVersionUID_1
DeployDisabled,__kRF8OLaEeCVSp8F0qHMxQ,GoStateMachineToTransition,n_goStateMachineToTransition_1;getRuleName_return_1;getChildren_parent_return_1;getDependencies_parent_return_1
DeployDisabled,__hvWYOLaEeCVSp8F0qHMxQ,GoSummaryToAttribute,n_goSummaryToAttribute_1;getRuleName_return_1;getChildren_parent_return_1;getDependencies_parent_return_1
DeployDisabled,__n_IVOLaEeCVSp8F0qHMxQ,GenCompositeClasses2,n_genCompositeClasses2_1;SINGLETON_1;getInstance_return_1;childIterator_parent_return_1
DeployDisabled,_AAcEk-LbEeCVSp8F0qHMxQ,SelectionDataType,n_selectionDataType_1;getNewNode_buttonCode_return_1;getNewNodeType_buttonCode_return_1
DeployDisabled,_ABVccOLbEeCVSp8F0qHMxQ,PackagePortFigRect,n_packagePortFigRect_1;indentX_1;tabHeight_1;serialVersionUID_1;getClosestPoint_anotherPt_return_1
DeployDisabled,_AL5tseLbEeCVSp8F0qHMxQ,UseCaseDiagramPropPanelFactory,n_useCaseDiagramPropPanelFactory_1
DeployDisabled,_AVvmMuLbEeCVSp8F0qHMxQ,UMLModelElementTaggedValueDocument,n_uMLModelElementTaggedValueDocument_1;setProperty_text_1;getProperty_return_1
DeployDisabled,_AQ_CBeLbEeCVSp8F0qHMxQ,UmlObjectPropPanelFactory,n_umlObjectPropPanelFactory_1
DeployDisabled,_AdVb8OLbEeCVSp8F0qHMxQ,PropPanelMessage,n_propPanelMessage_1;serialVersionUID_1
DeployDisabled,_AmL18uLbEeCVSp8F0qHMxQ,PropPanelInclude,n_propPanelInclude_1;serialVersionUID_1;getBase_return_1;setBase_base_1;getAddition_return_1;setAddition_addition_1;isAcceptableUseCase_modElem_return_1
DeployDisabled,_AqpfMOLbEeCVSp8F0qHMxQ,ActionSetAssociationEndType,n_actionSetAssociationEndType_1;SINGLETON_1;getInstance_return_1
DeployDisabled,_AwTbQuLbEeCVSp8F0qHMxQ,PropPanelOperation,n_propPanelOperation_1;serialVersionUID_1;addRaisedSignal__1;addMethod__1;getDisplayNamespace_return_1
DeployDisabled,_AwclMOLbEeCVSp8F0qHMxQ,ActionNewRaisedSignal,n_actionNewRaisedSignal_1;serialVersionUID_1
DeployDisabled,_AyiP4-LbEeCVSp8F0qHMxQ,UMLElementImportAliasDocument,n_uMLElementImportAliasDocument_1;setProperty_text_1;getProperty_return_1
DeployDisabled,_A1W6YOLbEeCVSp8F0qHMxQ,OsUtil,n_osUtil_1;isWin32_return_1;isMac_return_1;isMacOSX_return_1;isSunJdk_return_1
Original,_-p5vcOLaEeCVSp8F0qHMxQ,ToDoPane,n_toDoPane_1;LOG_1;WARN_THRESHOLD_1;ALARM_THRESHOLD_1;WARN_COLOR_1;ALARM_COLOR_1;clicksInToDoPane_1;dblClicksInToDoPane_1;toDoPerspectivesChanged_1;tree_1;combo_1;perspectives_1;countLabel_1;lastSel_1;serialVersionUID_1;getPerspectiveList_return_1;setPerspectives_pers_1;setCurPerspective_per_1;getSelectedObject_return_1;swingInvoke_task_1;formatCountLabel_size_return_1;updateCountLabel__1;updateTree__1;mySingleClick_row_path_1;myDoubleClick_row_path_1;buildPerspectives_return_1
Original,__FIS4uLaEeCVSp8F0qHMxQ,NodeInstanceNotationUml,n_nodeInstanceNotationUml_1;parse_modelElement_text_1;getParsingHelp_return_1;toString_modelElement_args_return_1;toString_modelElement_return_1
Original,__IQfYOLaEeCVSp8F0qHMxQ,InitPatternCritics,n_initPatternCritics_1;getProjectSettingsTabs_return_1;getSettingsTabs_return_1;init__1;getDetailsTabs_return_1
Original,__MbNsOLaEeCVSp8F0qHMxQ,ProfileException,n_profileException_1
Original,__ciGQOLaEeCVSp8F0qHMxQ,PerspectiveConfigurator,n_perspectiveConfigurator_1;LOG_1;INSET_PX_1;configPanelNorth_1;configPanelSouth_1;splitPane_1;renameTextField_1;newPerspectiveButton_1;removePerspectiveButton_1;duplicatePerspectiveButton_1;moveUpButton_1;moveDownButton_1;addRuleButton_1;removeRuleButton_1;resetToDefaultButton_1;perspectiveList_1;perspectiveRulesList_1;ruleLibraryList_1;perspectiveListModel_1;perspectiveRulesListModel_1;ruleLibraryListModel_1;persLabel_1;ruleLibLabel_1;rulesLabel_1;makeLists__1;makeButtons__1;makeLayout__1;makeListeners__1;loadLibrary__1;loadPerspectives__1;updatePersLabel__1;updateLibLabel__1;updateRuleLabel__1;sortJListModel_list_1;doAddRule__1;doRemoveRule__1
Original,__dH8IeLaEeCVSp8F0qHMxQ,RuleListener,n_ruleListener_1
Original,__iCRUOLaEeCVSp8F0qHMxQ,GoSubmachineStateToStateMachine,n_goSubmachineStateToStateMachine_1;getRuleName_return_1;getChildren_parent_return_1;getDependencies_parent_return_1
Original,__kkA4uLaEeCVSp8F0qHMxQ,GoClassifierToInstance,n_goClassifierToInstance_1;getRuleName_return_1;getChildren_parent_return_1;getDependencies_parent_return_1
Original,__k270OLaEeCVSp8F0qHMxQ,GoNamespaceToDiagram,n_goNamespaceToDiagram_1;getRuleName_return_1;getChildren_namespace_return_1;getDependencies_parent_return_1
Original,__6DIsOLaEeCVSp8F0qHMxQ,FigActivation,n_figActivation_1;serialVersionUID_1
Original,_AIxhMuLbEeCVSp8F0qHMxQ,FigAbstraction,n_figAbstraction_1;createEndArrow_return_1
Original,_ATN2pOLbEeCVSp8F0qHMxQ,UMLModelElementOrderedListModel2,n_uMLModelElementOrderedListModel2_1;buildModelList__1;isValidElement_element_return_1;moveDown_index_1;moveToTop_index_1;moveToBottom_index_1;buildPopup_popup_index_return_1
Original,_AagKYuLbEeCVSp8F0qHMxQ,PropPanelObjectFlowState,n_propPanelObjectFlowState_1;classifierComboBox_1;statesScroll_1;addExtraButtons__1;propertyChange_evt_1;getClassifierComboBox_return_1;removeTopStateFrom_ret_1;getType_target_return_1
Original,_AagKZOLbEeCVSp8F0qHMxQ,UMLOFSStateListModel,n_uMLOFSStateListModel_1;serialVersionUID_1;buildModelList__1;isValidElement_elem_return_1
Original,_AcSTEeLbEeCVSp8F0qHMxQ,UMLInteractionContextListModel,n_uMLInteractionContextListModel_1;buildModelList__1;isValidElement_elem_return_1
Original,_AnrDsOLbEeCVSp8F0qHMxQ,ActionSetClassActive,n_actionSetClassActive_1;SINGLETON_1;getInstance_return_1
Original,_ApAgcOLbEeCVSp8F0qHMxQ,UMLModelElementVisibilityRadioButtonPanel,n_uMLModelElementVisibilityRadioButtonPanel_1;serialVersionUID_1;labelTextsAndActionCommands_1;buildModel__1;setEnabled_enabled_1
Original,_AqDCQOLbEeCVSp8F0qHMxQ,UMLClassifierCreateActionListModel,n_uMLClassifierCreateActionListModel_1;buildModelList__1;isValidElement_element_return_1
Original,_A1D_cuLbEeCVSp8F0qHMxQ,SimpleTimer,n_simpleTimer_1;points_1;labels_1;mark__1;mark_label_1;result_return_1;toString_return_1
Original,_A1D_dOLbEeCVSp8F0qHMxQ,SimpleTimerEnumeration,n_simpleTimerEnumeration_1;count_1;hasMoreElements_return_1;nextElement_return_1
SequenceDisabled,__CToYuLaEeCVSp8F0qHMxQ,MessageNotation,n_messageNotation_1;initialiseListener_listener_umlMessage_1
SequenceDisabled,__I2VROLaEeCVSp8F0qHMxQ,PersistenceManager,n_persistenceManager_1;INSTANCE_1;otherPersisters_1;getInstance_return_1;setSaveFileChooserFilters_chooser_fileName_1;setOpenFileChooserFilter_chooser_1;setXmiFileChooserFilter_chooser_1;getDefaultExtension_return_1;getXmiExtension_return_1;fixExtension_in_return_1;fixXmiExtension_in_return_1;fixUriExtension_in_return_1;getBaseName_n_return_1;confirmOverwrite_frame_overwrite_file_return_1;addTranslation_originalClassName_newClassName_1
SequenceDisabled,__PP4MOLaEeCVSp8F0qHMxQ,CollectionsModelInterpreter,n_collectionsModelInterpreter_1;invokeFeature_vt_subject_feature_type_parameters_return_1;cloneCollection_col_return_1;getBuiltInSymbol_sym_return_1
SequenceDisabled,__cFaUOLaEeCVSp8F0qHMxQ,ExplorerTree,n_explorerTree_1;updatingSelection_1;updatingSelectionViaTreeSelection_1;serialVersionUID_1;refreshSelection__1;setSelection_targets_1;addTargetsInternal_addedTargets_1;selectVisible_target_1;selectAll_targets_1
SequenceDisabled,__cFaUuLaEeCVSp8F0qHMxQ,ExplorerMouseListener,n_explorerMouseListener_1;mLTree_1;mousePressed_me_1;mouseReleased_me_1;mouseClicked_me_1;myDoubleClick__1;showPopupMenu_me_1
SequenceDisabled,__fprsuLaEeCVSp8F0qHMxQ,GoAssocRoleToMessages,n_goAssocRoleToMessages_1;getRuleName_return_1;getChildren_parent_return_1;getDependencies_parent_return_1
SequenceDisabled,__qN88uLaEeCVSp8F0qHMxQ,CrCompInstanceWithoutNode,n_crCompInstanceWithoutNode_1
SequenceDisabled,_AB7SUOLbEeCVSp8F0qHMxQ,ClassDiagramRenderer,n_classDiagramRenderer_1;serialVersionUID_1;LOG_1;getFigNodeFor_gm_lay_node_styleAttributes_return_1;getFigEdgeFor_gm_lay_edge_styleAttribute_return_1
SequenceDisabled,___Gn0uLaEeCVSp8F0qHMxQ,SelectionSignal,n_selectionSignal_1;getNewNode_index_return_1;getNewNodeType_index_return_1
SequenceDisabled,_AKG98OLbEeCVSp8F0qHMxQ,FigAssociation,n_figAssociation_1;LOG_1;setOwner_owner_1;renderingChanged__1;initNotationProviders_own_1;initializeNotationProvidersInternal_own_1;updateListeners_oldOwner_newOwner_1;getNotationProviderType_return_1;textEdited_ft_1;textEditStarted_ft_1;applyArrowHeads__1;getPopUpActions_me_return_1;updateMultiplicity__1;layoutEdge__1;updateNameText__1
SequenceDisabled,_ANFZdOLbEeCVSp8F0qHMxQ,Language,n_language_1;name_1;title_1;icon_1;getIcon_return_1;setIcon_theIcon_1;getName_return_1;setName_theName_1;getTitle_return_1;setTitle_theTitle_1;toString_return_1
SequenceDisabled,_AMyegOLbEeCVSp8F0qHMxQ,TempFileUtils,n_tempFileUtils_1;LOG_1;createTempDir_return_1;readAllFiles_dir_return_1;deleteDir_dir_1;readFileNames_dir_return_1
SequenceDisabled,_ANr2YuLbEeCVSp8F0qHMxQ,ImportCommon,n_importCommon_1;MAX_PROGRESS_PREPARE_1;MAX_PROGRESS_IMPORT_1;MAX_PROGRESS_1;modules_1;srcPath_1;selectedFiles_1;getImportLevel_return_1;initCurrentDiagram__1;getInputSourceEncoding_return_1;setSrcPath_path_1;getSrcPath_return_1;isCreateDiagramsSelected_return_1;isMinimizeFigsSelected_return_1;isDiagramLayoutSelected_return_1;isDescendSelected_return_1;isChangedOnlySelected_return_1;getModules_return_1;setSelectedFiles_files_1;getSelectedFiles_return_1;getLanguages_return_1;isDescend_return_1;isChangedOnly_return_1;isCreateDiagrams_return_1;isMinimizeFigs_return_1;skipTokens_st_count_1;isDiagramLayout_return_1;getEncoding_return_1;addFiguresToDiagrams_newElements_1;getQualifiedName_element_return_1;printToBuffer_e_return_1
SequenceDisabled,_Ae9zouLbEeCVSp8F0qHMxQ,UMLSignalReceptionListModel,n_uMLSignalReceptionListModel_1;serialVersionUID_1;buildModelList__1;isValidElement_element_return_1
SequenceDisabled,_AidMgOLbEeCVSp8F0qHMxQ,UMLTransitionStateListModel,n_uMLTransitionStateListModel_1;buildModelList__1;isValidElement_element_return_1
SequenceDisabled,_AnEmxOLbEeCVSp8F0qHMxQ,ActionNewActor,n_actionNewActor_1
SequenceDisabled,_AuNwkeLbEeCVSp8F0qHMxQ,ActionNewParameter,n_actionNewParameter_1
SequenceDisabled,_Ax7y8OLbEeCVSp8F0qHMxQ,UMLTagDefinitionComboBoxModel,n_uMLTagDefinitionComboBoxModel_1;LOG_1;serialVersionUID_1;addOtherModelEventListeners_target_1;removeOtherModelEventListeners_target_1;isLazy_return_1;isValidElement_element_return_1;buildModelList__1;getSelectedModelElement_return_1;getApplicableTagDefinitions_element_return_1;addAllUniqueModelElementsFrom_elements_paths_sources_1
StateDisabled,_-qgMY-LaEeCVSp8F0qHMxQ,WizStepChoice,n_wizStepChoice_1;instructions_1;choices_1;selectedIndex_1;serialVersionUID_1;getSelectedIndex_return_1
StateDisabled,_-5Ok4uLaEeCVSp8F0qHMxQ,UMLUtil,n_uMLUtil_1;DEFAULT_URI_1;getOwnedAttributes_type_return_1;getOwnedOperations_type_return_1;toString_o_return_1
StateDisabled,_-8zdUeLaEeCVSp8F0qHMxQ,UndoDataTypesHelperDecorator,n_undoDataTypesHelperDecorator_1
StateDisabled,__DWKMuLaEeCVSp8F0qHMxQ,ObjectFlowStateTypeNotation,n_objectFlowStateTypeNotation_1
StateDisabled,__P_fEeLaEeCVSp8F0qHMxQ,SequenceDiagramGraphModel,n_sequenceDiagramGraphModel_1;LOG_1;collaboration_1;interaction_1;getPorts_element_return_1;getInEdges_element_return_1;getOutEdges_element_return_1;getOwner_port_return_1;getCollaboration_return_1;getInteraction_return_1;canAddNode_node_return_1;canAddEdge_edge_return_1;addNode_node_1;vetoableChange_pce_1;propertyChange_evt_1;connect_fromPort_toPort_edgeType_return_1;connect_fromPort_toPort_edgeType_actionType_return_1;addEdge_edge_1
StateDisabled,__QvF8eLaEeCVSp8F0qHMxQ,FigMessageComparator,n_figMessageComparator_1
StateDisabled,__ldYwuLaEeCVSp8F0qHMxQ,GoUseCaseToExtensionPoint,n_goUseCaseToExtensionPoint_1;getRuleName_return_1;getChildren_parent_return_1;getDependencies_parent_return_1
StateDisabled,__mM_o-LaEeCVSp8F0qHMxQ,GoStateToExit,n_goStateToExit_1;getChildren_parent_return_1;getDependencies_parent_return_1;getRuleName_return_1
StateDisabled,__q9j1OLaEeCVSp8F0qHMxQ,InitCognitiveCritics,n_initCognitiveCritics_1;init__1;getProjectSettingsTabs_return_1;getSettingsTabs_return_1;getDetailsTabs_return_1
StateDisabled,__5crwOLaEeCVSp8F0qHMxQ,FigMessage,n_figMessage_1;getAction_return_1;getSourcePortFig_return_1;getDestPortFig_return_1;computeRouteImpl__1;isSelfMessage_return_1;getMessage_return_1;layoutEdge__1;getSource_return_1;getDestination_return_1;updateNameText__1;updateStereotypeText__1;determineFigNodes_return_1;makeSelection_return_1
StateDisabled,_AJ0DBOLbEeCVSp8F0qHMxQ,ImageSelection,n_imageSelection_1;supportedFlavors_1;diagramImage_1;getTransferDataFlavors_return_1;isDataFlavorSupported_parFlavor_return_1;getTransferData_parFlavor_return_1
StateDisabled,_AChvQuLbEeCVSp8F0qHMxQ,FigMultiLineTextWithBold,n_figMultiLineTextWithBold_1;getFigFontStyle_return_1
StateDisabled,_ANFZcuLbEeCVSp8F0qHMxQ,GeneratorHelper,n_generatorHelper_1
StateDisabled,_AW75AuLbEeCVSp8F0qHMxQ,TabStereotype,n_tabStereotype_1;INSET_PX_1;orientation_1;selectedScroll_1;availableScroll_1;panel_1;addStButton_1;removeStButton_1;xferButtons_1;selectedList_1;availableList_1;serialVersionUID_1;makePanel_return_1;shouldBeEnabled_return_1;shouldBeEnabled_target_return_1;setTarget_theTarget_1;doAddStereotype__1;doRemoveStereotype__1
StateDisabled,_AXFC8eLbEeCVSp8F0qHMxQ,AvailableListSelectionListener,n_availableListSelectionListener_1;valueChanged_lse_1
StateDisabled,_Aki3MuLbEeCVSp8F0qHMxQ,UMLStateEntryListModel,n_uMLStateEntryListModel_1;buildModelList__1;isValidElement_element_return_1
StateDisabled,_Ay-UwOLbEeCVSp8F0qHMxQ,StringNamespaceElement,n_stringNamespaceElement_1;element_1;getNamespaceElement_return_1;toString_return_1
StateDisabled,_A0nThOLbEeCVSp8F0qHMxQ,CollectionUtil,n_collectionUtil_1;getFirstItem_c_return_1;getFirstItemOrNull_c_return_1
UsecaseDisabled,_--I6EOLaEeCVSp8F0qHMxQ,UndoUseCasesHelperDecorator,n_undoUseCasesHelperDecorator_1
UsecaseDisabled,__DpFIeLaEeCVSp8F0qHMxQ,AssociationNameNotationJava,n_associationNameNotationJava_1;initialiseListener_listener_modelElement_1;getParsingHelp_return_1;parse_modelElement_text_1;toString_modelElement_args_return_1
UsecaseDisabled,__LYE0uLaEeCVSp8F0qHMxQ,SAXParserBase,n_sAXParserBase_1;LOG_1;DBG_1;nElements_1;nFreeElements_1;stats_1;parseTime_1;getStats_return_1;getParseTime_return_1;parse_reader_1;parse_input_1;startElement_uri_localname_name_atts_1;endElement_uri_localname_name_1;isElementOfInterest_name_return_1;characters_ch_start_length_1;resolveEntity_publicId_systemId_return_1;getJarResource_cls_return_1
UsecaseDisabled,__Vr3YuLaEeCVSp8F0qHMxQ,JasonsTheme,n_jasonsTheme_1;primary1_1;primary2_1;primary3_1;secondary1_1;secondary2_1;secondary3_1;controlFont_1;systemFont_1;windowTitleFont_1;userFont_1;smallFont_1;getName_return_1;getPrimary1_return_1;getPrimary2_return_1;getPrimary3_return_1;getSecondary1_return_1;getSecondary2_return_1;getSecondary3_return_1;getControlTextFont_return_1;getSystemTextFont_return_1;getUserTextFont_return_1;getMenuTextFont_return_1;getSubTextFont_return_1;getWindowTitleFont_return_1
UsecaseDisabled,__WIjVOLaEeCVSp8F0qHMxQ,StylePanelFigRRect,n_stylePanelFigRRect_1;roundingLabel_1;roundingField_1;refresh__1;setTargetRounding__1
UsecaseDisabled,__lAs0uLaEeCVSp8F0qHMxQ,GoClassifierToCollaboration,n_goClassifierToCollaboration_1;getRuleName_return_1;getChildren_parent_return_1;getDependencies_parent_return_1
UsecaseDisabled,__nPhcOLaEeCVSp8F0qHMxQ,UUIDHelper,n_uUIDHelper_1;getUUID_base_return_1;getNewUUID_return_1
UsecaseDisabled,__30UEeLaEeCVSp8F0qHMxQ,CubePortFigRect,n_cubePortFigRect_1;d_1;serialVersionUID_1;getClosestPoint_anotherPt_return_1
UsecaseDisabled,__83zM-LaEeCVSp8F0qHMxQ,FigDeepHistoryState,n_figDeepHistoryState_1;getH_return_1
UsecaseDisabled,_AAS6oOLbEeCVSp8F0qHMxQ,InitClassDiagram,n_initClassDiagram_1;getDetailsTabs_return_1;getProjectSettingsTabs_return_1;getSettingsTabs_return_1;init__1
UsecaseDisabled,_ADkREuLbEeCVSp8F0qHMxQ,FigTrace,n_figTrace_1;serialVersionUID_1
UsecaseDisabled,_AM8PgOLbEeCVSp8F0qHMxQ,GeneratorManager,n_generatorManager_1;LOG_1;INSTANCE_1;generators_1;getInstance_return_1;getGenerators_return_1;getLanguages_return_1;getCodePath_me_return_1
UsecaseDisabled,_AZdokeLbEeCVSp8F0qHMxQ,SaveGIFAction2,n_saveGIFAction2_1;saveGraphics_s_ce_drawingArea_1
UsecaseDisabled,_AaXAcuLbEeCVSp8F0qHMxQ,UMLCISStateListModel,n_uMLCISStateListModel_1;serialVersionUID_1;buildModelList__1;isValidElement_elem_return_1
UsecaseDisabled,_AiwugOLbEeCVSp8F0qHMxQ,PropPanelSubmachineState,n_propPanelSubmachineState_1;serialVersionUID_1;addExtraButtons__1;updateExtraButtons__1
UsecaseDisabled,_Au9XcOLbEeCVSp8F0qHMxQ,PropPanelAssociationEnd,n_propPanelAssociationEnd_1;serialVersionUID_1;typeCombobox_1;associationScroll_1;navigabilityCheckBox_1;orderingCheckBox_1;targetScopeCheckBox_1;aggregationRadioButtonpanel_1;changeabilityRadioButtonpanel_1;visibilityRadioButtonPanel_1;specificationScroll_1;qualifiersScroll_1;associationLabel_1;createControls__1;positionStandardControls__1;positionControls__1;setAssociationLabel_label_1;getMultiplicityComboBox_return_1
UsecaseDisabled,_A0digOLbEeCVSp8F0qHMxQ,ToolBarUtility,n_toolBarUtility_1;LOG_1;manageDefault_actions_key_1;addItemsToToolBar_buttonPanel_actions_1;addItemsToToolBar_buttonPanel_actions_2;buildPopupToolBoxButton_actions_rollover_return_1
UsecaseDisabled,_A0diguLbEeCVSp8F0qHMxQ,PopupActionsListener,n_popupActionsListener_1;blockEvents_1;propertyChange_evt_1
