ActivityDisabled,_-4x48OLaEeCVSp8F0qHMxQ,ActivityGraphsFactoryEUMLlImpl,n_activityGraphsFactoryEUMLlImpl_1;buildActivityGraph_theContext_return_1;buildClassifierInState_classifier_state_return_1;buildObjectFlowState_compositeState_return_1;createActionState_return_1;createActivityGraph_return_1;createCallState_return_1;createClassifierInState_return_1;createObjectFlowState_return_1;createPartition_return_1;createSubactivityState_return_1
ActivityDisabled,_-4ovAuLaEeCVSp8F0qHMxQ,UseCasesHelperEUMLImpl,n_useCasesHelperEUMLImpl_1;addExtend_handle_extend_1;addExtensionPoint_handle_extensionPoint_1;addExtensionPoint_handle_position_extensionPoint_1;addInclude_usecase_include_1;getAllActors_ns_return_1;getAllUseCases_ns_return_1;getExtendedUseCases_ausecase_return_1;getExtends_abase_anextension_return_1;getIncludedUseCases_ausecase_return_1;getIncludes_abase_aninclusion_return_1;getSpecificationPath_ausecase_return_1;removeExtend_elem_extend_1;removeExtensionPoint_elem_ep_1;removeInclude_usecase_include_1;setAddition_handle_useCase_1;setBase_extend_base_1;setCondition_handle_booleanExpression_1;setExtension_handle_ext_1;setExtensionPoints_handle_extensionPoints_1;setIncludes_handle_includes_1;setLocation_handle_loc_1;setUseCase_elem_usecase_1
ActivityDisabled,__Dy2IuLaEeCVSp8F0qHMxQ,AttributeNotationJava,n_attributeNotationJava_1;INSTANCE_1;getInstance_return_1;getParsingHelp_return_1;parse_modelElement_text_1;toString_modelElement_args_return_1;toString_modelElement_return_1
ActivityDisabled,__O89Q-LaEeCVSp8F0qHMxQ,ModelAccessModelInterpreter,n_modelAccessModelInterpreter_1;LOG_1;uml14mi_1;invokeFeature_vt_subject_feature_type_parameters_return_1;internalOcl_subject_vt_ocl_return_1;getBuiltInSymbol_sym_return_1
ActivityDisabled,__PZpMOLaEeCVSp8F0qHMxQ,Uml14ModelInterpreter,n_uml14ModelInterpreter_1;LOG_1;toString_obj_return_1;colToString_collection_return_1
ActivityDisabled,__YqS4OLaEeCVSp8F0qHMxQ,SettingsTabPreferences,n_settingsTabPreferences_1;chkSplash_1;chkReloadRecent_1;chkStripDiagrams_1;serialVersionUID_1;handleSettingsTabRefresh__1;handleSettingsTabSave__1;handleSettingsTabCancel__1;handleResetToDefault__1;getTabPanel_return_1;getTabKey_return_1
ActivityDisabled,__rtKsuLaEeCVSp8F0qHMxQ,CrMultipleDeepHistoryStates,n_crMultipleDeepHistoryStates_1;LOG_1;serialVersionUID_1;getCriticizedDesignMaterials_return_1
ActivityDisabled,__zplwOLaEeCVSp8F0qHMxQ,UmlDiagramRenderer,n_umlDiagramRenderer_1;getFigNodeFor_node_x_y_styleAttributes_return_1;setStyleAttributes_fig_attributeMap_1;getFigEdgeFor_edge_styleAttributes_return_1;setPorts_layer_newEdge_1;setSourcePort_edge_source_1;setDestPort_edge_dest_1;getNodePresentationFor_lay_modelElement_return_1
ActivityDisabled,__zDI0-LaEeCVSp8F0qHMxQ,DiagramAppearance,n_diagramAppearance_1;LOG_1;SINGLETON_1;STEREOTYPE_VIEW_TEXTUAL_1;STEREOTYPE_VIEW_BIG_ICON_1;STEREOTYPE_VIEW_SMALL_ICON_1;getInstance_return_1;propertyChange_pce_1;getConfiguredFontName_return_1;getStandardFont_return_1
ActivityDisabled,__2VGUOLaEeCVSp8F0qHMxQ,CollaborationDiagramPropPanelFactory,n_collaborationDiagramPropPanelFactory_1
ActivityDisabled,__6WDo-LaEeCVSp8F0qHMxQ,FigClassifierRole,n_figClassifierRole_1;LOG_1;ROLE_WIDTH_1;MARGIN_1;ROWDISTANCE_1;MIN_HEAD_HEIGHT_1;MIN_HEAD_WIDTH_1;linkPositions_1;baseNames_1;classifierRoleName_1;serialVersionUID_1;mouseReleased_me_1;updateNameText__1;getNodeCount_return_1;superTranslate_dx_dy_1;getBeautifiedName_o_return_1;isCallMessage_message_return_1;isReturnMessage_message_return_1;isCreateMessage_message_return_1;isDestroyMessage_message_return_1;setPreviousState_start_newState_1;setFromActionNode_lastState_offset_return_1;updateNodeStates__1;addActivations__1;updateActivations__1;getHandler_stack_container_uri_localname_qname_attributes_return_1;updateBounds__1;setFillColor_col_1;setFilled_filled_1;getFillColor_return_1;isFilled_return_1;getLineColor_return_1;getLineWidth_return_1;updateListeners_oldOwner_newOwner_1;growToSize_nodeCount_1;grow_nodePosition_count_1;modelChanged_mee_1;updateEmptyNodeArray_start_emptyNodes_1;contractNodes_start_emptyNodes_1;updateBaseNames__1;updateClassifierRoleName__1;renderingChanged__1;deepHitPort_x_y_return_1;setOwner_own_1;getPortFig_messageNode_return_1;makeSelection_return_1;updateStereotypeText__1
ActivityDisabled,_AAS6ouLbEeCVSp8F0qHMxQ,FigDataType,n_figDataType_1;LOG_1;MIN_WIDTH_1;constructFigs__1;getKeyword_return_1;makeSelection_return_1;getMinimumSize_return_1;getLineWidth_return_1;translate_dx_dy_1;setEnclosingFig_encloser_1;classNameAndBounds_return_1
ActivityDisabled,_AAJJoOLbEeCVSp8F0qHMxQ,SelectionStereotype,n_selectionStereotype_1;inheritIcon_1;dependIcon_1;useComposite_1;icons_1;instructions_1;mouseEntered_me_1;getNewNode_index_return_1;getNewNodeType_index_return_1;createEdgeAbove_mgm_newNode_return_1;getIcons_return_1;getInstructions_index_return_1;getNewEdgeType_index_return_1;isReverseEdge_index_return_1;isEdgePostProcessRequested_return_1
ActivityDisabled,_AlcPE-LbEeCVSp8F0qHMxQ,ActionNewSynchState,n_actionNewSynchState_1;SINGLETON_1;getInstance_return_1
ActivityDisabled,_Ar-79OLbEeCVSp8F0qHMxQ,UMLOperationSpecificationDocument,n_uMLOperationSpecificationDocument_1;serialVersionUID_1;setProperty_text_1;getProperty_return_1
ActivityDisabled,_ApwHVeLbEeCVSp8F0qHMxQ,UMLAssociationEndChangeabilityRadioButtonPanel,n_uMLAssociationEndChangeabilityRadioButtonPanel_1;labelTextsAndActionCommands_1;buildModel__1
ActivityDisabled,_A0nTguLbEeCVSp8F0qHMxQ,ArgoDialog,n_argoDialog_1;frame_1;MNEMONIC_KEY_SUFFIX_1;nameButtons__1;nameButton_button_key_1;init__1
CollabDisabled,_-qWbYOLaEeCVSp8F0qHMxQ,KnowledgeTypeNode,n_knowledgeTypeNode_1;types_1;name_1;getTypeList_return_1;getName_return_1;toString_return_1
CollabDisabled,_-1zdcuLaEeCVSp8F0qHMxQ,AggregationKindEUMLImpl,n_aggregationKindEUMLImpl_1;getAggregate_return_1;getComposite_return_1;getNone_return_1
CollabDisabled,_-_Lb4uLaEeCVSp8F0qHMxQ,ActivityGraphsHelperMDRImpl,n_activityGraphsHelperMDRImpl_1;findClassifierByName_ofs_s_return_1;findStateByName_c_s_return_1;isAddingActivityGraphAllowed_context_return_1;addInState_classifierInState_state_1;setInStates_classifierInState_newStates_1;setContents_partition_contents_1;addContent_partition_modelElement_1;removeContent_partition_modelElement_1;setSynch_objectFlowState_isSynch_1;addParameter_objectFlowState_parameter_1;removeParameter_objectFlowState_parameter_1;setParameters_objectFlowState_parameters_1
CollabDisabled,__CToYuLaEeCVSp8F0qHMxQ,MessageNotation,n_messageNotation_1;initialiseListener_listener_umlMessage_1
CollabDisabled,__PizKOLaEeCVSp8F0qHMxQ,ProfilePropPanelFactory,n_profilePropPanelFactory_1
CollabDisabled,__ciGQOLaEeCVSp8F0qHMxQ,PerspectiveConfigurator,n_perspectiveConfigurator_1;LOG_1;INSET_PX_1;configPanelNorth_1;configPanelSouth_1;splitPane_1;renameTextField_1;newPerspectiveButton_1;removePerspectiveButton_1;duplicatePerspectiveButton_1;moveUpButton_1;moveDownButton_1;addRuleButton_1;removeRuleButton_1;resetToDefaultButton_1;perspectiveList_1;perspectiveRulesList_1;ruleLibraryList_1;perspectiveListModel_1;perspectiveRulesListModel_1;ruleLibraryListModel_1;persLabel_1;ruleLibLabel_1;rulesLabel_1;makeLists__1;makeButtons__1;makeLayout__1;makeListeners__1;loadLibrary__1;loadPerspectives__1;updatePersLabel__1;updateLibLabel__1;updateRuleLabel__1;sortJListModel_list_1;doAddRule__1;doRemoveRule__1
CollabDisabled,__eBUAeLaEeCVSp8F0qHMxQ,LibraryListSelectionListener,n_libraryListSelectionListener_1;valueChanged_lse_1
CollabDisabled,__bVzcOLaEeCVSp8F0qHMxQ,ActionPerspectiveConfig,n_actionPerspectiveConfig_1;serialVersionUID_1;actionPerformed_ae_1
CollabDisabled,__jhfEOLaEeCVSp8F0qHMxQ,GoComponentToResidentModelElement,n_goComponentToResidentModelElement_1;getRuleName_return_1;getChildren_parent_return_1;getDependencies_parent_return_1
CollabDisabled,__xaxIuLaEeCVSp8F0qHMxQ,CrNoAssociations,n_crNoAssociations_1;findAssociation_dm_depth_return_1;getCriticizedDesignMaterials_return_1
CollabDisabled,__qN89OLaEeCVSp8F0qHMxQ,WizManyNames,n_wizManyNames_1;LOG_1;instructions_1;mes_1;serialVersionUID_1;setModelElements_elements_1;makePanel_newStep_return_1;doAction_oldStep_1
CollabDisabled,__p7CAeLaEeCVSp8F0qHMxQ,CrInterfaceWithoutComponent,n_crInterfaceWithoutComponent_1
CollabDisabled,___Gn0uLaEeCVSp8F0qHMxQ,SelectionSignal,n_selectionSignal_1;getNewNode_index_return_1;getNewNodeType_index_return_1
CollabDisabled,_ALv8sOLbEeCVSp8F0qHMxQ,FigInclude,n_figInclude_1;serialVersionUID_1;endArrow_1;initialize__1;canEdit_f_return_1
CollabDisabled,_AU__UOLbEeCVSp8F0qHMxQ,ActionDeploymentDiagram,n_actionDeploymentDiagram_1;LOG_1;serialVersionUID_1;isValidNamespace_namespace_return_1;findNamespace_return_1
CollabDisabled,_Ae0ptuLbEeCVSp8F0qHMxQ,PopupMenuNewActionSequenceAction,n_popupMenuNewActionSequenceAction_1
CollabDisabled,_AkGLQOLbEeCVSp8F0qHMxQ,ActionAddEventAsDeferrableEvent,n_actionAddEventAsDeferrableEvent_1;SINGLETON_1;serialVersionUID_1;getChoices_return_1;getSelected_return_1;getDialogTitle_return_1;doIt_selected_1
CollabDisabled,_AlcPEeLbEeCVSp8F0qHMxQ,ActionSetSubmachineStateSubmachine,n_actionSetSubmachineStateSubmachine_1;SINGLETON_1;getInstance_return_1
DeployDisabled,__EFxEuLaEeCVSp8F0qHMxQ,AssociationEndNameNotationUml,n_associationEndNameNotationUml_1;getInstance_return_1;getParsingHelp_return_1;parse_modelElement_text_1;parseAssociationEnd_role_text_1;toString_modelElement_args_return_1;toString_modelElement_showVisibility_useGuillemets_return_1
DeployDisabled,__HEMkOLaEeCVSp8F0qHMxQ,OperationNotationUml,n_operationNotationUml_1;RECEPTION_KEYWORD_1;parse_modelElement_text_1;parseOperationFig_classifier_operation_text_1;parseOperation_s_op_1;parseError_message_offset_1;setReturnParameter_op_type_1;getParsingHelp_return_1;toString_modelElement_args_return_1;toString_modelElement_useGuillemets_showVisibility_showTypes_showProperties_return_1;getParameterList_modelElement_return_1;getReturnParameters_modelElement_isReception_return_1;getProperties_modelElement_isReception_return_1;getTaggedValues_modelElement_return_1
DeployDisabled,__KyO8-LaEeCVSp8F0qHMxQ,DiagramMemberFilePersister,n_diagramMemberFilePersister_1;LOG_1;PGML_TEE_1;CLASS_TRANSLATIONS_1;getMainTag_return_1;addTranslation_originalClassName_newClassName_1
DeployDisabled,__Nm5c-LaEeCVSp8F0qHMxQ,JavaFormatingStrategy,n_javaFormatingStrategy_1;formatElement_element_namespace_return_1;defaultAssocEndName_assocEnd_namespace_return_1;defaultAssocName_assoc_ns_return_1;defaultGeneralizationName_gen_namespace_return_1;defaultName_element_namespace_return_1;getPathSeparator_return_1;buildPath_buffer_element_pathSep_1;getElementSeparator_return_1;getEmptyCollection_return_1;formatCollection_iter_namespace_return_1
DeployDisabled,__aJgoOLaEeCVSp8F0qHMxQ,SettingsTabShortcuts,n_settingsTabShortcuts_1;serialVersionUID_1;NONE_NAME_1;DEFAULT_NAME_1;CUSTOM_NAME_1;table_1;selectedContainer_1;shortcutFieldDefaultBg_1;customButton_1;defaultButton_1;noneButton_1;warningLabel_1;lastRowSelected_1;columnNames_1;elements_1;getTabKey_return_1;getTabPanel_return_1;enableFields_enable_1;handleResetToDefault__1;handleSettingsTabCancel__1;handleSettingsTabRefresh__1;handleSettingsTabSave__1;valueChanged_lse_1;resetKeyStrokeConflict__1;setKeyStrokeValue_newKeyStroke_1;checkShortcutAlreadyAssigned_newKeyStroke_1
DeployDisabled,__aJgouLaEeCVSp8F0qHMxQ,ShortcutTableModel,n_shortcutTableModel_1;getColumnCount_return_1;getColumnName_col_return_1;getRowCount_return_1;getValueAt_row_col_return_1;setValueAt_ob_row_col_1;getColumnClass_col_return_1;isCellEditable_row_col_return_1
DeployDisabled,__oI5U-LaEeCVSp8F0qHMxQ,TMResults,n_tMResults_1;rowObjects_1;diagrams_1;showInDiagramColumn_1;serialVersionUID_1;setTarget_results_theDiagrams_1;getColumnCount_return_1;getRowCount_return_1;getColumnName_c_return_1;getColumnClass_c_return_1;isCellEditable_row_col_return_1;getValueAt_row_col_return_1;countNodesAndEdges_d_return_1;setValueAt_aValue_rowIndex_columnIndex_1
DeployDisabled,__smikOLaEeCVSp8F0qHMxQ,CrNoGuard,n_crNoGuard_1;getCriticizedDesignMaterials_return_1
DeployDisabled,__zM50uLaEeCVSp8F0qHMxQ,DiagramUndoManager,n_diagramUndoManager_1;LOG_1;startChain_1;startChain__1;isGenerateMementos_return_1;addMemento_memento_1;addPropertyChangeListener_listener_1
DeployDisabled,__-gx8OLaEeCVSp8F0qHMxQ,ClassdiagramNote,n_classdiagramNote_1;getTypeOrderNumer_return_1;calculateWeight_return_1;getRank_return_1;getWeight_return_1;isStandalone_return_1
DeployDisabled,___ZiweLaEeCVSp8F0qHMxQ,FigSignal,n_figSignal_1;constructFigs__1;makeSelection_return_1;getPopUpActions_me_return_1;modelChanged_mee_1
DeployDisabled,_AG_YguLbEeCVSp8F0qHMxQ,ArgoFigGroup,n_argoFigGroup_1;LOG_1;renderingChanged__1;setOwner_owner_1
DeployDisabled,_ARbt8OLbEeCVSp8F0qHMxQ,SourcePathTableModel,n_sourcePathTableModel_1;MODEL_ELEMENT_COLUMN_1;NAME_COLUMN_1;TYPE_COLUMN_1;SOURCE_PATH_COLUMN_1;LOG_1;isCellEditable_rowIndex_columnIndex_return_1;getModelElement_rowIndex_return_1;getMEName_rowIndex_return_1;getMEType_rowIndex_return_1;getMESourcePath_rowIndex_return_1
DeployDisabled,_AagKYuLbEeCVSp8F0qHMxQ,PropPanelObjectFlowState,n_propPanelObjectFlowState_1;classifierComboBox_1;statesScroll_1;addExtraButtons__1;propertyChange_evt_1;getClassifierComboBox_return_1;removeTopStateFrom_ret_1;getType_target_return_1
DeployDisabled,_Aap7YOLbEeCVSp8F0qHMxQ,ActionAddOFSState,n_actionAddOFSState_1;choiceClass_1;serialVersionUID_1;doIt_selected_1;getChoices_return_1;getDialogTitle_return_1;getSelected_return_1
DeployDisabled,_Adel4OLbEeCVSp8F0qHMxQ,UMLMessageInteractionListModel,n_uMLMessageInteractionListModel_1;buildModelList__1;isValidElement_element_return_1
DeployDisabled,_AkZtROLbEeCVSp8F0qHMxQ,PropPanelEvent,n_propPanelEvent_1;paramScroll_1;initialize__1;getParameterScroll_return_1
DeployDisabled,_Aj9BUuLbEeCVSp8F0qHMxQ,UMLGuardTransitionListModel,n_uMLGuardTransitionListModel_1;buildModelList__1;isValidElement_element_return_1
DeployDisabled,_AxypAuLbEeCVSp8F0qHMxQ,UMLTagDefinitionNamespaceComboBoxModel,n_uMLTagDefinitionNamespaceComboBoxModel_1;LOG_1;isValidElement_o_return_1;buildModelList__1
Original,_-nFE8eLaEeCVSp8F0qHMxQ,Translator,n_translator_1;localize_key_return_1;messageFormat_key_args_return_1
Original,_-wAXcuLaEeCVSp8F0qHMxQ,RemoveAssociationEvent,n_removeAssociationEvent_1;serialVersionUID_1
Original,__NT-hOLaEeCVSp8F0qHMxQ,ProfileLoader,n_profileLoader_1;LOG_1;JAR_PREFIX_1;FILE_PREFIX_1;doLoad__1;huntForProfilesInDir_dir_1;loadProfilesFromJarFile_manifest_file_classloader_1;loadManifestDependenciesForProfile_attr_return_1;loadJavaCriticsForProfile_attr_classloader_return_1
Original,__NdvgeLaEeCVSp8F0qHMxQ,JarFileFilter,n_jarFileFilter_1;accept_pathname_return_1
Original,__Res0uLaEeCVSp8F0qHMxQ,ActionSetOperation,n_actionSetOperation_1;action_1;operation_1
Original,__SOTsOLaEeCVSp8F0qHMxQ,SplashScreen,n_splashScreen_1;paintCalled_1;setPaintCalled_called_1;isPaintCalled_return_1
Original,__Vr3YOLaEeCVSp8F0qHMxQ,TransferableModelElements,n_transferableModelElements_1;UML_COLLECTION_FLAVOR_1;flavors_1;theModelElements_1;getTransferData_dataFlavor_return_1;getTransferDataFlavors_return_1;isDataFlavorSupported_dataFlavor_return_1
Original,__Y9N0OLaEeCVSp8F0qHMxQ,AboutBox,n_aboutBox_1;INSET_PX_1;extraTabs_1;tabs_1;serialVersionUID_1;localize_str_return_1;createPane_text_return_1;addAboutTab_name_tab_1;removeAboutTab_name_1;getVersion_return_1;getCredits_return_1
Original,__j0aBOLaEeCVSp8F0qHMxQ,GoModelElementToComment,n_goModelElementToComment_1;getChildren_parent_return_1;getRuleName_return_1;getDependencies_parent_return_1
Original,__rjZsOLaEeCVSp8F0qHMxQ,CrNoInstanceVariables,n_crNoInstanceVariables_1;MAX_DEPTH_1;getClarifier_return_1;findChangeableInstanceAttributeInInherited_dm_depth_return_1;getCriticizedDesignMaterials_return_1
Original,_AMpUkOLbEeCVSp8F0qHMxQ,FigActor,n_figActor_1;serialVersionUID_1;MIN_VERT_PADDING_1;HEAD_POSN_1;BODY_POSN_1;ARMS_POSN_1;LEFT_LEG_POSN_1;RIGHT_LEG_POSN_1;constructFigs__1;setLineWidth_width_1;setFilled_filled_1;makeSelection_return_1;getPopUpActions_me_return_1;isResizable_return_1;getMinimumSize_return_1;updateBounds__1;deepHitPort_x_y_return_1;getGravityPoints_return_1;modelChanged_mee_1;getNameFigFontStyle_return_1
Original,_ATN2pOLbEeCVSp8F0qHMxQ,UMLModelElementOrderedListModel2,n_uMLModelElementOrderedListModel2_1;buildModelList__1;isValidElement_element_return_1;moveDown_index_1;moveToTop_index_1;moveToBottom_index_1;buildPopup_popup_index_return_1
Original,_AVcrQuLbEeCVSp8F0qHMxQ,PropPanel,n_propPanel_1;LOG_1;target_1;modelElement_1;listenerList_1;buttonPanel_1;titleLabel_1;actions_1;stdFont_1;setOrientation_orientation_1;addAction_action_1;addAction_action_tooltip_1;addAction_actionArray_1;buildToolbar__1;getActions_return_1;addField_label_component_return_1;createLabelFor_label_comp_return_1;addFieldAfter_label_component_afterComponent_return_1;addFieldBefore_label_component_beforeComponent_return_1;addSeparator__1;collectTargetListeners_container_return_1;collectTargetListenerActions_return_1;getTarget_return_1;refresh__1;shouldBeEnabled_t_return_1;getDisplayNamespace_return_1;getModelElement_return_1;formatElement_element_return_1;formatNamespace_namespace_return_1;formatCollection_iter_return_1;getDeleteAction_return_1;isRemovableElement_return_1;setTitleLabel_theTitleLabel_1;getTitleLabel_return_1;createBorderPanel_title_return_1;setButtonPanelSize_height_1;lookupIcon_name_return_1
Original,_AY3ys-LbEeCVSp8F0qHMxQ,ActionRemoveTaggedValue,n_actionRemoveTaggedValue_1;serialVersionUID_1;table_1
Original,_AZdokeLbEeCVSp8F0qHMxQ,SaveGIFAction2,n_saveGIFAction2_1;saveGraphics_s_ce_drawingArea_1
Original,_Ar1yAuLbEeCVSp8F0qHMxQ,ActionSetFeatureOwner,n_actionSetFeatureOwner_1;SINGLETON_1;getInstance_return_1
Original,_AuXhk-LbEeCVSp8F0qHMxQ,PropPanelAttribute,n_propPanelAttribute_1;serialVersionUID_1
Original,_Au0Ng-LbEeCVSp8F0qHMxQ,UMLContainerResidentListModel,n_uMLContainerResidentListModel_1;buildModelList__1;isValidElement_o_return_1
SequenceDisabled,_-mfPEOLaEeCVSp8F0qHMxQ,Critic,n_critic_1;LOG_1;PROBLEM_FOUND_1;NO_PROBLEM_1;ENABLED_1;SNOOZE_ORDER_1;KT_DESIGNERS_1;KT_CORRECTNESS_1;KT_COMPLETENESS_1;KT_CONSISTENCY_1;KT_SYNTAX_1;KT_SEMANTICS_1;KT_OPTIMIZATION_1;KT_PRESENTATION_1;KT_ORGANIZATIONAL_1;KT_EXPERIENCIAL_1;KT_TOOL_1;priority_1;headline_1;description_1;moreInfoURL_1;args_1;DEFAULT_CLARIFIER_1;clarifier_1;decisionCategory_1;supportedDecisions_1;supportedGoals_1;criticType_1;isActive_1;controlRecs_1;knowledgeTypes_1;triggerMask_1;defaultMoreInfoURL_return_1;getCriticCategory_return_1;getCriticName_return_1;getSupportedDecisions_return_1;getSupportedGoals_return_1;containsKnowledgeType_type_return_1;addKnowledgeType_type_1;setKnowledgeTypes_t1_1;setKnowledgeTypes_t1_t2_1;setKnowledgeTypes_t1_t2_t3_1;reasonCodeFor_s_return_1;getTriggerMask_return_1;matchReason_patternCode_return_1;getClarifier_return_1;isActive_return_1;beActive__1;beInactive__1;addControlRec_name_controlData_return_1;getControlRec_name_return_1;isEnabled_return_1;snooze__1;unsnooze__1;isSnoozed_return_1;getDecisionCategory_return_1;getCriticType_return_1;getHeadline_return_1;getPriority_return_1;getDescriptionTemplate_return_1;getMoreInfoURL_return_1;setArg_name_value_1;getArg_name_return_1;getArgs_return_1;getCriticizedDesignMaterials_return_1;toString_return_1
SequenceDisabled,_-nX_4uLaEeCVSp8F0qHMxQ,CheckItem,n_checkItem_1;category_1;description_1;moreInfoURL_1;getCategory_return_1;getDescription_return_1;getDescription_dm_return_1;getMoreInfoURL_return_1;getPredicate_return_1;hashCode_return_1;equals_o_return_1;toString_return_1;expand_desc_dm_return_1
SequenceDisabled,_-7nKgeLaEeCVSp8F0qHMxQ,UndoCollaborationsHelperDecorator,n_undoCollaborationsHelperDecorator_1
SequenceDisabled,__DWKMOLaEeCVSp8F0qHMxQ,ModelElementNameNotation,n_modelElementNameNotation_1;initialiseListener_listener_modelElement_1
SequenceDisabled,__CToYOLaEeCVSp8F0qHMxQ,AssociationRoleNotation,n_associationRoleNotation_1;initialiseListener_listener_modelElement_1
SequenceDisabled,__EidAOLaEeCVSp8F0qHMxQ,AssociationRoleNotationUml,n_associationRoleNotationUml_1;getParsingHelp_return_1;parse_modelElement_text_1;parseRole_role_text_1;toString_modelElement_args_return_1;toString_modelElement_return_1
SequenceDisabled,__cFaUOLaEeCVSp8F0qHMxQ,ExplorerTree,n_explorerTree_1;updatingSelection_1;updatingSelectionViaTreeSelection_1;serialVersionUID_1;refreshSelection__1;setSelection_targets_1;addTargetsInternal_addedTargets_1;selectVisible_target_1;selectAll_targets_1
SequenceDisabled,__cYVQeLaEeCVSp8F0qHMxQ,ExplorerTargetListener,n_explorerTargetListener_1;setTargets_targets_1
SequenceDisabled,__lKd1OLaEeCVSp8F0qHMxQ,GoProjectToDiagram,n_goProjectToDiagram_1;getRuleName_return_1;getChildren_parent_return_1;getDependencies_parent_return_1
SequenceDisabled,__vISJOLaEeCVSp8F0qHMxQ,CrMergeClasses,n_crMergeClasses_1;getCriticizedDesignMaterials_return_1
SequenceDisabled,___sdsOLaEeCVSp8F0qHMxQ,UMLClassDiagram,n_uMLClassDiagram_1;serialVersionUID_1;LOG_1;actionAssociationClass_1;actionClass_1;actionInterface_1;actionDependency_1;actionPermission_1;actionUsage_1;actionLink_1;actionGeneralization_1;actionRealization_1;actionPackage_1;actionModel_1;actionSubsystem_1;actionAssociation_1;actionAssociationEnd_1;actionAggregation_1;actionComposition_1;actionUniAssociation_1;actionUniAggregation_1;actionUniComposition_1;actionDataType_1;actionEnumeration_1;actionStereotype_1;actionSignal_1;actionException_1;setNamespace_ns_1;getUmlActions_return_1;getDataTypeActions_return_1;getPackageActions_return_1;getDependencyActions_return_1;getAssociationActions_return_1;getAggregationActions_return_1;getCompositionActions_return_1;getLabelName_return_1;getActionAggregation_return_1;getActionAssociation_return_1;getActionAssociationEnd_return_1;getActionClass_return_1;getActionAssociationClass_return_1;getActionComposition_return_1;getActionDependency_return_1;getActionGeneralization_return_1;getActionInterface_return_1;getActionLink_return_1;getActionModel_return_1;getActionPackage_return_1;getActionPermission_return_1;getActionRealization_return_1;getActionSubsystem_return_1;getActionUniAggregation_return_1;getActionUniAssociation_return_1;getActionUniComposition_return_1;getActionUsage_return_1;getActionDataType_return_1;getActionEnumeration_return_1;getActionStereotype_return_1;getActionSignal_return_1;getActionException_return_1;isRelocationAllowed_base_return_1;getRelocationCandidates_root_return_1;relocate_base_return_1;encloserChanged_enclosed_oldEncloser_newEncloser_1;doesAccept_objectToAccept_return_1;drop_droppedObject_location_return_1
SequenceDisabled,_ACX-QeLbEeCVSp8F0qHMxQ,FigEditableCompartment,n_figEditableCompartment_1;LOG_1;MIN_HEIGHT_1;constructFigs__1;setVisible_visible_1;addFig_fig_1;getUmlCollection_return_1;getNotationType_return_1;populate__1;getElementFigs_return_1;updateFigGroupSize_x_y_w_h_checkSize_rowHeight_return_1;getMinimumSize_return_1
SequenceDisabled,_AR3y0uLbEeCVSp8F0qHMxQ,TabProps,n_tabProps_1;LOG_1;blankPanel_1;panels_1;lastPanel_1;panelClassBaseName_1;target_1;listenerList_1;setOrientation_orientation_1;setTarget_target_1;refresh__1;getClassBaseName_return_1;getTarget_return_1;shouldBeEnabled_target_return_1
SequenceDisabled,_ATzsgOLbEeCVSp8F0qHMxQ,UMLCheckBox2,n_uMLCheckBox2_1;checkBoxTarget_1;propertySetName_1;propertyChange_evt_1;getTarget_return_1;setTarget_target_1;buildModel__1
SequenceDisabled,_AhzFM-LbEeCVSp8F0qHMxQ,ActionNewStubState,n_actionNewStubState_1;SINGLETON_1;getInstance_return_1
SequenceDisabled,_AugrgOLbEeCVSp8F0qHMxQ,UMLAssociationConnectionListModel,n_uMLAssociationConnectionListModel_1;others_1;addOtherModelEventListeners_newTarget_1;removeOtherModelEventListeners_oldTarget_1;buildModelList__1;isValidElement_o_return_1;moveDown_index_1;moveToBottom_index_1;moveToTop_index_1
SequenceDisabled,_AtLOwuLbEeCVSp8F0qHMxQ,ActionAddSupplierDependencyAction,n_actionAddSupplierDependencyAction_1;doIt_selected_1;getChoices_return_1;getDialogTitle_return_1;getSelected_return_1
SequenceDisabled,_AvHIcuLbEeCVSp8F0qHMxQ,PropPanelParameter,n_propPanelParameter_1;serialVersionUID_1;behFeatureScroll_1;getBehavioralFeatureScroll_return_1
StateDisabled,_-qNRceLaEeCVSp8F0qHMxQ,ActionResolve,n_actionResolve_1;actionPerformed_ae_1
StateDisabled,_-wAXcuLaEeCVSp8F0qHMxQ,RemoveAssociationEvent,n_removeAssociationEvent_1;serialVersionUID_1
StateDisabled,_-2_wQeLaEeCVSp8F0qHMxQ,UmlHelperEUMLImpl,n_umlHelperEUMLImpl_1;addListenersToModel_model_1;deleteCollection_col_1;getSource_relationship_return_1;getDestination_relationShip_return_1
StateDisabled,__F35w-LaEeCVSp8F0qHMxQ,TransitionNotationUml,n_transitionNotationUml_1;parse_modelElement_text_1;parseTransition_trans_s_return_1;parseTrigger_trans_trigger_1;parseGuard_trans_guard_1;parseEffect_trans_actions_1;delete_obj_1;getParsingHelp_return_1;toString_modelElement_args_return_1;toString_modelElement_return_1;generateEvent_m_return_1;generateGuard_m_return_1;generateParameterList_parameterListOwner_return_1;generateExpression_expr_return_1;generateParameter_parameter_return_1;generateKind_kind_return_1;generateClassifierRef_cls_return_1;initialiseListener_listener_modelElement_1;addListenersForAction_listener_action_1;addListenersForEvent_listener_event_1;addListenersForTransition_listener_transition_1
StateDisabled,__G6bkOLaEeCVSp8F0qHMxQ,MultiplicityNotationUml,n_multiplicityNotationUml_1;getParsingHelp_return_1;parse_multiplicityOwner_text_1;parseMultiplicity_multiplicityOwner_s1_return_1;toString_multiplicityOwner_args_return_1
StateDisabled,__QcLAuLaEeCVSp8F0qHMxQ,SelectionMessage,n_selectionMessage_1;LOG_1;keyPressed_ke_1;mousePressed_me_1;dragHandle_x_y_w_h_handle_1;handleMovement__1
StateDisabled,__pUlEOLaEeCVSp8F0qHMxQ,CrUnconventionalAttrName,n_crUnconventionalAttrName_1;serialVersionUID_1;computeSuggestion_name_return_1;getClarifier_return_1;getCriticizedDesignMaterials_return_1
StateDisabled,__ywN4OLaEeCVSp8F0qHMxQ,CrUselessAbstract,n_crUselessAbstract_1;getCriticizedDesignMaterials_return_1
StateDisabled,__s5dgOLaEeCVSp8F0qHMxQ,ProfileGoodPractices,n_profileGoodPractices_1;critics_1;getDisplayName_return_1;getProfileIdentifier_return_1
StateDisabled,_AEwj4-LbEeCVSp8F0qHMxQ,ArgoFigUtil,n_argoFigUtil_1;markPosition_fe_pct_delta_angle_offset_color_1
StateDisabled,_AJq5EOLbEeCVSp8F0qHMxQ,ActionModifierActive,n_actionModifierActive_1;serialVersionUID_1;valueOfTarget_t_return_1
StateDisabled,_AagKYuLbEeCVSp8F0qHMxQ,PropPanelObjectFlowState,n_propPanelObjectFlowState_1;classifierComboBox_1;statesScroll_1;addExtraButtons__1;propertyChange_evt_1;getClassifierComboBox_return_1;removeTopStateFrom_ret_1;getType_target_return_1
StateDisabled,_Aap7YOLbEeCVSp8F0qHMxQ,ActionAddOFSState,n_actionAddOFSState_1;choiceClass_1;serialVersionUID_1;doIt_selected_1;getChoices_return_1;getDialogTitle_return_1;getSelected_return_1
StateDisabled,_Aeq4tOLbEeCVSp8F0qHMxQ,ActionNewReception,n_actionNewReception_1
StateDisabled,_AkZtQOLbEeCVSp8F0qHMxQ,UMLStateMachineContextComboBoxModel,n_uMLStateMachineContextComboBoxModel_1;buildModelList__1;isValidElement_element_return_1;getSelectedModelElement_return_1
StateDisabled,_AqpfMuLbEeCVSp8F0qHMxQ,ActionSetStructuralFeatureTargetScope,n_actionSetStructuralFeatureTargetScope_1;SINGLETON_1;getInstance_return_1
StateDisabled,_AwJqROLbEeCVSp8F0qHMxQ,UMLModelElementNamespaceListModel,n_uMLModelElementNamespaceListModel_1;buildModelList__1;isValidElement_element_return_1
StateDisabled,_Az3soOLbEeCVSp8F0qHMxQ,JavaRuntimeUtility,n_javaRuntimeUtility_1;isJreSupported_return_1;isJre5_return_1;getJreVersion_return_1
UsecaseDisabled,_-2Z6YeLaEeCVSp8F0qHMxQ,CollaborationsFactoryEUMLImpl,n_collaborationsFactoryEUMLImpl_1;buildActivator_owner_interaction_return_1;buildAssociationEndRole_atype_return_1;buildAssociationRole_from_to_return_1;buildAssociationRole_from_agg1_to_agg2_unidirectional_return_1;buildAssociationRole_from_agg1_to_agg2_unidirectional_return_2;buildAssociationRole_link_return_1;buildClassifierRole_collaboration_return_1;buildCollaboration_handle_return_1;buildCollaboration_namespace_representedElement_return_1;buildInteraction_handle_return_1;buildMessage_acollab_arole_return_1;createAssociationEndRole_return_1;createAssociationRole_return_1;createClassifierRole_return_1;createCollaboration_return_1;createCollaborationInstanceSet_return_1;createInteraction_return_1;createInteractionInstanceSet_return_1;createMessage_return_1
UsecaseDisabled,__BHVkeLaEeCVSp8F0qHMxQ,InitModuleLoader,n_initModuleLoader_1;getProjectSettingsTabs_return_1;getSettingsTabs_return_1;init__1;getDetailsTabs_return_1
UsecaseDisabled,__A0aoeLaEeCVSp8F0qHMxQ,ModuleLoader2,n_moduleLoader2_1;LOG_1;moduleStatus_1;extensionLocations_1;INSTANCE_1;FILE_PREFIX_1;JAR_PREFIX_1;CLASS_SUFFIX_1;getInstance_return_1;getDetailsTabs_return_1;availableModules_return_1;doLoad_failingAllowed_1;isEnabled_name_return_1;allModules_return_1;isSelected_name_return_1;isSelectedInternal_name_return_1;setSelected_name_value_1;setSelectedInternal_name_value_1;getDescription_name_return_1;getDescriptionInternal_name_return_1;doInternal_failingAllowed_1;isEnabledInternal_name_return_1;findModule_name_return_1;huntForModules__1;huntForModulesFromExtensionDir__1;computeExtensionLocations__1;getExtensionLocations_return_1;huntModulesFromNamedDirectory_dirname_1;processJarFile_classloader_file_1;processEntry_classloader_cname_return_1;addClass_classname_1;addClass_classLoader_classname_return_1
UsecaseDisabled,__BaQgeLaEeCVSp8F0qHMxQ,InitNotation,n_initNotation_1;init__1;getProjectSettingsTabs_return_1;getSettingsTabs_return_1;getDetailsTabs_return_1
UsecaseDisabled,__L0wxOLaEeCVSp8F0qHMxQ,ToDoItemXMLHelper,n_toDoItemXMLHelper_1;getHeadline_return_1;getPriority_return_1;getMoreInfoURL_return_1;getDescription_return_1
UsecaseDisabled,__eUO8OLaEeCVSp8F0qHMxQ,ExplorerTreeModel,n_explorerTreeModel_1;LOG_1;rules_1;modelElementMap_1;order_1;updatingChildren_1;serialVersionUID_1;modelElementChanged_node_1;modelElementAdded_node_1;traverseModified_start_node_1;modelElementRemoved_node_1;structureChanged__1;updateChildren_path_1;collectChildren_modelElement_newChildren_deps_1;prepareAddRemoveSets_children_newChildren_return_1;insertNodeInto_newChild_parent_index_1;removeNodeFromParent_node_1;findNodes_modelElement_return_1
UsecaseDisabled,__o4gMOLaEeCVSp8F0qHMxQ,UMLDecision,n_uMLDecision_1;INHERITANCE_1;CONTAINMENT_1;PATTERNS_1;RELATIONSHIPS_1;STORAGE_1;BEHAVIOR_1;INSTANCIATION_1;NAMING_1;MODULARITY_1;CLASS_SELECTION_1;EXPECTED_USAGE_1;METHODS_1;CODE_GEN_1;PLANNED_EXTENSIONS_1;STEREOTYPES_1;STATE_MACHINES_1
UsecaseDisabled,__tfTYOLaEeCVSp8F0qHMxQ,CrWrongDepEnds,n_crWrongDepEnds_1;serialVersionUID_1
UsecaseDisabled,__6MSoOLaEeCVSp8F0qHMxQ,SequenceDiagramLayer,n_sequenceDiagramLayer_1;LOG_1;OBJECT_DISTANCE_1;DIAGRAM_LEFT_MARGIN_1;DIAGRAM_TOP_MARGIN_1;LINK_DISTANCE_1;figObjectsX_1;serialVersionUID_1;nodeAdded_ge_1;getNodeIndex_y_return_1;makeUniformNodeCount_return_1;contractDiagram_startNodeIndex_numberOfNodes_1;expandDiagram_startNodeIndex_numberOfNodes_1;updateActivations__1;getFigMessages_y_return_1
UsecaseDisabled,_AJhIEOLbEeCVSp8F0qHMxQ,StylePanelFigAssociationClass,n_stylePanelFigAssociationClass_1;hasEditableBoundingBox_value_1;setTargetBBox__1;refresh__1
UsecaseDisabled,_AXrf4OLbEeCVSp8F0qHMxQ,UMLEditableComboBox,n_uMLEditableComboBox_1;doOnEdit_item_1;focusGained_arg0_1;focusLost_arg0_1
UsecaseDisabled,_AXrf4uLbEeCVSp8F0qHMxQ,UMLComboBoxEditor,n_uMLComboBoxEditor_1;theShowIcon_1;setItem_anObject_1;isShowIcon_return_1;setShowIcon_showIcon_1;getEditorComponent_return_1;selectAll__1;getItem_return_1
UsecaseDisabled,_Ae9zpOLbEeCVSp8F0qHMxQ,ActionAddReceptionSignal,n_actionAddReceptionSignal_1;serialVersionUID_1;getChoices_return_1;getSelected_return_1;getDialogTitle_return_1;doIt_selected_1
UsecaseDisabled,_Asbn4uLbEeCVSp8F0qHMxQ,ActionSetAssociationEndMultiplicity,n_actionSetAssociationEndMultiplicity_1;SINGLETON_1;setSelectedItem_item_target_1;getInstance_return_1
UsecaseDisabled,_Au0Ng-LbEeCVSp8F0qHMxQ,UMLContainerResidentListModel,n_uMLContainerResidentListModel_1;buildModelList__1;isValidElement_o_return_1
UsecaseDisabled,_Apm9ZeLbEeCVSp8F0qHMxQ,ActionNewModelElementConstraint,n_actionNewModelElementConstraint_1;SINGLETON_1;getInstance_return_1
UsecaseDisabled,_Ap54U-LbEeCVSp8F0qHMxQ,UMLAssociationEndSpecificationListModel,n_uMLAssociationEndSpecificationListModel_1;buildModelList__1;isValidElement_o_return_1
UsecaseDisabled,_Azt7ouLbEeCVSp8F0qHMxQ,EnumerationIterator,n_enumerationIterator_1;enumeration_1;hasNext_return_1;next_return_1;remove__1
