ActivityDisabled,_-pdqkeLaEeCVSp8F0qHMxQ,ToDoByPoster,n_toDoByPoster_1;LOG_1
ActivityDisabled,_-tU24OLaEeCVSp8F0qHMxQ,ArgoModeCreateFigCircle,n_argoModeCreateFigCircle_1;createNewItem_me_snapX_snapY_return_1;instructions_return_1
ActivityDisabled,_-t7T0eLaEeCVSp8F0qHMxQ,ProjectManager,n_projectManager_1;CURRENT_PROJECT_PROPERTY_NAME_1;OPEN_PROJECTS_PROPERTY_1;LOG_1;instance_1;openProjects_1;creatingCurrentProject_1;saveAction_1;listenerList_1;event_1;getManager_return_1;addPropertyChangeListener_listener_1;removePropertyChangeListener_listener_1;firePropertyChanged_propertyName_oldValue_newValue_1;getOpenProjects_return_1;setSaveAction_save_1;isSaveActionEnabled_return_1;setSaveEnabled_newValue_1
ActivityDisabled,_-xC5ROLaEeCVSp8F0qHMxQ,UmlException,n_umlException_1;serialVersionUID_1
ActivityDisabled,_-2jEUuLaEeCVSp8F0qHMxQ,UmlFactoryEUMLImpl,n_umlFactoryEUMLImpl_1;validConnectionMap_1;VALID_CONNECTIONS_1;buildConnection_elementType_fromElement_fromStyle_toElement_toStyle_unidirectional_namespace_return_1;buildNode_elementType_container_return_1;buildNode_elementType_return_1;delete_elem_1;isRemoved_o_return_1;isConnectionType_connectionType_return_1;isConnectionValid_connectionType_fromElement_toElement_checkWFR_return_1;isContainmentValid_metaType_container_return_1;isConnectionWellformed_connectionType_fromElement_toElement_return_1;buildValidConnectionMap__1;deleteExtent_element_1
ActivityDisabled,_-19OcOLaEeCVSp8F0qHMxQ,ModelManagementFactoryEUMLImpl,n_modelManagementFactoryEUMLImpl_1;editingDomain_1;theRootModel_1;buildElementImport_pack_me_return_1;buildPackage_name_return_1;copyPackage_source_ns_return_1;createElementImport_return_1;createPackage_return_1;createSubsystem_return_1;setRootModel_rootModel_1;getRootModel_return_1
ActivityDisabled,__QJQEuLaEeCVSp8F0qHMxQ,FigMessage,n_figMessage_1;serialVersionUID_1;LOG_1;action_1;initialize__1;getNotationProviderType_return_1;initNotationProviders_own_1;textEditStarted_ft_1;setOwner_owner_1;isCallAction_return_1;isCreateAction_return_1;isDestroyAction_return_1;isReturnAction_return_1;isSendAction_return_1;updateArrow__1;getAction_return_1;getPopUpActions_me_return_1;makeSelection_return_1;getFinalY_return_1;getStartY_return_1;isSelfMessage_return_1;convertToArc__1;computeRouteImpl__1;calcBounds__1;updateActivations__1;deleteFromModel__1;determineFigNodes_return_1;translate_dx_dy_1;updateListeners_oldOwner_newOwner_1;getReceiverOperations_return_1;determineActivator_return_1
ActivityDisabled,__XLFIeLaEeCVSp8F0qHMxQ,SwingWorker,n_swingWorker_1;LOG_1;value_1;timer_1;getValue_return_1;doConstruct_return_1;activateGlassPane__1;deactivateGlassPane__1;finished__1;interrupt__1;get_return_1;start__1
ActivityDisabled,__XU2IeLaEeCVSp8F0qHMxQ,ThreadVar,n_threadVar_1;thread_1;get_return_1;clear__1
ActivityDisabled,__ZG-1OLaEeCVSp8F0qHMxQ,ActionSelectAll,n_actionSelectAll_1
ActivityDisabled,__bfkceLaEeCVSp8F0qHMxQ,ExplorerEventAdaptor,n_explorerEventAdaptor_1;LOG_1;structureChanged__1;modelElementAdded_element_1;modelElementChanged_element_1;propertyChange_pce_1
ActivityDisabled,__bouYeLaEeCVSp8F0qHMxQ,ProfileChangeListener,n_profileChangeListener_1
ActivityDisabled,_ANPKceLbEeCVSp8F0qHMxQ,ClassGenerationDialog,n_classGenerationDialog_1;SOURCE_LANGUAGE_TAG_1;LOG_1;isPathInModel_1;languages_1;classTable_1;outputDirectoryComboBox_1;languageHistory_1;serialVersionUID_1;nameButtons__1;setClassTableColumnWidths__1;buildLanguages__1;getClasspathEntries_return_1;doBrowse__1
ActivityDisabled,_ANY7ceLbEeCVSp8F0qHMxQ,TableModelClassChecks,n_tableModelClassChecks_1;classes_1;checked_1;serialVersionUID_1;setTarget_nodes_1;getLanguagesCount_return_1;getChecked_return_1;getColumnCount_return_1;getColumnName_c_return_1;getColumnClass_c_return_1;isCellEditable_row_col_return_1;getRowCount_return_1;getValueAt_row_col_return_1;setValueAt_aValue_rowIndex_columnIndex_1;setAllChecks_value_1
ActivityDisabled,_AXrf4OLbEeCVSp8F0qHMxQ,UMLEditableComboBox,n_uMLEditableComboBox_1;doOnEdit_item_1;focusGained_arg0_1;focusLost_arg0_1
ActivityDisabled,_AXrf4uLbEeCVSp8F0qHMxQ,UMLComboBoxEditor,n_uMLComboBoxEditor_1;theShowIcon_1;setItem_anObject_1;isShowIcon_return_1;setShowIcon_showIcon_1;getEditorComponent_return_1;selectAll__1;getItem_return_1
ActivityDisabled,_AY3yseLbEeCVSp8F0qHMxQ,TabTaggedValues,n_tabTaggedValues_1;LOG_1;serialVersionUID_1;target_1;shouldBeEnabled_1;table_1;titleLabel_1;buttonPanel_1;resizeColumns__1;setTarget_theTarget_1;stopEditing__1;getTarget_return_1;refresh__1;shouldBeEnabled_theTarget_return_1;getTable_return_1
ActivityDisabled,_AagKYuLbEeCVSp8F0qHMxQ,PropPanelObjectFlowState,n_propPanelObjectFlowState_1;classifierComboBox_1;statesScroll_1;addExtraButtons__1;propertyChange_evt_1;getClassifierComboBox_return_1;removeTopStateFrom_ret_1;getType_target_return_1
ActivityDisabled,_AwJqROLbEeCVSp8F0qHMxQ,UMLModelElementNamespaceListModel,n_uMLModelElementNamespaceListModel_1;buildModelList__1;isValidElement_element_return_1
ActivityDisabled,_AwTbQuLbEeCVSp8F0qHMxQ,PropPanelOperation,n_propPanelOperation_1;serialVersionUID_1;addRaisedSignal__1;addMethod__1;getDisplayNamespace_return_1
ActivityDisabled,_AyYe5uLbEeCVSp8F0qHMxQ,PropPanelElementImport,n_propPanelElementImport_1;modifiersPanel_1;aliasTextField_1;getAliasTextField_return_1;getModifiersPanel_return_1
CollabDisabled,_-nX_4OLaEeCVSp8F0qHMxQ,ChecklistStatus,n_checklistStatus_1;numChecks_1
CollabDisabled,__A0aoeLaEeCVSp8F0qHMxQ,ModuleLoader2,n_moduleLoader2_1;LOG_1;moduleStatus_1;extensionLocations_1;FILE_PREFIX_1;JAR_PREFIX_1;CLASS_SUFFIX_1;getDetailsTabs_return_1;availableModules_return_1;doLoad_failingAllowed_1;isEnabled_name_return_1;allModules_return_1;isSelected_name_return_1;isSelectedInternal_name_return_1;setSelected_name_value_1;setSelectedInternal_name_value_1;getDescription_name_return_1;getDescriptionInternal_name_return_1;doInternal_failingAllowed_1;isEnabledInternal_name_return_1;findModule_name_return_1;huntForModules__1;huntForModulesFromExtensionDir__1;computeExtensionLocations__1;getExtensionLocations_return_1;huntModulesFromNamedDirectory_dirname_1;processJarFile_classloader_file_1;processEntry_classloader_cname_return_1;addClass_classname_1;addClass_classLoader_classname_return_1
CollabDisabled,__A9kkeLaEeCVSp8F0qHMxQ,JarFileFilter,n_jarFileFilter_1;accept_pathname_return_1
CollabDisabled,__OWgUeLaEeCVSp8F0qHMxQ,InvalidOclException,n_invalidOclException_1
CollabDisabled,__Rod0OLaEeCVSp8F0qHMxQ,GlassPane,n_glassPane_1;serialVersionUID_1;theWindow_1;activeComponent_1;eventDispatched_event_1;mount_startComponent_create_return_1;setActiveComponent_aComponent_1;setVisible_value_1
CollabDisabled,__cFaUOLaEeCVSp8F0qHMxQ,ExplorerTree,n_explorerTree_1;updatingSelection_1;updatingSelectionViaTreeSelection_1;serialVersionUID_1;refreshSelection__1;setSelection_targets_1;addTargetsInternal_addedTargets_1;selectVisible_target_1;selectAll_targets_1
CollabDisabled,__bfkceLaEeCVSp8F0qHMxQ,ExplorerEventAdaptor,n_explorerEventAdaptor_1;LOG_1;instance_1;getInstance_return_1;structureChanged__1;modelElementAdded_element_1;modelElementChanged_element_1;propertyChange_pce_1
CollabDisabled,__i7pMOLaEeCVSp8F0qHMxQ,GoPackageToClass,n_goPackageToClass_1;getRuleName_return_1;getChildren_parent_return_1;getDependencies_parent_return_1
CollabDisabled,__tMYc-LaEeCVSp8F0qHMxQ,CrSeqInstanceWithoutClassifier,n_crSeqInstanceWithoutClassifier_1
CollabDisabled,__0iWkuLaEeCVSp8F0qHMxQ,SelectionActionState,n_selectionActionState_1;trans_1;transDown_1;icons_1;instructions_1;showIncomingLeft_1;showIncomingAbove_1;showOutgoingRight_1;showOutgoingBelow_1;getNewNodeType_index_return_1;getNewNode_arg0_return_1;getIcons_return_1;getInstructions_index_return_1;getNewEdgeType_index_return_1;isReverseEdge_index_return_1
CollabDisabled,_ACFDUeLbEeCVSp8F0qHMxQ,SettingsTabDiagramAppearance,n_settingsTabDiagramAppearance_1;jbtnDiagramFont_1;selectedDiagramFontName_1;selectedDiagramFontSize_1;scope_1;jlblDiagramFont_1;initialize__1;getJbtnDiagramFont_return_1;handleSettingsTabRefresh__1;handleSettingsTabSave__1;handleSettingsTabCancel__1;handleResetToDefault__1;getTabKey_return_1;getTabPanel_return_1;createCheckBox_key_return_1;createLabel_key_return_1;createButton_key_return_1;setVisible_arg0_1
CollabDisabled,_ACq5MOLbEeCVSp8F0qHMxQ,FigAssociationClass,n_figAssociationClass_1;serialVersionUID_1;removeFromDiagramImpl__1;getNameFig_return_1;getAttributesBounds_return_1;isAttributesVisible_return_1;setAttributesVisible_visible_1;isPathVisible_return_1;setPathVisible_visible_1;getOperationsBounds_return_1;isOperationsVisible_return_1;setOperationsVisible_visible_1;setFillColor_color_1;getFillColor_return_1;setLineColor_arg0_1
CollabDisabled,_AYkQsuLbEeCVSp8F0qHMxQ,UMLDerivedCheckBox,n_uMLDerivedCheckBox_1
CollabDisabled,_ARIL8OLbEeCVSp8F0qHMxQ,AbstractActionNewModelElement,n_abstractActionNewModelElement_1;target_1;getTarget_return_1;setTarget_theTarget_1
CollabDisabled,_AeOMwOLbEeCVSp8F0qHMxQ,ActionAddInstanceClassifier,n_actionAddInstanceClassifier_1;choiceClass_1;doIt_selected_1;getChoices_return_1;getDialogTitle_return_1;getSelected_return_1
CollabDisabled,_AllZAuLbEeCVSp8F0qHMxQ,UMLCompositeStateSubvertexList,n_uMLCompositeStateSubvertexList_1;getPopupMenu_return_1
CollabDisabled,_ArZGEOLbEeCVSp8F0qHMxQ,PropPanelFlow,n_propPanelFlow_1;serialVersionUID_1;initialize__1
CollabDisabled,_AzR2weLbEeCVSp8F0qHMxQ,SuffixFilter,n_suffixFilter_1;suffixes_1;desc_1;accept_f_return_1;getExtension_f_return_1;getExtension_filename_return_1;getDescription_return_1;getSuffix_return_1;getSuffixes_return_1;toString_return_1
DeployDisabled,_-vtcgeLaEeCVSp8F0qHMxQ,DelayedChangeNotify,n_delayedChangeNotify_1;pce_1;run__1
DeployDisabled,__JJQMOLaEeCVSp8F0qHMxQ,TodoParser,n_todoParser_1;LOG_1;headline_1;priority_1;moreinfourl_1;description_1;critic_1;offenders_1;readTodoList_is_1;decode_str_return_1;encode_str_return_1
DeployDisabled,__OgRUOLaEeCVSp8F0qHMxQ,DefaultOclEvaluator,n_defaultOclEvaluator_1;LOG_1
DeployDisabled,__WIjUuLaEeCVSp8F0qHMxQ,TreeModelComposite,n_treeModelComposite_1;LOG_1;root_1;getRoot_return_1;getChild_parent_index_return_1;getChildCount_parent_return_1;getIndexOfChild_parent_child_return_1;isLeaf_node_return_1;valueForPathChanged_path_newValue_1
DeployDisabled,__XxiEuLaEeCVSp8F0qHMxQ,ExceptionDialog,n_exceptionDialog_1;closeButton_1;copyButton_1;northLabel_1;textArea_1;serialVersionUID_1;formatException_message_e_highlightCause_return_1;disposeDialog__1
DeployDisabled,__XnxEOLaEeCVSp8F0qHMxQ,ArgoJMenu,n_argoJMenu_1;serialVersionUID_1;localize_menuItem_key_1;addCheckItem_a_return_1;addRadioItem_a_return_1
DeployDisabled,__bVzcuLaEeCVSp8F0qHMxQ,ActionExportProfileXMI,n_actionExportProfileXMI_1;LOG_1;actionPerformed_arg0_1;saveModel_destiny_model_1;getTargetFile_return_1;isXmiFile_file_return_1
DeployDisabled,__h4gUeLaEeCVSp8F0qHMxQ,GoModelElementToContainedDiagrams,n_goModelElementToContainedDiagrams_1;getRuleName_return_1;getChildren_parent_return_1;getDependencies_parent_return_1
DeployDisabled,__oSDReLaEeCVSp8F0qHMxQ,ChildGenSearch,n_childGenSearch_1;INSTANCE_1;childIterator_parent_return_1;getInstance_return_1
DeployDisabled,__u-hI-LaEeCVSp8F0qHMxQ,WizAddOperation,n_wizAddOperation_1;label_1;instructions_1;doAction_oldStep_1;makePanel_newStep_return_1
DeployDisabled,__zplwuLaEeCVSp8F0qHMxQ,ArgoDiagramImpl,n_argoDiagramImpl_1;namespace_1;LOG_1;serialVersionUID_1;constructorInit__1;getVetoMessage_propertyName_return_1;getContainingFig_obj_return_1;damage__1;getEdges_return_1;getNodes_return_1;toString_return_1;repair_return_1;repairFig_f_report_return_1;figDescription_f_return_1;presentationsFor_obj_return_1;remove__1;encloserChanged_enclosed_oldEncloser_newEncloser_1;getDependentElement_return_1;getNamespace_return_1;setNamespace_ns_1;setModelElementNamespace_modelElement_ns_1;propertyChange_evt_1;getOwner_return_1;getFigIterator_return_1;renderingChanged__1;vetoableChange_evt_1
DeployDisabled,__6WDoeLaEeCVSp8F0qHMxQ,InitSequenceDiagram,n_initSequenceDiagram_1;getDetailsTabs_return_1;getProjectSettingsTabs_return_1;getSettingsTabs_return_1;init__1
DeployDisabled,__-XA8-LaEeCVSp8F0qHMxQ,ClassdiagramNoteEdge,n_classdiagramNoteEdge_1;layout__1;addPoints_fs_fd_1
DeployDisabled,_AWyIAOLbEeCVSp8F0qHMxQ,UMLLinkedList,n_uMLLinkedList_1
DeployDisabled,_AfQukeLbEeCVSp8F0qHMxQ,PropPanelCallAction,n_propPanelCallAction_1;serialVersionUID_1;initialize__1
DeployDisabled,_AfQuk-LbEeCVSp8F0qHMxQ,UMLCallActionOperationComboBox2,n_uMLCallActionOperationComboBox2_1;serialVersionUID_1
DeployDisabled,_Ae9zouLbEeCVSp8F0qHMxQ,UMLSignalReceptionListModel,n_uMLSignalReceptionListModel_1;serialVersionUID_1;buildModelList__1;isValidElement_element_return_1
DeployDisabled,_Ak1yJOLbEeCVSp8F0qHMxQ,UMLStubStateComboBoxModel,n_uMLStubStateComboBoxModel_1;isValidElement_element_return_1;buildModelList__1;getSelectedModelElement_return_1
Original,_-pT5kuLaEeCVSp8F0qHMxQ,AbstractGoList,n_abstractGoList_1;getRoot_return_1
Original,_-q84UeLaEeCVSp8F0qHMxQ,AbstractGoList2,n_abstractGoList2_1;getRoot_return_1
Original,_-2_wQeLaEeCVSp8F0qHMxQ,UmlHelperEUMLImpl,n_umlHelperEUMLImpl_1;addListenersToModel_model_1;deleteCollection_col_1;getSource_relationship_return_1;getDestination_relationShip_return_1
Original,_-6H8wOLaEeCVSp8F0qHMxQ,XmiReaderImpl,n_xmiReaderImpl_1;LOG_1;unknownElement_1;unknownElementName_1;uml13_1;ignoredElements_1;ignoredElementCount_1;xmiHeader_1;STYLE_PATH_1;UML_13_ELEMENTS_1;parse_inputSource_readOnly_return_1;deleteElements_elements_1;convertAndLoadUml13_systemId_extent_xmiReader_input_return_1;getXMIUUIDToObjectMap_return_1;chainedTransform_styles_input_return_1;serialTransform_styles_input_return_1;copySource_input_return_1;elementFound_name_1;setIgnoredElements_elementNames_return_1;getIgnoredElements_return_1;getIgnoredElementCount_return_1;getTagName_return_1;addSearchPath_path_1;removeSearchPath_path_1;getSearchPath_return_1;consumeHeader_stream_1;getHeader_return_1
Original,_-7AtkOLaEeCVSp8F0qHMxQ,StateMachinesFactoryMDRImpl,n_stateMachinesFactoryMDRImpl_1;LOG_1;getSmPackage_return_1;createCallEvent_return_1;createChangeEvent_return_1;createCompositeState_return_1;createFinalState_return_1;createGuard_return_1;createPseudostate_return_1;createSignalEvent_return_1;createSimpleState_return_1;createStateMachine_return_1;createStubState_return_1;createSubmachineState_return_1;createSynchState_return_1;createTimeEvent_return_1;createTransition_return_1;buildCompositeStateOnStateMachine_statemachine_return_1;buildStateMachine_oContext_return_1;buildTransition_owningState_source_dest_return_1;buildPseudoState_compositeState_return_1;buildSynchState_compositeState_return_1;buildStubState_compositeState_return_1;buildCompositeState_compositeState_return_1;buildSimpleState_compositeState_return_1;buildFinalState_compositeState_return_1;buildSubmachineState_compositeState_return_1;buildInternalTransition_state_return_1;buildTransition_source_target_return_1;buildCallEvent_ns_return_1;buildCallEvent_trans_name_ns_return_1;buildSignalEvent_ns_return_1;buildSignalEvent_name_ns_return_1;buildTimeEvent_ns_return_1;buildTimeEvent_s_ns_return_1;buildChangeEvent_ns_return_1;buildChangeEvent_expression_ns_return_1;buildGuard_transition_return_1;deleteCallEvent_elem_1;deleteChangeEvent_elem_1;deleteCompositeState_elem_1;deleteEvent_elem_1;deleteFinalState_elem_1;deleteGuard_elem_1;deletePseudostate_elem_1;deleteSignalEvent_elem_1;deleteState_elem_1;deleteNonNull_action_1;deleteSimpleState_elem_1;deleteStateMachine_elem_1;deleteStateVertex_elem_1;deleteStubState_elem_1;deleteSubmachineState_elem_1;deleteSynchState_elem_1;deleteTimeEvent_elem_1;deleteTransition_elem_1
Original,__Df7MeLaEeCVSp8F0qHMxQ,ModelElementNameNotationJava,n_modelElementNameNotationJava_1;parse_modelElement_text_1;parseModelElement_modelElement_text_1;isValidJavaClassName_name_return_1;getParsingHelp_return_1;toString_modelElement_args_return_1
Original,__ZjqxOLaEeCVSp8F0qHMxQ,ActionGotoDiagram,n_actionGotoDiagram_1;actionPerformed_ae_1;doCommand_argument_return_1
Original,__ciGQOLaEeCVSp8F0qHMxQ,PerspectiveConfigurator,n_perspectiveConfigurator_1;LOG_1;INSET_PX_1;configPanelNorth_1;configPanelSouth_1;splitPane_1;renameTextField_1;newPerspectiveButton_1;removePerspectiveButton_1;duplicatePerspectiveButton_1;moveUpButton_1;moveDownButton_1;addRuleButton_1;removeRuleButton_1;resetToDefaultButton_1;perspectiveList_1;perspectiveRulesList_1;ruleLibraryList_1;perspectiveListModel_1;perspectiveRulesListModel_1;ruleLibraryListModel_1;persLabel_1;ruleLibLabel_1;rulesLabel_1;makeLists__1;makeButtons__1;makeLayout__1;makeListeners__1;loadLibrary__1;loadPerspectives__1;updatePersLabel__1;updateLibLabel__1;updateRuleLabel__1;sortJListModel_list_1;doAddRule__1;doRemoveRule__1
Original,__eBUAeLaEeCVSp8F0qHMxQ,LibraryListSelectionListener,n_libraryListSelectionListener_1;valueChanged_lse_1
Original,__hvWYuLaEeCVSp8F0qHMxQ,GoCollaborationToDiagram,n_goCollaborationToDiagram_1;getRuleName_return_1;getChildren_parent_return_1;getDependencies_parent_return_1
Original,__iVMQuLaEeCVSp8F0qHMxQ,GoModelToCollaboration,n_goModelToCollaboration_1;getRuleName_return_1;getChildren_parent_return_1;getDependencies_parent_return_1
Original,__ydS8uLaEeCVSp8F0qHMxQ,CrMissingClassName,n_crMissingClassName_1;getClarifier_return_1;getCriticizedDesignMaterials_return_1
Original,__-gx9OLaEeCVSp8F0qHMxQ,ClassdiagramInheritanceEdge,n_classdiagramInheritanceEdge_1;LOG_1;EPSILON_1;high_1;low_1;offset_1;getVerticalOffset_return_1;getCenterHigh_return_1;getCenterLow_return_1;getDownGap_return_1;layout__1;setOffset_anOffset_1;getOffset_return_1
Original,_AIB6UuLbEeCVSp8F0qHMxQ,ActionNavigability,n_actionNavigability_1;BIDIRECTIONAL_1;STARTTOEND_1;ENDTOSTART_1;nav_1;assocStart_1;assocEnd_1;newActionNavigability_assocStart_assocEnd_nav_return_1;getDescription_assocStart_assocEnd_nav_return_1;actionPerformed_ae_1;isEnabled_return_1
Original,_ATEFouLbEeCVSp8F0qHMxQ,UMLList2,n_uMLList2_1;LOG_1;getTarget_return_1;showPopup_event_1;hasPopup_return_1
Original,_AXrf4OLbEeCVSp8F0qHMxQ,UMLEditableComboBox,n_uMLEditableComboBox_1;doOnEdit_item_1;focusGained_arg0_1;focusLost_arg0_1
Original,_AXrf4uLbEeCVSp8F0qHMxQ,UMLComboBoxEditor,n_uMLComboBoxEditor_1;theShowIcon_1;setItem_anObject_1;isShowIcon_return_1;setShowIcon_showIcon_1;getEditorComponent_return_1;selectAll__1;getItem_return_1
Original,_Ah8PIuLbEeCVSp8F0qHMxQ,PropPanelChangeEvent,n_propPanelChangeEvent_1;initialize__1
Original,_AiGAIOLbEeCVSp8F0qHMxQ,PropPanelStubState,n_propPanelStubState_1;serialVersionUID_1
SequenceDisabled,__PP4MOLaEeCVSp8F0qHMxQ,CollectionsModelInterpreter,n_collectionsModelInterpreter_1;invokeFeature_vt_subject_feature_type_parameters_return_1;cloneCollection_col_return_1;getBuiltInSymbol_sym_return_1
SequenceDisabled,__R7YwOLaEeCVSp8F0qHMxQ,JLinkButton,n_jLinkButton_1;ALWAYS_UNDERLINE_1;HOVER_UNDERLINE_1;NEVER_UNDERLINE_1;SYSTEM_DEFAULT_1;linkBehavior_1;linkColor_1;colorPressed_1;visitedLinkColor_1;disabledLinkColor_1;buttonURL_1;defaultAction_1;isLinkVisited_1;updateUI__1;getUIClassID_return_1;setupToolTipText__1;getLinkBehavior_return_1;getLinkColor_return_1;getActiveLinkColor_return_1;getDisabledLinkColor_return_1;getVisitedLinkColor_return_1;getLinkURL_return_1;setLinkURL_url_1;isLinkVisited_return_1;paramString_return_1
SequenceDisabled,__T2EUOLaEeCVSp8F0qHMxQ,GotoDialog,n_gotoDialog_1;nameButtons__1
SequenceDisabled,__V1oYuLaEeCVSp8F0qHMxQ,ArgoToolbarManager,n_argoToolbarManager_1;KEY_NAME_1;popup_1;menu_1;allMenuItems_1;registerNew_key_newToolbar_prefferedMenuPosition_1;registerContainer_container_toolbars_1;registerToolbar_key_newToolbar_prefferedMenuPosition_1;getPopupMenu_return_1;getMenu_return_1;getConfiguredToolbarAppearance_toolbarName_return_1
SequenceDisabled,__V1oZOLaEeCVSp8F0qHMxQ,ToolbarManagerMenuItemAction,n_toolbarManagerMenuItemAction_1;key_1;toolbars_1;getKey_return_1;getToolbars_return_1
SequenceDisabled,__ZG-1OLaEeCVSp8F0qHMxQ,ActionSelectAll,n_actionSelectAll_1
SequenceDisabled,__ciGQOLaEeCVSp8F0qHMxQ,PerspectiveConfigurator,n_perspectiveConfigurator_1;LOG_1;INSET_PX_1;configPanelNorth_1;configPanelSouth_1;splitPane_1;renameTextField_1;newPerspectiveButton_1;removePerspectiveButton_1;duplicatePerspectiveButton_1;moveUpButton_1;moveDownButton_1;addRuleButton_1;removeRuleButton_1;resetToDefaultButton_1;perspectiveList_1;perspectiveRulesList_1;ruleLibraryList_1;perspectiveListModel_1;perspectiveRulesListModel_1;ruleLibraryListModel_1;persLabel_1;ruleLibLabel_1;rulesLabel_1;makeLists__1;makeButtons__1;makeLayout__1;makeListeners__1;loadLibrary__1;loadPerspectives__1;updatePersLabel__1;updateLibLabel__1;updateRuleLabel__1;sortJListModel_list_1;doAddRule__1;doRemoveRule__1
SequenceDisabled,__crQMeLaEeCVSp8F0qHMxQ,ResetListener,n_resetListener_1
SequenceDisabled,__ldYxOLaEeCVSp8F0qHMxQ,GoStateMachineToTop,n_goStateMachineToTop_1;getRuleName_return_1;getChildren_parent_return_1;getDependencies_parent_return_1
SequenceDisabled,__3N3IOLaEeCVSp8F0qHMxQ,PropPanelUMLDeploymentDiagram,n_propPanelUMLDeploymentDiagram_1
SequenceDisabled,_ABfNdOLbEeCVSp8F0qHMxQ,FigFeature,n_figFeature_1;EVENT_NAME_1;setOwner_owner_1;removeFromDiagram__1;propertyChange_pce_1;makeSelection_return_1;setTextFilled_filled_1;setFilled_filled_1;updateOwnerScope_isClassifier_1
SequenceDisabled,_ABfNduLbEeCVSp8F0qHMxQ,SelectionFeature,n_selectionFeature_1;serialVersionUID_1
SequenceDisabled,_AFWZwuLbEeCVSp8F0qHMxQ,ModeCreateGraphEdge,n_modeCreateGraphEdge_1;LOG_1;sourceFig_1;mousePressed_me_1;mouseReleased_me_1;getMetaType_return_1;isConnectionValid_source_dest_return_1;buildConnection_graphModel_edgeType_fromElement_destFigNode_return_1
SequenceDisabled,_AN-xUOLbEeCVSp8F0qHMxQ,Setting,n_setting_1;label_1;description_1;getLabel_return_1;getDescription_return_1;getLabel_return_2
SequenceDisabled,_AN-xVOLbEeCVSp8F0qHMxQ,UniqueSelection,n_uniqueSelection_1;options_1;defaultSelection_1;selection_1;isOption_opt_return_1;getDefaultSelection_return_1;getOptions_return_1;setSelection_sel_return_1;getSelection_return_1
SequenceDisabled,_AR3y0uLbEeCVSp8F0qHMxQ,TabProps,n_tabProps_1;LOG_1;blankPanel_1;panels_1;lastPanel_1;panelClassBaseName_1;target_1;listenerList_1;setOrientation_orientation_1;setTarget_target_1;refresh__1;getClassBaseName_return_1;getTarget_return_1;shouldBeEnabled_target_return_1
SequenceDisabled,_AXYk8uLbEeCVSp8F0qHMxQ,UMLAddDialog,n_uMLAddDialog_1;choicesList_1;selectedList_1;addButton_1;removeButton_1;okButton_1;cancelButton_1;dialog_1;title_1;multiSelectAllowed_1;returnValue_1;exclusive_1;update__1;constructListModel_list_return_1;showDialog_parent_return_1;getChoices_return_1;getSelectedChoices_return_1;getSelected_return_1;addSelection__1;removeSelection__1;ok__1;cancel__1
SequenceDisabled,_Ab2OM-LbEeCVSp8F0qHMxQ,UMLMessageActionListModel,n_uMLMessageActionListModel_1;buildModelList__1;isValidElement_elem_return_1
SequenceDisabled,_AhpUMOLbEeCVSp8F0qHMxQ,ActionNewDestroyAction,n_actionNewDestroyAction_1;SINGLETON_1;createAction_return_1;getInstance_return_1
SequenceDisabled,_AteJsOLbEeCVSp8F0qHMxQ,UMLBehavioralFeatureQueryCheckBox,n_uMLBehavioralFeatureQueryCheckBox_1;buildModel__1
StateDisabled,_-7nKgeLaEeCVSp8F0qHMxQ,UndoCollaborationsHelperDecorator,n_undoCollaborationsHelperDecorator_1
StateDisabled,__AN9sOLaEeCVSp8F0qHMxQ,ExtensionMechanismsFactoryMDRImpl,n_extensionMechanismsFactoryMDRImpl_1;createTaggedValue_return_1;getTagDefinition_tagName_return_1;buildStereotype_theModelElementObject_theName_theNamespaceObject_return_1;buildStereotype_theModelElementObject_theName_model_models_return_1;buildStereotype_text_return_1;buildStereotype_text_namespace_return_1;buildTaggedValue_tag_value_return_1;buildTaggedValue_type_return_1;buildTaggedValue_type_values_return_1;copyTaggedValues_source_target_1;copyTaggedValue_source_return_1;deleteStereotype_elem_1;deleteTaggedValue_elem_1;deleteTagDefinition_elem_1;copyStereotype_source_ns_return_1;doCopyStereotype_source_target_1;buildTagDefinition_name_owner_namespace_return_1;buildTagDefinition_name_owner_ns_tagType_return_1;createTagDefinition_return_1;createStereotype_return_1;copyTagDefinition_anElement_aNs_return_1;doCopyTagDefinition_source_target_1
StateDisabled,_-8psUeLaEeCVSp8F0qHMxQ,UseCasesHelperMDRImpl,n_useCasesHelperMDRImpl_1;getAllUseCases_ns_return_1;getAllActors_ns_return_1;getExtendedUseCases_ausecase_return_1;getExtends_abase_anextension_return_1;getIncludedUseCases_ausecase_return_1;getIncludes_abase_aninclusion_return_1;getSpecificationPath_ausecase_return_1;setBase_extend_base_1;removeExtend_elem_extend_1;removeExtensionPoint_elem_ep_1;removeInclude_usecase_include_1;addExtend_elem_extend_1;addExtensionPoint_handle_extensionPoint_1;addExtensionPoint_handle_position_extensionPoint_1;addInclude_usecase_include_1;setAddition_handle_useCase_1;setCondition_handle_booleanExpression_1;setExtension_handle_useCase_1;setExtensionPoints_handle_extensionPoints_1;setIncludes_handle_includes_1;setLocation_handle_loc_1;setUseCase_elem_usecase_1
StateDisabled,__JcyMOLaEeCVSp8F0qHMxQ,AbstractFilePersister,n_abstractFilePersister_1;LOG_1;persistersByClass_1;persistersByTag_1;listenerList_1;registerPersister_target_tag_persister_return_1;createTempFile_file_return_1;copyFile_src_dest_return_1;accept_f_return_1;getExtension_return_1;getDesc_return_1;getExtension_f_return_1;getExtension_filename_return_1;isFileExtensionApplicable_filename_return_1;getDescription_return_1;isSaveEnabled_return_1;isLoadEnabled_return_1;hasAnIcon_return_1
StateDisabled,__XnxEuLaEeCVSp8F0qHMxQ,ActionProjectSettings,n_actionProjectSettings_1
StateDisabled,__n1XUeLaEeCVSp8F0qHMxQ,DocumentationManager,n_documentationManager_1;LINE_SEPARATOR_1;getDocs_o_indent_return_1;getDocs_o_indent_header_prefix_footer_return_1;hasDocs_o_return_1;defaultFor_o_indent_return_1;getComments_o_return_1;getComments_o_header_prefix_footer_return_1;appendComment_sb_prefix_comment_nlprefix_return_1
StateDisabled,__w6a0OLaEeCVSp8F0qHMxQ,CrNameConfusion,n_crNameConfusion_1;serialVersionUID_1;confusable_stripped1_stripped2_return_1;countDiffs_s1_s2_return_1;strip_s_return_1;getClarifier_return_1;getCriticizedDesignMaterials_return_1
StateDisabled,__t7_UuLaEeCVSp8F0qHMxQ,CrNameConflictAC,n_crNameConflictAC_1;getCriticizedDesignMaterials_return_1
StateDisabled,__4aJ8uLaEeCVSp8F0qHMxQ,LayoutHelper,n_layoutHelper_1;NORTH_1;NORTHEAST_1;EAST_1;SOUTHEAST_1;SOUTH_1;SOUTHWEST_1;WEST_1;NORTHWEST_1;getPointOnPerimeter_rect_direction_return_1;getPointOnPerimeter_rect_direction_xOff_yOff_return_1;getRoutingPolygonStraightLine_start_end_return_1;getRoutingPolygonStraightLineWithOffset_start_end_offset_return_1
StateDisabled,__6MSo-LaEeCVSp8F0qHMxQ,SelectionClassifierRole,n_selectionClassifierRole_1;dragHandle_mX_mY_anX_anY_hand_1;getNewNode_index_return_1;getIcons_return_1;getInstructions_index_return_1;getNewEdgeType_index_return_1;getNewNodeType_index_return_1
StateDisabled,__7rgYeLaEeCVSp8F0qHMxQ,ButtonActionNewCallEvent,n_buttonActionNewCallEvent_1;createEvent_ns_return_1;getKeyName_return_1;getIconName_return_1
StateDisabled,_AChvQuLbEeCVSp8F0qHMxQ,FigMultiLineTextWithBold,n_figMultiLineTextWithBold_1;getFigFontStyle_return_1
StateDisabled,_AC-bMOLbEeCVSp8F0qHMxQ,SelectionNodeClarifiers2,n_selectionNodeClarifiers2_1;LOG_1;BASE_1;TOP_1;BOTTOM_1;LEFT_1;RIGHT_1;LOWER_LEFT_1;OFFSET_1;button_1;getNewNode_arg0_return_1;dragHandle_mX_mY_anX_anY_hand_1;buttonClicked_buttonCode_1;createEdgeAbove_gm_newNode_return_1;createEdgeUnder_gm_newNode_return_1;createEdgeLeft_gm_newNode_return_1;createEdgeRight_gm_newNode_return_1;createEdge_gm_newNode_index_return_1;createEdgeToSelf_gm_return_1;getIcons_return_1;getInstructions_index_return_1;getNewNodeType_index_return_1;getNewEdgeType_index_return_1;isReverseEdge_index_return_1;isDraggableHandle_index_return_1;isEdgePostProcessRequested_return_1;getButton_return_1
StateDisabled,_AET38-LbEeCVSp8F0qHMxQ,StatusBarAdapter,n_statusBarAdapter_1;showStatus_statusText_1
StateDisabled,_AOIiVOLbEeCVSp8F0qHMxQ,Import,n_import_1;configPanel_1;descend_1;changedOnly_1;createDiagrams_1;minimiseFigs_1;layoutDiagrams_1;classOnly_1;classAndFeatures_1;fullImport_1;sourceEncoding_1;dialog_1;myFrame_1;getInputSourceEncoding_return_1;isAttributeSelected_return_1;isDatatypeSelected_return_1;disposeDialog__1;getConfigPanel_return_1;addConfigCheckboxes_panel_1;addDetailLevelButtons_panel_1;addSourceEncoding_panel_1;getConfigPanelExtension_return_1;doFile__1;getImportLevel_return_1;isCreateDiagramsSelected_return_1;isMinimizeFigsSelected_return_1;isDiagramLayoutSelected_return_1;isDescendSelected_return_1;isChangedOnlySelected_return_1;getChooser_return_1
StateDisabled,_AObdQOLbEeCVSp8F0qHMxQ,ConfigPanelExtension,n_configPanelExtension_1
StateDisabled,_AfQukeLbEeCVSp8F0qHMxQ,PropPanelCallAction,n_propPanelCallAction_1;serialVersionUID_1;initialize__1
StateDisabled,_AfQuleLbEeCVSp8F0qHMxQ,UMLCallActionOperationComboBoxModel,n_uMLCallActionOperationComboBoxModel_1;serialVersionUID_1;buildModelList__1;getSelectedModelElement_return_1;isValidElement_element_return_1
StateDisabled,_A0Knk-LbEeCVSp8F0qHMxQ,ExprSeparatorWithStrings,n_exprSeparatorWithStrings_1;isSQuot_1;isDQuot_1;isEsc_1;tokLevel_1;tokLen_1;reset__1;tokenLength_return_1;hasFreePart_return_1;endChar_c_return_1
UsecaseDisabled,_-n0r0OLaEeCVSp8F0qHMxQ,InitCheckListUI,n_initCheckListUI_1;getDetailsTabs_return_1;getProjectSettingsTabs_return_1;getSettingsTabs_return_1;init__1
UsecaseDisabled,_-u0EpOLaEeCVSp8F0qHMxQ,DefaultUndoManager,n_defaultUndoManager_1;LOG_1;undoMax_1;listeners_1;newInteraction_1;newInteractionLabel_1;setUndoMax_max_1;undo__1;redo__1;startInteraction_label_1;addPropertyChangeListener_listener_1;removePropertyChangeListener_listener_1;fire_property_value_1
UsecaseDisabled,_-vG_kOLaEeCVSp8F0qHMxQ,RedoStack,n_redoStack_1;push_item_return_1;pop_return_1;clear__1;getLabel_return_1
UsecaseDisabled,__XeAEOLaEeCVSp8F0qHMxQ,StylePanelFig,n_stylePanelFig_1;LOG_1;CUSTOM_ITEM_1;bboxLabel_1;bboxField_1;fillLabel_1;fillField_1;lineLabel_1;lineField_1;stereoLabel_1;stereoField_1;serialVersionUID_1;initChoices__1;hasEditableBoundingBox_value_1;refresh__1;setTargetBBox__1;parseBBox_return_1;handleCustomColor_field_title_targetColor_1;setTargetFill__1;setTargetLine__1;getBBoxLabel_return_1;getBBoxField_return_1;getFillLabel_return_1;getFillField_return_1;getLineLabel_return_1;getLineField_return_1;getCustomItemName_return_1
UsecaseDisabled,__lAs0uLaEeCVSp8F0qHMxQ,GoClassifierToCollaboration,n_goClassifierToCollaboration_1;getRuleName_return_1;getChildren_parent_return_1;getDependencies_parent_return_1
UsecaseDisabled,__kRF8uLaEeCVSp8F0qHMxQ,GoClassifierToSequenceDiagram,n_goClassifierToSequenceDiagram_1;getRuleName_return_1;getChildren_parent_return_1;getDependencies_parent_return_1
UsecaseDisabled,__xaxJOLaEeCVSp8F0qHMxQ,CrAlreadyRealizes,n_crAlreadyRealizes_1;serialVersionUID_1;getCriticizedDesignMaterials_return_1
UsecaseDisabled,_AET38eLbEeCVSp8F0qHMxQ,SelectionMoveClarifiers,n_selectionMoveClarifiers_1
UsecaseDisabled,_ANFZcuLbEeCVSp8F0qHMxQ,GeneratorHelper,n_generatorHelper_1
UsecaseDisabled,_AN-xUOLbEeCVSp8F0qHMxQ,Setting,n_setting_1;label_1;description_1;getLabel_return_1;getDescription_return_1;getLabel_return_2
UsecaseDisabled,_AN-xVOLbEeCVSp8F0qHMxQ,UniqueSelection,n_uniqueSelection_1;options_1;defaultSelection_1;selection_1;isOption_opt_return_1;getDefaultSelection_return_1;getOptions_return_1;setSelection_sel_return_1;getSelection_return_1
UsecaseDisabled,_AWo-EOLbEeCVSp8F0qHMxQ,ActionReopenProject,n_actionReopenProject_1;filename_1;getFilename_return_1
UsecaseDisabled,_ASePwOLbEeCVSp8F0qHMxQ,UMLPlainTextDocument,n_uMLPlainTextDocument_1;LOG_1;firing_1;editing_1;panelTarget_1;eventName_1;propertyChange_evt_1;getTarget_return_1;setTarget_target_1;remove_offs_len_1;setPropertyInternal_newValue_1;setProperty_text_1;getProperty_return_1;isFiring_return_1;updateText_textValue_1;getEventName_return_1;setEventName_en_1
UsecaseDisabled,_AYuBseLbEeCVSp8F0qHMxQ,TabTaggedValuesModel,n_tabTaggedValuesModel_1;LOG_1;target_1;serialVersionUID_1;getColumnCount_return_1;getColumnName_c_return_1;getColumnClass_c_return_1;isCellEditable_row_col_return_1;getRowCount_return_1;getValueAt_row_col_return_1;setValueAt_aValue_rowIndex_columnIndex_1;addRow_values_1;removeRow_row_1;getFromCollection_collection_index_return_1;propertyChange_evt_1;vetoableChange_pce_1;delayedVetoableChange_pce_1
UsecaseDisabled,_AfQukeLbEeCVSp8F0qHMxQ,PropPanelCallAction,n_propPanelCallAction_1;serialVersionUID_1;initialize__1
UsecaseDisabled,_AfQuleLbEeCVSp8F0qHMxQ,UMLCallActionOperationComboBoxModel,n_uMLCallActionOperationComboBoxModel_1;serialVersionUID_1;buildModelList__1;getSelectedModelElement_return_1;isValidElement_element_return_1
UsecaseDisabled,_AiwuhOLbEeCVSp8F0qHMxQ,ActionNewCompositeState,n_actionNewCompositeState_1;singleton_1;getSingleton_return_1
UsecaseDisabled,_AvHIdOLbEeCVSp8F0qHMxQ,UMLDefaultValueExpressionModel,n_uMLDefaultValueExpressionModel_1;getExpression_return_1;setExpression_expression_1;newExpression_return_1
UsecaseDisabled,_AqWkQuLbEeCVSp8F0qHMxQ,ActionSetFlowSource,n_actionSetFlowSource_1;SINGLETON_1;getInstance_return_1
UsecaseDisabled,_Ax7y8OLbEeCVSp8F0qHMxQ,UMLTagDefinitionComboBoxModel,n_uMLTagDefinitionComboBoxModel_1;LOG_1;serialVersionUID_1;addOtherModelEventListeners_target_1;removeOtherModelEventListeners_target_1;isLazy_return_1;isValidElement_element_return_1;buildModelList__1;getSelectedModelElement_return_1;getApplicableTagDefinitions_element_return_1;addAllUniqueModelElementsFrom_elements_paths_sources_1
