ActivityDisabled,_-yPMEeLaEeCVSp8F0qHMxQ,DeleteInstanceEvent,n_deleteInstanceEvent_1;serialVersionUID_1
ActivityDisabled,__AXus-LaEeCVSp8F0qHMxQ,CollaborationsHelperMDRImpl,n_collaborationsHelperMDRImpl_1;LOG_1;getAllClassifierRoles_ns_return_1;getAllPossibleAssociationRoles_roleArg_return_1;getClassifierRoles_role_return_1;getAssociationRole_afrom_ato_return_1;getAllPossibleActivators_ames_return_1;hasAsActivator_message_activator_return_1;setActivator_ames_anactivator_1;getAllPossiblePredecessors_amessage_return_1;addBase_arole_abase_1;isNamedOrUnique_role_base_return_1;isNamedOrUnique_role_base_return_2;setBases_role_bases_1;allAvailableFeatures_arole_return_1;allAvailableContents_arole_return_1;getAllPossibleBases_role_return_1;getAllPossibleBases_aRole_return_1;getAllPossibleBases_role_return_2;getAllImportedClassifiers_obj_return_1;filterClassifiers_in_return_1;setBase_arole_abase_1;isAddingCollaborationAllowed_context_return_1;removeConstrainingElement_handle_constraint_1;removeMessage_handle_message_1;removeSuccessor_handle_mess_1;removePredecessor_handle_message_1;addConstrainingElement_handle_constraint_1;addInstance_classifierRole_instance_1;addMessage_handle_elem_1;addSuccessor_handle_mess_1;addPredecessor_handle_predecessor_1;setAction_handle_action_1;setContext_handle_col_1;setSuccessors_handle_messages_1;setPredecessors_handle_predecessors_1;setRepresentedClassifier_handle_classifier_1;setRepresentedOperation_handle_operation_1;setSender_handle_sender_1;removeInteraction_collab_interaction_1
ActivityDisabled,__YNm8uLaEeCVSp8F0qHMxQ,StylePanelFigNodeModelElement,n_stylePanelFigNodeModelElement_1;refreshTransaction_1;displayLabel_1;pathCheckBox_1;displayPane_1;addToDisplayPane_cb_1;refresh__1;propertyChange_evt_1
ActivityDisabled,__Sq_oOLaEeCVSp8F0qHMxQ,StatusBar,n_statusBar_1;msg_1;progress_1;statusText_1;showProgress_percent_1;incProgress_delataPercent_1;doFakeProgress_s_work_1;run__1
ActivityDisabled,__THrkOLaEeCVSp8F0qHMxQ,ActionUndo,n_actionUndo_1;serialVersionUID_1
ActivityDisabled,__cFaUOLaEeCVSp8F0qHMxQ,ExplorerTree,n_explorerTree_1;updatingSelection_1;updatingSelectionViaTreeSelection_1;serialVersionUID_1;refreshSelection__1;setSelection_targets_1;addTargetsInternal_addedTargets_1;selectVisible_target_1;selectAll_targets_1
ActivityDisabled,__cYVQeLaEeCVSp8F0qHMxQ,ExplorerTargetListener,n_explorerTargetListener_1;setTargets_targets_1
ActivityDisabled,__f9NsuLaEeCVSp8F0qHMxQ,InheritanceNode,n_inheritanceNode_1;parent_1;getParent_return_1;toString_return_1;subsumes_obj_return_1
ActivityDisabled,__pLbIeLaEeCVSp8F0qHMxQ,CrInvalidHistory,n_crInvalidHistory_1;getCriticizedDesignMaterials_return_1
ActivityDisabled,__2eQQ-LaEeCVSp8F0qHMxQ,FigMessageGroup,n_figMessageGroup_1;updateFigPositions__1;calcBounds__1;updateArrows__1
ActivityDisabled,_AByIYuLbEeCVSp8F0qHMxQ,FigEdgeNote,n_figEdgeNote_1;LOG_1;comment_1;annotatedElement_1;toString_return_1;getTipString_me_return_1;propertyChange_pve_1;removeFromDiagram__1;getSource_return_1;getDestination_return_1;setDestFigNode_fn_1;setSourceFigNode_fn_1;addElementListener_element_1;removeElementListener_element_1;renderingChanged__1
ActivityDisabled,_ABVccOLbEeCVSp8F0qHMxQ,PackagePortFigRect,n_packagePortFigRect_1;indentX_1;tabHeight_1;serialVersionUID_1;getClosestPoint_anotherPt_return_1
ActivityDisabled,_AEA9AOLbEeCVSp8F0qHMxQ,FigCompartment,n_figCompartment_1;bigPort_1;getBigPort_return_1;getMinimumSize_return_1;createModelElement__1
ActivityDisabled,_AXOz8eLbEeCVSp8F0qHMxQ,ActionDeleteModelElements,n_actionDeleteModelElements_1;serialVersionUID_1;targetFollower_1;LOG_1;getTargetFollower_return_1;actionPerformed_ae_1;sureRemove_target_return_1;sureRemoveModelElement_me_return_1;shouldBeEnabled_return_1
ActivityDisabled,_Adel4uLbEeCVSp8F0qHMxQ,ActionRemoveClassifierRoleBase,n_actionRemoveClassifierRoleBase_1;SINGLETON_1;getInstance_return_1
ActivityDisabled,_Av_5QOLbEeCVSp8F0qHMxQ,PropPanelDataType,n_propPanelDataType_1;operationScroll_1;serialVersionUID_1;addEnumerationButtons__1;getOperationScroll_return_1
ActivityDisabled,_AuEmouLbEeCVSp8F0qHMxQ,UMLOperationConcurrencyRadioButtonPanel,n_uMLOperationConcurrencyRadioButtonPanel_1;labelTextsAndActionCommands_1;getCommands_return_1;buildModel__1
ActivityDisabled,_Ay-UxOLbEeCVSp8F0qHMxQ,StringNamespace,n_stringNamespace_1;LOG_1;ns_1;token_1;pushNamespaceElement_element_1;iterator_return_1;isEmpty_return_1;setDefaultScopeToken_theToken_1;hashCode_return_1;equals_namespace_return_1;toString_theToken_return_1;toString_return_1
CollabDisabled,_-pm0gOLaEeCVSp8F0qHMxQ,TabToDo,n_tabToDo_1;numHushes_1;actionNewToDoItem_1;lastPanel_1;splitPane_1;target_1;serialVersionUID_1;incrementNumHushes__1;showDescription__1;showStep_ws_1;setTarget_item_1;setTargetInternal_item_1;getTarget_return_1;refresh__1;updateActionsEnabled_item_1
CollabDisabled,_-tU24uLaEeCVSp8F0qHMxQ,ArgoModeCreateFigRRect,n_argoModeCreateFigRRect_1;createNewItem_me_snapX_snapY_return_1;instructions_return_1
CollabDisabled,__G6bkOLaEeCVSp8F0qHMxQ,MultiplicityNotationUml,n_multiplicityNotationUml_1;getParsingHelp_return_1;parse_multiplicityOwner_text_1;parseMultiplicity_multiplicityOwner_s1_return_1;toString_multiplicityOwner_args_return_1
CollabDisabled,__THrkOLaEeCVSp8F0qHMxQ,ActionUndo,n_actionUndo_1;serialVersionUID_1
CollabDisabled,__hI5cOLaEeCVSp8F0qHMxQ,GoSummaryToOutgoingDependency,n_goSummaryToOutgoingDependency_1;getRuleName_return_1;getChildren_parent_return_1;getDependencies_parent_return_1
CollabDisabled,__5Th0OLaEeCVSp8F0qHMxQ,ModeContract,n_modeContract_1;startX_1;startY_1;currentY_1;editor_1;rubberbandColor_1;mousePressed_me_1;mouseDragged_me_1;mouseReleased_me_1;instructions_return_1
CollabDisabled,___sdsOLaEeCVSp8F0qHMxQ,UMLClassDiagram,n_uMLClassDiagram_1;serialVersionUID_1;LOG_1;actionAssociationClass_1;actionClass_1;actionInterface_1;actionDependency_1;actionPermission_1;actionUsage_1;actionLink_1;actionGeneralization_1;actionRealization_1;actionPackage_1;actionModel_1;actionSubsystem_1;actionAssociation_1;actionAssociationEnd_1;actionAggregation_1;actionComposition_1;actionUniAssociation_1;actionUniAggregation_1;actionUniComposition_1;actionDataType_1;actionEnumeration_1;actionStereotype_1;actionSignal_1;actionException_1;setNamespace_ns_1;getUmlActions_return_1;getDataTypeActions_return_1;getPackageActions_return_1;getDependencyActions_return_1;getAssociationActions_return_1;getAggregationActions_return_1;getCompositionActions_return_1;getLabelName_return_1;getActionAggregation_return_1;getActionAssociation_return_1;getActionAssociationEnd_return_1;getActionClass_return_1;getActionAssociationClass_return_1;getActionComposition_return_1;getActionDependency_return_1;getActionGeneralization_return_1;getActionInterface_return_1;getActionLink_return_1;getActionModel_return_1;getActionPackage_return_1;getActionPermission_return_1;getActionRealization_return_1;getActionSubsystem_return_1;getActionUniAggregation_return_1;getActionUniAssociation_return_1;getActionUniComposition_return_1;getActionUsage_return_1;getActionDataType_return_1;getActionEnumeration_return_1;getActionStereotype_return_1;getActionSignal_return_1;getActionException_return_1;isRelocationAllowed_base_return_1;getRelocationCandidates_root_return_1;relocate_base_return_1;encloserChanged_enclosed_oldEncloser_newEncloser_1;doesAccept_objectToAccept_return_1;drop_droppedObject_location_return_1
CollabDisabled,_AI7SMOLbEeCVSp8F0qHMxQ,ActionSetAddAssociationEndMode,n_actionSetAddAssociationEndMode_1;serialVersionUID_1
CollabDisabled,_AG_YgOLbEeCVSp8F0qHMxQ,FigDependency,n_figDependency_1;serialVersionUID_1;constructFigs__1;createEndArrow_return_1;canEdit_f_return_1;setLineColor_color_1;updateNameText__1;updateStereotypeText__1
CollabDisabled,_ANr2YOLbEeCVSp8F0qHMxQ,DiagramInterface,n_diagramInterface_1;DIAGRAM_NAME_SEPARATOR_1;DIAGRAM_NAME_SUFFIX_1;LOG_1;currentEditor_1;modifiedDiagrams_1;currentLayer_1;getEditor_return_1;getModifiedDiagramList_return_1;resetModifiedDiagrams__1;addPackage_newPackage_1;isInDiagram_p_return_1;isDiagramInProject_name_return_1;getDiagramName_packageName_return_1;selectClassDiagram_p_name_1;addClassDiagram_ns_name_1;addClass_newClass_minimise_1;addClassifier_classifier_minimise_1;addInterface_newInterface_minimise_1;createRootClassDiagram__1
CollabDisabled,_ARbt8uLbEeCVSp8F0qHMxQ,TabConstraints,n_tabConstraints_1;LOG_1;mOcleEditor_1;mMmeiTarget_1;setToolbarRollover_enable_1;setToolbarFloatable_enable_1;getOclToolbar_return_1;shouldBeEnabled_target_return_1;getTarget_return_1;refresh__1;setTarget_oTarget_1;setTargetInternal_oTarget_1
CollabDisabled,_ARk34eLbEeCVSp8F0qHMxQ,ConstraintModel,n_constraintModel_1;theMMmeiTarget_1;theMAlConstraints_1;theMEllListeners_1;getConstraintCount_return_1;getConstraintAt_nIdx_return_1;removeConstraintAt_nIdx_1;addConstraint__1;representationFor_nIdx_return_1;addConstraintChangeListener_ccl_1;removeConstraintChangeListener_ccl_1;fireConstraintRemoved_mc_nIdx_1;fireConstraintAdded__1;fireConstraintDataChanged_nIdx_mcOld_mcNew_1;fireConstraintNameChanged_nIdx_mcOld_mcNew_1
CollabDisabled,_ARk34-LbEeCVSp8F0qHMxQ,CR,n_cR_1
CollabDisabled,_AjzQUuLbEeCVSp8F0qHMxQ,UMLSignalEventSignalListModel,n_uMLSignalEventSignalListModel_1;buildModelList__1;isValidElement_element_return_1
CollabDisabled,_AiwuhOLbEeCVSp8F0qHMxQ,ActionNewCompositeState,n_actionNewCompositeState_1;singleton_1;getSingleton_return_1
CollabDisabled,_ArPVEOLbEeCVSp8F0qHMxQ,UMLEnumerationLiteralsListModel,n_uMLEnumerationLiteralsListModel_1;serialVersionUID_1;buildModelList__1;isValidElement_element_return_1;moveDown_index_1;moveToBottom_index_1;moveToTop_index_1
CollabDisabled,_AxDCJOLbEeCVSp8F0qHMxQ,PropPanelStereotype,n_propPanelStereotype_1;serialVersionUID_1;metaClasses_1;generalizationScroll_1;specializationScroll_1;tagDefinitionScroll_1;extendedElementsScroll_1;getGeneralizationScroll_return_1;getSpecializationScroll_return_1;getTagDefinitionScroll_return_1;getExtendedElementsScroll_return_1;initMetaClasses__1
CollabDisabled,_AxMMEeLbEeCVSp8F0qHMxQ,UMLStereotypeBaseClassListModel,n_uMLStereotypeBaseClassListModel_1;buildModelList__1;isValidElement_element_return_1
CollabDisabled,_AyYe5OLbEeCVSp8F0qHMxQ,PropPanelModel,n_propPanelModel_1;placeElements__1
CollabDisabled,_Ay-UxOLbEeCVSp8F0qHMxQ,StringNamespace,n_stringNamespace_1;LOG_1;ns_1;token_1;pushNamespaceElement_element_1;iterator_return_1;isEmpty_return_1;setDefaultScopeToken_theToken_1;hashCode_return_1;equals_namespace_return_1;toString_theToken_return_1;toString_return_1
DeployDisabled,_-iBl0uLaEeCVSp8F0qHMxQ,ArgoVersion,n_argoVersion_1;VERSION_1;STABLE_VERSION_1;init__1
DeployDisabled,_-ten4-LaEeCVSp8F0qHMxQ,ArgoFigSpline,n_argoFigSpline_1;notifier_1;deleteFromModel__1;removeNotificationListener_listener_filter_handback_1;addNotificationListener_listener_filter_handback_1;getNotificationInfo_return_1;removeNotificationListener_listener_1
DeployDisabled,_-7wUcOLaEeCVSp8F0qHMxQ,CommonBehaviorFactoryMDRImpl,n_commonBehaviorFactoryMDRImpl_1;createActionSequence_return_1;createArgument_return_1;createAttributeLink_return_1;getCbPackage_return_1;createCallAction_return_1;createComponentInstance_return_1;createCreateAction_return_1;createDataValue_return_1;createDestroyAction_return_1;createLink_return_1;createLinkEnd_return_1;createLinkObject_return_1;createNodeInstance_return_1;createObject_return_1;createReception_return_1;createReturnAction_return_1;createSendAction_return_1;createSignal_return_1;createStimulus_return_1;createSubsystemInstance_return_1;createTerminateAction_return_1;createUninterpretedAction_return_1;buildCallAction_oper_name_return_1;buildUninterpretedAction_actionState_return_1;buildLink_fromInstance_toInstance_return_1;buildAction_message_return_1;buildSignal_element_return_1;buildSignalInt_element_return_1;buildStimulus_link_return_1;buildReception_aClassifier_return_1;deleteAction_elem_1;deleteActionSequence_elem_1;deleteArgument_elem_1;deleteAttributeLink_elem_1;deleteCallAction_elem_1;deleteComponentInstance_elem_1;deleteCreateAction_elem_1;deleteDataValue_elem_1;deleteDestroyAction_elem_1;deleteException_elem_1;deleteInstance_elem_1;deleteLink_elem_1;deleteLinkEnd_elem_1;deleteLinkObject_elem_1;deleteNodeInstance_elem_1;deleteObject_elem_1;deleteReception_elem_1;deleteReturnAction_elem_1;deleteSendAction_elem_1;deleteSignal_elem_1;deleteStimulus_elem_1;deleteSubsystemInstance_elem_1;deleteTerminateAction_elem_1;deleteUninterpretedAction_elem_1
DeployDisabled,_-51B1OLaEeCVSp8F0qHMxQ,UndoExtensionMechanismsHelperDecorator,n_undoExtensionMechanismsHelperDecorator_1
DeployDisabled,__CAtceLaEeCVSp8F0qHMxQ,EnumerationLiteralNotation,n_enumerationLiteralNotation_1;initialiseListener_listener_modelElement_1
DeployDisabled,__R7YwuLaEeCVSp8F0qHMxQ,BasicLinkButtonUI,n_basicLinkButtonUI_1;UI_1;createUI_jcomponent_return_1
DeployDisabled,__XnxFOLaEeCVSp8F0qHMxQ,HelpListener,n_helpListener_1
DeployDisabled,__cFaUOLaEeCVSp8F0qHMxQ,ExplorerTree,n_explorerTree_1;updatingSelection_1;updatingSelectionViaTreeSelection_1;serialVersionUID_1;refreshSelection__1;setSelection_targets_1;addTargetsInternal_addedTargets_1;selectVisible_target_1;selectAll_targets_1
DeployDisabled,__cFaUuLaEeCVSp8F0qHMxQ,ExplorerMouseListener,n_explorerMouseListener_1;mLTree_1;mousePressed_me_1;mouseReleased_me_1;mouseClicked_me_1;myDoubleClick__1;showPopupMenu_me_1
DeployDisabled,__5crwOLaEeCVSp8F0qHMxQ,FigMessage,n_figMessage_1;getAction_return_1;getSourcePortFig_return_1;getDestPortFig_return_1;computeRouteImpl__1;isSelfMessage_return_1;getMessage_return_1;layoutEdge__1;getSource_return_1;getDestination_return_1;updateNameText__1;updateStereotypeText__1;determineFigNodes_return_1;makeSelection_return_1
DeployDisabled,_ABoXYuLbEeCVSp8F0qHMxQ,FigAttribute,n_figAttribute_1;getNotationProviderType_return_1
DeployDisabled,_AKaf8eLbEeCVSp8F0qHMxQ,FigRole,n_figRole_1;getNotationProviderType_return_1;propertyChange_pce_1
DeployDisabled,_AG_YguLbEeCVSp8F0qHMxQ,ArgoFigGroup,n_argoFigGroup_1;LOG_1;renderingChanged__1;setOwner_owner_1
DeployDisabled,_ALAV0-LbEeCVSp8F0qHMxQ,ActionAddNote,n_actionAddNote_1;DEFAULT_POS_1;DISTANCE_1;serialVersionUID_1;actionPerformed_ae_1
DeployDisabled,_AMfjkeLbEeCVSp8F0qHMxQ,FigExtend,n_figExtend_1;DEFAULT_WIDTH_1;serialVersionUID_1;endArrow_1;initialize_owner_1;canEdit_f_return_1;updateListeners_oldOwner_newOwner_1;renderingChanged__1;updateConditionText__1;updateLabel__1;getLabel_return_1
DeployDisabled,_ATN2oOLbEeCVSp8F0qHMxQ,UMLExpressionBodyField,n_uMLExpressionBodyField_1;LOG_1;notifyModel_1;targetChanged__1;targetReasserted__1;propertyChange_event_1;update__1;changedUpdate_p1_1;removeUpdate_p1_1;insertUpdate_p1_1
DeployDisabled,_Ae0psuLbEeCVSp8F0qHMxQ,UMLActionSequenceActionListModel,n_uMLActionSequenceActionListModel_1;buildModelList__1;isValidElement_element_return_1;moveDown_index_1;moveToBottom_index_1;moveToTop_index_1
DeployDisabled,_Av_5QOLbEeCVSp8F0qHMxQ,PropPanelDataType,n_propPanelDataType_1;operationScroll_1;serialVersionUID_1;addEnumerationButtons__1;getOperationScroll_return_1
Original,_-zbe4uLaEeCVSp8F0qHMxQ,AbstractCollaborationsHelperDecorator,n_abstractCollaborationsHelperDecorator_1;getAllClassifierRoles_ns_return_1;getAllPossibleAssociationRoles_role_return_1;getClassifierRoles_role_return_1;getAssociationRole_afrom_ato_return_1;getAllPossibleActivators_ames_return_1;hasAsActivator_message_activator_return_1;setActivator_ames_anactivator_1;getAllPossiblePredecessors_amessage_return_1;addBase_arole_abase_1;setBases_role_bases_1;allAvailableFeatures_arole_return_1;allAvailableContents_arole_return_1;getAllPossibleBases_role_return_1;setBase_arole_abase_1;isAddingCollaborationAllowed_context_return_1;removeConstrainingElement_handle_constraint_1;removeMessage_handle_message_1;removeMessage3_handle_mess_1;removeSuccessor_handle_mess_1;removePredecessor_handle_message_1;addConstrainingElement_handle_constraint_1;addInstance_classifierRole_instance_1;addMessage_handle_elem_1;addSuccessor_handle_mess_1;addPredecessor_handle_predecessor_1;setAction_handle_action_1;setContext_handle_col_1;setSuccessors_handle_messages_1;setPredecessors_handle_predecessors_1;setRepresentedClassifier_handle_classifier_1;setRepresentedOperation_handle_operation_1;setSender_handle_sender_1;removeInteraction_collab_interaction_1
Original,_-0LFwOLaEeCVSp8F0qHMxQ,XmiReferenceException,n_xmiReferenceException_1;reference_1;getReference_return_1
Original,__JAGQeLaEeCVSp8F0qHMxQ,MultitypeFileFilter,n_multitypeFileFilter_1;filters_1;extensions_1;desc_1;getAll_return_1;accept_arg0_return_1;getDescription_return_1
Original,__XB7MuLaEeCVSp8F0qHMxQ,ActionSettings,n_actionSettings_1;serialVersionUID_1;actionPerformed_event_1
Original,__ZjqwuLaEeCVSp8F0qHMxQ,ActionFind,n_actionFind_1;name_1;actionPerformed_ae_1
Original,__eKd8-LaEeCVSp8F0qHMxQ,ExplorerPerspective,n_explorerPerspective_1;rules_1;name_1;getRulesArray_return_1;getList_return_1;toString_return_1;makeNamedClone_newName_return_1;setName_theNewName_1
Original,__e6E0OLaEeCVSp8F0qHMxQ,ExplorerPopup,n_explorerPopup_1;createDiagrams_1;LOG_1;MODEL_ELEMENT_MENUITEMS_1;serialVersionUID_1;initMenuCreateDiagrams__1;initMenuCreateModelElements__1;addCreateModelElementAction_menuItems_metaType_relationshipDescr_1;buildDirectionalCreateMenuItem_metaType_source_dest_relationshipDescr_menu_1;menuLocalize_key_return_1;addMenuItemForBothEndsOf_edge_1
Original,__fD10eLaEeCVSp8F0qHMxQ,OrderedMenuItem,n_orderedMenuItem_1;compareTo_o_return_1
Original,__s5dgOLaEeCVSp8F0qHMxQ,ProfileGoodPractices,n_profileGoodPractices_1;critics_1;getDisplayName_return_1;getProfileIdentifier_return_1
Original,__uYrQuLaEeCVSp8F0qHMxQ,CrInvalidJoinTriggerOrGuard,n_crInvalidJoinTriggerOrGuard_1;serialVersionUID_1;getCriticizedDesignMaterials_return_1
Original,_AEKG9OLbEeCVSp8F0qHMxQ,FigCompartmentBox,n_figCompartmentBox_1;DEFAULT_COMPARTMENT_BOUNDS_1;borderFig_1;initialize__1;translate_dx_dy_1;mouseClicked_mouseEvent_1;createContainedModelElement_fg_ie_1;getBorderFig_return_1;addChildDimensions_size_child_return_1
Original,_AQ1RAOLbEeCVSp8F0qHMxQ,AbstractActionNavigate,n_abstractActionNavigate_1;setIcon_newIcon_return_1;navigateTo_source_return_1;isEnabled_return_1
Original,_AT9dgOLbEeCVSp8F0qHMxQ,TabStyle,n_tabStyle_1;LOG_1;target_1;shouldBeEnabled_1;blankPanel_1;panels_1;lastPanel_1;stylePanelNames_1;listenerList_1;refresh__1;panelClassFor_targetClass_return_1;loadClass_name_return_1;getStylePanelNames_return_1;getTarget_return_1;shouldBeEnabled_targetItem_return_1;propertyChange_pce_1;delayedVetoableChange_pce_1
Original,_Ad7R0OLbEeCVSp8F0qHMxQ,ActionRemoveArgument,n_actionRemoveArgument_1
Original,_AfkQkOLbEeCVSp8F0qHMxQ,ActionNewSendAction,n_actionNewSendAction_1;SINGLETON_1;createAction_return_1;getInstance_return_1
Original,_AnrDsOLbEeCVSp8F0qHMxQ,ActionSetClassActive,n_actionSetClassActive_1;SINGLETON_1;getInstance_return_1
Original,_AoHvoOLbEeCVSp8F0qHMxQ,ActionAddDataType,n_actionAddDataType_1
Original,_Av2vVOLbEeCVSp8F0qHMxQ,ActionAddClientDependencyAction,n_actionAddClientDependencyAction_1;doIt_selected_1;getChoices_return_1;getDialogTitle_return_1;getSelected_return_1
SequenceDisabled,_-pA-oOLaEeCVSp8F0qHMxQ,InitCognitiveUI,n_initCognitiveUI_1;init__1;getDetailsTabs_return_1;getProjectSettingsTabs_return_1;getSettingsTabs_return_1
SequenceDisabled,_-wmNUOLaEeCVSp8F0qHMxQ,UmlChangeEvent,n_umlChangeEvent_1;originalEvent_1;getOriginalEvent_return_1;toString_return_1
SequenceDisabled,_-3JhQuLaEeCVSp8F0qHMxQ,StateMachinesHelperEUMLImpl,n_stateMachinesHelperEUMLImpl_1;addDeferrableEvent_state_deferrableEvent_1;addSubvertex_handle_subvertex_1;findNamespaceForEvent_trans_model_return_1;findOperationByName_trans_opname_return_1;getAllPossibleStatemachines_model_oSubmachineState_return_1;getAllPossibleSubvertices_oState_return_1;getAllSubStates_compState_return_1;getDestination_trans_return_1;getOutgoingStates_ostatevertex_return_1;getPath_o_return_1;getSource_trans_return_1;getStateMachine_handle_return_1;getStatebyName_path_container_return_1;getTop_sm_return_1;isAddingStatemachineAllowed_context_return_1;isTopState_o_return_1;removeDeferrableEvent_state_deferrableEvent_1;removeSubvertex_handle_subvertex_1;setBound_handle_bound_1;setChangeExpression_handle_value_1;setConcurrent_handle_concurrent_1;setContainer_handle_compositeState_1;setContext_statemachine_modelElement_1;setDoActivity_handle_value_1;setEffect_handle_value_1;setEntry_handle_value_1;setEventAsTrigger_transition_event_1;setExit_handle_value_1;setExpression_handle_value_1;setGuard_handle_guard_1;setInternalTransitions_handle_intTrans_1;setReferenceState_o_referenced_1;setSource_handle_state_1;setState_handle_element_1;setStateMachine_handle_stm_1;setStatemachineAsSubmachine_oSubmachineState_oStatemachine_1;setSubvertices_handle_subvertices_1;setTrigger_handle_event_1;setWhen_handle_value_1
SequenceDisabled,__EYsAeLaEeCVSp8F0qHMxQ,AssociationNameNotationUml,n_associationNameNotationUml_1;getParsingHelp_return_1;parse_modelElement_text_1;toString_modelElement_args_return_1;toString_modelElement_showAssociationName_fullyHandleStereotypes_showPath_showVisibility_useGuillemets_return_1
SequenceDisabled,__GK0sOLaEeCVSp8F0qHMxQ,NotationUtilityUml,n_notationUtilityUml_1;attributeCustomSep_1;operationCustomSep_1;parameterCustomSep_1;VISIBILITYCHARS_1;init__1;parseModelElement_me_text_1;generateVisibility_o_return_1;generateVisibility_modelElement_args_return_1;isValue_key_map_return_1;generateVisibility2_o_return_1;generatePath_modelElement_return_1;parseParamList_op_param_paramOffset_1;setParamKind_parameter_description_1;getType_name_defaultSpace_return_1;setProperties_elem_prop_spec_1;indexOfNextCheckedSemicolon_s_start_return_1;getVisibility_name_return_1;generateStereotype_st_args_return_1;formatSingleStereotype_name_args_return_1;generateStereotype_st_useGuillemets_return_1;formatStereotype_name_useGuillemets_return_1;generateParameter_parameter_return_1;generateExpression_expr_return_1;generateUninterpreted_un_return_1;generateClassifierRef_cls_return_1;generateKind_kind_return_1;generateTaggedValue_tv_return_1;generateMultiplicity_element_showSingularMultiplicity_return_1;generateMultiplicity_multiplicityOwner_args_return_1;generateAction_umlAction_return_1;generateActionSequence_a_return_1
SequenceDisabled,__GeWseLaEeCVSp8F0qHMxQ,PropertySpecialString,n_propertySpecialString_1;name_1;op_1;invoke_element_pname_value_return_1
SequenceDisabled,__jOkIOLaEeCVSp8F0qHMxQ,AbstractPerspectiveRule,n_abstractPerspectiveRule_1;getRuleName_return_1;getChildren_parent_return_1;toString_return_1
SequenceDisabled,__mWJkuLaEeCVSp8F0qHMxQ,GoPackageToElementImport,n_goPackageToElementImport_1;getChildren_parent_return_1;getRuleName_return_1;getDependencies_parent_return_1
SequenceDisabled,__sAFoOLaEeCVSp8F0qHMxQ,WizAddInstanceVariable,n_wizAddInstanceVariable_1;label_1;instructions_1;doAction_oldStep_1;makePanel_newStep_return_1
SequenceDisabled,__uFwUOLaEeCVSp8F0qHMxQ,CrMultipleInitialStates,n_crMultipleInitialStates_1;LOG_1;serialVersionUID_1;getCriticizedDesignMaterials_return_1
SequenceDisabled,__3N3IOLaEeCVSp8F0qHMxQ,PropPanelUMLDeploymentDiagram,n_propPanelUMLDeploymentDiagram_1
SequenceDisabled,_AAcEk-LbEeCVSp8F0qHMxQ,SelectionDataType,n_selectionDataType_1;getNewNode_buttonCode_return_1;getNewNodeType_buttonCode_return_1
SequenceDisabled,_AC0qMeLbEeCVSp8F0qHMxQ,InitDiagramAppearanceUI,n_initDiagramAppearanceUI_1;init__1;getProjectSettingsTabs_return_1;getSettingsTabs_return_1;getDetailsTabs_return_1
SequenceDisabled,_Ah8PIOLbEeCVSp8F0qHMxQ,PropPanelTransition,n_propPanelTransition_1;serialVersionUID_1;getTriggerActions_return_1;getEffectActions_return_1
SequenceDisabled,_AigP0OLbEeCVSp8F0qHMxQ,ActionSetStubStateReferenceState,n_actionSetStubStateReferenceState_1;SINGLETON_1;getInstance_return_1
SequenceDisabled,_Amoh4OLbEeCVSp8F0qHMxQ,UMLExtendExtensionPointListModel,n_uMLExtendExtensionPointListModel_1;buildModelList__1;isValidElement_o_return_1;moveDown_index1_1;moveToBottom_index_1;moveToTop_index_1
SequenceDisabled,_Amew4OLbEeCVSp8F0qHMxQ,PropPanelExtend,n_propPanelExtend_1;serialVersionUID_1
SequenceDisabled,_Amew4uLbEeCVSp8F0qHMxQ,ActionNewExtensionPoint,n_actionNewExtensionPoint_1
SequenceDisabled,_Ap54VeLbEeCVSp8F0qHMxQ,UMLFeatureOwnerScopeCheckBox,n_uMLFeatureOwnerScopeCheckBox_1;buildModel__1
StateDisabled,_-qWbYOLaEeCVSp8F0qHMxQ,KnowledgeTypeNode,n_knowledgeTypeNode_1;types_1;name_1;getTypeList_return_1;getName_return_1;toString_return_1
StateDisabled,__GxRoOLaEeCVSp8F0qHMxQ,ExtensionPointNotationUml,n_extensionPointNotationUml_1;parse_modelElement_text_1;parseExtensionPointFig_ep_text_1;parseExtensionPoint_text_return_1;getParsingHelp_return_1;toString_modelElement_args_return_1;toString_modelElement_return_1
StateDisabled,__VY8cOLaEeCVSp8F0qHMxQ,ArgoStatusBar,n_argoStatusBar_1;showStatusOnSwingThread_status_1
StateDisabled,__aAWsOLaEeCVSp8F0qHMxQ,ActionNotation,n_actionNotation_1;menu_1;serialVersionUID_1;actionPerformed_ae_1;getMenu_return_1;menuSelected_me_1;menuDeselected_me_1;menuCanceled_me_1
StateDisabled,__i7pMOLaEeCVSp8F0qHMxQ,GoPackageToClass,n_goPackageToClass_1;getRuleName_return_1;getChildren_parent_return_1;getDependencies_parent_return_1
StateDisabled,__tWJceLaEeCVSp8F0qHMxQ,CrSubclassReference,n_crSubclassReference_1;getCriticizedDesignMaterials_return_1
StateDisabled,__6MSouLaEeCVSp8F0qHMxQ,FigBirthActivation,n_figBirthActivation_1;serialVersionUID_1
StateDisabled,_AIU1QOLbEeCVSp8F0qHMxQ,ArgoFigText,n_argoFigText_1;notifier_1;deleteFromModel__1;removeNotificationListener_listener_filter_handback_1;addNotificationListener_listener_filter_handback_1;getNotificationInfo_return_1;removeNotificationListener_listener_1;renderingChanged__1;updateFont__1;getFigFontStyle_return_1;setOwner_own_1;updateListeners_oldOwner_newOwner_1;propertyChange_pce_1
StateDisabled,_AChvQuLbEeCVSp8F0qHMxQ,FigMultiLineTextWithBold,n_figMultiLineTextWithBold_1;getFigFontStyle_return_1
StateDisabled,_AOIiUuLbEeCVSp8F0qHMxQ,ImportException,n_importException_1
StateDisabled,_AagKYuLbEeCVSp8F0qHMxQ,PropPanelObjectFlowState,n_propPanelObjectFlowState_1;classifierComboBox_1;statesScroll_1;addExtraButtons__1;propertyChange_evt_1;getClassifierComboBox_return_1;removeTopStateFrom_ret_1;getType_target_return_1
StateDisabled,_Aap7YeLbEeCVSp8F0qHMxQ,ActionRemoveOFSState,n_actionRemoveOFSState_1;serialVersionUID_1
StateDisabled,_AgdBY-LbEeCVSp8F0qHMxQ,UMLSendActionSignalListModel,n_uMLSendActionSignalListModel_1;serialVersionUID_1;buildModelList__1;isValidElement_elem_return_1
StateDisabled,_Ae9zouLbEeCVSp8F0qHMxQ,UMLSignalReceptionListModel,n_uMLSignalReceptionListModel_1;serialVersionUID_1;buildModelList__1;isValidElement_element_return_1
StateDisabled,_AxDCJOLbEeCVSp8F0qHMxQ,PropPanelStereotype,n_propPanelStereotype_1;serialVersionUID_1;metaClasses_1;generalizationScroll_1;specializationScroll_1;tagDefinitionScroll_1;extendedElementsScroll_1;getGeneralizationScroll_return_1;getSpecializationScroll_return_1;getTagDefinitionScroll_return_1;getExtendedElementsScroll_return_1;initMetaClasses__1
StateDisabled,_AxMMFeLbEeCVSp8F0qHMxQ,ActionDeleteStereotypeBaseClass,n_actionDeleteStereotypeBaseClass_1
StateDisabled,_AxypAOLbEeCVSp8F0qHMxQ,PropPanelTagDefinition,n_propPanelTagDefinition_1;serialVersionUID_1;ownerSelector_1;tdNamespaceSelector_1;typedValuesScroll_1;multiplicityComboBox_1;getTDNamespaceSelector_return_1;getOwnerSelector_return_1;getMultiplicityComboBox_return_1;getTypedValuesScroll_return_1
StateDisabled,_A06OcOLbEeCVSp8F0qHMxQ,FileConstants,n_fileConstants_1;COMPRESSED_FILE_EXT_1;UNCOMPRESSED_FILE_EXT_1;PROJECT_FILE_EXT_1
StateDisabled,_A0BdoOLbEeCVSp8F0qHMxQ,ArgoFrame,n_argoFrame_1;LOG_1;topFrame_1;getInstance_return_1;setInstance_frame_1
UsecaseDisabled,_-myKAOLaEeCVSp8F0qHMxQ,ToDoItem,n_toDoItem_1;INTERRUPTIVE_PRIORITY_1;HIGH_PRIORITY_1;MED_PRIORITY_1;LOW_PRIORITY_1;theHeadline_1;thePriority_1;theDescription_1;theMoreInfoURL_1;cachedExpandedHeadline_1;cachedExpandedDescription_1;serialVersionUID_1;checkArgument_dm_1;getHeadline_return_1;getDescription_return_1;getMoreInfoURL_return_1;getPriority_return_1;getProgress_return_1;getClarifier_return_1;containsKnowledgeType_type_return_1;hashCode_return_1;equals_o_return_1;select__1;deselect__1;action__1;changed__1;fixIt__1;canFixIt_return_1;toString_return_1
UsecaseDisabled,_-p5vcOLaEeCVSp8F0qHMxQ,ToDoPane,n_toDoPane_1;LOG_1;WARN_THRESHOLD_1;ALARM_THRESHOLD_1;WARN_COLOR_1;ALARM_COLOR_1;clicksInToDoPane_1;dblClicksInToDoPane_1;toDoPerspectivesChanged_1;tree_1;combo_1;perspectives_1;countLabel_1;lastSel_1;serialVersionUID_1;getPerspectiveList_return_1;setPerspectives_pers_1;setCurPerspective_per_1;getSelectedObject_return_1;selectItem_item_1;swingInvoke_task_1;formatCountLabel_size_return_1;updateCountLabel__1;updateTree__1;mySingleClick_row_path_1;myDoubleClick_row_path_1;buildPerspectives_return_1
UsecaseDisabled,_-19OdOLaEeCVSp8F0qHMxQ,ScopeKindEUMLImpl,n_scopeKindEUMLImpl_1;getClassifier_return_1;getInstance_return_1
UsecaseDisabled,_-3vXIuLaEeCVSp8F0qHMxQ,ModelManagementHelperEUMLImpl,n_modelManagementHelperEUMLImpl_1;getAllBehavioralFeatures_ns_return_1;getAllContents_element_return_1;getAllImportedElements_pack_return_1;getAllModelElementsOfKind_nsa_type_return_1;getAllModelElementsOfKind_nsa_kind_return_1;getAllModelElementsOfKindWithModel_model_type_return_1;getAllNamespaces_ns_return_1;getAllPossibleImports_pack_return_1;getAllSubSystems_ns_return_1;getAllSurroundingNamespaces_element_return_1;getContents_element_return_1;getElement_path_return_1;getElement_path_theRootNamespace_return_1;getPathList_element_return_1;isCyclicOwnership_parent_child_return_1;removeImportedElement_handle_me_1;setAlias_handle_alias_1;setImportedElements_pack_imports_1;setSpecification_handle_isSpecification_1;isReadOnly_element_return_1
UsecaseDisabled,_-76FcOLaEeCVSp8F0qHMxQ,CollaborationsFactoryMDRImpl,n_collaborationsFactoryMDRImpl_1;createAssociationEndRole_return_1;getCollabPkg_return_1;createAssociationRole_return_1;createClassifierRole_return_1;createCollaboration_return_1;createCollaborationInstanceSet_return_1;createInteraction_return_1;createInteractionInstanceSet_return_1;createMessage_return_1;buildClassifierRole_collaboration_return_1;buildCollaboration_handle_return_1;buildCollaboration_namespace_representedElement_return_1;buildInteraction_handle_return_1;buildAssociationEndRole_atype_return_1;buildAssociationRole_from_to_return_1;buildAssociationRole_from_to_return_2;buildAssociationRole_from_agg1_to_agg2_unidirectional_return_1;buildAssociationRole_from_agg1_to_agg2_unidirectional_return_2;buildAssociationRole_link_return_1;buildMessageInteraction_inter_role_return_1;lastMessage_c_m_return_1;findEnd_m_return_1;buildMessage_acollab_arole_return_1;buildMessageCollab_collab_role_return_1;buildActivator_owner_interaction_return_1;deleteAssociationEndRole_elem_1;deleteAssociationRole_elem_1;deleteClassifierRole_elem_1;deleteCollaboration_elem_1;deleteCollaborationInstanceSet_elem_1;deleteInteraction_elem_1;deleteInteractionInstanceSet_elem_1;deleteMessage_elem_1
UsecaseDisabled,__B28cuLaEeCVSp8F0qHMxQ,NotationProvider,n_notationProvider_1;LOG_1;LIST_SEPARATOR_1;listeners_1;getParsingHelp_return_1;isValue_key_map_return_1;parse_modelElement_text_1;toString_modelElement_args_return_1;initialiseListener_listener_modelElement_1;cleanListener_listener_modelElement_1;updateListener_listener_modelElement_pce_1;addElementListener_listener_element_1;addElementListener_listener_element_property_1;addElementListener_listener_element_property_2;removeElementListener_listener_element_1;removeAllElementListeners_listener_1;formatNameList_modelElements_return_1;formatNameList_modelElements_separator_return_1
UsecaseDisabled,__CJ3ZOLaEeCVSp8F0qHMxQ,ObjectNotation,n_objectNotation_1;initialiseListener_listener_modelElement_1;updateListener_listener_modelElement_pce_1
UsecaseDisabled,__Jl8IOLaEeCVSp8F0qHMxQ,XmlFilePersister,n_xmlFilePersister_1;getExtension_return_1;hasAnIcon_return_1
UsecaseDisabled,__bouY-LaEeCVSp8F0qHMxQ,PerspectiveComboBox,n_perspectiveComboBox_1;addPerspective_perspective_1;removePerspective_perspective_1
UsecaseDisabled,__jXuEOLaEeCVSp8F0qHMxQ,GoDiagramToEdge,n_goDiagramToEdge_1;getRuleName_return_1;getChildren_parent_return_1;getDependencies_parent_return_1
UsecaseDisabled,__yKYAeLaEeCVSp8F0qHMxQ,WizAssocComposite,n_wizAssocComposite_1;LOG_1;instructions_1;triggerAssociation_1;getTriggerAssociation_return_1;buildOptions_return_1;makePanel_newStep_return_1;doAction_oldStep_1;canFinish_return_1
UsecaseDisabled,__uFwUOLaEeCVSp8F0qHMxQ,CrMultipleInitialStates,n_crMultipleInitialStates_1;LOG_1;serialVersionUID_1;getCriticizedDesignMaterials_return_1
UsecaseDisabled,__xaxJOLaEeCVSp8F0qHMxQ,CrAlreadyRealizes,n_crAlreadyRealizes_1;serialVersionUID_1;getCriticizedDesignMaterials_return_1
UsecaseDisabled,__xj7EOLaEeCVSp8F0qHMxQ,ClClassName,n_clClassName_1;theInstance_1;WAVE_LENGTH_1;WAVE_HEIGHT_1;fig_1;getIconWidth_return_1;getIconHeight_return_1;hit_x_y_return_1;getTheInstance_return_1
UsecaseDisabled,__y5-5OLaEeCVSp8F0qHMxQ,DiagramSettings,n_diagramSettings_1;parent_1;fontName_1;fontSize_1;showBoldNames_1;fontPlain_1;fontItalic_1;fontBold_1;fontBoldItalic_1;showBidirectionalArrows_1;defaultShadowWidth_1;defaultStereotypeView_1;isShowBoldNames_return_1;setShowBoldNames_showem_1;isShowBidirectionalArrows_return_1;setShowBidirectionalArrows_showem_1;getDefaultShadowWidth_return_1;setDefaultShadowWidth_newWidth_1;getDefaultStereotypeView_return_1;getDefaultStereotypeViewInt_return_1;setDefaultStereotypeView_newView_1;setDefaultStereotypeView_newView_2;getFontName_return_1;setFontName_newFontName_1;getFontSize_return_1;setFontSize_newFontSize_1;recomputeFonts__1;getFontPlain_return_1;getFontItalic_return_1;getFontBold_return_1;getFontBoldItalic_return_1;getFont_fontStyle_return_1;doUndoable_memento_1
UsecaseDisabled,__4__0uLaEeCVSp8F0qHMxQ,PropPanelUMLSequenceDiagram,n_propPanelUMLSequenceDiagram_1
UsecaseDisabled,__-zs4uLaEeCVSp8F0qHMxQ,FigModel,n_figModel_1;figPoly_1;constructFigs__1
