ActivityDisabled,_-okSseLaEeCVSp8F0qHMxQ,ActionOpenDecisions,n_actionOpenDecisions_1;actionPerformed_ae_1
ActivityDisabled,_-qNRceLaEeCVSp8F0qHMxQ,ActionResolve,n_actionResolve_1;actionPerformed_ae_1
ActivityDisabled,__G6bkuLaEeCVSp8F0qHMxQ,SDMessageNotationUml,n_sDMessageNotationUml_1;toString_modelElement_args_return_1
ActivityDisabled,__IQfY-LaEeCVSp8F0qHMxQ,ZargoFilePersister,n_zargoFilePersister_1;LOG_1;getExtension_return_1;getDesc_return_1;isSaveEnabled_return_1;toURL_file_return_1;zargoToUml_file_progressMgr_return_1;copyArgo_file_encoding_writer_1;copyXmi_file_encoding_writer_1;copyDiagrams_file_encoding_writer_1;copyMember_file_tag_outputEncoding_writer_1;readerToWriter_reader_writer_1;openZipStreamAt_url_ext_return_1;openZipEntry_url_entryName_return_1;makeZipEntryUrl_url_entryName_return_1;getPgmlCount_file_return_1;containsTodo_file_return_1;containsProfile_file_return_1;getEntryNames_file_extension_return_1
ActivityDisabled,__k270uLaEeCVSp8F0qHMxQ,GoSummaryToInheritance,n_goSummaryToInheritance_1;getRuleName_return_1;getChildren_parent_return_1;getDependencies_parent_return_1
ActivityDisabled,__fprsOLaEeCVSp8F0qHMxQ,GoClassToSummary,n_goClassToSummary_1;getRuleName_return_1;getChildren_parent_return_1;getDependencies_parent_return_1;hasIncomingDependencies_parent_return_1;hasOutGoingDependencies_parent_return_1;hasInheritance_parent_return_1
ActivityDisabled,__q9j1OLaEeCVSp8F0qHMxQ,InitCognitiveCritics,n_initCognitiveCritics_1;init__1;getProjectSettingsTabs_return_1;getSettingsTabs_return_1;getDetailsTabs_return_1
ActivityDisabled,_AI7SMOLbEeCVSp8F0qHMxQ,ActionSetAddAssociationEndMode,n_actionSetAddAssociationEndMode_1;serialVersionUID_1
ActivityDisabled,_AMyegOLbEeCVSp8F0qHMxQ,TempFileUtils,n_tempFileUtils_1;LOG_1;createTempDir_return_1;readAllFiles_dir_return_1;deleteDir_dir_1;readFileNames_dir_return_1
ActivityDisabled,_AX0p0OLbEeCVSp8F0qHMxQ,ActionUseCaseDiagram,n_actionUseCaseDiagram_1;LOG_1;isValidNamespace_handle_return_1
ActivityDisabled,_AdB59eLbEeCVSp8F0qHMxQ,UMLAssociationRoleMessageListModel,n_uMLAssociationRoleMessageListModel_1;buildModelList__1;isValidElement_o_return_1
ActivityDisabled,_AnYIwOLbEeCVSp8F0qHMxQ,UMLExtensionPointExtendListModel,n_uMLExtensionPointExtendListModel_1;buildModelList__1;isValidElement_o_return_1
ActivityDisabled,_AmU_5OLbEeCVSp8F0qHMxQ,PropPanelActor,n_propPanelActor_1;serialVersionUID_1
ActivityDisabled,_AoHvouLbEeCVSp8F0qHMxQ,PropPanelFeature,n_propPanelFeature_1;ownerScroll_1;visibilityPanel_1;getOwnerScroll_return_1;getVisibilityPanel_return_1
ActivityDisabled,_ArZGFOLbEeCVSp8F0qHMxQ,PropPanelComment,n_propPanelComment_1;serialVersionUID_1
ActivityDisabled,_AvQSYuLbEeCVSp8F0qHMxQ,UMLClassActiveCheckBox,n_uMLClassActiveCheckBox_1;buildModel__1
ActivityDisabled,_Ay1K0OLbEeCVSp8F0qHMxQ,SortedListModel,n_sortedListModel_1;delegate_1;getSize_return_1;getElementAt_index_return_1;get_index_return_1;indexOf_o_return_1;size_return_1;isEmpty_return_1;contains_elem_return_1;add_obj_return_1;addAll_c_return_1;remove_obj_return_1;removeAll_c_return_1;toString_return_1;toArray_return_1;toArray_a_return_1;clear__1;containsAll_c_return_1;iterator_return_1;retainAll_c_return_1
CollabDisabled,__FSD4OLaEeCVSp8F0qHMxQ,EnumerationLiteralNotationUml,n_enumerationLiteralNotationUml_1;getParsingHelp_return_1;parse_modelElement_text_1;parseEnumerationLiteralFig_enumeration_literal_text_1;parseEnumerationLiteral_text_literal_1;toString_modelElement_args_return_1;toString_modelElement_useGuillemets_return_1
CollabDisabled,__PskIOLaEeCVSp8F0qHMxQ,PropPanelCritic,n_propPanelCritic_1;criticClass_1;name_1;headline_1;priority_1;description_1;ocl_1;oclLabel_1;supportedDecision_1;knowledgeType_1;colToString_set_return_1
CollabDisabled,__bouY-LaEeCVSp8F0qHMxQ,PerspectiveComboBox,n_perspectiveComboBox_1;addPerspective_perspective_1;removePerspective_perspective_1
CollabDisabled,__ciGQOLaEeCVSp8F0qHMxQ,PerspectiveConfigurator,n_perspectiveConfigurator_1;LOG_1;INSET_PX_1;configPanelNorth_1;configPanelSouth_1;splitPane_1;renameTextField_1;newPerspectiveButton_1;removePerspectiveButton_1;duplicatePerspectiveButton_1;moveUpButton_1;moveDownButton_1;addRuleButton_1;removeRuleButton_1;resetToDefaultButton_1;perspectiveList_1;perspectiveRulesList_1;ruleLibraryList_1;perspectiveListModel_1;perspectiveRulesListModel_1;ruleLibraryListModel_1;persLabel_1;ruleLibLabel_1;rulesLabel_1;makeLists__1;makeButtons__1;makeLayout__1;makeListeners__1;loadLibrary__1;loadPerspectives__1;updatePersLabel__1;updateLibLabel__1;updateRuleLabel__1;sortJListModel_list_1;doAddRule__1;doRemoveRule__1
CollabDisabled,__ciGQuLaEeCVSp8F0qHMxQ,OkListener,n_okListener_1
CollabDisabled,__bVzcOLaEeCVSp8F0qHMxQ,ActionPerspectiveConfig,n_actionPerspectiveConfig_1;serialVersionUID_1;actionPerformed_ae_1
CollabDisabled,__j0aAOLaEeCVSp8F0qHMxQ,GoClassifierToStructuralFeature,n_goClassifierToStructuralFeature_1;getRuleName_return_1;getChildren_parent_return_1;getDependencies_parent_return_1
CollabDisabled,__j0aBOLaEeCVSp8F0qHMxQ,GoModelElementToComment,n_goModelElementToComment_1;getChildren_parent_return_1;getRuleName_return_1;getDependencies_parent_return_1
CollabDisabled,__t7_UuLaEeCVSp8F0qHMxQ,CrNameConflictAC,n_crNameConflictAC_1;getCriticizedDesignMaterials_return_1
CollabDisabled,__9BkMOLaEeCVSp8F0qHMxQ,ButtonActionNewEvent,n_buttonActionNewEvent_1;isEnabled_return_1;createEvent_ns_return_1;getKeyName_return_1;getIconName_return_1
CollabDisabled,_AAJJoOLbEeCVSp8F0qHMxQ,SelectionStereotype,n_selectionStereotype_1;inheritIcon_1;dependIcon_1;useComposite_1;icons_1;instructions_1;mouseEntered_me_1;getNewNode_index_return_1;getNewNodeType_index_return_1;createEdgeAbove_mgm_newNode_return_1;getIcons_return_1;getInstructions_index_return_1;getNewEdgeType_index_return_1;isReverseEdge_index_return_1;isEdgePostProcessRequested_return_1
CollabDisabled,_AHSTcOLbEeCVSp8F0qHMxQ,AbstractActionRadioMenuItem,n_abstractActionRadioMenuItem_1;isEnabled_return_1;valueOfTarget_t_return_1
CollabDisabled,_AOIiVOLbEeCVSp8F0qHMxQ,Import,n_import_1;configPanel_1;descend_1;changedOnly_1;createDiagrams_1;minimiseFigs_1;layoutDiagrams_1;classOnly_1;classAndFeatures_1;fullImport_1;sourceEncoding_1;dialog_1;myFrame_1;getInputSourceEncoding_return_1;isAttributeSelected_return_1;isDatatypeSelected_return_1;disposeDialog__1;getConfigPanel_return_1;addConfigCheckboxes_panel_1;addDetailLevelButtons_panel_1;addSourceEncoding_panel_1;getConfigPanelExtension_return_1;doFile__1;getImportLevel_return_1;isCreateDiagramsSelected_return_1;isMinimizeFigsSelected_return_1;isDiagramLayoutSelected_return_1;isDescendSelected_return_1;isChangedOnlySelected_return_1;getChooser_return_1
CollabDisabled,_AORsQeLbEeCVSp8F0qHMxQ,SelectedLanguageListener,n_selectedLanguageListener_1;tab_1;updateTabbedPane__1
CollabDisabled,_AcSTE-LbEeCVSp8F0qHMxQ,ActionSetClassifierRoleMultiplicity,n_actionSetClassifierRoleMultiplicity_1;SINGLETON_1;setSelectedItem_item_target_1;getInstance_return_1
CollabDisabled,_Aeq4suLbEeCVSp8F0qHMxQ,ActionNewSignal,n_actionNewSignal_1
CollabDisabled,_AgdBYeLbEeCVSp8F0qHMxQ,ActionAddSendActionSignal,n_actionAddSendActionSignal_1;choiceClass_1;serialVersionUID_1;doIt_selected_1;getChoices_return_1;getDialogTitle_return_1;getSelected_return_1
CollabDisabled,_Al47AuLbEeCVSp8F0qHMxQ,ActionAddSignalsToSignalEvent,n_actionAddSignalsToSignalEvent_1;SINGLETON_1;serialVersionUID_1;getChoices_return_1;getSelected_return_1;getDialogTitle_return_1;doIt_selected_1
CollabDisabled,_AyrZ0eLbEeCVSp8F0qHMxQ,PathComparator,n_pathComparator_1;collator_1;compare_o1_o2_return_1;comparePaths_o1_o2_return_1
DeployDisabled,_-lJLQuLaEeCVSp8F0qHMxQ,Designer,n_designer_1;LOG_1;theDesignerSingleton_1;userWorking_1;unspecifiedDecision_1;unspecifiedGoal_1;saveAction_1;prefs_1;designerName_1;clarifier_1;critiquerThread_1;critiquingInterval_1;critiqueCPUPercent_1;hotQueue_1;hotReasonQueue_1;addQueue_1;addReasonQueue_1;removeQueue_1;longestAdd_1;longestHot_1;warmQueue_1;critiquingRoot_1;critiqueDuration_1;critiqueLock_1;pcs_1;MODEL_TODOITEM_ADDED_1;MODEL_TODOITEM_DISMISSED_1;serialVersionUID_1;theDesigner_return_1;spawnCritiquer_root_1;run__1;critiqueASAP_dm_reason_1;critique_des_1;addListener_pcl_1;setSaveAction_theSaveAction_1;firePropertyChange_property_oldValue_newValue_1;propertyChange_pce_1;determineActiveCritics__1;getAutoCritique_return_1;getCritiquingInterval_return_1;disableCritiquing__1;enableCritiquing__1;clearCritiquing__1;getCritiquingRoot_return_1;getGoalList_return_1;getSupportedDecisions_return_1;getSupportedGoals_return_1;containsKnowledgeType_type_return_1;getClarifier_return_1;setClarifier_clar_1;getPrefs_return_1;setDecisionPriority_decision_priority_1;hasGoal_goal_return_1;setGoalPriority_goal_priority_1;startDesiring_goal_1;stopDesiring_goal_1;snooze__1;unsnooze__1;setDesignerName_name_1;getDesignerName_return_1;toString_return_1;setUserWorking_working_1;isUserWorking_return_1
DeployDisabled,_-qpWU-LaEeCVSp8F0qHMxQ,WizDescription,n_wizDescription_1;LOG_1;description_1;serialVersionUID_1;setTarget_item_1
DeployDisabled,_-slQAOLaEeCVSp8F0qHMxQ,ConfigurationKeyImpl,n_configurationKeyImpl_1;key_1;getKey_return_1;isChangedProperty_pce_return_1;toString_return_1
DeployDisabled,_-z4K0uLaEeCVSp8F0qHMxQ,AbstractUmlHelperDecorator,n_abstractUmlHelperDecorator_1;addListenersToModel_model_1;deleteCollection_col_1;getSource_relationship_return_1;getDestination_relationship_return_1
DeployDisabled,_-76FcOLaEeCVSp8F0qHMxQ,CollaborationsFactoryMDRImpl,n_collaborationsFactoryMDRImpl_1;createAssociationEndRole_return_1;getCollabPkg_return_1;createAssociationRole_return_1;createClassifierRole_return_1;createCollaboration_return_1;createCollaborationInstanceSet_return_1;createInteraction_return_1;createInteractionInstanceSet_return_1;createMessage_return_1;buildClassifierRole_collaboration_return_1;buildCollaboration_handle_return_1;buildCollaboration_namespace_representedElement_return_1;buildInteraction_handle_return_1;buildAssociationEndRole_atype_return_1;buildAssociationRole_from_to_return_1;buildAssociationRole_from_to_return_2;buildAssociationRole_from_agg1_to_agg2_unidirectional_return_1;buildAssociationRole_from_agg1_to_agg2_unidirectional_return_2;buildAssociationRole_link_return_1;buildMessageInteraction_inter_role_return_1;lastMessage_c_m_return_1;findEnd_m_return_1;buildMessage_acollab_arole_return_1;buildMessageCollab_collab_role_return_1;buildActivator_owner_interaction_return_1;deleteAssociationEndRole_elem_1;deleteAssociationRole_elem_1;deleteClassifierRole_elem_1;deleteCollaboration_elem_1;deleteCollaborationInstanceSet_elem_1;deleteInteraction_elem_1;deleteInteractionInstanceSet_elem_1;deleteMessage_elem_1
DeployDisabled,_-63joOLaEeCVSp8F0qHMxQ,CommonBehaviorHelperMDRImpl,n_commonBehaviorHelperMDRImpl_1;getSource_link_return_1;getDestination_link_return_1;removeActualArgument_handle_argument_1;setActualArguments_action_arguments_1;removeClassifier_handle_classifier_1;removeContext_handle_context_1;removeReception_handle_reception_1;addActualArgument_handle_argument_1;addActualArgument_handle_position_argument_1;addClassifier_handle_classifier_1;addContext_handle_behavorialFeature_1;addReception_handle_rec_1;addStimulus_handle_stimulus_1;setAsynchronous_handle_value_1;setOperation_handle_operation_1;setClassifiers_handle_classifiers_1;setDispatchAction_handle_value_1;setInstance_handle_inst_1;setNodeInstance_handle_nodeInstance_1;setReceiver_handle_receiver_1;setRecurrence_handle_expr_1;setScript_handle_expr_1;setSender_handle_sender_1;setSignal_handle_signal_1;setSpecification_handle_specification_1;setTarget_handle_element_1;setTransition_handle_trans_1;setValue_handle_value_1;getInstantiation_createaction_return_1;setInstantiation_createaction_instantiation_1;getActionOwner_action_return_1;addAction_handle_action_1;addAction_handle_position_action_1;removeAction_handle_action_1
DeployDisabled,__JcyMOLaEeCVSp8F0qHMxQ,AbstractFilePersister,n_abstractFilePersister_1;LOG_1;persistersByClass_1;persistersByTag_1;listenerList_1;registerPersister_target_tag_persister_return_1;createTempFile_file_return_1;copyFile_src_dest_return_1;accept_f_return_1;getExtension_return_1;getDesc_return_1;getExtension_f_return_1;getExtension_filename_return_1;isFileExtensionApplicable_filename_return_1;getDescription_return_1;isSaveEnabled_return_1;isLoadEnabled_return_1;hasAnIcon_return_1
DeployDisabled,__JcyMuLaEeCVSp8F0qHMxQ,ProgressMgr,n_progressMgr_1;percentPhasesComplete_1;phasesCompleted_1;numberOfPhases_1;setPercentPhasesComplete_aPercentPhasesComplete_1;setPhasesCompleted_aPhasesCompleted_1;setNumberOfPhases_aNumberOfPhases_1;getNumberOfPhases_return_1;nextPhase__1;fireProgressEvent_percent_1
DeployDisabled,__j-LA-LaEeCVSp8F0qHMxQ,GoClassifierToStateMachine,n_goClassifierToStateMachine_1;getRuleName_return_1;getChildren_parent_return_1;getDependencies_parent_return_1
DeployDisabled,__ywN4uLaEeCVSp8F0qHMxQ,ChildGenDerivedClasses,n_childGenDerivedClasses_1;childIterator_o_return_1
DeployDisabled,__qzy0OLaEeCVSp8F0qHMxQ,CrDisambigClassName,n_crDisambigClassName_1;predicate2_dm_dsgr_return_1;getClarifier_return_1
DeployDisabled,__55XsOLaEeCVSp8F0qHMxQ,FigCallActionMessage,n_figCallActionMessage_1;serialVersionUID_1
DeployDisabled,__6MSouLaEeCVSp8F0qHMxQ,FigBirthActivation,n_figBirthActivation_1;serialVersionUID_1
DeployDisabled,__7YlceLaEeCVSp8F0qHMxQ,FigJoinState,n_figJoinState_1;X_1;Y_1;STATE_WIDTH_1;HEIGHT_1;head_1;serialVersionUID_1;initFigs__1;clone_return_1;setLineColor_col_1;getLineColor_return_1;setFillColor_col_1;getFillColor_return_1;isFilled_return_1;getLineWidth_return_1;mouseClicked_me_1
DeployDisabled,_AE5t0OLbEeCVSp8F0qHMxQ,FigEnumLiteralsCompartment,n_figEnumLiteralsCompartment_1;serialVersionUID_1;getUmlCollection_return_1;getNotationType_return_1;createModelElement__1
DeployDisabled,_AOIiVOLbEeCVSp8F0qHMxQ,Import,n_import_1;configPanel_1;descend_1;changedOnly_1;createDiagrams_1;minimiseFigs_1;layoutDiagrams_1;classOnly_1;classAndFeatures_1;fullImport_1;sourceEncoding_1;dialog_1;myFrame_1;getInputSourceEncoding_return_1;isAttributeSelected_return_1;isDatatypeSelected_return_1;disposeDialog__1;getConfigPanel_return_1;addConfigCheckboxes_panel_1;addDetailLevelButtons_panel_1;addSourceEncoding_panel_1;getConfigPanelExtension_return_1;doFile__1;getImportLevel_return_1;isCreateDiagramsSelected_return_1;isMinimizeFigsSelected_return_1;isDiagramLayoutSelected_return_1;isDescendSelected_return_1;isChangedOnlySelected_return_1;getChooser_return_1
DeployDisabled,_AORsQeLbEeCVSp8F0qHMxQ,SelectedLanguageListener,n_selectedLanguageListener_1;tab_1;updateTabbedPane__1
DeployDisabled,_AkP8QOLbEeCVSp8F0qHMxQ,PropPanelTimeEvent,n_propPanelTimeEvent_1;initialize__1
DeployDisabled,_AuqcgeLbEeCVSp8F0qHMxQ,UMLDiscriminatorNameDocument,n_uMLDiscriminatorNameDocument_1;setProperty_text_1;getProperty_return_1
Original,_-iBl0OLaEeCVSp8F0qHMxQ,SubsystemUtility,n_subsystemUtility_1
Original,_-txi0-LaEeCVSp8F0qHMxQ,Translator,n_translator_1;LOG_1;BUNDLES_PATH_1;bundles_1;classLoaders_1;initialized_1;systemDefaultLocale_1;initForEclipse_locale_1;init_locale_1;getLocales_return_1;setLocale_name_1;setLocale_locale_1;getSystemDefaultLocale_return_1;addClassLoader_cl_1;loadBundle_name_1;getName_key_return_1;localize_key_args_return_1;localize_key_return_1;messageFormat_key_args_return_1
Original,_-2QJYeLaEeCVSp8F0qHMxQ,CopyHelperEUMLImpl,n_copyHelperEUMLImpl_1;copy_source_destination_return_1
Original,_-2s1UeLaEeCVSp8F0qHMxQ,CoreHelperEUMLImpl,n_coreHelperEUMLImpl_1;editingDomain_1;addAllStereotypes_modelElement_stereos_1;addAnnotatedElement_comment_annotatedElement_1;addClient_dependency_element_1;addClientDependency_handle_dependency_1;addComment_element_comment_1;addConnection_handle_connection_1;addConnection_handle_position_connection_1;addConstraint_handle_mc_1;addDeploymentLocation_handle_node_1;addElementResidence_handle_residence_1;addLink_handle_link_1;addLiteral_handle_index_literal_1;addMethod_handle_method_1;addOwnedElement_handle_me_msg_objects_1;addOwnedElement_handle_me_1;addParameter_handle_index_parameter_1;addParameter_handle_parameter_1;addQualifier_handle_position_qualifier_1;addRaisedSignal_handle_sig_1;addSourceFlow_handle_flow_1;addStereotype_modelElement_stereo_1;addSupplier_dependency_element_1;addSupplierDependency_supplier_dependency_1;addTargetFlow_handle_flow_1;addTemplateArgument_handle_index_argument_1;addTemplateArgument_handle_argument_1;addTemplateParameter_handle_index_parameter_1;addTemplateParameter_handle_parameter_1;clearStereotypes_handle_1;equalsAggregationKind_associationEnd_kindType_return_1;getAllAttributes_classifier_return_1;getAllBehavioralFeatures_element_return_1;getAllClasses_ns_return_1;getAllClassifiers_namespace_return_1;getAllComponents_ns_return_1;getAllDataTypes_ns_return_1;getAllInterfaces_ns_return_1;getAllMetaDatatypeNames_return_1;getAllMetatypeNames_return_1;getAllNodes_ns_return_1;getAllPossibleNamespaces_modelElement_model_return_1;getAllRealizedInterfaces_element_return_1;getAllSupertypes_classifier_return_1;getAllVisibleElements_ns_return_1;getAssociateEndsInh_classifier_return_1;getAssociatedClassifiers_aclassifier_return_1;getAssociationEnd_type_assoc_return_1;getAssociations_from_to_return_1;getAssociations_classifier_return_1;getAttributesInh_classifier_return_1;getBehavioralFeatures_classifier_return_1;getBody_comment_return_1;getChildren_element_return_1;getDependencies_supplierObj_clientObj_return_1;getExtendedClassifiers_element_return_1;getExtendingClassifiers_classifier_return_1;getExtendingElements_element_return_1;getFirstSharedNamespace_ns1_ns2_return_1;getFlows_source_target_return_1;getGeneralization_achild_aparent_return_1;getOperationsInh_classifier_return_1;getRealizedInterfaces_cls_return_1;getRelationships_source_dest_return_1;getReturnParameters_operation_return_1;getSource_relationship_return_1;getDestination_relationship_return_1;getSpecification_object_return_1;getSubtypes_cls_return_1;getSupertypes_generalizableElement_return_1;hasCompositeEnd_association_return_1;isSubType_type_subType_return_1;isValidNamespace_element_namespace_return_1;removeAnnotatedElement_comment_annotatedElement_1;removeClientDependency_handle_dep_1;removeConnection_handle_connection_1;removeConstraint_handle_cons_1;removeDeploymentLocation_handle_node_1;removeElementResidence_handle_residence_1;removeFeature_cls_feature_1;removeLiteral_enumeration_literal_1;removeOwnedElement_handle_value_1;removeParameter_handle_parameter_1;removeQualifier_handle_qualifier_1;removeSourceFlow_handle_flow_1;removeStereotype_handle_stereo_1;removeSupplierDependency_supplier_dependency_1;removeTargetFlow_handle_flow_1;removeTemplateArgument_binding_argument_1;removeTemplateParameter_handle_parameter_1;setAbstract_handle_isAbstract_1;setActive_handle_isActive_1;setAggregation_handle_aggregationKind_1;setAnnotatedElements_handle_elems_1;setAssociation_handle_association_1;setAttributes_classifier_attributes_1;setBody_handle_expr_1;setBody_handle_body_1;setChangeability_handle_ck_1;setChild_handle_child_1;setConcurrency_handle_concurrencyKind_1;setConnections_handle_ends_1;setContainer_handle_component_1;setDefaultElement_handle_element_1;setDefaultValue_handle_expression_1;setDiscriminator_handle_discriminator_1;setEnumerationLiterals_enumeration_literals_1;setFeature_classifier_index_feature_1;setFeatures_classifier_features_1;setInitialValue_attribute_expression_1;setKind_handle_kind_1;setLeaf_handle_isLeaf_1;setModelElementContainer_handle_container_1;setMultiplicity_handle_arg_1;setName_handle_name_1;setNamespace_handle_ns_1;setNavigable_handle_flag_1;setOperations_classifier_operations_1;setOrdering_handle_ordering_1;setOwner_handle_owner_1;setParameter_handle_parameter_1;setParameters_handle_parameters_1;setParent_handle_parent_1;setPowertype_handle_powerType_1;setQualifiers_handle_qualifiers_1;setQuery_handle_isQuery_1;setRaisedSignals_handle_raisedSignals_1;setReadOnly_handle_isReadOnly_1;setResident_handle_resident_1;setResidents_handle_residents_1;setRoot_handle_isRoot_1;setSources_handle_specifications_1;setSpecification_handle_isSpecification_1;setSpecification_method_specification_1;setSpecification_operation_specification_1;setSpecifications_handle_specifications_1;setStatic_feature_isStatic_1;setTaggedValue_handle_tag_value_1;setTargetScope_handle_targetScope_1;setType_handle_type_1;setVisibility_handle_visibility_1;getParents_generalizableElement_return_1;getPackageImport_supplier_client_return_1;getPackageImports_client_return_1
Original,_-35IIuLaEeCVSp8F0qHMxQ,ModelEventPumpEUMLImpl,n_modelEventPumpEUMLImpl_1;registerForElements_1;registerForClasses_1;mutex_1;LOG_1;COMMAND_STACK_UPDATE_1;setRootContainer_container_1;addClassModelEventListener_listener_modelClass_propertyNames_1;addModelEventListener_listener_modelelement_propertyNames_1;addModelEventListener_listener_modelelement_1;registerListener_notifier_listener_propertyNames_register_1;flushModelEvents__1;removeClassModelEventListener_listener_modelClass_propertyNames_1;removeModelEventListener_listener_modelelement_propertyNames_1;removeModelEventListener_listener_modelelement_1;unregisterListener_notifier_listener_propertyNames_register_1;notifyChanged_notification_1;getListeners_element_return_1;getListeners_element_propName_return_1;addListeners_listeners_element_propName_register_1;startPumpingEvents__1;stopPumpingEvents__1;mapPropertyName_name_return_1;getDebugInfo_return_1;newDebugNode_name_return_1
Original,__Fk-0uLaEeCVSp8F0qHMxQ,CallStateNotationUml,n_callStateNotationUml_1;parse_modelElement_text_1;parseCallState_callState_s1_return_1;getParsingHelp_return_1;toString_modelElement_args_return_1;toString_modelElement_return_1
Original,__JTBMuLaEeCVSp8F0qHMxQ,XmiFormatException,n_xmiFormatException_1
Original,__YEdAOLaEeCVSp8F0qHMxQ,GUI,n_gUI_1;instance_1;settingsTabs_1;projectSettingsTabs_1;getInstance_return_1;getSettingsTabs_return_1;getProjectSettingsTabs_return_1
Original,__bfkceLaEeCVSp8F0qHMxQ,ExplorerEventAdaptor,n_explorerEventAdaptor_1;LOG_1;instance_1;getInstance_return_1;structureChanged__1;modelElementAdded_element_1;modelElementChanged_element_1;propertyChange_pce_1
Original,__t7_UuLaEeCVSp8F0qHMxQ,CrNameConflictAC,n_crNameConflictAC_1;getCriticizedDesignMaterials_return_1
Original,__yAnAuLaEeCVSp8F0qHMxQ,CrInstanceWithoutClassifier,n_crInstanceWithoutClassifier_1
Original,_AMfjkeLbEeCVSp8F0qHMxQ,FigExtend,n_figExtend_1;DEFAULT_WIDTH_1;serialVersionUID_1;endArrow_1;initialize_owner_1;canEdit_f_return_1;updateListeners_oldOwner_newOwner_1;renderingChanged__1;updateConditionText__1;updateLabel__1;getLabel_return_1
Original,_APf0QOLbEeCVSp8F0qHMxQ,ImportClasspathDialog,n_importClasspathDialog_1;paths_1;pathsModel_1;addButton_1;removeButton_1;chooser_1;setting_1;updatePathList__1
Original,_AUtEZOLbEeCVSp8F0qHMxQ,ActionGenerateAll,n_actionGenerateAll_1;actionPerformed_ae_1;isEnabled_return_1
Original,_AdoW4OLbEeCVSp8F0qHMxQ,ActionAddContextSignal,n_actionAddContextSignal_1;getChoices_return_1;getSelected_return_1;getDialogTitle_return_1;doIt_selected_1
Original,_AotlguLbEeCVSp8F0qHMxQ,ActionSetGeneralizableElementAbstract,n_actionSetGeneralizableElementAbstract_1;SINGLETON_1;getInstance_return_1
Original,_ApAgcOLbEeCVSp8F0qHMxQ,UMLModelElementVisibilityRadioButtonPanel,n_uMLModelElementVisibilityRadioButtonPanel_1;serialVersionUID_1;labelTextsAndActionCommands_1;buildModel__1;setEnabled_enabled_1
SequenceDisabled,_-l4yIOLaEeCVSp8F0qHMxQ,GoalModel,n_goalModel_1;goals_1;getGoalList_return_1;hasGoal_goalName_return_1;setGoalPriority_goalName_priority_1;startDesiring_goalName_1;stopDesiring_goalName_1
SequenceDisabled,_-06soOLaEeCVSp8F0qHMxQ,AbstractExtensionMechanismsHelperDecorator,n_abstractExtensionMechanismsHelperDecorator_1;getStereotypes_ns_return_1;getStereotype_ns_stereo_return_1;getStereotype_models_stereo_return_1;getMetaModelName_m_return_1;getAllPossibleStereotypes_models_modelElement_return_1;isValidStereotype_theModelElement_theStereotype_return_1;getStereotypes_models_return_1;addCopyStereotype_modelElement_stereotype_1;isStereotype_object_name_base_return_1;isStereotypeInh_object_name_base_return_1;addExtendedElement_handle_extendedElement_1;addBaseClass_handle_baseClass_1;removeBaseClass_handle_baseClass_1;setIcon_handle_icon_1;setTagType_handle_tagType_1;setType_handle_type_1;setValueOfTag_handle_value_1;setDataValues_handle_values_1;addTaggedValue_handle_taggedValue_1;removeTaggedValue_handle_taggedValue_1;setTaggedValue_handle_taggedValues_1;hasStereotype_handle_name_return_1
SequenceDisabled,_-wAXcOLaEeCVSp8F0qHMxQ,AssociationChangeEvent,n_associationChangeEvent_1;changedValue_1;serialVersionUID_1;getChangedValue_return_1
SequenceDisabled,_-51B0OLaEeCVSp8F0qHMxQ,UmlHelperMDRImpl,n_umlHelperMDRImpl_1;addListenersToModel_model_1;deleteCollection_col_1;getSource_relationship_return_1;getDestination_relationship_return_1
SequenceDisabled,_--lmAOLaEeCVSp8F0qHMxQ,UseCasesFactoryMDRImpl,n_useCasesFactoryMDRImpl_1;createExtend_return_1;createExtensionPoint_return_1;createActor_return_1;createInclude_return_1;createUseCase_return_1;buildExtend_abase_anextension_return_1;buildExtend_abase_anextension_apoint_return_1;buildExtensionPoint_modelElement_return_1;buildInclude_abase_anaddition_return_1;buildActor_actor_model_return_1;deleteActor_elem_1;deleteExtend_elem_1;deleteExtensionPoint_elem_1;deleteInclude_elem_1;deleteUseCase_elem_1;deleteUseCaseInstance_elem_1
SequenceDisabled,__BaQgeLaEeCVSp8F0qHMxQ,InitNotation,n_initNotation_1;init__1;getProjectSettingsTabs_return_1;getSettingsTabs_return_1;getDetailsTabs_return_1
SequenceDisabled,__XU2JeLaEeCVSp8F0qHMxQ,SystemInfoDialog,n_systemInfoDialog_1;serialVersionUID_1;INSET_PX_1;info_1;runGCButton_1;copyButton_1;defaultClipboardOwner_1;updateInfo__1;getInfo_return_1
SequenceDisabled,__XU2J-LaEeCVSp8F0qHMxQ,ClipboardObserver,n_clipboardObserver_1;lostOwnership_clipboard_contents_1
SequenceDisabled,__mf6kuLaEeCVSp8F0qHMxQ,TargetManager,n_targetManager_1;LOG_1;targets_1;modelTarget_1;figTarget_1;listenerList_1;inTransaction_1;internalOnSetTarget_eventName_oldTargets_1;getTarget_return_1;setTargets_targetsCollection_1;addTarget_target_1;removeTarget_target_1;getOwnerAndAllFigs_o_return_1;getOwner_o_return_1;getTargets_return_1;getSingleTarget_return_1;getModelTargets_return_1;getSingleModelTarget_return_1;startTargetTransaction__1;isInTargetTransaction_return_1;endTargetTransaction__1;getFigTarget_return_1;determineFigTarget_target_return_1;getModelTarget_return_1;determineModelTarget_target_return_1;navigateForward__1;navigateBackward__1;navigateForwardPossible_return_1;navigateBackPossible_return_1;cleanHistory__1
SequenceDisabled,__m8mgOLaEeCVSp8F0qHMxQ,HistoryRemover,n_historyRemover_1;remove_obj_1
SequenceDisabled,__tCncuLaEeCVSp8F0qHMxQ,CrTooManyClasses,n_crTooManyClasses_1;CLASS_THRESHOLD_1;serialVersionUID_1;getCriticizedDesignMaterials_return_1
SequenceDisabled,__1IzguLaEeCVSp8F0qHMxQ,FigPool,n_figPool_1;clone_return_1;addEnclosedFig_figState_1;setFillColor_col_1;getFillColor_return_1;isFilled_return_1;getMinimumSize_return_1;getUseTrapRect_return_1;isSelectable_return_1
SequenceDisabled,__71RYOLaEeCVSp8F0qHMxQ,FigHistoryState,n_figHistoryState_1;X_1;Y_1;WIDTH_1;HEIGHT_1;h_1;head_1;serialVersionUID_1;initFigs__1;setStandardBounds_x_y_width_height_1;getH_return_1;placeString_return_1;clone_return_1;isResizable_return_1;setLineColor_col_1;getLineColor_return_1;setFillColor_col_1;getFillColor_return_1;isFilled_return_1;getLineWidth_return_1;mouseClicked_me_1
SequenceDisabled,___2OseLaEeCVSp8F0qHMxQ,SelectionClass,n_selectionClass_1;inherit_1;assoc_1;compos_1;selfassoc_1;useComposite_1;icons_1;instructions_1;edgeType_1;getIcons_return_1;getInstructions_index_return_1;getNewNodeType_i_return_1;getNewEdgeType_i_return_1;isReverseEdge_i_return_1;isDraggableHandle_index_return_1;isEdgePostProcessRequested_return_1;mouseEntered_me_1;getNewNode_index_return_1
SequenceDisabled,_AIB6UuLbEeCVSp8F0qHMxQ,ActionNavigability,n_actionNavigability_1;BIDIRECTIONAL_1;STARTTOEND_1;ENDTOSTART_1;nav_1;assocStart_1;assocEnd_1;newActionNavigability_assocStart_assocEnd_nav_return_1;getDescription_assocStart_assocEnd_nav_return_1;actionPerformed_ae_1;isEnabled_return_1
SequenceDisabled,_AVS6QOLbEeCVSp8F0qHMxQ,ActionNavigateUpPreviousDown,n_actionNavigateUpPreviousDown_1;navigateTo_source_return_1;getFamily_parent_return_1;getParent_child_return_1
SequenceDisabled,_AU2OUOLbEeCVSp8F0qHMxQ,UMLMutableLinkedList,n_uMLMutableLinkedList_1;LOG_1;deletePossible_1;addPossible_1;newPossible_1;popupMenu_1;isAdd_return_1;isDelete_return_1;isNew_return_1;setDelete_delete_1;initActions__1;getPopupMenu_return_1;setPopupMenu_menu_1
SequenceDisabled,_Ad7R0OLbEeCVSp8F0qHMxQ,ActionRemoveArgument,n_actionRemoveArgument_1
SequenceDisabled,_A0KnkeLbEeCVSp8F0qHMxQ,QuotedStringSeparator,n_quotedStringSeparator_1;escChr_1;startChr_1;stopChr_1;esced_1;tokLen_1;level_1;reset__1;tokenLength_return_1;hasFreePart_return_1;endChar_c_return_1
StateDisabled,_-ten4eLaEeCVSp8F0qHMxQ,DeferredBufferedImage,n_deferredBufferedImage_1;LOG_1;TRANSPARENT_BG_COLOR_1;BACKGROUND_COLOR_1;BUFFER_HEIGHT_1;x_1;y_1;width_1;height_1;scale_1;image_1;editor_1;scaledBufferHeight_1;y1_1;y2_1;getData_return_1;getData_clip_return_1;isRasterValid_clip_return_1;computeRaster_clip_1;offsetWindow_clip_return_1;copyData_outRaster_return_1;getSources_return_1;getColorModel_return_1;getMinX_return_1;getMinY_return_1;getMinTileX_return_1;getMinTileY_return_1;getNumXTiles_return_1;getNumYTiles_return_1;getProperty_name_return_1;getPropertyNames_return_1;getSampleModel_return_1;getTile_tileX_tileY_return_1;getTileGridXOffset_return_1;getTileGridYOffset_return_1;getTileWidth_return_1;getTileHeight_return_1;getWidth_return_1;getHeight_return_1
StateDisabled,_-u0EouLaEeCVSp8F0qHMxQ,AbstractCommand,n_abstractCommand_1;execute_return_1;undo__1;isUndoable_return_1;isRedoable_return_1
StateDisabled,__5Jw0uLaEeCVSp8F0qHMxQ,SequenceDiagramRenderer,n_sequenceDiagramRenderer_1;serialVersionUID_1;LOG_1;getFigNodeFor_gm_lay_node_styleAttributes_return_1;getFigEdgeFor_gm_lay_edge_styleAttributes_return_1;getFigEdgeFor_edge_styleAttributes_return_1
StateDisabled,__5crwOLaEeCVSp8F0qHMxQ,FigMessage,n_figMessage_1;getAction_return_1;getSourcePortFig_return_1;getDestPortFig_return_1;computeRouteImpl__1;isSelfMessage_return_1;getMessage_return_1;layoutEdge__1;getSource_return_1;getDestination_return_1;updateNameText__1;updateStereotypeText__1;determineFigNodes_return_1;makeSelection_return_1
StateDisabled,__-EGAOLaEeCVSp8F0qHMxQ,ClassdiagramEdge,n_classdiagramEdge_1;vGap_1;hGap_1;currentEdge_1;underlyingFig_1;destFigNode_1;sourceFigNode_1;layout__1;getHGap_return_1;getVGap_return_1;getDestFigNode_return_1;getSourceFigNode_return_1;getCurrentEdge_return_1;getUnderlyingFig_return_1
StateDisabled,_AAvmkuLbEeCVSp8F0qHMxQ,FigPackage,n_figPackage_1;LOG_1;MIN_HEIGHT_1;MIN_WIDTH_1;width_1;height_1;indentX_1;textH_1;tabHeight_1;body_1;stereotypeVisible_1;serialVersionUID_1;initialize__1;clone_return_1;setLineColor_col_1;getLineColor_return_1;setFillColor_col_1;getFillColor_return_1;isFilled_return_1;getLineWidth_return_1;updateStereotypeText__1;classNameAndBounds_return_1;getUseTrapRect_return_1;getMinimumSize_return_1;getPopUpActions_me_return_1;doStereotype_value_1;doVisibility_value_1;isStereotypeVisible_return_1;setStereotypeVisible_isVisible_1;isVisibilityVisible_return_1;setVisibilityVisible_isVisible_1;textEditStarted_ft_1;getClosestPoint_anotherPt_return_1;modelChanged_mee_1
StateDisabled,_AIB6VOLbEeCVSp8F0qHMxQ,ActionAddAssociationRole,n_actionAddAssociationRole_1;serialVersionUID_1
StateDisabled,_AOuYMOLbEeCVSp8F0qHMxQ,ConfigPanelExtension,n_configPanelExtension_1;configPanel_1;attribute_1;datatype_1;modelcollections_1;modelorderedcollections_1;collectionlist_1;orderedcollectionlist_1;createGridBagConstraints_topInset_bottomInset_fill_return_1;createGridBagConstraintsFinal_return_1;getAttribute_return_1;getDatatype_return_1;disposeDialog__1;createGridBagConstraints_topInset_bottomInset_fill_return_2;createGridBagConstraintsFinal_return_2
StateDisabled,_AOl1UOLbEeCVSp8F0qHMxQ,FileImportUtils,n_fileImportUtils_1
StateDisabled,_AVJwUOLbEeCVSp8F0qHMxQ,UMLExpressionExpressionModel,n_uMLExpressionExpressionModel_1;getExpression_return_1;setExpression_expr_1;newExpression_return_1
StateDisabled,_AQ_CAeLbEeCVSp8F0qHMxQ,SourcePathDialog,n_sourcePathDialog_1;srcPathTable_1;delButton_1;rowSM_1;buttonOkActionPerformed__1;getSelectedIndexes_return_1;deleteSelectedSettings__1
StateDisabled,_Ae0psuLbEeCVSp8F0qHMxQ,UMLActionSequenceActionListModel,n_uMLActionSequenceActionListModel_1;buildModelList__1;isValidElement_element_return_1;moveDown_index_1;moveToBottom_index_1;moveToTop_index_1
StateDisabled,_AfQukeLbEeCVSp8F0qHMxQ,PropPanelCallAction,n_propPanelCallAction_1;serialVersionUID_1;initialize__1
StateDisabled,_AfQuleLbEeCVSp8F0qHMxQ,UMLCallActionOperationComboBoxModel,n_uMLCallActionOperationComboBoxModel_1;serialVersionUID_1;buildModelList__1;getSelectedModelElement_return_1;isValidElement_element_return_1
StateDisabled,_AjgVZOLbEeCVSp8F0qHMxQ,ActionSetContextStateMachine,n_actionSetContextStateMachine_1;SINGLETON_1;serialVersionUID_1;getInstance_return_1
StateDisabled,_Amxr1OLbEeCVSp8F0qHMxQ,PropPanelExtensionPoint,n_propPanelExtensionPoint_1;serialVersionUID_1;navigateUp__1
StateDisabled,_ApdMYuLbEeCVSp8F0qHMxQ,PropPanelEnumerationLiteral,n_propPanelEnumerationLiteral_1;serialVersionUID_1
StateDisabled,_Asbn5OLbEeCVSp8F0qHMxQ,UMLClassifierParameterListModel,n_uMLClassifierParameterListModel_1;buildModelList__1;isValidElement_element_return_1;moveDown_index_1;moveToBottom_index_1;moveToTop_index_1
UsecaseDisabled,_-j84cuLaEeCVSp8F0qHMxQ,ResourceLoaderWrapper,n_resourceLoaderWrapper_1;LOG_1;initialStateIcon_1;deepIcon_1;shallowIcon_1;forkIcon_1;joinIcon_1;branchIcon_1;junctionIcon_1;realizeIcon_1;signalIcon_1;exceptionIcon_1;commentIcon_1;iconCache_1;instance_1;images_1;getInstance_return_1;lookAndFeelPath_classname_element_return_1;initResourceLoader__1;addResourceLocation_location_1;lookupIconResource_resource_return_1;lookupIconResource_resource_desc_return_1;lookupIcon_key_return_1;lookupIcon_value_return_1;getImageBinding_name_return_1;lookupIconUrl_name_loader_return_1;lookupIconUrl_name_return_1
UsecaseDisabled,_-okSseLaEeCVSp8F0qHMxQ,ActionOpenDecisions,n_actionOpenDecisions_1;actionPerformed_ae_1
UsecaseDisabled,_-ten4eLaEeCVSp8F0qHMxQ,DeferredBufferedImage,n_deferredBufferedImage_1;LOG_1;TRANSPARENT_BG_COLOR_1;BACKGROUND_COLOR_1;BUFFER_HEIGHT_1;x_1;y_1;width_1;height_1;scale_1;image_1;editor_1;scaledBufferHeight_1;y1_1;y2_1;getData_return_1;getData_clip_return_1;isRasterValid_clip_return_1;computeRaster_clip_1;offsetWindow_clip_return_1;copyData_outRaster_return_1;getSources_return_1;getColorModel_return_1;getMinX_return_1;getMinY_return_1;getMinTileX_return_1;getMinTileY_return_1;getNumXTiles_return_1;getNumYTiles_return_1;getProperty_name_return_1;getPropertyNames_return_1;getSampleModel_return_1;getTile_tileX_tileY_return_1;getTileGridXOffset_return_1;getTileGridYOffset_return_1;getTileWidth_return_1;getTileHeight_return_1;getWidth_return_1;getHeight_return_1
UsecaseDisabled,__GxRouLaEeCVSp8F0qHMxQ,ModelElementNameNotationUml,n_modelElementNameNotationUml_1;parse_modelElement_text_1;getParsingHelp_return_1;toString_modelElement_args_return_1;toString_modelElement_handleStereotypes_useGuillemets_showVisibility_showPath_return_1;generateStereotypes_modelElement_args_return_1;generatePath_modelElement_args_return_1;generateVisibility_modelElement_args_return_1;generateVisibility_modelElement_return_1
UsecaseDisabled,__KMZEOLaEeCVSp8F0qHMxQ,XMLTokenTableBase,n_xMLTokenTableBase_1;LOG_1;tokens_1;dbg_1;openTags_1;openTokens_1;numOpen_1;toToken_s_push_return_1;getDbg_return_1;contains_token_return_1;setupTokens__1
UsecaseDisabled,__NK0kuLaEeCVSp8F0qHMxQ,ProfileFacade,n_profileFacade_1;notInitialized_string_1;reset__1;isInitiated_return_1
UsecaseDisabled,__gGXoOLaEeCVSp8F0qHMxQ,GoSignalToReception,n_goSignalToReception_1;getRuleName_return_1;getChildren_parent_return_1;getDependencies_parent_return_1
UsecaseDisabled,__vISIOLaEeCVSp8F0qHMxQ,CrNoOutgoingTransitions,n_crNoOutgoingTransitions_1;getCriticizedDesignMaterials_return_1
UsecaseDisabled,__9UfIuLaEeCVSp8F0qHMxQ,StateDiagramRenderer,n_stateDiagramRenderer_1;LOG_1;getFigNodeFor_gm_lay_node_styleAttributes_return_1;getFigEdgeFor_gm_lay_edge_styleAttributes_return_1
UsecaseDisabled,_AEmy4eLbEeCVSp8F0qHMxQ,FigProfileIcon,n_figProfileIcon_1;image_1;label_1;GAP_1;getLabelFig_return_1;getLabel_return_1;setLabel_txt_1
UsecaseDisabled,_ANFZdOLbEeCVSp8F0qHMxQ,Language,n_language_1;name_1;title_1;icon_1;getIcon_return_1;setIcon_theIcon_1;getName_return_1;setName_theName_1;getTitle_return_1;setTitle_theTitle_1;toString_return_1
UsecaseDisabled,_AOuYMOLbEeCVSp8F0qHMxQ,ConfigPanelExtension,n_configPanelExtension_1;configPanel_1;attribute_1;datatype_1;modelcollections_1;modelorderedcollections_1;collectionlist_1;orderedcollectionlist_1;createGridBagConstraints_topInset_bottomInset_fill_return_1;createGridBagConstraintsFinal_return_1;getAttribute_return_1;getDatatype_return_1;disposeDialog__1;createGridBagConstraints_topInset_bottomInset_fill_return_2;createGridBagConstraintsFinal_return_2
UsecaseDisabled,_ATXAleLbEeCVSp8F0qHMxQ,MoveToTopAction,n_moveToTopAction_1;index_1;isEnabled_return_1
UsecaseDisabled,_Ae9zpOLbEeCVSp8F0qHMxQ,ActionAddReceptionSignal,n_actionAddReceptionSignal_1;serialVersionUID_1;getChoices_return_1;getSelected_return_1;getDialogTitle_return_1;doIt_selected_1
UsecaseDisabled,_AuEmoOLbEeCVSp8F0qHMxQ,UMLOperationMethodsListModel,n_uMLOperationMethodsListModel_1;serialVersionUID_1;buildModelList__1;isValidElement_element_return_1
UsecaseDisabled,_AwTbQuLbEeCVSp8F0qHMxQ,PropPanelOperation,n_propPanelOperation_1;serialVersionUID_1;addRaisedSignal__1;addMethod__1;getDisplayNamespace_return_1
UsecaseDisabled,_AwclMOLbEeCVSp8F0qHMxQ,ActionNewRaisedSignal,n_actionNewRaisedSignal_1;serialVersionUID_1
UsecaseDisabled,_AxDCJOLbEeCVSp8F0qHMxQ,PropPanelStereotype,n_propPanelStereotype_1;serialVersionUID_1;metaClasses_1;generalizationScroll_1;specializationScroll_1;tagDefinitionScroll_1;extendedElementsScroll_1;getGeneralizationScroll_return_1;getSpecializationScroll_return_1;getTagDefinitionScroll_return_1;getExtendedElementsScroll_return_1;initMetaClasses__1
UsecaseDisabled,_AxMME-LbEeCVSp8F0qHMxQ,ActionAddStereotypeBaseClass,n_actionAddStereotypeBaseClass_1;getChoices_return_1;getDialogTitle_return_1;getSelected_return_1;doIt_selected_1
