ActivityDisabled,__DWKMOLaEeCVSp8F0qHMxQ,ModelElementNameNotation,n_modelElementNameNotation_1;initialiseListener_listener_modelElement_1
ActivityDisabled,__IQfYOLaEeCVSp8F0qHMxQ,InitPatternCritics,n_initPatternCritics_1;getProjectSettingsTabs_return_1;getSettingsTabs_return_1;init__1;getDetailsTabs_return_1
ActivityDisabled,__NT-hOLaEeCVSp8F0qHMxQ,ProfileLoader,n_profileLoader_1;LOG_1;JAR_PREFIX_1;FILE_PREFIX_1;doLoad__1;huntForProfilesInDir_dir_1;loadProfilesFromJarFile_manifest_file_classloader_1;loadManifestDependenciesForProfile_attr_return_1;loadJavaCriticsForProfile_attr_classloader_return_1
ActivityDisabled,__Sq_ouLaEeCVSp8F0qHMxQ,SettingsTabProfile,n_settingsTabProfile_1;loadFromFile_1;addButton_1;removeButton_1;availableList_1;defaultList_1;directoryList_1;addDirectory_1;removeDirectory_1;refreshProfiles_1;stereoLabel_1;stereoField_1;initDefaultStereotypeViewSelector_return_1;refreshLists__1;getUsedProfiles_return_1;getAvailableProfiles_return_1;actionPerformed_arg0_1;getTabKey_return_1;getTabPanel_return_1;handleResetToDefault__1;handleSettingsTabCancel__1;handleSettingsTabRefresh__1;handleSettingsTabSave__1
ActivityDisabled,__cFaUOLaEeCVSp8F0qHMxQ,ExplorerTree,n_explorerTree_1;updatingSelection_1;updatingSelectionViaTreeSelection_1;serialVersionUID_1;refreshSelection__1;setSelection_targets_1;addTargetsInternal_addedTargets_1;selectVisible_target_1;selectAll_targets_1
ActivityDisabled,__cYVQeLaEeCVSp8F0qHMxQ,ExplorerTargetListener,n_explorerTargetListener_1;setTargets_targets_1
ActivityDisabled,__6DIseLaEeCVSp8F0qHMxQ,ModeChangeHeight,n_modeChangeHeight_1;contract_1;contractSet_1;startX_1;startY_1;currentY_1;editor_1;rubberbandColor_1;serialVersionUID_1;mousePressed_me_1;mouseDragged_me_1;mouseReleased_me_1;instructions_return_1;isContract_return_1
ActivityDisabled,__6WDo-LaEeCVSp8F0qHMxQ,FigClassifierRole,n_figClassifierRole_1;LOG_1;ROLE_WIDTH_1;MARGIN_1;ROWDISTANCE_1;MIN_HEAD_HEIGHT_1;MIN_HEAD_WIDTH_1;linkPositions_1;baseNames_1;classifierRoleName_1;serialVersionUID_1;mouseReleased_me_1;updateNameText__1;getNodeCount_return_1;createFigMessagePort_message_tempFig_return_1;superTranslate_dx_dy_1;getBeautifiedName_o_return_1;isCallMessage_message_return_1;isReturnMessage_message_return_1;isCreateMessage_message_return_1;isDestroyMessage_message_return_1;setPreviousState_start_newState_1;setFromActionNode_lastState_offset_return_1;updateNodeStates__1;addActivations__1;updateActivations__1;getHandler_stack_container_uri_localname_qname_attributes_return_1;updateBounds__1;setFillColor_col_1;setFilled_filled_1;getFillColor_return_1;isFilled_return_1;getLineColor_return_1;getLineWidth_return_1;updateListeners_oldOwner_newOwner_1;growToSize_nodeCount_1;grow_nodePosition_count_1;modelChanged_mee_1;updateEmptyNodeArray_start_emptyNodes_1;contractNodes_start_emptyNodes_1;updateBaseNames__1;updateClassifierRoleName__1;renderingChanged__1;deepHitPort_x_y_return_1;setOwner_own_1;getPortFig_messageNode_return_1;makeSelection_return_1;updateStereotypeText__1
ActivityDisabled,__6fNkeLaEeCVSp8F0qHMxQ,TempFig,n_tempFig_1;serialVersionUID_1
ActivityDisabled,_AKG98uLbEeCVSp8F0qHMxQ,FigMultiplicity,n_figMultiplicity_1;getNotationProviderType_return_1
ActivityDisabled,_ATzsgOLbEeCVSp8F0qHMxQ,UMLCheckBox2,n_uMLCheckBox2_1;checkBoxTarget_1;propertySetName_1;propertyChange_evt_1;getTarget_return_1;setTarget_target_1;buildModel__1
ActivityDisabled,_AYIL0uLbEeCVSp8F0qHMxQ,UMLModelElementCommentDocument,n_uMLModelElementCommentDocument_1;useBody_1;setProperty_text_1;getProperty_return_1
ActivityDisabled,_AagKYOLbEeCVSp8F0qHMxQ,PropPanelSubactivityState,n_propPanelSubactivityState_1
ActivityDisabled,_Ae0psuLbEeCVSp8F0qHMxQ,UMLActionSequenceActionListModel,n_uMLActionSequenceActionListModel_1;buildModelList__1;isValidElement_element_return_1;moveDown_index_1;moveToBottom_index_1;moveToTop_index_1
ActivityDisabled,_An9-oOLbEeCVSp8F0qHMxQ,UMLClassifierAssociationEndListModel,n_uMLClassifierAssociationEndListModel_1;buildModelList__1;isValidElement_element_return_1
ActivityDisabled,_AtU_wuLbEeCVSp8F0qHMxQ,UMLParameterDirectionKindRadioButtonPanel,n_uMLParameterDirectionKindRadioButtonPanel_1;labelTextsAndActionCommands_1;buildModel__1
ActivityDisabled,_ArZGF-LbEeCVSp8F0qHMxQ,ActionDeleteAnnotatedElement,n_actionDeleteAnnotatedElement_1;actionPerformed_arg0_1
ActivityDisabled,_AvQSYOLbEeCVSp8F0qHMxQ,UMLGeneralizableElementRootCheckBox,n_uMLGeneralizableElementRootCheckBox_1;buildModel__1
ActivityDisabled,_Aw5RIuLbEeCVSp8F0qHMxQ,UMLTagDefinitionTypedValuesListModel,n_uMLTagDefinitionTypedValuesListModel_1;buildModelList__1;isValidElement_element_return_1
CollabDisabled,_-lABVOLaEeCVSp8F0qHMxQ,AndCM,n_andCM_1
CollabDisabled,_-vtcgeLaEeCVSp8F0qHMxQ,DelayedChangeNotify,n_delayedChangeNotify_1;pce_1;run__1
CollabDisabled,_-zko1OLaEeCVSp8F0qHMxQ,DummyModelCommand,n_dummyModelCommand_1;undo__1;execute_return_1;isUndoable_return_1;isRedoable_return_1
CollabDisabled,_-35IIuLaEeCVSp8F0qHMxQ,ModelEventPumpEUMLImpl,n_modelEventPumpEUMLImpl_1;registerForElements_1;registerForClasses_1;mutex_1;LOG_1;COMMAND_STACK_UPDATE_1;setRootContainer_container_1;addClassModelEventListener_listener_modelClass_propertyNames_1;addModelEventListener_listener_modelelement_propertyNames_1;addModelEventListener_listener_modelelement_1;registerListener_notifier_listener_propertyNames_register_1;flushModelEvents__1;removeClassModelEventListener_listener_modelClass_propertyNames_1;removeModelEventListener_listener_modelelement_propertyNames_1;removeModelEventListener_listener_modelelement_1;unregisterListener_notifier_listener_propertyNames_register_1;notifyChanged_notification_1;getListeners_element_return_1;getListeners_element_propName_return_1;addListeners_listeners_element_propName_register_1;startPumpingEvents__1;stopPumpingEvents__1;mapPropertyName_name_return_1;getDebugInfo_return_1;newDebugNode_name_return_1
CollabDisabled,_-4CSEeLaEeCVSp8F0qHMxQ,Listener,n_listener_1;listener_1;props_1;setProperties_properties_1;removeProperties_properties_1;getListener_return_1;getProperties_return_1
CollabDisabled,_-3ccMOLaEeCVSp8F0qHMxQ,ExtensionMechanismsHelperEUMLImpl,n_extensionMechanismsHelperEUMLImpl_1;addBaseClass_handle_baseClass_1;addCopyStereotype_modelElement_stereotype_1;addExtendedElement_handle_extendedElement_1;addTaggedValue_handle_taggedValue_1;getAllPossibleStereotypes_models_modelElement_return_1;getMetaModelName_m_return_1;getMetaModelName_clazz_return_1;getStereotype_ns_stereo_return_1;getStereotype_models_stereo_return_1;getStereotypes_ns_return_1;getStereotypes_models_return_1;hasStereotype_handle_name_return_1;isStereotype_object_name_base_return_1;isStereotypeInh_object_name_base_return_1;isValidStereotype_theModelElement_theStereotype_return_1;removeBaseClass_handle_baseClass_1;removeTaggedValue_handle_taggedValue_1;setIcon_handle_icon_1;setTaggedValue_handle_taggedValues_1;setTagType_handle_tagType_1;setType_handle_type_1;setValueOfTag_handle_value_1;setDataValues_handle_value_1
CollabDisabled,__QvF8-LaEeCVSp8F0qHMxQ,ModePlaceClassifierRole,n_modePlaceClassifierRole_1;mousePressed_me_1;mouseDragged_me_1;postProcessing__1
CollabDisabled,__a5HgeLaEeCVSp8F0qHMxQ,ShortcutMgr,n_shortcutMgr_1;ACTION_NEW_PROJECT_1;ACTION_OPEN_PROJECT_1;ACTION_SAVE_PROJECT_1;ACTION_SAVE_PROJECT_AS_1;ACTION_PRINT_1;ACTION_SELECT_ALL_1;ACTION_UNDO_1;ACTION_REDO_1;ACTION_REMOVE_FROM_DIAGRAM_1;ACTION_DELETE_MODEL_ELEMENTS_1;ACTION_ZOOM_OUT_1;ACTION_ZOOM_IN_1;ACTION_FIND_1;ACTION_GENERATE_ALL_CLASSES_1;ACTION_ALIGN_RIGHTS_1;ACTION_ALIGN_LEFTS_1;ACTION_REVERT_TO_SAVED_1;ACTION_IMPORT_XMI_1;ACTION_EXPORT_XMI_1;ACTION_IMPORT_FROM_SOURCES_1;ACTION_PROJECT_SETTINGS_1;ACTION_PAGE_SETUP_1;ACTION_SAVE_GRAPHICS_1;ACTION_SAVE_ALL_GRAPHICS_1;ACTION_NAVIGATE_FORWARD_1;ACTION_NAVIGATE_BACK_1;ACTION_SELECT_INVERT_1;ACTION_PERSPECTIVE_CONFIG_1;ACTION_SETTINGS_1;ACTION_NOTATION_1;ACTION_GO_TO_DIAGRAM_1;ACTION_ZOOM_RESET_1;ACTION_ADJUST_GRID_1;ACTION_ADJUST_GUIDE_1;ACTION_ADJUST_PAGE_BREAKS_1;ACTION_SHOW_XML_DUMP_1;ACTION_USE_CASE_DIAGRAM_1;ACTION_CLASS_DIAGRAM_1;ACTION_SEQUENCE_DIAGRAM_1;ACTION_STATE_DIAGRAM_1;ACTION_ACTIVITY_DIAGRAM_1;ACTION_DEPLOYMENT_DIAGRAM_1;ACTION_GENERATE_ONE_1;ACTION_GENERATE_PROJECT_CODE_1;ACTION_GENERATION_SETTINGS_1;ACTION_PREFERRED_SIZE_1;ACTION_AUTO_CRITIQUE_1;ACTION_OPEN_DECISIONS_1;ACTION_OPEN_GOALS_1;ACTION_OPEN_CRITICS_1;ACTION_HELP_1;ACTION_SYSTEM_INFORMATION_1;ACTION_ABOUT_ARGOUML_1;ACTION_ALIGN_TOPS_1;ACTION_ALIGN_BOTTOMS_1;ACTION_ALIGN_H_CENTERS_1;ACTION_ALIGN_V_CENTERS_1;ACTION_ALIGN_TO_GRID_1;ACTION_DISTRIBUTE_H_SPACING_1;ACTION_DISTRIBUTE_H_CENTERS_1;ACTION_DISTRIBUTE_V_SPACING_1;ACTION_DISTRIBUTE_V_CENTERS_1;ACTION_REORDER_FORWARD_1;ACTION_REORDER_BACKWARD_1;ACTION_REORDER_TO_FRONT_1;ACTION_REORDER_TO_BACK_1;LOG_1;DEFAULT_MASK_1;SHIFTED_DEFAULT_MASK_1;shortcutHash_1;duplicate_1;assignAccelerator_menuItem_shortcutKey_1;assignAccelerator_panel_shortcutKey_1;getDuplicate_keyStroke_return_1;putDefaultShortcut_shortcutKey_defaultKeyStroke_action_1;putDefaultShortcut_shortcutKey_defaultKeyStroke_action_actionName_1;decodeKeyStroke_strKeyStroke_return_1;decodeModifier_modifier_return_1;getActionDefaultName_action_return_1
CollabDisabled,__ciGQOLaEeCVSp8F0qHMxQ,PerspectiveConfigurator,n_perspectiveConfigurator_1;LOG_1;INSET_PX_1;configPanelNorth_1;configPanelSouth_1;splitPane_1;renameTextField_1;newPerspectiveButton_1;removePerspectiveButton_1;duplicatePerspectiveButton_1;moveUpButton_1;moveDownButton_1;addRuleButton_1;removeRuleButton_1;resetToDefaultButton_1;perspectiveList_1;perspectiveRulesList_1;ruleLibraryList_1;perspectiveListModel_1;perspectiveRulesListModel_1;ruleLibraryListModel_1;persLabel_1;ruleLibLabel_1;rulesLabel_1;makeLists__1;makeButtons__1;makeLayout__1;makeListeners__1;loadLibrary__1;loadPerspectives__1;updatePersLabel__1;updateLibLabel__1;updateRuleLabel__1;sortJListModel_list_1;doAddRule__1;doRemoveRule__1
CollabDisabled,__dRtI-LaEeCVSp8F0qHMxQ,MoveUpListener,n_moveUpListener_1
CollabDisabled,__raPwOLaEeCVSp8F0qHMxQ,CrInterfaceOperOnly,n_crInterfaceOperOnly_1;getCriticizedDesignMaterials_return_1
CollabDisabled,_AMC3oOLbEeCVSp8F0qHMxQ,UMLUseCaseDiagram,n_uMLUseCaseDiagram_1;LOG_1;actionActor_1;actionUseCase_1;actionAssociation_1;actionAggregation_1;actionComposition_1;actionUniAssociation_1;actionUniAggregation_1;actionUniComposition_1;actionGeneralize_1;actionExtend_1;actionInclude_1;actionDependency_1;actionExtensionPoint_1;setNamespace_handle_1;getUmlActions_return_1;getAssociationActions_return_1;getLabelName_return_1;getActionActor_return_1;getActionAggregation_return_1;getActionAssociation_return_1;getActionComposition_return_1;getActionDependency_return_1;getActionExtend_return_1;getActionGeneralize_return_1;getActionInclude_return_1;getActionUniAggregation_return_1;getActionUniAssociation_return_1;getActionUniComposition_return_1;getActionUseCase_return_1;getActionExtensionPoint_return_1;isRelocationAllowed_base_return_1;relocate_base_return_1;getRelocationCandidates_root_return_1;encloserChanged_enclosed_oldEncloser_newEncloser_1;doesAccept_objectToAccept_return_1;drop_droppedObject_location_return_1
CollabDisabled,_ARuo4uLbEeCVSp8F0qHMxQ,UMLStimulusActionTextField,n_uMLStimulusActionTextField_1;targetChanged__1;targetReasserted__1;propertyChange_event_1;update__1;changedUpdate_p1_1;removeUpdate_p1_1;insertUpdate_p1_1
CollabDisabled,_ARbt8uLbEeCVSp8F0qHMxQ,TabConstraints,n_tabConstraints_1;LOG_1;mOcleEditor_1;mMmeiTarget_1;setToolbarRollover_enable_1;setToolbarFloatable_enable_1;getOclToolbar_return_1;shouldBeEnabled_target_return_1;getTarget_return_1;refresh__1;setTarget_oTarget_1;setTargetInternal_oTarget_1
CollabDisabled,_ARk34eLbEeCVSp8F0qHMxQ,ConstraintModel,n_constraintModel_1;theMMmeiTarget_1;theMAlConstraints_1;theMEllListeners_1;getConstraintCount_return_1;getConstraintAt_nIdx_return_1;removeConstraintAt_nIdx_1;addConstraint__1;representationFor_nIdx_return_1;addConstraintChangeListener_ccl_1;removeConstraintChangeListener_ccl_1;fireConstraintRemoved_mc_nIdx_1;fireConstraintAdded__1;fireConstraintDataChanged_nIdx_mcOld_mcNew_1;fireConstraintNameChanged_nIdx_mcOld_mcNew_1
CollabDisabled,_ARk34-LbEeCVSp8F0qHMxQ,CR,n_cR_1
CollabDisabled,_AX0p0OLbEeCVSp8F0qHMxQ,ActionUseCaseDiagram,n_actionUseCaseDiagram_1;LOG_1;isValidNamespace_handle_return_1
CollabDisabled,_ASBj0OLbEeCVSp8F0qHMxQ,ActionActivityDiagram,n_actionActivityDiagram_1;serialVersionUID_1
CollabDisabled,_Ae0psuLbEeCVSp8F0qHMxQ,UMLActionSequenceActionListModel,n_uMLActionSequenceActionListModel_1;buildModelList__1;isValidElement_element_return_1;moveDown_index_1;moveToBottom_index_1;moveToTop_index_1
CollabDisabled,_AfHko-LbEeCVSp8F0qHMxQ,UMLReceptionSignalComboBoxModel,n_uMLReceptionSignalComboBoxModel_1;buildModelList__1;isValidElement_m_return_1;getSelectedModelElement_return_1
CollabDisabled,_AksoMOLbEeCVSp8F0qHMxQ,ActionNewTimeEvent,n_actionNewTimeEvent_1;singleton_1;createEvent_ns_return_1;getSingleton_return_1
DeployDisabled,_-pA-ouLaEeCVSp8F0qHMxQ,WizStepConfirm,n_wizStepConfirm_1;instructions_1;serialVersionUID_1
DeployDisabled,_-riuMOLaEeCVSp8F0qHMxQ,ActionOpenGoals,n_actionOpenGoals_1;actionPerformed_ae_1
DeployDisabled,_-rsfMuLaEeCVSp8F0qHMxQ,ActionGoToCritique,n_actionGoToCritique_1;actionPerformed_ae_1
DeployDisabled,_-txi0OLaEeCVSp8F0qHMxQ,ArgoModeCreateFigRect,n_argoModeCreateFigRect_1;createNewItem_me_snapX_snapY_return_1;instructions_return_1
DeployDisabled,__CmjVeLaEeCVSp8F0qHMxQ,StateBodyNotation,n_stateBodyNotation_1;initialiseListener_listener_modelElement_1;addListenersForAction_listener_action_1;addListenersForEvent_listener_event_1;addListenersForTransition_listener_transition_1
DeployDisabled,__HXHgOLaEeCVSp8F0qHMxQ,NotationComboBox,n_notationComboBox_1;LOG_1;singleton_1;serialVersionUID_1;getInstance_return_1;refresh__1
DeployDisabled,__Hg4geLaEeCVSp8F0qHMxQ,ArgoFacade,n_argoFacade_1;target_1;getClassifier_name_return_1
DeployDisabled,__qXt8uLaEeCVSp8F0qHMxQ,CrInterfaceAllPublic,n_crInterfaceAllPublic_1;getCriticizedDesignMaterials_return_1
DeployDisabled,__6WDo-LaEeCVSp8F0qHMxQ,FigClassifierRole,n_figClassifierRole_1;LOG_1;ROLE_WIDTH_1;MARGIN_1;ROWDISTANCE_1;MIN_HEAD_HEIGHT_1;MIN_HEAD_WIDTH_1;linkPositions_1;baseNames_1;classifierRoleName_1;serialVersionUID_1;mouseReleased_me_1;updateNameText__1;getNodeCount_return_1;superTranslate_dx_dy_1;getBeautifiedName_o_return_1;isCallMessage_message_return_1;isReturnMessage_message_return_1;isCreateMessage_message_return_1;isDestroyMessage_message_return_1;setPreviousState_start_newState_1;setFromActionNode_lastState_offset_return_1;updateNodeStates__1;addActivations__1;updateActivations__1;getHandler_stack_container_uri_localname_qname_attributes_return_1;updateBounds__1;setFillColor_col_1;setFilled_filled_1;getFillColor_return_1;isFilled_return_1;getLineColor_return_1;getLineWidth_return_1;updateListeners_oldOwner_newOwner_1;growToSize_nodeCount_1;grow_nodePosition_count_1;modelChanged_mee_1;updateEmptyNodeArray_start_emptyNodes_1;contractNodes_start_emptyNodes_1;updateBaseNames__1;updateClassifierRoleName__1;renderingChanged__1;deepHitPort_x_y_return_1;setOwner_own_1;getPortFig_messageNode_return_1;makeSelection_return_1;updateStereotypeText__1
DeployDisabled,__8k4QuLaEeCVSp8F0qHMxQ,FigForkState,n_figForkState_1;X_1;Y_1;STATE_WIDTH_1;HEIGHT_1;head_1;serialVersionUID_1;initFigs__1;clone_return_1;setLineColor_col_1;getLineColor_return_1;setFillColor_col_1;getFillColor_return_1;isFilled_return_1;getLineWidth_return_1;mouseClicked_me_1
DeployDisabled,_ALKG0eLbEeCVSp8F0qHMxQ,ActionAddExistingNodes,n_actionAddExistingNodes_1;objects_1;isEnabled_return_1;actionPerformed_ae_1
DeployDisabled,_AJEcI-LbEeCVSp8F0qHMxQ,ModeAddToDiagram,n_modeAddToDiagram_1;serialVersionUID_1;modelElements_1;addRelatedEdges_1;instructions_1;LOG_1;instructions_return_1;getInitialCursor_return_1;mouseReleased_me_1;keyTyped_ke_1
DeployDisabled,_AJEcJeLbEeCVSp8F0qHMxQ,AddToDiagramMemento,n_addToDiagramMemento_1;nodesPlaced_1;editor_1;mgm_1;undo__1;redo__1;dispose__1;toString_return_1
DeployDisabled,_AOqGwOLbEeCVSp8F0qHMxQ,ImporterManager,n_importerManager_1;LOG_1;INSTANCE_1;importers_1;getInstance_return_1;getImporters_return_1;hasImporters_return_1
DeployDisabled,_AwmWMOLbEeCVSp8F0qHMxQ,UMLTagDefinitionOwnerComboBoxModel,n_uMLTagDefinitionOwnerComboBoxModel_1;isValidElement_o_return_1;buildModelList__1;getSelectedModelElement_return_1
DeployDisabled,_A0digOLbEeCVSp8F0qHMxQ,ToolBarUtility,n_toolBarUtility_1;LOG_1;manageDefault_actions_key_1;addItemsToToolBar_buttonPanel_actions_1;addItemsToToolBar_buttonPanel_actions_2;buildPopupToolBoxButton_actions_rollover_return_1
DeployDisabled,_A0nTguLbEeCVSp8F0qHMxQ,ArgoDialog,n_argoDialog_1;frame_1;MNEMONIC_KEY_SUFFIX_1;nameButtons__1;nameButton_button_key_1;init__1
Original,_-19OcOLaEeCVSp8F0qHMxQ,ModelManagementFactoryEUMLImpl,n_modelManagementFactoryEUMLImpl_1;editingDomain_1;theRootModel_1;buildElementImport_pack_me_return_1;buildPackage_name_return_1;copyPackage_source_ns_return_1;createElementImport_return_1;createPackage_return_1;createSubsystem_return_1;setRootModel_rootModel_1;getRootModel_return_1
Original,_-5hf0-LaEeCVSp8F0qHMxQ,RootContainerAdapter,n_rootContainerAdapter_1;notifiers_1;events_1;rootContainer_1;deliverEvents_1;holdEvents_1;setDeliverEvents_value_1;addAdapter_notifier_1;removeAdapter_notifier_1;removeAllAdapters__1;notifyChanged_notification_1;clearHeldEvents__1;setHoldEvents_value_1
Original,__A0aoeLaEeCVSp8F0qHMxQ,ModuleLoader2,n_moduleLoader2_1;LOG_1;moduleStatus_1;extensionLocations_1;FILE_PREFIX_1;JAR_PREFIX_1;CLASS_SUFFIX_1;getDetailsTabs_return_1;availableModules_return_1;doLoad_failingAllowed_1;isEnabled_name_return_1;allModules_return_1;isSelected_name_return_1;isSelectedInternal_name_return_1;setSelected_name_value_1;setSelectedInternal_name_value_1;getDescription_name_return_1;getDescriptionInternal_name_return_1;doInternal_failingAllowed_1;isEnabledInternal_name_return_1;findModule_name_return_1;huntForModules__1;huntForModulesFromExtensionDir__1;computeExtensionLocations__1;getExtensionLocations_return_1;huntModulesFromNamedDirectory_dirname_1;processJarFile_classloader_file_1;processEntry_classloader_cname_return_1;addClass_classname_1;addClass_classLoader_classname_return_1
Original,__A9kkeLaEeCVSp8F0qHMxQ,JarFileFilter,n_jarFileFilter_1;accept_pathname_return_1
Original,__BaQg-LaEeCVSp8F0qHMxQ,SDNotationSettings,n_sDNotationSettings_1;showSequenceNumbers_1;isShowSequenceNumbers_return_1;setShowSequenceNumbers_showThem_1
Original,__Zs0suLaEeCVSp8F0qHMxQ,ActionSelectInvert,n_actionSelectInvert_1
Original,__pxRAuLaEeCVSp8F0qHMxQ,CrMissingOperName,n_crMissingOperName_1;getCriticizedDesignMaterials_return_1
Original,__qXt8OLaEeCVSp8F0qHMxQ,CrWrongLinkEnds,n_crWrongLinkEnds_1
Original,__55XsuLaEeCVSp8F0qHMxQ,ModeExpand,n_modeExpand_1;startX_1;startY_1;currentY_1;editor_1;rubberbandColor_1;mousePressed_me_1;mouseDragged_me_1;mouseReleased_me_1;instructions_return_1
Original,_AZwjguLbEeCVSp8F0qHMxQ,UMLCallStateEntryList,n_uMLCallStateEntryList_1;getPopupMenu_return_1
Original,_AagKYuLbEeCVSp8F0qHMxQ,PropPanelObjectFlowState,n_propPanelObjectFlowState_1;classifierComboBox_1;statesScroll_1;addExtraButtons__1;propertyChange_evt_1;getClassifierComboBox_return_1;removeTopStateFrom_ret_1;getType_target_return_1
Original,_Aap7YeLbEeCVSp8F0qHMxQ,ActionRemoveOFSState,n_actionRemoveOFSState_1;serialVersionUID_1
Original,_AdVb8OLbEeCVSp8F0qHMxQ,PropPanelMessage,n_propPanelMessage_1;serialVersionUID_1
Original,_AgT3cOLbEeCVSp8F0qHMxQ,PropPanelLink,n_propPanelLink_1;associationSelector_1;serialVersionUID_1;getAssociationSelector_return_1
Original,_AlSeEuLbEeCVSp8F0qHMxQ,ActionNewEvent,n_actionNewEvent_1;ROLE_1;createEvent_ns_return_1;getAction_role_t_return_1
Original,_AnrDsOLbEeCVSp8F0qHMxQ,ActionSetClassActive,n_actionSetClassActive_1;SINGLETON_1;getInstance_return_1
Original,_AoaqlOLbEeCVSp8F0qHMxQ,UMLComponentResidentListModel,n_uMLComponentResidentListModel_1;buildModelList__1;isValidElement_o_return_1
Original,_ApAgdOLbEeCVSp8F0qHMxQ,UMLGeneralizationParentListModel,n_uMLGeneralizationParentListModel_1;buildModelList__1;isValidElement_o_return_1
Original,_Asbn4OLbEeCVSp8F0qHMxQ,ActionSetStructuralFeatureMultiplicity,n_actionSetStructuralFeatureMultiplicity_1;SINGLETON_1;setSelectedItem_item_target_1;getInstance_return_1
SequenceDisabled,_-nFE8-LaEeCVSp8F0qHMxQ,DecisionModel,n_decisionModel_1;decisions_1;getDecisionList_return_1;setDecisionPriority_decision_priority_1;defineDecision_decision_priority_1
SequenceDisabled,_-tB78-LaEeCVSp8F0qHMxQ,ArgoFigLine,n_argoFigLine_1;notifier_1;deleteFromModel__1;removeNotificationListener_listener_filter_handback_1;addNotificationListener_listener_filter_handback_1;getNotificationInfo_return_1;removeNotificationListener_listener_1
SequenceDisabled,_-7dZgeLaEeCVSp8F0qHMxQ,XmiReferenceResolverImpl,n_xmiReferenceResolverImpl_1;LOG_1;idToObjects_1;objectsToId_1;topSystemId_1;baseUri_1;modulesPath_1;urlMap_1;reverseUrlMap_1;profile_1;public2SystemIds_1;modelPublicId_1;CLASSPATH_MODEL_SUFFIXES_1;register_systemId_xmiId_object_1;getIdToObjectMap_return_1;clearIdMaps__1;toURL_systemId_return_1;findModuleURL_moduleName_return_1;getSuffix_systemId_return_1;findModelUrlOnClasspath_systemId_return_1;getValidURL_systemId_return_1;fixupURL_url_return_1;readExternalDocument_arg0_1
SequenceDisabled,__BkBgOLaEeCVSp8F0qHMxQ,NotationProviderFactory2,n_notationProviderFactory2_1;LOG_1;currentLanguage_1;TYPE_NAME_1;TYPE_TRANSITION_1;TYPE_STATEBODY_1;TYPE_ACTIONSTATE_1;TYPE_ATTRIBUTE_1;TYPE_OPERATION_1;TYPE_OBJECT_1;TYPE_COMPONENTINSTANCE_1;TYPE_NODEINSTANCE_1;TYPE_OBJECTFLOWSTATE_TYPE_1;TYPE_OBJECTFLOWSTATE_STATE_1;TYPE_CALLSTATE_1;TYPE_CLASSIFIERROLE_1;TYPE_MESSAGE_1;TYPE_EXTENSION_POINT_1;TYPE_ASSOCIATION_END_NAME_1;TYPE_ASSOCIATION_ROLE_1;TYPE_ASSOCIATION_NAME_1;TYPE_MULTIPLICITY_1;TYPE_ENUMERATION_LITERAL_1;TYPE_SD_MESSAGE_1;allLanguages_1;instance_1;getInstance_return_1;setCurrentLanguage_theCurrentLanguage_1
SequenceDisabled,__CJ3YOLaEeCVSp8F0qHMxQ,MultiplicityNotation,n_multiplicityNotation_1
SequenceDisabled,__kkA4uLaEeCVSp8F0qHMxQ,GoClassifierToInstance,n_goClassifierToInstance_1;getRuleName_return_1;getChildren_parent_return_1;getDependencies_parent_return_1
SequenceDisabled,__hI5cOLaEeCVSp8F0qHMxQ,GoSummaryToOutgoingDependency,n_goSummaryToOutgoingDependency_1;getRuleName_return_1;getChildren_parent_return_1;getDependencies_parent_return_1
SequenceDisabled,__lwTsOLaEeCVSp8F0qHMxQ,GoNamespaceToClassifierAndPackage,n_goNamespaceToClassifierAndPackage_1;getRuleName_return_1;getChildren_parent_return_1;getDependencies_parent_return_1
SequenceDisabled,__smikOLaEeCVSp8F0qHMxQ,CrNoGuard,n_crNoGuard_1;getCriticizedDesignMaterials_return_1
SequenceDisabled,__9UfIuLaEeCVSp8F0qHMxQ,StateDiagramRenderer,n_stateDiagramRenderer_1;LOG_1;getFigNodeFor_gm_lay_node_styleAttributes_return_1;getFigEdgeFor_gm_lay_edge_styleAttributes_return_1
SequenceDisabled,___ZiweLaEeCVSp8F0qHMxQ,FigSignal,n_figSignal_1;constructFigs__1;makeSelection_return_1;getPopUpActions_me_return_1;modelChanged_mee_1
SequenceDisabled,_AJEcI-LbEeCVSp8F0qHMxQ,ModeAddToDiagram,n_modeAddToDiagram_1;serialVersionUID_1;modelElements_1;addRelatedEdges_1;instructions_1;LOG_1;instructions_return_1;getInitialCursor_return_1;mouseReleased_me_1;keyTyped_ke_1
SequenceDisabled,_AXrf4OLbEeCVSp8F0qHMxQ,UMLEditableComboBox,n_uMLEditableComboBox_1;doOnEdit_item_1;focusGained_arg0_1;focusLost_arg0_1
SequenceDisabled,_AQ_CBeLbEeCVSp8F0qHMxQ,UmlObjectPropPanelFactory,n_umlObjectPropPanelFactory_1
SequenceDisabled,_AoHvpOLbEeCVSp8F0qHMxQ,ActionAddAssociationSpecification,n_actionAddAssociationSpecification_1;SINGLETON_1;doIt_selected_1;getChoices_return_1;getDialogTitle_return_1;getSelected_return_1;getInstance_return_1
SequenceDisabled,_Ar1yAuLbEeCVSp8F0qHMxQ,ActionSetFeatureOwner,n_actionSetFeatureOwner_1;SINGLETON_1;getInstance_return_1
SequenceDisabled,_AyiP4-LbEeCVSp8F0qHMxQ,UMLElementImportAliasDocument,n_uMLElementImportAliasDocument_1;setProperty_text_1;getProperty_return_1
StateDisabled,_-u0EouLaEeCVSp8F0qHMxQ,AbstractCommand,n_abstractCommand_1;execute_return_1;undo__1;isUndoable_return_1;isRedoable_return_1
StateDisabled,_-3mNMOLaEeCVSp8F0qHMxQ,CollaborationsHelperEUMLImpl,n_collaborationsHelperEUMLImpl_1;addBase_arole_abase_1;addConstrainingElement_handle_constraint_1;addInstance_classifierRole_instance_1;addMessage_handle_elem_1;addPredecessor_handle_predecessor_1;addSuccessor_handle_mess_1;allAvailableContents_arole_return_1;allAvailableFeatures_arole_return_1;getAllClassifierRoles_ns_return_1;getAllPossibleActivators_ames_return_1;getAllPossibleAssociationRoles_role_return_1;getAllPossibleBases_role_return_1;getAllPossiblePredecessors_amessage_return_1;getAssociationRole_afrom_ato_return_1;getClassifierRoles_role_return_1;hasAsActivator_message_activator_return_1;isAddingCollaborationAllowed_context_return_1;removeConstrainingElement_handle_constraint_1;removeInteraction_collab_interaction_1;removeMessage_handle_message_1;removePredecessor_handle_message_1;removeSuccessor_handle_mess_1;setAction_handle_action_1;setActivator_ames_anactivator_1;setBase_arole_abase_1;setBases_role_bases_1;setContext_handle_col_1;setPredecessors_handle_predecessors_1;setRepresentedClassifier_handle_classifier_1;setRepresentedOperation_handle_operation_1;setSender_handle_sender_1;setSuccessors_handle_messages_1
StateDisabled,_--SrEuLaEeCVSp8F0qHMxQ,DataTypesFactoryMDRImpl,n_dataTypesFactoryMDRImpl_1;LOG_1;createActionExpression_language_body_return_1;createArgListsExpression_language_body_return_1;createBooleanExpression_language_body_return_1;createExpression_language_body_return_1;createIterationExpression_language_body_return_1;createMappingExpression_language_body_return_1;createObjectSetExpression_language_body_return_1;createProcedureExpression_language_body_return_1;createTimeExpression_language_body_return_1;createTypeExpression_language_body_return_1;createMultiplicity_lower_upper_return_1;createMultiplicity_range_return_1;createMultiplicity_str_return_1;parseRanges_str_return_1;createMultiplicityRange_str_return_1;createMultiplicityRange_lower_upper_return_1;boundToString_i_return_1;stringToBound_b_return_1
StateDisabled,__GK0sOLaEeCVSp8F0qHMxQ,NotationUtilityUml,n_notationUtilityUml_1;attributeCustomSep_1;operationCustomSep_1;parameterCustomSep_1;VISIBILITYCHARS_1;init__1;parseModelElement_me_text_1;generateVisibility_o_return_1;generateVisibility_modelElement_args_return_1;isValue_key_map_return_1;generateVisibility2_o_return_1;generatePath_modelElement_return_1;parseParamList_op_param_paramOffset_1;setParamKind_parameter_description_1;getType_name_defaultSpace_return_1;setProperties_elem_prop_spec_1;indexOfNextCheckedSemicolon_s_start_return_1;getVisibility_name_return_1;generateStereotype_st_args_return_1;formatSingleStereotype_name_args_return_1;generateStereotype_st_useGuillemets_return_1;formatStereotype_name_useGuillemets_return_1;generateParameter_parameter_return_1;generateExpression_expr_return_1;generateUninterpreted_un_return_1;generateClassifierRef_cls_return_1;generateKind_kind_return_1;generateTaggedValue_tv_return_1;generateMultiplicity_element_showSingularMultiplicity_return_1;generateMultiplicity_multiplicityOwner_args_return_1;generateAction_umlAction_return_1;generateActionSequence_a_return_1
StateDisabled,__GeWseLaEeCVSp8F0qHMxQ,PropertySpecialString,n_propertySpecialString_1;name_1;op_1;invoke_element_pname_value_return_1
StateDisabled,__EYsAeLaEeCVSp8F0qHMxQ,AssociationNameNotationUml,n_associationNameNotationUml_1;getParsingHelp_return_1;parse_modelElement_text_1;toString_modelElement_args_return_1;toString_modelElement_showAssociationName_fullyHandleStereotypes_showPath_showVisibility_useGuillemets_return_1
StateDisabled,__ZQv0OLaEeCVSp8F0qHMxQ,ActionHelp,n_actionHelp_1;serialVersionUID_1;actionPerformed_ae_1
StateDisabled,__bC4guLaEeCVSp8F0qHMxQ,ActionAdjustPageBreaks,n_actionAdjustPageBreaks_1
StateDisabled,_AS67sOLbEeCVSp8F0qHMxQ,UMLExpressionModel2,n_uMLExpressionModel2_1;propertyName_1;expression_1;mustRefresh_1;EMPTYSTRING_1;target_1;targetChanged__1;getExpression_return_1;setExpression_expr_1;newExpression_return_1;getLanguage_return_1;getBody_return_1;setLanguage_lang_1;setBody_body_1;setExpression_lang_body_1;setTarget_theNewTarget_1
StateDisabled,_AZwjguLbEeCVSp8F0qHMxQ,UMLCallStateEntryList,n_uMLCallStateEntryList_1;getPopupMenu_return_1
StateDisabled,_AZwjhOLbEeCVSp8F0qHMxQ,PopupMenuNewCallAction,n_popupMenuNewCallAction_1
StateDisabled,_AfHko-LbEeCVSp8F0qHMxQ,UMLReceptionSignalComboBoxModel,n_uMLReceptionSignalComboBoxModel_1;buildModelList__1;isValidElement_m_return_1;getSelectedModelElement_return_1
StateDisabled,_AkZtQuLbEeCVSp8F0qHMxQ,UMLStateMachineContextListModel,n_uMLStateMachineContextListModel_1;buildModelList__1;isValidElement_element_return_1
StateDisabled,_AlSeEOLbEeCVSp8F0qHMxQ,PopupMenuNewEvent,n_popupMenuNewEvent_1;serialVersionUID_1;buildMenu_pmenu_role_target_1
StateDisabled,_AnYIwuLbEeCVSp8F0qHMxQ,UMLExtendExtensionListModel,n_uMLExtendExtensionListModel_1;buildModelList__1;isValidElement_element_return_1
StateDisabled,_Av_5QOLbEeCVSp8F0qHMxQ,PropPanelDataType,n_propPanelDataType_1;operationScroll_1;serialVersionUID_1;addEnumerationButtons__1;getOperationScroll_return_1
StateDisabled,_Av_5QuLbEeCVSp8F0qHMxQ,ActionAddQueryOperation,n_actionAddQueryOperation_1;serialVersionUID_1
StateDisabled,_Av2vUuLbEeCVSp8F0qHMxQ,UMLCommentAnnotatedElementListModel,n_uMLCommentAnnotatedElementListModel_1;buildModelList__1;isValidElement_element_return_1
StateDisabled,_Ay-UwOLbEeCVSp8F0qHMxQ,StringNamespaceElement,n_stringNamespaceElement_1;element_1;getNamespaceElement_return_1;toString_return_1
StateDisabled,_Azt7pOLbEeCVSp8F0qHMxQ,ThreadUtils,n_threadUtils_1;checkIfInterrupted__1
UsecaseDisabled,_-ll3MOLaEeCVSp8F0qHMxQ,ToDoList,n_toDoList_1;LOG_1;SLEEP_SECONDS_1;items_1;itemSet_1;allPosters_1;resolvedItems_1;validityChecker_1;listenerList_1;longestToDoList_1;numNotValid_1;isPaused_1;pausedMutex_1;run__1;forceValidityCheck__1;forceValidityCheck_removes_1;pause__1;resume__1;isPaused_return_1;setPaused_paused_1;notifyObservers_action_arg_1;notifyObservers__1;getToDoItemList_return_1;getResolvedItems_return_1;getDecisionList_return_1;getGoalList_return_1;removeAll_list_1;removeAllElements__1;elementListForOffender_offender_return_1;size_return_1;recomputeAllOffenders__1;recomputeAllPosters__1;fireToDoListChanged__1;fireToDoItemsAdded_theItems_1;fireToDoItemsRemoved_theItems_1;toString_return_1
UsecaseDisabled,_-vG_k-LaEeCVSp8F0qHMxQ,ProjectFactory,n_projectFactory_1;INSTANCE_1;getInstance_return_1
UsecaseDisabled,__Lrm0uLaEeCVSp8F0qHMxQ,ProjectFileView,n_projectFileView_1;instance_1;getInstance_return_1;getIcon_f_return_1
UsecaseDisabled,__OgRUOLaEeCVSp8F0qHMxQ,DefaultOclEvaluator,n_defaultOclEvaluator_1;LOG_1
UsecaseDisabled,__RxnweLaEeCVSp8F0qHMxQ,UpArrowIcon,n_upArrowIcon_1;getIconWidth_return_1;getIconHeight_return_1
UsecaseDisabled,__iVMQOLaEeCVSp8F0qHMxQ,GoDiagramToNode,n_goDiagramToNode_1;getRuleName_return_1;getChildren_parent_return_1;getDependencies_parent_return_1
UsecaseDisabled,__3gyEeLaEeCVSp8F0qHMxQ,FigComponentInstance,n_figComponentInstance_1;getNotationProviderType_return_1;clone_return_1;updateListeners_oldOwner_newOwner_1;makeSelection_return_1;mouseClicked_me_1;mousePressed_me_1;setEnclosingFig_encloser_1
UsecaseDisabled,__71RYuLaEeCVSp8F0qHMxQ,FigBranchState,n_figBranchState_1;WIDTH_1;HEIGHT_1;head_1;bp_1;serialVersionUID_1;initFigs__1;getClosestPoint_anotherPt_return_1;clone_return_1;isResizable_return_1;setLineColor_col_1;getLineColor_return_1;setFillColor_col_1;getFillColor_return_1;isFilled_return_1;getLineWidth_return_1;mouseClicked_me_1
UsecaseDisabled,_AAS6ouLbEeCVSp8F0qHMxQ,FigDataType,n_figDataType_1;LOG_1;MIN_WIDTH_1;constructFigs__1;getKeyword_return_1;makeSelection_return_1;getMinimumSize_return_1;getLineWidth_return_1;translate_dx_dy_1;setEnclosingFig_encloser_1;classNameAndBounds_return_1
UsecaseDisabled,_AHcEceLbEeCVSp8F0qHMxQ,FigNodeModelElement,n_figNodeModelElement_1;LOG_1;WIDTH_1;NAME_FIG_HEIGHT_1;NAME_V_PADDING_1;npArguments_1;invisibleAllowed_1;checkSize_1;popupAddOffset_1;ROOT_1;ABSTRACT_1;LEAF_1;ACTIVE_1;bigPort_1;nameFig_1;floatingStereotypes_1;stereotypeStyle_1;ICON_WIDTH_1;originalNameFig_1;enclosedFigs_1;encloser_1;readyToEdit_1;suppressCalcBounds_1;showBoldName_1;removeFromDiagram_1;editable_1;listeners_1;constructFigs__1;setLayer_lay_1;clone_return_1;placeString_return_1;getNameFig_return_1;getNameBounds_return_1;setNameFig_fig_1;getName_return_1;getPopUpActions_me_return_1;buildVisibilityPopUp_return_1;buildModifierPopUp_items_return_1;getEnclosingFig_return_1;setEnclosingFig_newEncloser_1;moveIntoComponent_newEncloser_1;addEnclosedFig_fig_1;removeEnclosedFig_fig_1;getEnclosedFigs_return_1;makeSelection_return_1;getTipString_me_return_1;vetoableChange_pce_1;delayedVetoableChange_pce_1;updateBounds__1;propertyChange_pve_1;formatEvent_event_return_1;isReadOnly_return_1;textEditStarted_ft_1;textEdited_ft_1;mouseClicked_me_1;keyPressed_ke_1;keyReleased_ke_1;keyTyped_ke_1;modelChanged_event_1;createContainedModelElement_fg_me_1;isPartlyOwner_o_return_1;isPartlyOwner_fig_o_return_1;deleteFromModel__1;setOwner_owner_1;initNotationProviders_own_1;getNotationProviderType_return_1;updateStereotypeText__1;updateNameText__1;isPathVisible_return_1;setPathVisible_visible_1;determineDefaultPathVisible__1;classNameAndBounds_return_1;updateListeners_oldOwner_newOwner_1;renderingChanged__1;updateStereotypeIcon__1;calcBounds__1;enableSizeChecking_flag_1;hit_r_return_1;removeFromDiagram__1;getRemoveDelegate_return_1;removeFromDiagramImpl__1;setBigPort_bp_1;getBigPort_return_1;isCheckSize_return_1;isDragConnectable_return_1;getEncloser_return_1;isReadyToEdit_return_1;setSuppressCalcBounds_scb_1;setVisible_visible_1;displace_xInc_yInc_1;allowRemoveFromDiagram_allowed_1;getPopupAddOffset_return_1;isEditable_return_1;setEditable_canEdit_1;addElementListener_element_1;addElementListener_element_property_1;addElementListener_element_property_2;removeElementListener_element_1;removeAllElementListeners__1;removeElementListeners_listenerSet_1;addElementListeners_listenerSet_1;updateElementListeners_listenerSet_1;getNotationArguments_return_1;putNotationArgument_key_value_1;isSingleTarget_return_1;getStereotypeView_return_1;getStereotypeStyle_return_1;getPracticalView_return_1;getStereotypeCount_return_1;setStereotypeStyle_style_1;updateSmallIcons_wid_1;updateFont__1;getNameFigFontStyle_return_1;deepUpdateFont_fg_1
UsecaseDisabled,_AXhu4-LbEeCVSp8F0qHMxQ,ActionRemoveModelElement,n_actionRemoveModelElement_1;SINGLETON_1;isEnabled_return_1
UsecaseDisabled,_AagKYuLbEeCVSp8F0qHMxQ,PropPanelObjectFlowState,n_propPanelObjectFlowState_1;classifierComboBox_1;statesScroll_1;addExtraButtons__1;propertyChange_evt_1;getClassifierComboBox_return_1;removeTopStateFrom_ret_1;getType_target_return_1
UsecaseDisabled,_AazFUuLbEeCVSp8F0qHMxQ,ActionNewOFSParameter,n_actionNewOFSParameter_1
UsecaseDisabled,_Al47AuLbEeCVSp8F0qHMxQ,ActionAddSignalsToSignalEvent,n_actionAddSignalsToSignalEvent_1;SINGLETON_1;serialVersionUID_1;getChoices_return_1;getSelected_return_1;getDialogTitle_return_1;doIt_selected_1
UsecaseDisabled,_AidMgOLbEeCVSp8F0qHMxQ,UMLTransitionStateListModel,n_uMLTransitionStateListModel_1;buildModelList__1;isValidElement_element_return_1
UsecaseDisabled,_Avj0YeLbEeCVSp8F0qHMxQ,UMLDependencySupplierListModel,n_uMLDependencySupplierListModel_1;buildModelList__1;isValidElement_o_return_1
UsecaseDisabled,_ApTbYOLbEeCVSp8F0qHMxQ,UMLClassifierPowertypeRangeListModel,n_uMLClassifierPowertypeRangeListModel_1;buildModelList__1;isValidElement_element_return_1
UsecaseDisabled,_A0UYkeLbEeCVSp8F0qHMxQ,LineSeparator,n_lineSeparator_1;hasCr_1;hasLf_1;hasPeeked_1;reset__1;tokenLength_return_1;getPeekCount_return_1;hasFreePart_return_1;addChar_c_return_1;endChar_c_return_1
