ActivityDisabled,_-nq60OLaEeCVSp8F0qHMxQ,TabChecklist,n_tabChecklist_1;target_1;shouldBeEnabled_1;table_1;findTarget_t_return_1;getTarget_return_1;refresh__1;shouldBeEnabled_t_return_1;resizeColumns__1;actionPerformed_ae_1;valueChanged_lse_1
ActivityDisabled,__CmjUeLaEeCVSp8F0qHMxQ,ExtensionPointNotation,n_extensionPointNotation_1
ActivityDisabled,__GK0sOLaEeCVSp8F0qHMxQ,NotationUtilityUml,n_notationUtilityUml_1;attributeCustomSep_1;operationCustomSep_1;parameterCustomSep_1;VISIBILITYCHARS_1;init__1;parseModelElement_me_text_1;generateVisibility_o_return_1;generateVisibility_modelElement_args_return_1;isValue_key_map_return_1;generateVisibility2_o_return_1;generatePath_modelElement_return_1;parseParamList_op_param_paramOffset_1;setParamKind_parameter_description_1;getType_name_defaultSpace_return_1;indexOfNextCheckedSemicolon_s_start_return_1;getVisibility_name_return_1;generateStereotype_st_args_return_1;formatSingleStereotype_name_args_return_1;generateStereotype_st_useGuillemets_return_1;formatStereotype_name_useGuillemets_return_1;generateParameter_parameter_return_1;generateExpression_expr_return_1;generateUninterpreted_un_return_1;generateClassifierRef_cls_return_1;generateKind_kind_return_1;generateTaggedValue_tv_return_1;generateMultiplicity_element_showSingularMultiplicity_return_1;generateMultiplicity_multiplicityOwner_args_return_1;generateAction_umlAction_return_1;generateActionSequence_a_return_1
ActivityDisabled,__Fuv0OLaEeCVSp8F0qHMxQ,ComponentInstanceNotationUml,n_componentInstanceNotationUml_1;parse_modelElement_text_1;getParsingHelp_return_1;toString_modelElement_args_return_1;toString_modelElement_return_1
ActivityDisabled,__ZjqwOLaEeCVSp8F0qHMxQ,ActionPageSetup,n_actionPageSetup_1;actionPerformed_ae_1
ActivityDisabled,__ciGQOLaEeCVSp8F0qHMxQ,PerspectiveConfigurator,n_perspectiveConfigurator_1;LOG_1;INSET_PX_1;configPanelNorth_1;configPanelSouth_1;splitPane_1;renameTextField_1;newPerspectiveButton_1;removePerspectiveButton_1;duplicatePerspectiveButton_1;moveUpButton_1;moveDownButton_1;addRuleButton_1;removeRuleButton_1;resetToDefaultButton_1;perspectiveList_1;perspectiveRulesList_1;ruleLibraryList_1;perspectiveListModel_1;perspectiveRulesListModel_1;ruleLibraryListModel_1;persLabel_1;ruleLibLabel_1;rulesLabel_1;makeLists__1;makeButtons__1;makeLayout__1;makeListeners__1;loadLibrary__1;loadPerspectives__1;updatePersLabel__1;updateLibLabel__1;updateRuleLabel__1;sortJListModel_list_1;doAddRule__1;doRemoveRule__1
ActivityDisabled,__dRtI-LaEeCVSp8F0qHMxQ,MoveUpListener,n_moveUpListener_1
ActivityDisabled,__g_vhOLaEeCVSp8F0qHMxQ,GoCollaborationToInteraction,n_goCollaborationToInteraction_1;getRuleName_return_1;getChildren_parent_return_1;getDependencies_parent_return_1
ActivityDisabled,_AZKtoOLbEeCVSp8F0qHMxQ,SaveGraphicsManager,n_saveGraphicsManager_1;MIN_MARGIN_1;otherFilters_1;setDefaultFilterBySuffix_suffix_1;setFileChooserFilters_chooser_defaultName_1;getDefaultSuffix_return_1;fixExtension_in_return_1;getSaveActionBySuffix_suffix_return_1;getSettingsList_return_1;adjustDrawingArea_area_return_1
ActivityDisabled,_AZKtouLbEeCVSp8F0qHMxQ,FileFilterChangedListener,n_fileFilterChangedListener_1;chooser_1;defaultName_1;propertyChange_evt_1
ActivityDisabled,_AZKtpOLbEeCVSp8F0qHMxQ,Anonymous1,n_anonymous1_1
ActivityDisabled,_AXYk8OLbEeCVSp8F0qHMxQ,ActionSaveGraphics,n_actionSaveGraphics_1;serialVersionUID_1;LOG_1;actionPerformed_ae_1;trySave_return_1;doSave_theFile_suffix_useUI_return_1;updateStatus_status_1;doCommand_argument_return_1
ActivityDisabled,_AagKYuLbEeCVSp8F0qHMxQ,PropPanelObjectFlowState,n_propPanelObjectFlowState_1;classifierComboBox_1;statesScroll_1;addExtraButtons__1;propertyChange_evt_1;getClassifierComboBox_return_1;removeTopStateFrom_ret_1;getType_target_return_1
ActivityDisabled,_Aap7YOLbEeCVSp8F0qHMxQ,ActionAddOFSState,n_actionAddOFSState_1;choiceClass_1;serialVersionUID_1;doIt_selected_1;getChoices_return_1;getDialogTitle_return_1;getSelected_return_1
ActivityDisabled,_AhDeUOLbEeCVSp8F0qHMxQ,UMLActionArgumentListModel,n_uMLActionArgumentListModel_1;serialVersionUID_1;buildModelList__1;isValidElement_element_return_1;moveDown_index_1;moveToBottom_index_1;moveToTop_index_1
ActivityDisabled,_AiGAIOLbEeCVSp8F0qHMxQ,PropPanelStubState,n_propPanelStubState_1;serialVersionUID_1
ActivityDisabled,_AmL18OLbEeCVSp8F0qHMxQ,UMLCallEventOperationComboBoxModel,n_uMLCallEventOperationComboBoxModel_1;buildModelList__1;getSelectedModelElement_return_1;isValidElement_element_return_1
ActivityDisabled,_AksoMOLbEeCVSp8F0qHMxQ,ActionNewTimeEvent,n_actionNewTimeEvent_1;singleton_1;createEvent_ns_return_1;getSingleton_return_1
ActivityDisabled,_AvaDZOLbEeCVSp8F0qHMxQ,UMLClassAttributeListModel,n_uMLClassAttributeListModel_1;buildModelList__1;isValidElement_element_return_1;moveDown_index1_1;moveToBottom_index_1;moveToTop_index_1
ActivityDisabled,_AwvgIeLbEeCVSp8F0qHMxQ,ActionSetTagDefinitionType,n_actionSetTagDefinitionType_1;SINGLETON_1;LOG_1;getInstance_return_1
ActivityDisabled,_A1NJYuLbEeCVSp8F0qHMxQ,StartBrowser,n_startBrowser_1;LOG_1;openUrl_url_1;openUrl_url_2
CollabDisabled,_-jNRkOLaEeCVSp8F0qHMxQ,ArgoEventPump,n_argoEventPump_1;LOG_1;listeners_1;SINGLETON_1;getInstance_return_1
CollabDisabled,__G6bkuLaEeCVSp8F0qHMxQ,SDMessageNotationUml,n_sDMessageNotationUml_1;toString_modelElement_args_return_1
CollabDisabled,__LO64-LaEeCVSp8F0qHMxQ,PersistenceException,n_persistenceException_1;serialVersionUID_1
CollabDisabled,__XLFIeLaEeCVSp8F0qHMxQ,SwingWorker,n_swingWorker_1;LOG_1;value_1;timer_1;getValue_return_1;doConstruct_return_1;activateGlassPane__1;deactivateGlassPane__1;finished__1;interrupt__1;get_return_1;start__1
CollabDisabled,__XU2IeLaEeCVSp8F0qHMxQ,ThreadVar,n_threadVar_1;thread_1;get_return_1;clear__1
CollabDisabled,__ouvMOLaEeCVSp8F0qHMxQ,ChildGenFind,n_childGenFind_1;SINGLETON_1;gen_o_return_1;getSingleton_return_1
CollabDisabled,__5Jw0uLaEeCVSp8F0qHMxQ,SequenceDiagramRenderer,n_sequenceDiagramRenderer_1;serialVersionUID_1;LOG_1;getFigNodeFor_gm_lay_node_styleAttributes_return_1;getFigEdgeFor_gm_lay_edge_styleAttributes_return_1;getFigEdgeFor_edge_styleAttributes_return_1
CollabDisabled,_AC-bMOLbEeCVSp8F0qHMxQ,SelectionNodeClarifiers2,n_selectionNodeClarifiers2_1;LOG_1;BASE_1;TOP_1;BOTTOM_1;LEFT_1;RIGHT_1;LOWER_LEFT_1;OFFSET_1;button_1;getNewNode_arg0_return_1;dragHandle_mX_mY_anX_anY_hand_1;buttonClicked_buttonCode_1;createEdgeAbove_gm_newNode_return_1;createEdgeUnder_gm_newNode_return_1;createEdgeLeft_gm_newNode_return_1;createEdgeRight_gm_newNode_return_1;createEdge_gm_newNode_index_return_1;createEdgeToSelf_gm_return_1;getIcons_return_1;getInstructions_index_return_1;getNewNodeType_index_return_1;getNewEdgeType_index_return_1;isReverseEdge_index_return_1;isDraggableHandle_index_return_1;isEdgePostProcessRequested_return_1;getButton_return_1
CollabDisabled,_AET38-LbEeCVSp8F0qHMxQ,StatusBarAdapter,n_statusBarAdapter_1;showStatus_statusText_1
CollabDisabled,_AN-xUOLbEeCVSp8F0qHMxQ,Setting,n_setting_1;label_1;description_1;getLabel_return_1;getDescription_return_1;getLabel_return_2
CollabDisabled,_AN-xVOLbEeCVSp8F0qHMxQ,UniqueSelection,n_uniqueSelection_1;options_1;defaultSelection_1;selection_1;isOption_opt_return_1;getDefaultSelection_return_1;getOptions_return_1;setSelection_sel_return_1;getSelection_return_1
CollabDisabled,_AN-xWOLbEeCVSp8F0qHMxQ,PathListSelection,n_pathListSelection_1;defaultPathList_1;pathList_1;getDefaultPathList_return_1;getPathList_return_1;setPathList_newPathList_1
CollabDisabled,_AU2OU-LbEeCVSp8F0qHMxQ,UMLConditionExpressionModel,n_uMLConditionExpressionModel_1;LOG_1;getExpression_return_1;setExpression_expression_1;newExpression_return_1
CollabDisabled,_Agv8VOLbEeCVSp8F0qHMxQ,PropPanelCreateAction,n_propPanelCreateAction_1;serialVersionUID_1
CollabDisabled,_AjWkZOLbEeCVSp8F0qHMxQ,PropPanelSimpleState,n_propPanelSimpleState_1;serialVersionUID_1
CollabDisabled,_AuNwleLbEeCVSp8F0qHMxQ,ActionAddAttribute,n_actionAddAttribute_1;targetFollower_1;serialVersionUID_1;getTargetFollower_return_1;actionPerformed_ae_1;shouldBeEnabled_return_1
CollabDisabled,_AqfuMOLbEeCVSp8F0qHMxQ,UMLAssociationEndAggregationRadioButtonPanel,n_uMLAssociationEndAggregationRadioButtonPanel_1;labelTextsAndActionCommands_1;buildModel__1
CollabDisabled,_AyiP5-LbEeCVSp8F0qHMxQ,ElementImportPackageListModel,n_elementImportPackageListModel_1;buildModelList__1;isValidElement_element_return_1
CollabDisabled,_Ay1K0OLbEeCVSp8F0qHMxQ,SortedListModel,n_sortedListModel_1;delegate_1;getSize_return_1;getElementAt_index_return_1;get_index_return_1;indexOf_o_return_1;size_return_1;isEmpty_return_1;contains_elem_return_1;add_obj_return_1;addAll_c_return_1;remove_obj_return_1;removeAll_c_return_1;toString_return_1;toArray_return_1;toArray_a_return_1;clear__1;containsAll_c_return_1;iterator_return_1;retainAll_c_return_1
DeployDisabled,_-svBA-LaEeCVSp8F0qHMxQ,ArgoFigRect,n_argoFigRect_1;notifier_1;deleteFromModel__1;removeNotificationListener_listener_filter_handback_1;addNotificationListener_listener_filter_handback_1;getNotificationInfo_return_1;removeNotificationListener_listener_1
DeployDisabled,_-y-y8uLaEeCVSp8F0qHMxQ,XmiException,n_xmiException_1;publicId_1;systemId_1;lineNumber_1;columnNumber_1;init_publicId_systemId_line_column_1;getPublicId_return_1;getSystemId_return_1;getLineNumber_return_1;getColumnNumber_return_1
DeployDisabled,__DWKMuLaEeCVSp8F0qHMxQ,ObjectFlowStateTypeNotation,n_objectFlowStateTypeNotation_1
DeployDisabled,__F35weLaEeCVSp8F0qHMxQ,InitNotationUml,n_initNotationUml_1;init__1;getProjectSettingsTabs_return_1;getSettingsTabs_return_1;getDetailsTabs_return_1
DeployDisabled,__YXX8OLaEeCVSp8F0qHMxQ,FindDialog,n_findDialog_1;instance_1;nextResultNum_1;numFinds_1;INSET_PX_1;search_1;clearTabs_1;nameLocTab_1;elementName_1;diagramName_1;location_1;type_1;typeDetails_1;results_1;help_1;resultTabs_1;serialVersionUID_1;getInstance_return_1;initNameLocTab__1;initHelpTab__1;initTypes__1;nameButtons__1;doSearch__1;reset__1;doClearTabs__1;doResetFields_complete_1;doGoToSelection__1;mousePressed_me_1;mouseReleased_me_1;mouseEntered_me_1;mouseExited_me_1;mouseClicked_me_1;myDoubleClick_tab_1
DeployDisabled,__VPLceLaEeCVSp8F0qHMxQ,LoadSwingWorker,n_loadSwingWorker_1;LOG_1;showUi_1;file_1;finished__1
DeployDisabled,__qg35OLaEeCVSp8F0qHMxQ,CrNodesOverlap,n_crNodesOverlap_1;getCriticizedDesignMaterials_return_1
DeployDisabled,__675gOLaEeCVSp8F0qHMxQ,SequenceDiagramPropPanelFactory,n_sequenceDiagramPropPanelFactory_1
DeployDisabled,__-zs4uLaEeCVSp8F0qHMxQ,FigModel,n_figModel_1;figPoly_1;constructFigs__1
DeployDisabled,_AChvQuLbEeCVSp8F0qHMxQ,FigMultiLineTextWithBold,n_figMultiLineTextWithBold_1;getFigFontStyle_return_1
DeployDisabled,_ASePwuLbEeCVSp8F0qHMxQ,ActionBooleanTaggedValue,n_actionBooleanTaggedValue_1;tagName_1
DeployDisabled,_ATzsgOLbEeCVSp8F0qHMxQ,UMLCheckBox2,n_uMLCheckBox2_1;checkBoxTarget_1;propertySetName_1;propertyChange_evt_1;getTarget_return_1;setTarget_target_1;buildModel__1
DeployDisabled,_AUjTY-LbEeCVSp8F0qHMxQ,ActionAddDiagram,n_actionAddDiagram_1;LOG_1;findNamespace_return_1;isValidNamespace_ns_return_1
DeployDisabled,_ASBj0uLbEeCVSp8F0qHMxQ,UMLRecurrenceExpressionModel,n_uMLRecurrenceExpressionModel_1;LOG_1;getExpression_return_1;setExpression_expression_1;newExpression_return_1
DeployDisabled,_ARR88OLbEeCVSp8F0qHMxQ,ActionGenerateOne,n_actionGenerateOne_1;actionPerformed_ae_1;isEnabled_return_1;getCandidates_return_1
DeployDisabled,_AcSTE-LbEeCVSp8F0qHMxQ,ActionSetClassifierRoleMultiplicity,n_actionSetClassifierRoleMultiplicity_1;SINGLETON_1;setSelectedItem_item_target_1;getInstance_return_1
DeployDisabled,_AmU_5OLbEeCVSp8F0qHMxQ,PropPanelActor,n_propPanelActor_1;serialVersionUID_1
Original,__CAtc-LaEeCVSp8F0qHMxQ,AssociationEndNameNotation,n_associationEndNameNotation_1;initialiseListener_listener_modelElement_1;updateListener_listener_modelElement_pce_1
Original,__O89QeLaEeCVSp8F0qHMxQ,OclEnumLiteral,n_oclEnumLiteral_1;name_1;equals_obj_return_1;hashCode_return_1
Original,__SEis-LaEeCVSp8F0qHMxQ,ProgressEvent,n_progressEvent_1;length_1;position_1;serialVersionUID_1;getPosition_return_1;getLength_return_1
Original,__cFaUOLaEeCVSp8F0qHMxQ,ExplorerTree,n_explorerTree_1;updatingSelection_1;updatingSelectionViaTreeSelection_1;serialVersionUID_1;refreshSelection__1;setSelection_targets_1;addTargetsInternal_addedTargets_1;selectVisible_target_1;selectAll_targets_1
Original,__ynD8-LaEeCVSp8F0qHMxQ,CrAssocNameConflict,n_crAssocNameConflict_1;getAllTypes_assoc_return_1;getCriticizedDesignMaterials_return_1
Original,__y5-4uLaEeCVSp8F0qHMxQ,GraphChangeAdapter,n_graphChangeAdapter_1;INSTANCE_1;getInstance_return_1
Original,__0ZMouLaEeCVSp8F0qHMxQ,ActivityDiagramLayouter,n_activityDiagramLayouter_1;objects_1;STARTING_POINT_1;finalState_1;layout__1;placeNodes_seen_node_index_return_1;getMinimumDiagramSize_return_1
Original,_AAJJouLbEeCVSp8F0qHMxQ,SelectionInterface,n_selectionInterface_1;realiz_1;inherit_1;icons_1;instructions_1;getNewNode_index_return_1;getNewEdgeType_index_return_1;getNewNodeType_index_return_1;getIcons_return_1;getInstructions_index_return_1;isReverseEdge_index_return_1
Original,_AAvmkuLbEeCVSp8F0qHMxQ,FigPackage,n_figPackage_1;LOG_1;MIN_HEIGHT_1;MIN_WIDTH_1;width_1;height_1;indentX_1;textH_1;tabHeight_1;body_1;stereotypeVisible_1;serialVersionUID_1;initialize__1;clone_return_1;setLineColor_col_1;getLineColor_return_1;setFillColor_col_1;getFillColor_return_1;isFilled_return_1;getLineWidth_return_1;updateStereotypeText__1;classNameAndBounds_return_1;getUseTrapRect_return_1;getMinimumSize_return_1;getPopUpActions_me_return_1;doStereotype_value_1;doVisibility_value_1;isStereotypeVisible_return_1;setStereotypeVisible_isVisible_1;isVisibilityVisible_return_1;setVisibilityVisible_isVisible_1;textEditStarted_ft_1;getClosestPoint_anotherPt_return_1;modelChanged_mee_1
Original,_ABLrceLbEeCVSp8F0qHMxQ,ShowVisibilityAction,n_showVisibilityAction_1;ACTION_KEY_1;serialVersionUID_1;actionPerformed_ae_1
Original,_AByIYOLbEeCVSp8F0qHMxQ,SelectionGeneralizableElement,n_selectionGeneralizableElement_1;inherit_1;icons_1;instructions_1;useComposite_1;getIcons_return_1;getInstructions_i_return_1;getNewEdgeType_i_return_1;isReverseEdge_i_return_1;isEdgePostProcessRequested_return_1;mouseEntered_me_1
Original,_AagKYuLbEeCVSp8F0qHMxQ,PropPanelObjectFlowState,n_propPanelObjectFlowState_1;classifierComboBox_1;statesScroll_1;addExtraButtons__1;propertyChange_evt_1;getClassifierComboBox_return_1;removeTopStateFrom_ret_1;getType_target_return_1
Original,_AazFUuLbEeCVSp8F0qHMxQ,ActionNewOFSParameter,n_actionNewOFSParameter_1
Original,_Aeq4suLbEeCVSp8F0qHMxQ,ActionNewSignal,n_actionNewSignal_1
Original,_AhWZQeLbEeCVSp8F0qHMxQ,UMLInstanceSenderStimulusListModel,n_uMLInstanceSenderStimulusListModel_1;buildModelList__1;isValidElement_element_return_1
Original,_AllZAOLbEeCVSp8F0qHMxQ,ActionNewCallEvent,n_actionNewCallEvent_1;singleton_1;createEvent_ns_return_1;getSingleton_return_1
Original,_ArZGFOLbEeCVSp8F0qHMxQ,PropPanelComment,n_propPanelComment_1;serialVersionUID_1
Original,_ArsBAOLbEeCVSp8F0qHMxQ,PropPanelMethod,n_propPanelMethod_1
Original,_ArsBAuLbEeCVSp8F0qHMxQ,UMLMethodSpecificationComboBoxModel,n_uMLMethodSpecificationComboBoxModel_1;isValidElement_element_return_1;buildModelList__1;getSelectedModelElement_return_1
Original,_AyYe4OLbEeCVSp8F0qHMxQ,PropPanelSubsystem,n_propPanelSubsystem_1;featureScroll_1;serialVersionUID_1;getFeatureScroll_return_1
Original,_AyYe4uLbEeCVSp8F0qHMxQ,ActionNewOperation,n_actionNewOperation_1;ACTION_KEY_1;serialVersionUID_1
SequenceDisabled,_-jzugOLaEeCVSp8F0qHMxQ,ArgoHelpEvent,n_argoHelpEvent_1;helpText_1;getEventStartRange_return_1;getHelpText_return_1
SequenceDisabled,_-l4yIOLaEeCVSp8F0qHMxQ,GoalModel,n_goalModel_1;goals_1;getGoalList_return_1;hasGoal_goalName_return_1;setGoalPriority_goalName_priority_1;startDesiring_goalName_1;stopDesiring_goalName_1
SequenceDisabled,_-vtcgeLaEeCVSp8F0qHMxQ,DelayedChangeNotify,n_delayedChangeNotify_1;pce_1;run__1
SequenceDisabled,_-x8RIeLaEeCVSp8F0qHMxQ,ModelCommand,n_modelCommand_1;execute_return_1;isUndoable_return_1;isRedoable_return_1;undo__1
SequenceDisabled,_-3SrM-LaEeCVSp8F0qHMxQ,CommonBehaviorHelperEUMLImpl,n_commonBehaviorHelperEUMLImpl_1;addAction_handle_action_1;addAction_handle_position_action_1;addActualArgument_handle_argument_1;addActualArgument_handle_position_argument_1;addClassifier_handle_classifier_1;addStimulus_handle_stimulus_1;getActionOwner_handle_return_1;getDestination_link_return_1;getInstantiation_createaction_return_1;getSource_link_return_1;removeAction_handle_action_1;removeActualArgument_handle_argument_1;removeClassifier_handle_classifier_1;removeContext_handle_context_1;removeReception_handle_reception_1;setActualArguments_action_arguments_1;setAsynchronous_handle_value_1;setClassifiers_handle_classifiers_1;setDispatchAction_handle_value_1;setInstance_handle_inst_1;setInstantiation_createaction_instantiation_1;setNodeInstance_handle_nodeInstance_1;setOperation_handle_operation_1;setReceiver_handle_receiver_1;setReception_handle_receptions_1;setRecurrence_handle_expr_1;setScript_handle_expr_1;setSender_handle_sender_1;setSignal_handle_signal_1;setSpecification_handle_specification_1;setTarget_handle_element_1;setTransition_handle_trans_1;setValue_handle_value_1
SequenceDisabled,_-3JhQOLaEeCVSp8F0qHMxQ,NotYetImplementedException,n_notYetImplementedException_1
SequenceDisabled,__VY8cOLaEeCVSp8F0qHMxQ,ArgoStatusBar,n_argoStatusBar_1;showStatusOnSwingThread_status_1
SequenceDisabled,__S96k-LaEeCVSp8F0qHMxQ,ActionImportXMI,n_actionImportXMI_1;serialVersionUID_1
SequenceDisabled,__jrQEOLaEeCVSp8F0qHMxQ,GoProjectToCollaboration,n_goProjectToCollaboration_1;getRuleName_return_1;getChildren_parent_return_1;getDependencies_parent_return_1
SequenceDisabled,__qN89OLaEeCVSp8F0qHMxQ,WizManyNames,n_wizManyNames_1;LOG_1;instructions_1;mes_1;serialVersionUID_1;setModelElements_elements_1;makePanel_newStep_return_1;doAction_oldStep_1
SequenceDisabled,__sTAkOLaEeCVSp8F0qHMxQ,CrTooManyAssoc,n_crTooManyAssoc_1;ASSOCIATIONS_THRESHOLD_1;getCriticizedDesignMaterials_return_1
SequenceDisabled,__7Ylc-LaEeCVSp8F0qHMxQ,FigShallowHistoryState,n_figShallowHistoryState_1;getH_return_1
SequenceDisabled,_AJhIEOLbEeCVSp8F0qHMxQ,StylePanelFigAssociationClass,n_stylePanelFigAssociationClass_1;hasEditableBoundingBox_value_1;setTargetBBox__1;refresh__1
SequenceDisabled,_AHcEceLbEeCVSp8F0qHMxQ,FigNodeModelElement,n_figNodeModelElement_1;LOG_1;WIDTH_1;NAME_FIG_HEIGHT_1;NAME_V_PADDING_1;npArguments_1;invisibleAllowed_1;checkSize_1;popupAddOffset_1;ROOT_1;ABSTRACT_1;LEAF_1;ACTIVE_1;bigPort_1;nameFig_1;floatingStereotypes_1;stereotypeStyle_1;ICON_WIDTH_1;originalNameFig_1;enclosedFigs_1;encloser_1;readyToEdit_1;suppressCalcBounds_1;showBoldName_1;removeFromDiagram_1;editable_1;listeners_1;constructFigs__1;setLayer_lay_1;clone_return_1;placeString_return_1;getNameFig_return_1;getNameBounds_return_1;setNameFig_fig_1;getName_return_1;getPopUpActions_me_return_1;buildVisibilityPopUp_return_1;buildModifierPopUp_items_return_1;getEnclosingFig_return_1;setEnclosingFig_newEncloser_1;moveIntoComponent_newEncloser_1;addEnclosedFig_fig_1;removeEnclosedFig_fig_1;getEnclosedFigs_return_1;makeSelection_return_1;getTipString_me_return_1;vetoableChange_pce_1;delayedVetoableChange_pce_1;updateBounds__1;propertyChange_pve_1;formatEvent_event_return_1;isReadOnly_return_1;textEditStarted_ft_1;textEdited_ft_1;mouseClicked_me_1;keyPressed_ke_1;keyReleased_ke_1;keyTyped_ke_1;modelChanged_event_1;createContainedModelElement_fg_me_1;isPartlyOwner_o_return_1;isPartlyOwner_fig_o_return_1;deleteFromModel__1;setOwner_owner_1;initNotationProviders_own_1;getNotationProviderType_return_1;updateStereotypeText__1;updateNameText__1;isPathVisible_return_1;setPathVisible_visible_1;determineDefaultPathVisible__1;classNameAndBounds_return_1;updateListeners_oldOwner_newOwner_1;renderingChanged__1;updateStereotypeIcon__1;calcBounds__1;enableSizeChecking_flag_1;hit_r_return_1;removeFromDiagram__1;getRemoveDelegate_return_1;removeFromDiagramImpl__1;setBigPort_bp_1;getBigPort_return_1;isCheckSize_return_1;isDragConnectable_return_1;getEncloser_return_1;isReadyToEdit_return_1;setSuppressCalcBounds_scb_1;setVisible_visible_1;displace_xInc_yInc_1;allowRemoveFromDiagram_allowed_1;getPopupAddOffset_return_1;isEditable_return_1;setEditable_canEdit_1;addElementListener_element_1;addElementListener_element_property_1;addElementListener_element_property_2;removeElementListener_element_1;removeAllElementListeners__1;removeElementListeners_listenerSet_1;addElementListeners_listenerSet_1;updateElementListeners_listenerSet_1;getNotationArguments_return_1;putNotationArgument_key_value_1;isSingleTarget_return_1;getStereotypeView_return_1;getStereotypeStyle_return_1;getPracticalView_return_1;getStereotypeCount_return_1;setStereotypeStyle_style_1;updateSmallIcons_wid_1;updateFont__1;getNameFigFontStyle_return_1;deepUpdateFont_fg_1
SequenceDisabled,_AcJJJOLbEeCVSp8F0qHMxQ,ActionSetAssociationRoleBase,n_actionSetAssociationRoleBase_1
SequenceDisabled,_AftagOLbEeCVSp8F0qHMxQ,UMLStimulusReceiverListModel,n_uMLStimulusReceiverListModel_1;buildModelList__1;isValidElement_element_return_1
SequenceDisabled,_AlvKBOLbEeCVSp8F0qHMxQ,UMLStateMachineTransitionListModel,n_uMLStateMachineTransitionListModel_1;buildModelList__1;isValidElement_element_return_1
StateDisabled,_-uOOwOLaEeCVSp8F0qHMxQ,MemberList,n_memberList_1;LOG_1;diagramMembers_1;remove_member_return_1;iterator_return_1;listIterator_return_1;listIterator_arg0_return_1;buildOrderedMemberList_return_1;size_return_1;contains_member_return_1;clear__1;isEmpty_return_1;containsAll_arg0_return_1;addAll_arg0_return_1;addAll_arg0_arg1_return_1;removeAll_arg0_return_1;retainAll_arg0_return_1;indexOf_arg0_return_1;lastIndexOf_arg0_return_1;subList_arg0_arg1_return_1
StateDisabled,_-wdDYOLaEeCVSp8F0qHMxQ,AbstractActivityGraphsHelperDecorator,n_abstractActivityGraphsHelperDecorator_1;findClassifierByName_ofs_s_return_1;findStateByName_c_s_return_1;isAddingActivityGraphAllowed_context_return_1;addInState_classifierInState_state_1;setInStates_classifierInState_newStates_1;setContents_partition_newContents_1;addContent_partition_modelElement_1;removeContent_partition_modelElement_1;setSynch_objectFlowState_isSynch_1;addParameter_objectFlowState_parameter_1;removeParameter_objectFlowState_parameter_1;setParameters_objectFlowState_parameters_1
StateDisabled,__CAtc-LaEeCVSp8F0qHMxQ,AssociationEndNameNotation,n_associationEndNameNotation_1;initialiseListener_listener_modelElement_1;updateListener_listener_modelElement_pce_1
StateDisabled,__QJQEuLaEeCVSp8F0qHMxQ,FigMessage,n_figMessage_1;serialVersionUID_1;LOG_1;action_1;initialize__1;getNotationProviderType_return_1;initNotationProviders_own_1;textEditStarted_ft_1;setOwner_owner_1;isCallAction_return_1;isCreateAction_return_1;isDestroyAction_return_1;isReturnAction_return_1;isSendAction_return_1;updateArrow__1;getAction_return_1;getPopUpActions_me_return_1;makeSelection_return_1;getFinalY_return_1;getStartY_return_1;isSelfMessage_return_1;convertToArc__1;computeRouteImpl__1;calcBounds__1;updateActivations__1;deleteFromModel__1;determineFigNodes_return_1;translate_dx_dy_1;updateListeners_oldOwner_newOwner_1;getReceiverOperations_return_1;determineActivator_return_1
StateDisabled,__WIjUuLaEeCVSp8F0qHMxQ,TreeModelComposite,n_treeModelComposite_1;LOG_1;root_1;getRoot_return_1;getChild_parent_index_return_1;getChildCount_parent_return_1;getIndexOfChild_parent_child_return_1;isLeaf_node_return_1;valueForPathChanged_path_newValue_1
StateDisabled,__ciGQOLaEeCVSp8F0qHMxQ,PerspectiveConfigurator,n_perspectiveConfigurator_1;LOG_1;INSET_PX_1;configPanelNorth_1;configPanelSouth_1;splitPane_1;renameTextField_1;newPerspectiveButton_1;removePerspectiveButton_1;duplicatePerspectiveButton_1;moveUpButton_1;moveDownButton_1;addRuleButton_1;removeRuleButton_1;resetToDefaultButton_1;perspectiveList_1;perspectiveRulesList_1;ruleLibraryList_1;perspectiveListModel_1;perspectiveRulesListModel_1;ruleLibraryListModel_1;persLabel_1;ruleLibLabel_1;rulesLabel_1;makeLists__1;makeButtons__1;makeLayout__1;makeListeners__1;loadLibrary__1;loadPerspectives__1;updatePersLabel__1;updateLibLabel__1;updateRuleLabel__1;sortJListModel_list_1;doAddRule__1;doRemoveRule__1
StateDisabled,__dH8IeLaEeCVSp8F0qHMxQ,RuleListener,n_ruleListener_1
StateDisabled,__mWJkOLaEeCVSp8F0qHMxQ,GoModelToElements,n_goModelToElements_1;getRuleName_return_1;getChildren_parent_return_1;getDependencies_parent_return_1
StateDisabled,__o4gMOLaEeCVSp8F0qHMxQ,UMLDecision,n_uMLDecision_1;INHERITANCE_1;CONTAINMENT_1;PATTERNS_1;RELATIONSHIPS_1;STORAGE_1;BEHAVIOR_1;INSTANCIATION_1;NAMING_1;MODULARITY_1;CLASS_SELECTION_1;EXPECTED_USAGE_1;METHODS_1;CODE_GEN_1;PLANNED_EXTENSIONS_1;STEREOTYPES_1;STATE_MACHINES_1
StateDisabled,__9UfIuLaEeCVSp8F0qHMxQ,StateDiagramRenderer,n_stateDiagramRenderer_1;LOG_1;getFigNodeFor_gm_lay_node_styleAttributes_return_1;getFigEdgeFor_gm_lay_edge_styleAttributes_return_1
StateDisabled,__-EGAuLaEeCVSp8F0qHMxQ,ClassdiagramModelElementFactory,n_classdiagramModelElementFactory_1;LOG_1;SINGLETON_1
StateDisabled,_ACq5MOLbEeCVSp8F0qHMxQ,FigAssociationClass,n_figAssociationClass_1;serialVersionUID_1;removeFromDiagramImpl__1;getNameFig_return_1;getAttributesBounds_return_1;isAttributesVisible_return_1;setAttributesVisible_visible_1;isPathVisible_return_1;setPathVisible_visible_1;getOperationsBounds_return_1;isOperationsVisible_return_1;setOperationsVisible_visible_1;setFillColor_color_1;getFillColor_return_1;setLineColor_arg0_1
StateDisabled,_AEdo8OLbEeCVSp8F0qHMxQ,ActionVisibilityPublic,n_actionVisibilityPublic_1;serialVersionUID_1;valueOfTarget_t_return_1
StateDisabled,_AC0qM-LbEeCVSp8F0qHMxQ,ActionAggregation,n_actionAggregation_1;str_1;agg_1;actionPerformed_ae_1;isEnabled_return_1
StateDisabled,_AHIiceLbEeCVSp8F0qHMxQ,PathConvPercent2,n_pathConvPercent2_1;itemFig_1;percent_1;offset_1;serialVersionUID_1;stuffPoint_res_1;setPercentOffset_newPercent_newOffset_1;setClosestPoint_newPoint_1;applyOffsetAmount_p1_p2_theOffset_res_1;tanh_x_return_1
StateDisabled,_AYuBs-LbEeCVSp8F0qHMxQ,ActionOpenProject,n_actionOpenProject_1;doCommand_argument_return_1
StateDisabled,_Acu_AOLbEeCVSp8F0qHMxQ,UMLCollaborationRepresentedOperationComboBoxModel,n_uMLCollaborationRepresentedOperationComboBoxModel_1;buildModelList__1;isValidElement_element_return_1;getSelectedModelElement_return_1
StateDisabled,_AnEmwuLbEeCVSp8F0qHMxQ,UMLUseCaseExtensionPointListModel,n_uMLUseCaseExtensionPointListModel_1;buildModelList__1;isValidElement_o_return_1;moveDown_index_1;moveToBottom_index_1;moveToTop_index_1
UsecaseDisabled,_-oahtOLaEeCVSp8F0qHMxQ,AddToDoItemDialog,n_addToDoItemDialog_1;PRIORITIES_1;TEXT_ROWS_1;TEXT_COLUMNS_1;INSET_PX_1;headLineTextField_1;priorityComboBox_1;moreinfoTextField_1;offenderList_1;descriptionTextArea_1;doAdd__1
UsecaseDisabled,_-rPzQeLaEeCVSp8F0qHMxQ,ToDoByGoal,n_toDoByGoal_1;LOG_1
UsecaseDisabled,_-5Fa8uLaEeCVSp8F0qHMxQ,EUMLModelImplementation,n_eUMLModelImplementation_1;LOG_1;editingDomain_1;readOnlyMap_1;initializeEditingDomain__1;getEditingDomain_return_1;getReadOnlyMap_return_1;clearEditingDomain__1
UsecaseDisabled,__EPiEOLaEeCVSp8F0qHMxQ,StateBodyNotationUml,n_stateBodyNotationUml_1;LANGUAGE_1;parse_modelElement_text_1;getParsingHelp_return_1;toString_modelElement_args_return_1;toString_modelElement_return_1;buildNewCallAction_s_return_1;delete_obj_1
UsecaseDisabled,__EPiEuLaEeCVSp8F0qHMxQ,ModelElementInfoList,n_modelElementInfoList_1;theList_1;checkRetain_line_return_1;finalisedList_return_1
UsecaseDisabled,__EPiFOLaEeCVSp8F0qHMxQ,InfoItem,n_infoItem_1
UsecaseDisabled,__Sq_ouLaEeCVSp8F0qHMxQ,SettingsTabProfile,n_settingsTabProfile_1;loadFromFile_1;addButton_1;removeButton_1;availableList_1;defaultList_1;directoryList_1;addDirectory_1;removeDirectory_1;refreshProfiles_1;stereoLabel_1;stereoField_1;initDefaultStereotypeViewSelector_return_1;refreshLists__1;getUsedProfiles_return_1;getAvailableProfiles_return_1;actionPerformed_arg0_1;getTabKey_return_1;getTabPanel_return_1;handleResetToDefault__1;handleSettingsTabCancel__1;handleSettingsTabRefresh__1;handleSettingsTabSave__1
UsecaseDisabled,__cFaUOLaEeCVSp8F0qHMxQ,ExplorerTree,n_explorerTree_1;updatingSelection_1;updatingSelectionViaTreeSelection_1;serialVersionUID_1;refreshSelection__1;setSelection_targets_1;addTargetsInternal_addedTargets_1;selectVisible_target_1;selectAll_targets_1
UsecaseDisabled,__cYVQeLaEeCVSp8F0qHMxQ,ExplorerTargetListener,n_explorerTargetListener_1;setTargets_targets_1
UsecaseDisabled,__oSDReLaEeCVSp8F0qHMxQ,ChildGenSearch,n_childGenSearch_1;INSTANCE_1;childIterator_parent_return_1;getInstance_return_1
UsecaseDisabled,__zDI0-LaEeCVSp8F0qHMxQ,DiagramAppearance,n_diagramAppearance_1;LOG_1;SINGLETON_1;STEREOTYPE_VIEW_TEXTUAL_1;STEREOTYPE_VIEW_BIG_ICON_1;STEREOTYPE_VIEW_SMALL_ICON_1;getInstance_return_1;propertyChange_pce_1;getConfiguredFontName_return_1;getStandardFont_return_1
UsecaseDisabled,_ACX-QeLbEeCVSp8F0qHMxQ,FigEditableCompartment,n_figEditableCompartment_1;LOG_1;MIN_HEIGHT_1;constructFigs__1;getSeperatorFig_return_1;setVisible_visible_1;addFig_fig_1;getUmlCollection_return_1;getNotationType_return_1;populate__1;getElementFigs_return_1;updateFigGroupSize_x_y_w_h_checkSize_rowHeight_return_1;getMinimumSize_return_1
UsecaseDisabled,_ACX-Q-LbEeCVSp8F0qHMxQ,FigSeperator,n_figSeperator_1;serialVersionUID_1;getSize_return_1;getMinimumSize_return_1
UsecaseDisabled,_AFWZwOLbEeCVSp8F0qHMxQ,UMLDiagram,n_uMLDiagram_1;LOG_1;actionComment_1;actionCommentLink_1;actionSelect_1;actionBroom_1;actionRectangle_1;actionRRectangle_1;actionCircle_1;actionLine_1;actionText_1;actionPoly_1;actionSpline_1;actionInk_1;toolBar_1;selectedAction_1;initialize_owner_1;getClassAndModelID_return_1;getJToolBar_return_1;initToolBar__1;getActions_return_1;getUmlActions_return_1;getManipulateActions_return_1;getCommentActions_return_1;getShapeActions_return_1;getShapePopupActions_return_1;setSelectedAction_theAction_1;getSelectedAction_return_1;deselectAllTools__1;makeCreateNodeAction_modelElement_descr_return_1;makeCreateEdgeAction_modelElement_descr_return_1;makeCreateDependencyAction_modeClass_metaType_descr_return_1;makeCreateGeneralizationAction_return_1;makeCreateAssociationAction_aggregationKind_unidirectional_descr_return_1;makeCreateAssociationEndAction_descr_return_1;makeCreateAssociationClassAction_descr_return_1;resetDiagramSerial__1;getNextDiagramSerial_return_1;getLabelName_return_1;isRelocationAllowed_base_return_1;relocate_base_return_1;getNewDiagramName_return_1;doesAccept_objectToAccept_return_1;drop_droppedObject_location_return_1;getInstructions_droppedObject_return_1;getModePlace_gf_instructions_return_1
UsecaseDisabled,_AYuBseLbEeCVSp8F0qHMxQ,TabTaggedValuesModel,n_tabTaggedValuesModel_1;LOG_1;target_1;serialVersionUID_1;getColumnCount_return_1;getColumnName_c_return_1;getColumnClass_c_return_1;isCellEditable_row_col_return_1;getRowCount_return_1;getValueAt_row_col_return_1;setValueAt_aValue_rowIndex_columnIndex_1;addRow_values_1;removeRow_row_1;getFromCollection_collection_index_return_1;propertyChange_evt_1;vetoableChange_pce_1;delayedVetoableChange_pce_1
UsecaseDisabled,_AagKYuLbEeCVSp8F0qHMxQ,PropPanelObjectFlowState,n_propPanelObjectFlowState_1;classifierComboBox_1;statesScroll_1;addExtraButtons__1;propertyChange_evt_1;getClassifierComboBox_return_1;removeTopStateFrom_ret_1;getType_target_return_1
UsecaseDisabled,_AazFUeLbEeCVSp8F0qHMxQ,ActionAddOFSParameter,n_actionAddOFSParameter_1;choiceClass_1;doIt_selected_1;getChoices_return_1;getDialogTitle_return_1;getSelected_return_1
UsecaseDisabled,_Ab2OMeLbEeCVSp8F0qHMxQ,UMLAssociationRoleAssociationEndRoleListModel,n_uMLAssociationRoleAssociationEndRoleListModel_1;buildModelList__1;isValidElement_o_return_1
UsecaseDisabled,_AkZtROLbEeCVSp8F0qHMxQ,PropPanelEvent,n_propPanelEvent_1;paramScroll_1;initialize__1;getParameterScroll_return_1
UsecaseDisabled,_AitrMOLbEeCVSp8F0qHMxQ,UMLTransitionStatemachineListModel,n_uMLTransitionStatemachineListModel_1;buildModelList__1;isValidElement_element_return_1
UsecaseDisabled,_AtxEouLbEeCVSp8F0qHMxQ,UMLAttributeInitialValueListModel,n_uMLAttributeInitialValueListModel_1;buildModelList__1;isValidElement_element_return_1
UsecaseDisabled,_AyFj8eLbEeCVSp8F0qHMxQ,ActionRemovePackageImport,n_actionRemovePackageImport_1
