ActivityDisabled,_-riuMuLaEeCVSp8F0qHMxQ,ActionSnooze,n_actionSnooze_1;actionPerformed_ae_1
ActivityDisabled,__ZQv0OLaEeCVSp8F0qHMxQ,ActionHelp,n_actionHelp_1;serialVersionUID_1;actionPerformed_ae_1
ActivityDisabled,__eKd8-LaEeCVSp8F0qHMxQ,ExplorerPerspective,n_explorerPerspective_1;rules_1;name_1;getRulesArray_return_1;getList_return_1;toString_return_1;makeNamedClone_newName_return_1;setName_theNewName_1
ActivityDisabled,__3N3IOLaEeCVSp8F0qHMxQ,PropPanelUMLDeploymentDiagram,n_propPanelUMLDeploymentDiagram_1
ActivityDisabled,_AC-bMuLbEeCVSp8F0qHMxQ,FigPermission,n_figPermission_1
ActivityDisabled,_ACFDU-LbEeCVSp8F0qHMxQ,PropPanelDiagram,n_propPanelDiagram_1;homeModelSelector_1;getHomeModelSelector_return_1
ActivityDisabled,_AIB6VOLbEeCVSp8F0qHMxQ,ActionAddAssociationRole,n_actionAddAssociationRole_1;serialVersionUID_1
ActivityDisabled,_ALv8sOLbEeCVSp8F0qHMxQ,FigInclude,n_figInclude_1;serialVersionUID_1;endArrow_1;initialize__1;canEdit_f_return_1
ActivityDisabled,_AMMooOLbEeCVSp8F0qHMxQ,FigUseCase,n_figUseCase_1;MIN_VERT_PADDING_1;STEREOTYPE_PADDING_1;SPACER_1;epSep_1;epVec_1;epBigPort_1;initialize__1;placeString_return_1;clone_return_1;getPopUpActions_me_return_1;classNameAndBounds_return_1;isExtensionPointVisible_return_1;setExtensionPointVisible_isVisible_1;setExtensionPointVisibleInternal_visible_1;makeSelection_return_1;getMinimumSize_return_1;getTextSize_return_1;calcEllipse_rectSize_vertPadding_return_1;calcX_a_b_y_return_1;setLineColor_col_1;getLineColor_return_1;setFillColor_col_1;getFillColor_return_1;isFilled_return_1;getLineWidth_return_1;mousePressed_me_1;mouseClicked_me_1;mouseExited_me_1;createContainedModelElement_fg_ie_1;modelChanged_mee_1;updateListeners_oldOwner_newOwner_1;renderingChanged__1;updateExtensionPoint__1;updateNameText__1;getGravityPoints_return_1;updateStereotypeText__1;positionStereotypes__1;getEPFigs_return_1
ActivityDisabled,_AMMoouLbEeCVSp8F0qHMxQ,FigMyCircle,n_figMyCircle_1;serialVersionUID_1;connectionPoint_anotherPt_return_1
ActivityDisabled,_AXhu4eLbEeCVSp8F0qHMxQ,AbstractActionRemoveElement,n_abstractActionRemoveElement_1;target_1;objectToRemove_1;getTarget_return_1;setTarget_theTarget_1;getObjectToRemove_return_1;setObjectToRemove_theObjectToRemove_1;isEnabled_return_1
ActivityDisabled,_ARIL8uLbEeCVSp8F0qHMxQ,UMLTimeExpressionModel,n_uMLTimeExpressionModel_1;LOG_1;getExpression_return_1;setExpression_expression_1;newExpression_return_1
ActivityDisabled,_AUjTYeLbEeCVSp8F0qHMxQ,UMLDeprecatedCheckBox,n_uMLDeprecatedCheckBox_1
ActivityDisabled,_Ac4wAeLbEeCVSp8F0qHMxQ,UMLClassifierRoleBaseListModel,n_uMLClassifierRoleBaseListModel_1;buildModelList__1;isValidElement_elem_return_1
ActivityDisabled,_AhDeUOLbEeCVSp8F0qHMxQ,UMLActionArgumentListModel,n_uMLActionArgumentListModel_1;serialVersionUID_1;buildModelList__1;isValidElement_element_return_1;moveDown_index_1;moveToBottom_index_1;moveToTop_index_1
ActivityDisabled,_AjWkYuLbEeCVSp8F0qHMxQ,UMLTransitionEffectList,n_uMLTransitionEffectList_1;getPopupMenu_return_1
ActivityDisabled,_Aoj0guLbEeCVSp8F0qHMxQ,UMLAssociationEndQualifiersListModel,n_uMLAssociationEndQualifiersListModel_1;buildModelList__1;isValidElement_o_return_1;moveDown_index_1;moveToBottom_index_1;moveToTop_index_1
ActivityDisabled,_Aq8aIuLbEeCVSp8F0qHMxQ,UMLModelElementNamespaceComboBoxModel,n_uMLModelElementNamespaceComboBoxModel_1;LOG_1;serialVersionUID_1;isValidElement_o_return_1;buildMinimalModelList__1;buildModelList__1;getSelectedModelElement_return_1;isLazy_return_1
CollabDisabled,_-nq60OLaEeCVSp8F0qHMxQ,TabChecklist,n_tabChecklist_1;target_1;shouldBeEnabled_1;table_1;findTarget_t_return_1;getTarget_return_1;refresh__1;shouldBeEnabled_t_return_1;resizeColumns__1;actionPerformed_ae_1;valueChanged_lse_1
CollabDisabled,_-pdqkeLaEeCVSp8F0qHMxQ,ToDoByPoster,n_toDoByPoster_1;LOG_1
CollabDisabled,_-ten4eLaEeCVSp8F0qHMxQ,DeferredBufferedImage,n_deferredBufferedImage_1;LOG_1;TRANSPARENT_BG_COLOR_1;BACKGROUND_COLOR_1;BUFFER_HEIGHT_1;x_1;y_1;width_1;height_1;scale_1;image_1;editor_1;scaledBufferHeight_1;y1_1;y2_1;getData_return_1;getData_clip_return_1;isRasterValid_clip_return_1;computeRaster_clip_1;offsetWindow_clip_return_1;copyData_outRaster_return_1;getSources_return_1;getColorModel_return_1;getMinX_return_1;getMinY_return_1;getMinTileX_return_1;getMinTileY_return_1;getNumXTiles_return_1;getNumYTiles_return_1;getProperty_name_return_1;getPropertyNames_return_1;getSampleModel_return_1;getTile_tileX_tileY_return_1;getTileGridXOffset_return_1;getTileGridYOffset_return_1;getTileWidth_return_1;getTileHeight_return_1;getWidth_return_1;getHeight_return_1
CollabDisabled,_-u0EpOLaEeCVSp8F0qHMxQ,DefaultUndoManager,n_defaultUndoManager_1;LOG_1;undoMax_1;listeners_1;newInteraction_1;newInteractionLabel_1;setUndoMax_max_1;undo__1;redo__1;startInteraction_label_1;addPropertyChangeListener_listener_1;removePropertyChangeListener_listener_1;fire_property_value_1
CollabDisabled,_-u91pOLaEeCVSp8F0qHMxQ,UndoStack,n_undoStack_1;push_item_return_1;pop_return_1;clear__1;getLabel_return_1
CollabDisabled,_-zRt5OLaEeCVSp8F0qHMxQ,ModelMemento,n_modelMemento_1;undo__1;redo__1;dispose__1
CollabDisabled,_-8zdU-LaEeCVSp8F0qHMxQ,UndoActivityGraphsHelperDecorator,n_undoActivityGraphsHelperDecorator_1
CollabDisabled,_--I6EuLaEeCVSp8F0qHMxQ,ActivityGraphsFactoryMDRImpl,n_activityGraphsFactoryMDRImpl_1;createActionState_return_1;createActivityGraph_return_1;createCallState_return_1;createClassifierInState_return_1;createObjectFlowState_return_1;createPartition_return_1;createSubactivityState_return_1;buildActivityGraph_theContext_return_1;buildObjectFlowState_compositeState_return_1;buildClassifierInState_classifier_state_return_1;deleteActionState_elem_1;deleteActivityGraph_elem_1;deleteCallState_elem_1;deleteClassifierInState_elem_1;deleteObjectFlowState_elem_1;deletePartition_elem_1;deleteSubactivityState_elem_1
CollabDisabled,__Dy2IOLaEeCVSp8F0qHMxQ,InitNotationJava,n_initNotationJava_1;init__1;getProjectSettingsTabs_return_1;getSettingsTabs_return_1;getDetailsTabs_return_1
CollabDisabled,__N6bcOLaEeCVSp8F0qHMxQ,ProfileManagerImpl,n_profileManagerImpl_1;LOG_1;DIRECTORY_SEPARATOR_1;disableConfigurationUpdate_1;profiles_1;defaultProfiles_1;searchDirectories_1;OLD_PROFILE_PACKAGE_1;NEW_PROFILE_PACKAGE_1;loadDefaultProfilesfromConfiguration__1;updateDefaultProfilesConfiguration__1;loadDirectoriesFromConfiguration__1;updateSearchDirectoriesConfiguration__1;getRegisteredProfiles_return_1;getDefaultProfiles_return_1;addSearchPathDirectory_path_1;getSearchPathDirectories_return_1;removeSearchPathDirectory_path_1;refreshRegisteredProfiles__1
CollabDisabled,__T2EUOLaEeCVSp8F0qHMxQ,GotoDialog,n_gotoDialog_1;nameButtons__1
CollabDisabled,__VGBgeLaEeCVSp8F0qHMxQ,MyLocale,n_myLocale_1;myLocale_1;getLocale_return_1;toString_return_1;getLocales_return_1;getDefault_c_return_1
CollabDisabled,__aJgoOLaEeCVSp8F0qHMxQ,SettingsTabShortcuts,n_settingsTabShortcuts_1;serialVersionUID_1;NONE_NAME_1;DEFAULT_NAME_1;CUSTOM_NAME_1;table_1;selectedContainer_1;shortcutFieldDefaultBg_1;customButton_1;defaultButton_1;noneButton_1;warningLabel_1;lastRowSelected_1;columnNames_1;elements_1;getTabKey_return_1;getTabPanel_return_1;enableFields_enable_1;handleResetToDefault__1;handleSettingsTabCancel__1;handleSettingsTabRefresh__1;handleSettingsTabSave__1;valueChanged_lse_1;resetKeyStrokeConflict__1;setKeyStrokeValue_newKeyStroke_1;checkShortcutAlreadyAssigned_newKeyStroke_1
CollabDisabled,__aJgouLaEeCVSp8F0qHMxQ,ShortcutTableModel,n_shortcutTableModel_1;getColumnCount_return_1;getColumnName_col_return_1;getRowCount_return_1;getValueAt_row_col_return_1;setValueAt_ob_row_col_1;getColumnClass_col_return_1;isCellEditable_row_col_return_1
CollabDisabled,__wnf4uLaEeCVSp8F0qHMxQ,CrOperNameConflict,n_crOperNameConflict_1;getClarifier_return_1;signaturesMatch_op1_op2_return_1;getCriticizedDesignMaterials_return_1
CollabDisabled,_ADRWIOLbEeCVSp8F0qHMxQ,DiagramNameDocument,n_diagramNameDocument_1;LOG_1;field_1;stopEvents_1;highlightTag_1
CollabDisabled,_AJ0DAuLbEeCVSp8F0qHMxQ,ActionSaveDiagramToClipboard,n_actionSaveDiagramToClipboard_1;serialVersionUID_1;actionPerformed_actionEvent_1;getImage_return_1;lostOwnership_clipboard_transferable_1;isEnabled_return_1
CollabDisabled,_AUjTYeLbEeCVSp8F0qHMxQ,UMLDeprecatedCheckBox,n_uMLDeprecatedCheckBox_1
CollabDisabled,_AnEmwuLbEeCVSp8F0qHMxQ,UMLUseCaseExtensionPointListModel,n_uMLUseCaseExtensionPointListModel_1;buildModelList__1;isValidElement_o_return_1;moveDown_index_1;moveToBottom_index_1;moveToTop_index_1
DeployDisabled,_-3JhROLaEeCVSp8F0qHMxQ,ConcurrencyKindEUMLImpl,n_concurrencyKindEUMLImpl_1;getConcurrent_return_1;getGuarded_return_1;getSequential_return_1
DeployDisabled,_-5-LwuLaEeCVSp8F0qHMxQ,UndoUmlHelperDecorator,n_undoUmlHelperDecorator_1
DeployDisabled,__FbN0uLaEeCVSp8F0qHMxQ,MessageNotationUml,n_messageNotationUml_1;LOG_1;toString_modelElement_args_return_1
DeployDisabled,__Lh10uLaEeCVSp8F0qHMxQ,SaveException,n_saveException_1
DeployDisabled,__Nwqc-LaEeCVSp8F0qHMxQ,ModelUtils,n_modelUtils_1;findTypeInModel_s_model_return_1
DeployDisabled,__VGBgeLaEeCVSp8F0qHMxQ,MyLocale,n_myLocale_1;myLocale_1;getLocale_return_1;toString_return_1;getLocales_return_1;getDefault_c_return_1
DeployDisabled,__X6sAuLaEeCVSp8F0qHMxQ,PerspectiveSupport,n_perspectiveSupport_1;goRules_1;name_1;rules_1;addSubTreeModel_tm_1;removeSubTreeModel_tm_1;getSubTreeModelList_return_1;getName_return_1;toString_return_1;registerRule_rule_1;getGoRuleList_return_1
DeployDisabled,__iVMQuLaEeCVSp8F0qHMxQ,GoModelToCollaboration,n_goModelToCollaboration_1;getRuleName_return_1;getChildren_parent_return_1;getDependencies_parent_return_1
DeployDisabled,__ywN4OLaEeCVSp8F0qHMxQ,CrUselessAbstract,n_crUselessAbstract_1;getCriticizedDesignMaterials_return_1
DeployDisabled,__q9j1OLaEeCVSp8F0qHMxQ,InitCognitiveCritics,n_initCognitiveCritics_1;init__1;getProjectSettingsTabs_return_1;getSettingsTabs_return_1;getDetailsTabs_return_1
DeployDisabled,__0iWkOLaEeCVSp8F0qHMxQ,FigActionState,n_figActionState_1;HEIGHT_1;STATE_WIDTH_1;PADDING_1;cover_1;serialVersionUID_1;initializeActionState__1;initNotationProviders_own_1;getNotationProviderType_return_1;clone_return_1;getMinimumSize_return_1;setLineColor_col_1;getLineColor_return_1;setFillColor_col_1;getFillColor_return_1;isFilled_return_1;getLineWidth_return_1;modelChanged_mee_1;removeFromDiagramImpl__1;updateNameText__1;updateStereotypeText__1;textEdited_ft_1;textEditStarted_ft_1
DeployDisabled,__2BkUeLaEeCVSp8F0qHMxQ,InitCollaborationDiagram,n_initCollaborationDiagram_1;getDetailsTabs_return_1;getProjectSettingsTabs_return_1;getSettingsTabs_return_1;init__1
DeployDisabled,_AM8PguLbEeCVSp8F0qHMxQ,SourceUnit,n_sourceUnit_1;FILE_SEPARATOR_1;name_1;basePath_1;content_1;getContent_return_1;setContent_theContent_1;getName_return_1;setName_filename_1;getBasePath_return_1;setBasePath_path_1;getFullName_return_1;setFullName_path_1
DeployDisabled,_ASxKsuLbEeCVSp8F0qHMxQ,UMLStimulusActionTextProperty,n_uMLStimulusActionTextProperty_1;thePropertyName_1;isAffected_event_return_1;targetChanged__1
DeployDisabled,_ARR88OLbEeCVSp8F0qHMxQ,ActionGenerateOne,n_actionGenerateOne_1;actionPerformed_ae_1;isEnabled_return_1;getCandidates_return_1
DeployDisabled,_AagKYuLbEeCVSp8F0qHMxQ,PropPanelObjectFlowState,n_propPanelObjectFlowState_1;classifierComboBox_1;statesScroll_1;addExtraButtons__1;propertyChange_evt_1;getClassifierComboBox_return_1;removeTopStateFrom_ret_1;getType_target_return_1
DeployDisabled,_Ae9zouLbEeCVSp8F0qHMxQ,UMLSignalReceptionListModel,n_uMLSignalReceptionListModel_1;serialVersionUID_1;buildModelList__1;isValidElement_element_return_1
Original,_-kQacuLaEeCVSp8F0qHMxQ,ApplicationVersion,n_applicationVersion_1;version_1;stableVersion_1;getVersion_return_1;getManualForCritic_return_1;getOnlineManual_return_1;getOnlineSupport_return_1;init_v_sv_1
Original,_-_Lb4uLaEeCVSp8F0qHMxQ,ActivityGraphsHelperMDRImpl,n_activityGraphsHelperMDRImpl_1;findClassifierByName_ofs_s_return_1;findStateByName_c_s_return_1;isAddingActivityGraphAllowed_context_return_1;addInState_classifierInState_state_1;setInStates_classifierInState_newStates_1;setContents_partition_contents_1;addContent_partition_modelElement_1;removeContent_partition_modelElement_1;setSynch_objectFlowState_isSynch_1;addParameter_objectFlowState_parameter_1;removeParameter_objectFlowState_parameter_1;setParameters_objectFlowState_parameters_1
Original,__IGuYOLaEeCVSp8F0qHMxQ,CrSingletonViolatedMissingStaticAttr,n_crSingletonViolatedMissingStaticAttr_1
Original,__IQfY-LaEeCVSp8F0qHMxQ,ZargoFilePersister,n_zargoFilePersister_1;LOG_1;getExtension_return_1;getDesc_return_1;isSaveEnabled_return_1;toURL_file_return_1;zargoToUml_file_progressMgr_return_1;copyArgo_file_encoding_writer_1;copyXmi_file_encoding_writer_1;copyDiagrams_file_encoding_writer_1;copyMember_file_tag_outputEncoding_writer_1;readerToWriter_reader_writer_1;openZipStreamAt_url_ext_return_1;openZipEntry_url_entryName_return_1;makeZipEntryUrl_url_entryName_return_1;getPgmlCount_file_return_1;containsTodo_file_return_1;containsProfile_file_return_1;getEntryNames_file_extension_return_1
Original,__IZpUeLaEeCVSp8F0qHMxQ,SubInputStream,n_subInputStream_1;in_1;close__1;getNextEntry_return_1
Original,__KfUAOLaEeCVSp8F0qHMxQ,MemberFilePersister,n_memberFilePersister_1;getMainTag_return_1;addXmlFileToWriter_writer_file_1
Original,__UMpoOLaEeCVSp8F0qHMxQ,ProjectBrowser,n_projectBrowser_1;DEFAULT_COMPONENTWIDTH_1;DEFAULT_COMPONENTHEIGHT_1;LOG_1;isMainApplication_1;theInstance_1;appName_1;detailsPanesByCompassPoint_1;defaultFont_1;workAreaPane_1;todoPane_1;saveAction_1;serialVersionUID_1;addKeyboardFocusListener__1;setApplicationIcon__1;getInstance_return_1;getLocale_return_1;assemblePanels_return_1;createDetailsPanes__1;addPanel_comp_position_1;removePanel_comp_1;restorePanelSizes__1;showSaveIndicator__1;getAppName_return_1;getJMenuBar_return_1;getDetailsPane_return_1;updateStatus_status_1;saveScreenConfiguration__1;tryExit__1;dispose__1;propertyChange_evt_1;targetChanged_target_1;determineRemoveEnabled__1;getTodoPane_return_1;getDefaultFont_return_1;trySave_overwrite_1;trySave_overwrite_saveNewFile_1;isFileReadonly_file_return_1;trySaveWithProgressMonitor_overwrite_file_1;buildTitleWithCurrentProjectName__1;testSimulateErrors__1;addFileSaved_file_1;askConfirmationAndSave_return_1;loadProjectWithProgressMonitor_file_showUI_1;clearDialogs__1;getSaveAction_return_1;getRemoveFromDiagramAction_return_1;getNewFile_return_1
Original,__jEzIuLaEeCVSp8F0qHMxQ,GoProfileConfigurationToProfile,n_goProfileConfigurationToProfile_1;getRuleName_return_1;getChildren_parent_return_1;getDependencies_parent_return_1
Original,__mf6kuLaEeCVSp8F0qHMxQ,TargetManager,n_targetManager_1;LOG_1;targets_1;modelTarget_1;figTarget_1;listenerList_1;inTransaction_1;internalOnSetTarget_eventName_oldTargets_1;getTarget_return_1;setTargets_targetsCollection_1;addTarget_target_1;removeTarget_target_1;getOwnerAndAllFigs_o_return_1;getOwner_o_return_1;getTargets_return_1;getSingleTarget_return_1;getModelTargets_return_1;getSingleModelTarget_return_1;startTargetTransaction__1;isInTargetTransaction_return_1;endTargetTransaction__1;getFigTarget_return_1;determineFigTarget_target_return_1;getModelTarget_return_1;determineModelTarget_target_return_1;navigateForward__1;navigateBackward__1;navigateForwardPossible_return_1;navigateBackPossible_return_1;cleanHistory__1
Original,__mprk-LaEeCVSp8F0qHMxQ,Remover,n_remover_1;propertyChange_evt_1;handleNotification_notification_handback_1;remove_obj_1
Original,__smikOLaEeCVSp8F0qHMxQ,CrNoGuard,n_crNoGuard_1;getCriticizedDesignMaterials_return_1
Original,__8k4ROLaEeCVSp8F0qHMxQ,ButtonActionNewChangeEvent,n_buttonActionNewChangeEvent_1;createEvent_ns_return_1;getKeyName_return_1;getIconName_return_1
Original,_ADagEuLbEeCVSp8F0qHMxQ,ModeCreateAssociationClass,n_modeCreateAssociationClass_1;serialVersionUID_1;LOG_1;DISTANCE_1;endAttached_fe_1;buildInActiveLayer_editor_element_1
Original,_AEmy4eLbEeCVSp8F0qHMxQ,FigProfileIcon,n_figProfileIcon_1;image_1;label_1;GAP_1;getLabelFig_return_1;getLabel_return_1;setLabel_txt_1
Original,_AHIiceLbEeCVSp8F0qHMxQ,PathConvPercent2,n_pathConvPercent2_1;itemFig_1;percent_1;offset_1;serialVersionUID_1;stuffPoint_res_1;setPercentOffset_newPercent_newOffset_1;setClosestPoint_newPoint_1;applyOffsetAmount_p1_p2_theOffset_res_1;tanh_x_return_1
Original,_AQiWEOLbEeCVSp8F0qHMxQ,UMLMultiplicityPanel,n_uMLMultiplicityPanel_1;multiplicityComboBox_1;checkBox_1;multiplicityList_1;getPreferredSize_return_1;itemStateChanged_event_1;getTarget_return_1
Original,_AZA8ouLbEeCVSp8F0qHMxQ,ActionSetMultiplicity,n_actionSetMultiplicity_1;setSelectedItem_item_target_1
Original,_AZnZkOLbEeCVSp8F0qHMxQ,ActionNavigateNamespace,n_actionNavigateNamespace_1;navigateTo_elem_return_1
Original,_AagKYOLbEeCVSp8F0qHMxQ,PropPanelSubactivityState,n_propPanelSubactivityState_1
SequenceDisabled,_-u0EpOLaEeCVSp8F0qHMxQ,DefaultUndoManager,n_defaultUndoManager_1;LOG_1;undoMax_1;listeners_1;newInteraction_1;newInteractionLabel_1;setUndoMax_max_1;undo__1;redo__1;startInteraction_label_1;addPropertyChangeListener_listener_1;removePropertyChangeListener_listener_1;fire_property_value_1
SequenceDisabled,_-u91oeLaEeCVSp8F0qHMxQ,Interaction,n_interaction_1;commands_1;label_1;undo__1;execute_return_1;isUndoable_return_1;isRedoable_return_1;getUndoLabel_return_1;getRedoLabel_return_1;getCommands_return_1
SequenceDisabled,__B28cOLaEeCVSp8F0qHMxQ,Notation,n_notation_1;LOG_1;DEFAULT_NOTATION_NAME_1;DEFAULT_NOTATION_VERSION_1;DEFAULT_NOTATION_1;SINGLETON_1;getInstance_return_1;propertyChange_pce_1;getAvailableNotations_return_1
SequenceDisabled,__Txy4OLaEeCVSp8F0qHMxQ,SettingsTabLayout,n_settingsTabLayout_1;serialVersionUID_1;createProperty_text_positions_tab_return_1;loadPosition_position_tab_1;savePosition_position_tab_1;handleSettingsTabRefresh__1;handleSettingsTabSave__1;handleSettingsTabCancel__1;handleResetToDefault__1;getTabKey_return_1;getTabPanel_return_1
SequenceDisabled,__ZG-1OLaEeCVSp8F0qHMxQ,ActionSelectAll,n_actionSelectAll_1
SequenceDisabled,__gjDkuLaEeCVSp8F0qHMxQ,OutgoingDependencyNode,n_outgoingDependencyNode_1;parent_1;getParent_return_1;toString_return_1;subsumes_obj_return_1
SequenceDisabled,__j-LBeLaEeCVSp8F0qHMxQ,GoTransitiontoEffect,n_goTransitiontoEffect_1;getRuleName_return_1;getChildren_parent_return_1;getDependencies_parent_return_1
SequenceDisabled,__mf6kuLaEeCVSp8F0qHMxQ,TargetManager,n_targetManager_1;LOG_1;targets_1;modelTarget_1;figTarget_1;listenerList_1;inTransaction_1;internalOnSetTarget_eventName_oldTargets_1;getTarget_return_1;setTargets_targetsCollection_1;addTarget_target_1;removeTarget_target_1;getOwnerAndAllFigs_o_return_1;getOwner_o_return_1;getTargets_return_1;getSingleTarget_return_1;getModelTargets_return_1;getSingleModelTarget_return_1;startTargetTransaction__1;isInTargetTransaction_return_1;endTargetTransaction__1;getFigTarget_return_1;determineFigTarget_target_return_1;getModelTarget_return_1;determineModelTarget_target_return_1;navigateForward__1;navigateBackward__1;navigateForwardPossible_return_1;navigateBackPossible_return_1;cleanHistory__1
SequenceDisabled,__m8mgOLaEeCVSp8F0qHMxQ,HistoryRemover,n_historyRemover_1;remove_obj_1
SequenceDisabled,__1upYuLaEeCVSp8F0qHMxQ,SelectionCallState,n_selectionCallState_1;getNewNodeType_buttonCode_return_1;getNewNode_buttonCode_return_1
SequenceDisabled,_AVvmMuLbEeCVSp8F0qHMxQ,UMLModelElementTaggedValueDocument,n_uMLModelElementTaggedValueDocument_1;setProperty_text_1;getProperty_return_1
SequenceDisabled,_AdLq8-LbEeCVSp8F0qHMxQ,ActionAddMessagePredecessor,n_actionAddMessagePredecessor_1;SINGLETON_1;getChoices_return_1;getSelected_return_1;getDialogTitle_return_1;doIt_selected_1;getInstance_return_1
SequenceDisabled,_AfafkuLbEeCVSp8F0qHMxQ,ActionCreateArgument,n_actionCreateArgument_1;serialVersionUID_1
SequenceDisabled,_Ae9zpOLbEeCVSp8F0qHMxQ,ActionAddReceptionSignal,n_actionAddReceptionSignal_1;serialVersionUID_1;getChoices_return_1;getSelected_return_1;getDialogTitle_return_1;doIt_selected_1
SequenceDisabled,_Adxg0-LbEeCVSp8F0qHMxQ,ActionNewException,n_actionNewException_1
SequenceDisabled,_Amew4OLbEeCVSp8F0qHMxQ,PropPanelExtend,n_propPanelExtend_1;serialVersionUID_1
SequenceDisabled,_Amew4uLbEeCVSp8F0qHMxQ,ActionNewExtensionPoint,n_actionNewExtensionPoint_1
SequenceDisabled,_AtxEoOLbEeCVSp8F0qHMxQ,UMLGeneralizableElementGeneralizationListModel,n_uMLGeneralizableElementGeneralizationListModel_1;buildModelList__1;isValidElement_element_return_1
SequenceDisabled,_At61oOLbEeCVSp8F0qHMxQ,UMLDependencyClientListModel,n_uMLDependencyClientListModel_1;buildModelList__1;isValidElement_o_return_1
SequenceDisabled,_AugrguLbEeCVSp8F0qHMxQ,PropPanelElementResidence,n_propPanelElementResidence_1
StateDisabled,_-lABUeLaEeCVSp8F0qHMxQ,DesignGoalsCM,n_designGoalsCM_1
StateDisabled,_-0BUwuLaEeCVSp8F0qHMxQ,InstanceChangeEvent,n_instanceChangeEvent_1
StateDisabled,__EidAOLaEeCVSp8F0qHMxQ,AssociationRoleNotationUml,n_associationRoleNotationUml_1;getParsingHelp_return_1;parse_modelElement_text_1;parseRole_role_text_1;toString_modelElement_args_return_1;toString_modelElement_return_1
StateDisabled,__THrkOLaEeCVSp8F0qHMxQ,ActionUndo,n_actionUndo_1;serialVersionUID_1
StateDisabled,__ciGQOLaEeCVSp8F0qHMxQ,PerspectiveConfigurator,n_perspectiveConfigurator_1;LOG_1;INSET_PX_1;configPanelNorth_1;configPanelSouth_1;splitPane_1;renameTextField_1;newPerspectiveButton_1;removePerspectiveButton_1;duplicatePerspectiveButton_1;moveUpButton_1;moveDownButton_1;addRuleButton_1;removeRuleButton_1;resetToDefaultButton_1;perspectiveList_1;perspectiveRulesList_1;ruleLibraryList_1;perspectiveListModel_1;perspectiveRulesListModel_1;ruleLibraryListModel_1;persLabel_1;ruleLibLabel_1;rulesLabel_1;makeLists__1;makeButtons__1;makeLayout__1;makeListeners__1;loadLibrary__1;loadPerspectives__1;updatePersLabel__1;updateLibLabel__1;updateRuleLabel__1;sortJListModel_list_1;doAddRule__1;doRemoveRule__1
StateDisabled,__duZEeLaEeCVSp8F0qHMxQ,RenameDocumentListener,n_renameDocumentListener_1;update__1
StateDisabled,__e6E0OLaEeCVSp8F0qHMxQ,ExplorerPopup,n_explorerPopup_1;createDiagrams_1;LOG_1;MODEL_ELEMENT_MENUITEMS_1;serialVersionUID_1;initMenuCreateDiagrams__1;initMenuCreateModelElements__1;addCreateModelElementAction_menuItems_metaType_relationshipDescr_1;buildDirectionalCreateMenuItem_metaType_source_dest_relationshipDescr_menu_1;menuLocalize_key_return_1;addMenuItemForBothEndsOf_edge_1
StateDisabled,__fNm0eLaEeCVSp8F0qHMxQ,OrderedMenu,n_orderedMenu_1;compareTo_o_return_1
StateDisabled,__tyOUeLaEeCVSp8F0qHMxQ,CrTooManyAttr,n_crTooManyAttr_1;ATTRIBUTES_THRESHOLD_1;serialVersionUID_1;getCriticizedDesignMaterials_return_1
StateDisabled,__uYrQuLaEeCVSp8F0qHMxQ,CrInvalidJoinTriggerOrGuard,n_crInvalidJoinTriggerOrGuard_1;serialVersionUID_1;getCriticizedDesignMaterials_return_1
StateDisabled,__5mcw-LaEeCVSp8F0qHMxQ,FigReturnActionMessage,n_figReturnActionMessage_1;serialVersionUID_1
StateDisabled,_ANPKceLbEeCVSp8F0qHMxQ,ClassGenerationDialog,n_classGenerationDialog_1;SOURCE_LANGUAGE_TAG_1;LOG_1;isPathInModel_1;languages_1;classTable_1;outputDirectoryComboBox_1;languageHistory_1;serialVersionUID_1;nameButtons__1;setClassTableColumnWidths__1;buildLanguages__1;getClasspathEntries_return_1;doBrowse__1
StateDisabled,_AW75AOLbEeCVSp8F0qHMxQ,UMLComboBox2,n_uMLComboBox2_1;actionPerformed_arg0_1;doIt_event_1;getTarget_return_1
StateDisabled,_AZ6UgOLbEeCVSp8F0qHMxQ,UMLObjectFlowStateClassifierComboBoxModel,n_uMLObjectFlowStateClassifierComboBoxModel_1;isValidElement_o_return_1;buildModelList__1;getSelectedModelElement_return_1
StateDisabled,_Ae0psOLbEeCVSp8F0qHMxQ,PropPanelActionSequence,n_propPanelActionSequence_1;actionsScroll_1;initialize__1
StateDisabled,_AkZtROLbEeCVSp8F0qHMxQ,PropPanelEvent,n_propPanelEvent_1;paramScroll_1;initialize__1;getParameterScroll_return_1
StateDisabled,_AnEmwuLbEeCVSp8F0qHMxQ,UMLUseCaseExtensionPointListModel,n_uMLUseCaseExtensionPointListModel_1;buildModelList__1;isValidElement_o_return_1;moveDown_index_1;moveToBottom_index_1;moveToTop_index_1
StateDisabled,_AyFj8eLbEeCVSp8F0qHMxQ,ActionRemovePackageImport,n_actionRemovePackageImport_1
StateDisabled,_AyYe4OLbEeCVSp8F0qHMxQ,PropPanelSubsystem,n_propPanelSubsystem_1;featureScroll_1;serialVersionUID_1;getFeatureScroll_return_1
UsecaseDisabled,_-yY9EuLaEeCVSp8F0qHMxQ,InvalidElementException,n_invalidElementException_1;serialVersionUID_1
UsecaseDisabled,__CwUUeLaEeCVSp8F0qHMxQ,ObjectFlowStateStateNotation,n_objectFlowStateStateNotation_1
UsecaseDisabled,__RLx4-LaEeCVSp8F0qHMxQ,FigClassifierRole,n_figClassifierRole_1;LOG_1;offset_1;minimumHeight_1;initialize__1;getNotationProviderType_return_1;superTranslate_dx_dy_1;updateHeadOffset__1;getMinimumSize_return_1;updateMinimumHeight__1;removeFigEdge_edge_1;addFigEdge_edge_1;getFigMessages_return_1;createActivations__1;setFillColor_color_1;getFillColor_return_1;setFilled_filled_1;makeSelection_return_1
UsecaseDisabled,__pUlEuLaEeCVSp8F0qHMxQ,CrDupParamName,n_crDupParamName_1;getCriticizedDesignMaterials_return_1
UsecaseDisabled,__xNVxOLaEeCVSp8F0qHMxQ,ProfileCodeGeneration,n_profileCodeGeneration_1;critics_1;getDisplayName_return_1;getProfileIdentifier_return_1
UsecaseDisabled,_ABfNcOLbEeCVSp8F0qHMxQ,StylePanelFigInterface,n_stylePanelFigInterface_1;operCheckBox_1;refreshTransaction_1;serialVersionUID_1;refresh__1
UsecaseDisabled,_AGY7keLbEeCVSp8F0qHMxQ,ActionVisibilityPrivate,n_actionVisibilityPrivate_1;serialVersionUID_1;valueOfTarget_t_return_1
UsecaseDisabled,_AIxhMOLbEeCVSp8F0qHMxQ,AbstractActionCheckBoxMenuItem,n_abstractActionCheckBoxMenuItem_1;isEnabled_return_1;valueOfTarget_t_return_1
UsecaseDisabled,_ALKG0-LbEeCVSp8F0qHMxQ,FigStereotypesGroup,n_figStereotypesGroup_1;bigPort_1;LOG_1;keyword_1;stereotypeCount_1;hidingStereotypesWithIcon_1;setOwner_own_1;removeFromDiagram__1;getBigPort_return_1;propertyChange_event_1;reorderStereotypeFigs__1;getStereotypeFigs_return_1;populate__1;getStereotypeCount_return_1;getBoundsForNextStereotype_return_1;updateHiddenStereotypes__1;setKeyword_word_1;isHidingStereotypesWithIcon_return_1;setHidingStereotypesWithIcon_hideStereotypesWithIcon_1;getMinimumSize_return_1
UsecaseDisabled,_AV5XMOLbEeCVSp8F0qHMxQ,InitUmlUI,n_initUmlUI_1;init__1;getDetailsTabs_return_1;getProjectSettingsTabs_return_1;getSettingsTabs_return_1
UsecaseDisabled,_AX-a0OLbEeCVSp8F0qHMxQ,TabSrc,n_tabSrc_1;serialVersionUID_1;LOG_1;fileName_1;cbFiles_1;predicates_1;finalize__1;generateSource_elem_1;genText_modelObject_return_1;shouldBeEnabled_target_return_1;itemStateChanged_event_1;refresh__1
UsecaseDisabled,_AQ_CAeLbEeCVSp8F0qHMxQ,SourcePathDialog,n_sourcePathDialog_1;srcPathTable_1;delButton_1;rowSM_1;buttonOkActionPerformed__1;getSelectedIndexes_return_1;deleteSelectedSettings__1
UsecaseDisabled,_AQ_CA-LbEeCVSp8F0qHMxQ,SelectionListener,n_selectionListener_1
UsecaseDisabled,_AaNPdOLbEeCVSp8F0qHMxQ,UMLClassifierInStateTypeComboBoxModel,n_uMLClassifierInStateTypeComboBoxModel_1;serialVersionUID_1;isValidElement_o_return_1;buildModelList__1;getSelectedModelElement_return_1;modelChanged_evt_1
UsecaseDisabled,_AfHko-LbEeCVSp8F0qHMxQ,UMLReceptionSignalComboBoxModel,n_uMLReceptionSignalComboBoxModel_1;buildModelList__1;isValidElement_m_return_1;getSelectedModelElement_return_1
UsecaseDisabled,_AugrhOLbEeCVSp8F0qHMxQ,ElementResidenceContainerListModel,n_elementResidenceContainerListModel_1;buildModelList__1;isValidElement_element_return_1
UsecaseDisabled,_At61pOLbEeCVSp8F0qHMxQ,UMLOperationRaisedSignalsListModel,n_uMLOperationRaisedSignalsListModel_1;buildModelList__1;isValidElement_element_return_1
UsecaseDisabled,_Ar1yBOLbEeCVSp8F0qHMxQ,ActionSetFeatureOwnerScope,n_actionSetFeatureOwnerScope_1;SINGLETON_1;getInstance_return_1
