{"runID":1,"method":"RaQuN-Jaccard-50","dataset":"example","runtime":0.0,"numberOfModels":3,"numberOfElements":8,"numberOfTuples":6,"sizeOfLargestModel":3,"k":0,"tp":2,"fp":0,"fn":2,"precision":1.0,"recall":0.5,"fMeasure":0.6666666666666666,"weight":0.5629629629629629,"numberOfNWayComparisonsTheoreticallyNeeded":21,"numberOfComparisonsActuallyDone":7,"mergeSizeFactor":2.0,"averageMatchedElementFit":0.6333333333333333,"matchedElementFitPerTuple":[0.6,0.6666666666666666]}
{"runID":1,"method":"RaQuN-Jaccard-50","dataset":"example","runtime":0.0,"numberOfModels":3,"numberOfElements":8,"numberOfTuples":6,"sizeOfLargestModel":3,"k":0,"tp":2,"fp":0,"fn":2,"precision":1.0,"recall":0.5,"fMeasure":0.6666666666666666,"weight":0.5629629629629629,"numberOfNWayComparisonsTheoreticallyNeeded":21,"numberOfComparisonsActuallyDone":7,"mergeSizeFactor":2.0,"averageMatchedElementFit":0.6333333333333333,"matchedElementFitPerTuple":[0.6,0.6666666666666666]}
{"runID":1,"method":"RaQuN-Jaccard-50","dataset":"example","runtime":0.0,"numberOfModels":3,"numberOfElements":8,"numberOfTuples":6,"sizeOfLargestModel":3,"k":0,"tp":2,"fp":0,"fn":2,"precision":1.0,"recall":0.5,"fMeasure":0.6666666666666666,"weight":0.5629629629629629,"numberOfNWayComparisonsTheoreticallyNeeded":21,"numberOfComparisonsActuallyDone":7,"mergeSizeFactor":2.0,"averageMatchedElementFit":0.6333333333333333,"matchedElementFitPerTuple":[0.6,0.6666666666666666]}
{"runID":1,"method":"RaQuN-Jaccard-50","dataset":"example","runtime":0.0,"numberOfModels":3,"numberOfElements":8,"numberOfTuples":6,"sizeOfLargestModel":3,"k":0,"tp":2,"fp":0,"fn":2,"precision":1.0,"recall":0.5,"fMeasure":0.6666666666666666,"weight":0.5629629629629629,"numberOfNWayComparisonsTheoreticallyNeeded":21,"numberOfComparisonsActuallyDone":7,"mergeSizeFactor":2.0,"averageMatchedElementFit":0.6333333333333333,"matchedElementFitPerTuple":[0.6,0.6666666666666666]}
{"runID":1,"method":"RaQuN-Jaccard-50","dataset":"example","runtime":0.0,"numberOfModels":3,"numberOfElements":8,"numberOfTuples":6,"sizeOfLargestModel":3,"k":0,"tp":2,"fp":0,"fn":2,"precision":1.0,"recall":0.5,"fMeasure":0.6666666666666666,"weight":0.5629629629629629,"numberOfNWayComparisonsTheoreticallyNeeded":21,"numberOfComparisonsActuallyDone":7,"mergeSizeFactor":2.0,"averageMatchedElementFit":0.6333333333333333,"matchedElementFitPerTuple":[0.6,0.6666666666666666]}
{"runID":1,"method":"RaQuN-Jaccard-50","dataset":"example","runtime":0.0,"numberOfModels":3,"numberOfElements":8,"numberOfTuples":6,"sizeOfLargestModel":3,"k":0,"tp":2,"fp":0,"fn":2,"precision":1.0,"recall":0.5,"fMeasure":0.6666666666666666,"weight":0.5629629629629629,"numberOfNWayComparisonsTheoreticallyNeeded":21,"numberOfComparisonsActuallyDone":7,"mergeSizeFactor":2.0,"averageMatchedElementFit":0.6333333333333333,"matchedElementFitPerTuple":[0.6666666666666666,0.6]}
{"runID":1,"method":"RaQuN-Jaccard-50","dataset":"example","runtime":0.0,"numberOfModels":3,"numberOfElements":8,"numberOfTuples":6,"sizeOfLargestModel":3,"k":0,"tp":2,"fp":0,"fn":2,"precision":1.0,"recall":0.5,"fMeasure":0.6666666666666666,"weight":0.5629629629629629,"numberOfNWayComparisonsTheoreticallyNeeded":21,"numberOfComparisonsActuallyDone":7,"mergeSizeFactor":2.0,"averageMatchedElementFit":0.6333333333333333,"matchedElementFitPerTuple":[0.6666666666666666,0.6]}
{"runID":1,"method":"RaQuN-Jaccard-50","dataset":"example","runtime":0.0,"numberOfModels":3,"numberOfElements":8,"numberOfTuples":6,"sizeOfLargestModel":3,"k":0,"tp":2,"fp":0,"fn":2,"precision":1.0,"recall":0.5,"fMeasure":0.6666666666666666,"weight":0.5629629629629629,"numberOfNWayComparisonsTheoreticallyNeeded":21,"numberOfComparisonsActuallyDone":7,"mergeSizeFactor":2.0,"averageMatchedElementFit":0.6333333333333333,"matchedElementFitPerTuple":[0.6,0.6666666666666666]}
{"runID":1,"method":"RaQuN-Jaccard-50","dataset":"example","runtime":0.0,"numberOfModels":3,"numberOfElements":8,"numberOfTuples":6,"sizeOfLargestModel":3,"k":0,"tp":2,"fp":0,"fn":2,"precision":1.0,"recall":0.5,"fMeasure":0.6666666666666666,"weight":0.5629629629629629,"numberOfNWayComparisonsTheoreticallyNeeded":21,"numberOfComparisonsActuallyDone":7,"mergeSizeFactor":2.0,"averageMatchedElementFit":0.6333333333333333,"matchedElementFitPerTuple":[0.6666666666666666,0.6]}
{"runID":1,"method":"RaQuN-Jaccard-50","dataset":"example","runtime":0.0,"numberOfModels":3,"numberOfElements":8,"numberOfTuples":6,"sizeOfLargestModel":3,"k":0,"tp":2,"fp":0,"fn":2,"precision":1.0,"recall":0.5,"fMeasure":0.6666666666666666,"weight":0.5629629629629629,"numberOfNWayComparisonsTheoreticallyNeeded":21,"numberOfComparisonsActuallyDone":7,"mergeSizeFactor":2.0,"averageMatchedElementFit":0.6333333333333333,"matchedElementFitPerTuple":[0.6666666666666666,0.6]}
{"runID":1,"method":"RaQuN-Jaccard-50","dataset":"example","runtime":0.0,"numberOfModels":3,"numberOfElements":8,"numberOfTuples":6,"sizeOfLargestModel":3,"k":0,"tp":2,"fp":0,"fn":2,"precision":1.0,"recall":0.5,"fMeasure":0.6666666666666666,"weight":0.5629629629629629,"numberOfNWayComparisonsTheoreticallyNeeded":21,"numberOfComparisonsActuallyDone":7,"mergeSizeFactor":2.0,"averageMatchedElementFit":0.6333333333333333,"matchedElementFitPerTuple":[0.6666666666666666,0.6]}
{"runID":1,"method":"RaQuN-Jaccard-50","dataset":"example","runtime":0.0,"numberOfModels":3,"numberOfElements":8,"numberOfTuples":6,"sizeOfLargestModel":3,"k":0,"tp":2,"fp":0,"fn":2,"precision":1.0,"recall":0.5,"fMeasure":0.6666666666666666,"weight":0.5629629629629629,"numberOfNWayComparisonsTheoreticallyNeeded":21,"numberOfComparisonsActuallyDone":7,"mergeSizeFactor":2.0,"averageMatchedElementFit":0.6333333333333333,"matchedElementFitPerTuple":[0.6,0.6666666666666666]}
{"runID":1,"method":"RaQuN-Jaccard-50","dataset":"example","runtime":0.0,"numberOfModels":3,"numberOfElements":8,"numberOfTuples":6,"sizeOfLargestModel":3,"k":0,"tp":2,"fp":0,"fn":2,"precision":1.0,"recall":0.5,"fMeasure":0.6666666666666666,"weight":0.5629629629629629,"numberOfNWayComparisonsTheoreticallyNeeded":21,"numberOfComparisonsActuallyDone":7,"mergeSizeFactor":2.0,"averageMatchedElementFit":0.6333333333333333,"matchedElementFitPerTuple":[0.6,0.6666666666666666]}
{"runID":1,"method":"RaQuN-Jaccard-50","dataset":"example","runtime":0.0,"numberOfModels":3,"numberOfElements":8,"numberOfTuples":6,"sizeOfLargestModel":3,"k":0,"tp":2,"fp":0,"fn":2,"precision":1.0,"recall":0.5,"fMeasure":0.6666666666666666,"weight":0.5629629629629629,"numberOfNWayComparisonsTheoreticallyNeeded":21,"numberOfComparisonsActuallyDone":7,"mergeSizeFactor":2.0,"averageMatchedElementFit":0.6333333333333333,"matchedElementFitPerTuple":[0.6,0.6666666666666666]}
{"runID":1,"method":"RaQuN-Jaccard-50","dataset":"example","runtime":0.0,"numberOfModels":3,"numberOfElements":8,"numberOfTuples":6,"sizeOfLargestModel":3,"k":0,"tp":2,"fp":0,"fn":2,"precision":1.0,"recall":0.5,"fMeasure":0.6666666666666666,"weight":0.5629629629629629,"numberOfNWayComparisonsTheoreticallyNeeded":21,"numberOfComparisonsActuallyDone":7,"mergeSizeFactor":2.0,"averageMatchedElementFit":0.6333333333333333,"matchedElementFitPerTuple":[0.6,0.6666666666666666]}
{"runID":1,"method":"RaQuN-Jaccard-50","dataset":"example","runtime":0.0,"numberOfModels":3,"numberOfElements":8,"numberOfTuples":6,"sizeOfLargestModel":3,"k":0,"tp":2,"fp":0,"fn":2,"precision":1.0,"recall":0.5,"fMeasure":0.6666666666666666,"weight":0.5629629629629629,"numberOfNWayComparisonsTheoreticallyNeeded":21,"numberOfComparisonsActuallyDone":7,"mergeSizeFactor":2.0,"averageMatchedElementFit":0.6333333333333333,"matchedElementFitPerTuple":[0.6666666666666666,0.6]}
{"runID":1,"method":"RaQuN-Jaccard-50","dataset":"example","runtime":0.0,"numberOfModels":3,"numberOfElements":8,"numberOfTuples":6,"sizeOfLargestModel":3,"k":0,"tp":2,"fp":0,"fn":2,"precision":1.0,"recall":0.5,"fMeasure":0.6666666666666666,"weight":0.5629629629629629,"numberOfNWayComparisonsTheoreticallyNeeded":21,"numberOfComparisonsActuallyDone":7,"mergeSizeFactor":2.0,"averageMatchedElementFit":0.6333333333333333,"matchedElementFitPerTuple":[0.6666666666666666,0.6]}
{"runID":1,"method":"RaQuN-Jaccard-50","dataset":"example","runtime":0.0,"numberOfModels":3,"numberOfElements":8,"numberOfTuples":6,"sizeOfLargestModel":3,"k":0,"tp":2,"fp":0,"fn":2,"precision":1.0,"recall":0.5,"fMeasure":0.6666666666666666,"weight":0.5629629629629629,"numberOfNWayComparisonsTheoreticallyNeeded":21,"numberOfComparisonsActuallyDone":7,"mergeSizeFactor":2.0,"averageMatchedElementFit":0.6333333333333333,"matchedElementFitPerTuple":[0.6666666666666666,0.6]}
{"runID":1,"method":"RaQuN-Jaccard-50","dataset":"example","runtime":0.0,"numberOfModels":3,"numberOfElements":8,"numberOfTuples":6,"sizeOfLargestModel":3,"k":0,"tp":2,"fp":0,"fn":2,"precision":1.0,"recall":0.5,"fMeasure":0.6666666666666666,"weight":0.5629629629629629,"numberOfNWayComparisonsTheoreticallyNeeded":21,"numberOfComparisonsActuallyDone":7,"mergeSizeFactor":2.0,"averageMatchedElementFit":0.6333333333333333,"matchedElementFitPerTuple":[0.6666666666666666,0.6]}
{"runID":1,"method":"RaQuN-Jaccard-50","dataset":"example","runtime":0.0,"numberOfModels":3,"numberOfElements":8,"numberOfTuples":6,"sizeOfLargestModel":3,"k":0,"tp":2,"fp":0,"fn":2,"precision":1.0,"recall":0.5,"fMeasure":0.6666666666666666,"weight":0.5629629629629629,"numberOfNWayComparisonsTheoreticallyNeeded":21,"numberOfComparisonsActuallyDone":7,"mergeSizeFactor":2.0,"averageMatchedElementFit":0.6333333333333333,"matchedElementFitPerTuple":[0.6666666666666666,0.6]}
{"runID":1,"method":"RaQuN-Jaccard-50","dataset":"example","runtime":0.0,"numberOfModels":3,"numberOfElements":8,"numberOfTuples":6,"sizeOfLargestModel":3,"k":0,"tp":2,"fp":0,"fn":2,"precision":1.0,"recall":0.5,"fMeasure":0.6666666666666666,"weight":0.5629629629629629,"numberOfNWayComparisonsTheoreticallyNeeded":21,"numberOfComparisonsActuallyDone":7,"mergeSizeFactor":2.0,"averageMatchedElementFit":0.6333333333333333,"matchedElementFitPerTuple":[0.6,0.6666666666666666]}
{"runID":1,"method":"RaQuN-Jaccard-50","dataset":"example","runtime":0.0,"numberOfModels":3,"numberOfElements":8,"numberOfTuples":6,"sizeOfLargestModel":3,"k":0,"tp":2,"fp":0,"fn":2,"precision":1.0,"recall":0.5,"fMeasure":0.6666666666666666,"weight":0.5629629629629629,"numberOfNWayComparisonsTheoreticallyNeeded":21,"numberOfComparisonsActuallyDone":7,"mergeSizeFactor":2.0,"averageMatchedElementFit":0.6333333333333333,"matchedElementFitPerTuple":[0.6,0.6666666666666666]}
{"runID":1,"method":"RaQuN-Jaccard-50","dataset":"example","runtime":0.0,"numberOfModels":3,"numberOfElements":8,"numberOfTuples":6,"sizeOfLargestModel":3,"k":0,"tp":2,"fp":0,"fn":2,"precision":1.0,"recall":0.5,"fMeasure":0.6666666666666666,"weight":0.5629629629629629,"numberOfNWayComparisonsTheoreticallyNeeded":21,"numberOfComparisonsActuallyDone":7,"mergeSizeFactor":2.0,"averageMatchedElementFit":0.6333333333333333,"matchedElementFitPerTuple":[0.6,0.6666666666666666]}
{"runID":1,"method":"RaQuN-Jaccard-50","dataset":"example","runtime":0.0,"numberOfModels":3,"numberOfElements":8,"numberOfTuples":6,"sizeOfLargestModel":3,"k":0,"tp":2,"fp":0,"fn":2,"precision":1.0,"recall":0.5,"fMeasure":0.6666666666666666,"weight":0.5629629629629629,"numberOfNWayComparisonsTheoreticallyNeeded":21,"numberOfComparisonsActuallyDone":7,"mergeSizeFactor":2.0,"averageMatchedElementFit":0.6333333333333333,"matchedElementFitPerTuple":[0.6,0.6666666666666666]}
{"runID":1,"method":"RaQuN-Jaccard-50","dataset":"example","runtime":0.0,"numberOfModels":3,"numberOfElements":8,"numberOfTuples":6,"sizeOfLargestModel":3,"k":0,"tp":2,"fp":0,"fn":2,"precision":1.0,"recall":0.5,"fMeasure":0.6666666666666666,"weight":0.5629629629629629,"numberOfNWayComparisonsTheoreticallyNeeded":21,"numberOfComparisonsActuallyDone":7,"mergeSizeFactor":2.0,"averageMatchedElementFit":0.6333333333333333,"matchedElementFitPerTuple":[0.6666666666666666,0.6]}
{"runID":1,"method":"RaQuN-Jaccard-50","dataset":"example","runtime":0.0,"numberOfModels":3,"numberOfElements":8,"numberOfTuples":6,"sizeOfLargestModel":3,"k":0,"tp":2,"fp":0,"fn":2,"precision":1.0,"recall":0.5,"fMeasure":0.6666666666666666,"weight":0.5629629629629629,"numberOfNWayComparisonsTheoreticallyNeeded":21,"numberOfComparisonsActuallyDone":7,"mergeSizeFactor":2.0,"averageMatchedElementFit":0.6333333333333333,"matchedElementFitPerTuple":[0.6,0.6666666666666666]}
{"runID":1,"method":"RaQuN-Jaccard-50","dataset":"example","runtime":0.0,"numberOfModels":3,"numberOfElements":8,"numberOfTuples":6,"sizeOfLargestModel":3,"k":0,"tp":2,"fp":0,"fn":2,"precision":1.0,"recall":0.5,"fMeasure":0.6666666666666666,"weight":0.5629629629629629,"numberOfNWayComparisonsTheoreticallyNeeded":21,"numberOfComparisonsActuallyDone":7,"mergeSizeFactor":2.0,"averageMatchedElementFit":0.6333333333333333,"matchedElementFitPerTuple":[0.6666666666666666,0.6]}
{"runID":1,"method":"RaQuN-Jaccard-50","dataset":"example","runtime":0.0,"numberOfModels":3,"numberOfElements":8,"numberOfTuples":6,"sizeOfLargestModel":3,"k":0,"tp":2,"fp":0,"fn":2,"precision":1.0,"recall":0.5,"fMeasure":0.6666666666666666,"weight":0.5629629629629629,"numberOfNWayComparisonsTheoreticallyNeeded":21,"numberOfComparisonsActuallyDone":7,"mergeSizeFactor":2.0,"averageMatchedElementFit":0.6333333333333333,"matchedElementFitPerTuple":[0.6,0.6666666666666666]}
{"runID":1,"method":"RaQuN-Jaccard-50","dataset":"example","runtime":0.0,"numberOfModels":3,"numberOfElements":8,"numberOfTuples":6,"sizeOfLargestModel":3,"k":0,"tp":2,"fp":0,"fn":2,"precision":1.0,"recall":0.5,"fMeasure":0.6666666666666666,"weight":0.5629629629629629,"numberOfNWayComparisonsTheoreticallyNeeded":21,"numberOfComparisonsActuallyDone":7,"mergeSizeFactor":2.0,"averageMatchedElementFit":0.6333333333333333,"matchedElementFitPerTuple":[0.6666666666666666,0.6]}
{"runID":1,"method":"RaQuN-Jaccard-50","dataset":"example","runtime":0.0,"numberOfModels":3,"numberOfElements":8,"numberOfTuples":6,"sizeOfLargestModel":3,"k":0,"tp":2,"fp":0,"fn":2,"precision":1.0,"recall":0.5,"fMeasure":0.6666666666666666,"weight":0.5629629629629629,"numberOfNWayComparisonsTheoreticallyNeeded":21,"numberOfComparisonsActuallyDone":7,"mergeSizeFactor":2.0,"averageMatchedElementFit":0.6333333333333333,"matchedElementFitPerTuple":[0.6666666666666666,0.6]}
