{"runID":1,"method":"RaQuN-Jaccard-50","dataset":"argouml_p001_s004","runtime":0.022,"numberOfModels":7,"numberOfElements":130,"numberOfTuples":119,"sizeOfLargestModel":20,"k":0,"tp":5,"fp":9,"fn":0,"precision":0.35714285714285715,"recall":1.0,"fMeasure":0.5263157894736842,"weight":0.706997084548105,"numberOfNWayComparisonsTheoreticallyNeeded":7240,"numberOfComparisonsActuallyDone":499,"mergeSizeFactor":5.95,"averageMatchedElementFit":0.7946428571428572,"matchedElementFitPerTuple":[0.5714285714285714,1.0,0.7857142857142857,1.0,0.5,0.5,1.0,1.0]}
{"runID":1,"method":"RaQuN-Jaccard-50","dataset":"argouml_p001_s001","runtime":0.028,"numberOfModels":7,"numberOfElements":126,"numberOfTuples":114,"sizeOfLargestModel":21,"k":0,"tp":3,"fp":10,"fn":0,"precision":0.23076923076923078,"recall":1.0,"fMeasure":0.375,"weight":0.6510204081632653,"numberOfNWayComparisonsTheoreticallyNeeded":6797,"numberOfComparisonsActuallyDone":481,"mergeSizeFactor":5.428571428571429,"averageMatchedElementFit":0.6681818181818181,"matchedElementFitPerTuple":[0.5,0.5,0.5,1.0,0.5,0.5,0.6,1.0,0.75,0.5,1.0]}
{"runID":1,"method":"RaQuN-Jaccard-50","dataset":"argouml_p001_s003","runtime":0.031,"numberOfModels":7,"numberOfElements":135,"numberOfTuples":118,"sizeOfLargestModel":21,"k":0,"tp":11,"fp":11,"fn":0,"precision":0.5,"recall":1.0,"fMeasure":0.6666666666666666,"weight":1.1234693877551019,"numberOfNWayComparisonsTheoreticallyNeeded":7807,"numberOfComparisonsActuallyDone":552,"mergeSizeFactor":5.619047619047619,"averageMatchedElementFit":0.8038461538461539,"matchedElementFitPerTuple":[0.6666666666666666,1.0,1.0,0.6,0.6666666666666666,0.75,1.0,0.6666666666666666,1.0,1.0,0.6,0.5,1.0]}
{"runID":1,"method":"RaQuN-Jaccard-50","dataset":"argouml_p001_s002","runtime":0.031,"numberOfModels":7,"numberOfElements":130,"numberOfTuples":119,"sizeOfLargestModel":20,"k":0,"tp":3,"fp":10,"fn":0,"precision":0.23076923076923078,"recall":1.0,"fMeasure":0.375,"weight":0.6081632653061224,"numberOfNWayComparisonsTheoreticallyNeeded":7240,"numberOfComparisonsActuallyDone":524,"mergeSizeFactor":5.95,"averageMatchedElementFit":0.6888888888888889,"matchedElementFitPerTuple":[0.5,0.6,0.6,1.0,1.0,0.5,0.5,1.0,0.5]}
{"runID":1,"method":"RaQuN-Jaccard-50","dataset":"argouml_p001_s005","runtime":0.031,"numberOfModels":7,"numberOfElements":135,"numberOfTuples":119,"sizeOfLargestModel":22,"k":0,"tp":6,"fp":13,"fn":0,"precision":0.3157894736842105,"recall":1.0,"fMeasure":0.4799999999999999,"weight":0.9299319727891155,"numberOfNWayComparisonsTheoreticallyNeeded":7798,"numberOfComparisonsActuallyDone":544,"mergeSizeFactor":5.409090909090909,"averageMatchedElementFit":0.6839743589743589,"matchedElementFitPerTuple":[0.5,0.6,0.5,0.5,0.625,1.0,1.0,0.5,1.0,0.5,0.5,0.6666666666666666,1.0]}
{"runID":1,"method":"RaQuN-Jaccard-50","dataset":"argouml_p001_s006","runtime":0.006,"numberOfModels":7,"numberOfElements":132,"numberOfTuples":121,"sizeOfLargestModel":20,"k":0,"tp":3,"fp":10,"fn":0,"precision":0.23076923076923078,"recall":1.0,"fMeasure":0.375,"weight":0.6417905141150537,"numberOfNWayComparisonsTheoreticallyNeeded":7465,"numberOfComparisonsActuallyDone":495,"mergeSizeFactor":6.05,"averageMatchedElementFit":0.7247386759581881,"matchedElementFitPerTuple":[0.5,1.0,1.0,0.9512195121951219,0.5714285714285714,1.0,0.5,0.5,0.5]}
{"runID":1,"method":"RaQuN-Jaccard-50","dataset":"argouml_p001_s007","runtime":0.005,"numberOfModels":7,"numberOfElements":135,"numberOfTuples":121,"sizeOfLargestModel":21,"k":0,"tp":2,"fp":16,"fn":0,"precision":0.1111111111111111,"recall":1.0,"fMeasure":0.19999999999999998,"weight":0.7151603498542274,"numberOfNWayComparisonsTheoreticallyNeeded":7805,"numberOfComparisonsActuallyDone":511,"mergeSizeFactor":5.761904761904762,"averageMatchedElementFit":0.6171428571428571,"matchedElementFitPerTuple":[0.5,0.5,1.0,0.5,0.5,0.5714285714285714,1.0,0.6,0.5,0.5]}
{"runID":1,"method":"RaQuN-Jaccard-50","dataset":"argouml_p001_s008","runtime":0.006,"numberOfModels":7,"numberOfElements":131,"numberOfTuples":118,"sizeOfLargestModel":20,"k":0,"tp":5,"fp":10,"fn":0,"precision":0.3333333333333333,"recall":1.0,"fMeasure":0.5,"weight":0.7879818594104309,"numberOfNWayComparisonsTheoreticallyNeeded":7353,"numberOfComparisonsActuallyDone":523,"mergeSizeFactor":5.9,"averageMatchedElementFit":0.7411616161616162,"matchedElementFitPerTuple":[0.5,0.5,0.5,1.0,1.0,0.6111111111111112,0.625,0.6666666666666666,1.0,1.0,0.75]}
{"runID":1,"method":"RaQuN-Jaccard-50","dataset":"argouml_p001_s009","runtime":0.005,"numberOfModels":7,"numberOfElements":128,"numberOfTuples":116,"sizeOfLargestModel":20,"k":0,"tp":2,"fp":12,"fn":0,"precision":0.14285714285714285,"recall":1.0,"fMeasure":0.25,"weight":0.6136054421768707,"numberOfNWayComparisonsTheoreticallyNeeded":7018,"numberOfComparisonsActuallyDone":476,"mergeSizeFactor":5.8,"averageMatchedElementFit":0.6266666666666666,"matchedElementFitPerTuple":[0.6666666666666666,0.5,0.5,1.0,0.5,0.5,0.5,1.0,0.5,0.6]}
{"runID":1,"method":"RaQuN-Jaccard-50","dataset":"argouml_p001_s010","runtime":0.005,"numberOfModels":7,"numberOfElements":128,"numberOfTuples":118,"sizeOfLargestModel":20,"k":0,"tp":4,"fp":9,"fn":0,"precision":0.3076923076923077,"recall":1.0,"fMeasure":0.47058823529411764,"weight":0.6448738253616302,"numberOfNWayComparisonsTheoreticallyNeeded":7018,"numberOfComparisonsActuallyDone":486,"mergeSizeFactor":5.9,"averageMatchedElementFit":0.7860741561961074,"matchedElementFitPerTuple":[1.0,0.9512195121951219,0.6,0.5555555555555556,1.0,0.6818181818181818,1.0,0.5]}
{"runID":1,"method":"RaQuN-Jaccard-50","dataset":"argouml_p001_s011","runtime":0.006,"numberOfModels":7,"numberOfElements":128,"numberOfTuples":118,"sizeOfLargestModel":20,"k":0,"tp":3,"fp":7,"fn":0,"precision":0.3,"recall":1.0,"fMeasure":0.4615384615384615,"weight":0.5523809523809524,"numberOfNWayComparisonsTheoreticallyNeeded":7018,"numberOfComparisonsActuallyDone":505,"mergeSizeFactor":5.9,"averageMatchedElementFit":0.6766666666666665,"matchedElementFitPerTuple":[1.0,0.6666666666666666,0.5,1.0,0.5,0.5,0.5,0.6,0.5,1.0]}
{"runID":1,"method":"RaQuN-Jaccard-50","dataset":"argouml_p001_s012","runtime":0.005,"numberOfModels":7,"numberOfElements":126,"numberOfTuples":114,"sizeOfLargestModel":19,"k":0,"tp":4,"fp":12,"fn":0,"precision":0.25,"recall":1.0,"fMeasure":0.4,"weight":0.6795918367346938,"numberOfNWayComparisonsTheoreticallyNeeded":6803,"numberOfComparisonsActuallyDone":490,"mergeSizeFactor":6.0,"averageMatchedElementFit":0.674074074074074,"matchedElementFitPerTuple":[0.5,0.5,0.5,1.0,0.5,1.0,1.0,0.5,0.5666666666666667]}
{"runID":1,"method":"RaQuN-Jaccard-50","dataset":"argouml_p001_s013","runtime":0.006,"numberOfModels":7,"numberOfElements":129,"numberOfTuples":119,"sizeOfLargestModel":20,"k":0,"tp":4,"fp":7,"fn":0,"precision":0.36363636363636365,"recall":1.0,"fMeasure":0.5333333333333333,"weight":0.6043083900226757,"numberOfNWayComparisonsTheoreticallyNeeded":7128,"numberOfComparisonsActuallyDone":508,"mergeSizeFactor":5.95,"averageMatchedElementFit":0.7530864197530864,"matchedElementFitPerTuple":[0.5,0.5,0.5,1.0,0.6666666666666666,1.0,1.0,0.6666666666666666,0.9444444444444444]}
{"runID":1,"method":"RaQuN-Jaccard-50","dataset":"argouml_p001_s014","runtime":0.007,"numberOfModels":7,"numberOfElements":133,"numberOfTuples":117,"sizeOfLargestModel":21,"k":0,"tp":8,"fp":8,"fn":0,"precision":0.5,"recall":1.0,"fMeasure":0.6666666666666666,"weight":1.006122448979592,"numberOfNWayComparisonsTheoreticallyNeeded":7576,"numberOfComparisonsActuallyDone":556,"mergeSizeFactor":5.571428571428571,"averageMatchedElementFit":0.7703125,"matchedElementFitPerTuple":[1.0,1.0,1.0,1.0,0.5,0.5,0.6,1.0,0.5,0.5,1.0,0.625,0.5,1.0,0.6,1.0]}
{"runID":1,"method":"RaQuN-Jaccard-50","dataset":"argouml_p001_s015","runtime":0.005,"numberOfModels":7,"numberOfElements":129,"numberOfTuples":120,"sizeOfLargestModel":19,"k":0,"tp":2,"fp":8,"fn":0,"precision":0.2,"recall":1.0,"fMeasure":0.33333333333333337,"weight":0.4747243725076237,"numberOfNWayComparisonsTheoreticallyNeeded":7130,"numberOfComparisonsActuallyDone":494,"mergeSizeFactor":6.315789473684211,"averageMatchedElementFit":0.6487966954022988,"matchedElementFitPerTuple":[0.5,0.5862068965517241,0.9375,0.5,0.5,0.6666666666666666,1.0,0.5]}
{"runID":1,"method":"RaQuN-Jaccard-50","dataset":"argouml_p001_s016","runtime":0.005,"numberOfModels":7,"numberOfElements":128,"numberOfTuples":115,"sizeOfLargestModel":19,"k":0,"tp":5,"fp":10,"fn":0,"precision":0.3333333333333333,"recall":1.0,"fMeasure":0.5,"weight":0.7662337662337662,"numberOfNWayComparisonsTheoreticallyNeeded":7019,"numberOfComparisonsActuallyDone":521,"mergeSizeFactor":6.052631578947368,"averageMatchedElementFit":0.7396694214876033,"matchedElementFitPerTuple":[1.0,1.0,0.5,0.5,1.0,0.5,0.5,1.0,1.0,0.6363636363636364,0.5]}
{"runID":1,"method":"RaQuN-Jaccard-50","dataset":"argouml_p001_s017","runtime":0.007,"numberOfModels":7,"numberOfElements":133,"numberOfTuples":120,"sizeOfLargestModel":21,"k":0,"tp":2,"fp":12,"fn":0,"precision":0.14285714285714285,"recall":1.0,"fMeasure":0.25,"weight":0.6360544217687075,"numberOfNWayComparisonsTheoreticallyNeeded":7576,"numberOfComparisonsActuallyDone":526,"mergeSizeFactor":5.714285714285714,"averageMatchedElementFit":0.5972222222222222,"matchedElementFitPerTuple":[0.5,0.5,0.5,0.5,1.0,1.0,0.5,0.5,0.6666666666666666,0.5,0.5,0.5]}
{"runID":1,"method":"RaQuN-Jaccard-50","dataset":"argouml_p001_s018","runtime":0.005,"numberOfModels":7,"numberOfElements":129,"numberOfTuples":117,"sizeOfLargestModel":20,"k":0,"tp":3,"fp":11,"fn":0,"precision":0.21428571428571427,"recall":1.0,"fMeasure":0.35294117647058826,"weight":0.6389698736637512,"numberOfNWayComparisonsTheoreticallyNeeded":7128,"numberOfComparisonsActuallyDone":499,"mergeSizeFactor":5.85,"averageMatchedElementFit":0.6488095238095238,"matchedElementFitPerTuple":[0.5,0.5,0.5,0.9166666666666666,1.0,0.5714285714285714,0.5,0.5,1.0,0.5]}
{"runID":1,"method":"RaQuN-Jaccard-50","dataset":"argouml_p001_s019","runtime":0.005,"numberOfModels":7,"numberOfElements":128,"numberOfTuples":115,"sizeOfLargestModel":19,"k":0,"tp":6,"fp":8,"fn":0,"precision":0.42857142857142855,"recall":1.0,"fMeasure":0.6,"weight":0.8456078083407275,"numberOfNWayComparisonsTheoreticallyNeeded":7019,"numberOfComparisonsActuallyDone":532,"mergeSizeFactor":6.052631578947368,"averageMatchedElementFit":0.8111413043478262,"matchedElementFitPerTuple":[1.0,0.5,1.0,1.0,0.625,0.6666666666666666,0.6666666666666666,0.6666666666666666,1.0,1.0,0.6086956521739131,1.0]}
{"runID":1,"method":"RaQuN-Jaccard-50","dataset":"argouml_p001_s020","runtime":0.006,"numberOfModels":7,"numberOfElements":131,"numberOfTuples":115,"sizeOfLargestModel":21,"k":0,"tp":6,"fp":10,"fn":0,"precision":0.375,"recall":1.0,"fMeasure":0.5454545454545454,"weight":0.936556527372854,"numberOfNWayComparisonsTheoreticallyNeeded":7348,"numberOfComparisonsActuallyDone":519,"mergeSizeFactor":5.476190476190476,"averageMatchedElementFit":0.7170510912698411,"matchedElementFitPerTuple":[1.0,1.0,0.5,0.5714285714285714,0.5,0.5555555555555556,0.6,0.6,0.5,1.0,0.5,0.5,0.9791666666666666,1.0,1.0,0.6666666666666666]}
{"runID":1,"method":"RaQuN-Jaccard-50","dataset":"argouml_p001_s021","runtime":0.006,"numberOfModels":7,"numberOfElements":125,"numberOfTuples":113,"sizeOfLargestModel":20,"k":0,"tp":0,"fp":14,"fn":0,"precision":0.0,"recall":0.0,"fMeasure":0.0,"weight":0.5261756876663709,"numberOfNWayComparisonsTheoreticallyNeeded":6693,"numberOfComparisonsActuallyDone":478,"mergeSizeFactor":5.65,"averageMatchedElementFit":0.5195652173913043,"matchedElementFitPerTuple":[0.6956521739130435,0.5,0.5,0.5,0.5,0.5,0.5,0.5,0.5,0.5]}
{"runID":1,"method":"RaQuN-Jaccard-50","dataset":"argouml_p001_s022","runtime":0.005,"numberOfModels":7,"numberOfElements":128,"numberOfTuples":113,"sizeOfLargestModel":19,"k":0,"tp":5,"fp":12,"fn":0,"precision":0.29411764705882354,"recall":1.0,"fMeasure":0.45454545454545453,"weight":0.8634596695821186,"numberOfNWayComparisonsTheoreticallyNeeded":7019,"numberOfComparisonsActuallyDone":482,"mergeSizeFactor":5.947368421052632,"averageMatchedElementFit":0.7106227106227105,"matchedElementFitPerTuple":[0.5714285714285714,1.0,1.0,1.0,0.6666666666666666,0.5,0.5,0.5,1.0,1.0,0.5,0.5,0.5]}
{"runID":1,"method":"RaQuN-Jaccard-50","dataset":"argouml_p001_s023","runtime":0.005,"numberOfModels":7,"numberOfElements":128,"numberOfTuples":119,"sizeOfLargestModel":21,"k":0,"tp":5,"fp":5,"fn":0,"precision":0.5,"recall":1.0,"fMeasure":0.6666666666666666,"weight":0.5952380952380952,"numberOfNWayComparisonsTheoreticallyNeeded":7014,"numberOfComparisonsActuallyDone":512,"mergeSizeFactor":5.666666666666667,"averageMatchedElementFit":0.8333333333333334,"matchedElementFitPerTuple":[1.0,0.5,0.5,1.0,1.0,1.0,1.0,0.6666666666666666]}
{"runID":1,"method":"RaQuN-Jaccard-50","dataset":"argouml_p001_s024","runtime":0.004,"numberOfModels":7,"numberOfElements":130,"numberOfTuples":111,"sizeOfLargestModel":21,"k":0,"tp":7,"fp":24,"fn":0,"precision":0.22580645161290322,"recall":1.0,"fMeasure":0.3684210526315789,"weight":1.1904761904761905,"numberOfNWayComparisonsTheoreticallyNeeded":7236,"numberOfComparisonsActuallyDone":509,"mergeSizeFactor":5.285714285714286,"averageMatchedElementFit":0.6544871794871795,"matchedElementFitPerTuple":[0.5,1.0,0.5,0.55,1.0,0.5,0.5,0.5,1.0,0.6666666666666666,0.6666666666666666,0.625,0.5]}
{"runID":1,"method":"RaQuN-Jaccard-50","dataset":"argouml_p001_s025","runtime":0.006,"numberOfModels":7,"numberOfElements":129,"numberOfTuples":117,"sizeOfLargestModel":20,"k":0,"tp":4,"fp":10,"fn":0,"precision":0.2857142857142857,"recall":1.0,"fMeasure":0.4444444444444445,"weight":0.7351473922902494,"numberOfNWayComparisonsTheoreticallyNeeded":7128,"numberOfComparisonsActuallyDone":510,"mergeSizeFactor":5.85,"averageMatchedElementFit":0.7755555555555554,"matchedElementFitPerTuple":[0.5,0.6,1.0,1.0,1.0,1.0,0.5,0.6,1.0,0.5555555555555556]}
{"runID":1,"method":"RaQuN-Jaccard-50","dataset":"argouml_p001_s026","runtime":0.005,"numberOfModels":7,"numberOfElements":128,"numberOfTuples":120,"sizeOfLargestModel":19,"k":0,"tp":3,"fp":5,"fn":0,"precision":0.375,"recall":1.0,"fMeasure":0.5454545454545454,"weight":0.4874635568513119,"numberOfNWayComparisonsTheoreticallyNeeded":7020,"numberOfComparisonsActuallyDone":493,"mergeSizeFactor":6.315789473684211,"averageMatchedElementFit":0.7464285714285714,"matchedElementFitPerTuple":[0.6666666666666666,0.5,1.0,1.0,0.5714285714285714,0.7333333333333333,0.5,1.0]}
{"runID":1,"method":"RaQuN-Jaccard-50","dataset":"argouml_p001_s027","runtime":0.005,"numberOfModels":7,"numberOfElements":130,"numberOfTuples":118,"sizeOfLargestModel":20,"k":0,"tp":5,"fp":7,"fn":0,"precision":0.4166666666666667,"recall":1.0,"fMeasure":0.5882352941176471,"weight":0.7156462585034012,"numberOfNWayComparisonsTheoreticallyNeeded":7239,"numberOfComparisonsActuallyDone":541,"mergeSizeFactor":5.9,"averageMatchedElementFit":0.7305555555555555,"matchedElementFitPerTuple":[1.0,1.0,0.5,0.5,0.5,0.5,1.0,0.6666666666666666,0.5,0.6,1.0,1.0]}
{"runID":1,"method":"RaQuN-Jaccard-50","dataset":"argouml_p001_s028","runtime":0.006,"numberOfModels":7,"numberOfElements":129,"numberOfTuples":114,"sizeOfLargestModel":19,"k":0,"tp":7,"fp":9,"fn":0,"precision":0.4375,"recall":1.0,"fMeasure":0.6086956521739131,"weight":0.9265306122448979,"numberOfNWayComparisonsTheoreticallyNeeded":7130,"numberOfComparisonsActuallyDone":519,"mergeSizeFactor":6.0,"averageMatchedElementFit":0.7660714285714285,"matchedElementFitPerTuple":[0.625,1.0,0.6,0.5,1.0,1.0,0.5,1.0,0.5,1.0,0.5,1.0,1.0,0.5]}
{"runID":1,"method":"RaQuN-Jaccard-50","dataset":"argouml_p001_s029","runtime":0.005,"numberOfModels":7,"numberOfElements":129,"numberOfTuples":117,"sizeOfLargestModel":20,"k":0,"tp":6,"fp":7,"fn":0,"precision":0.46153846153846156,"recall":1.0,"fMeasure":0.631578947368421,"weight":0.7731371618414808,"numberOfNWayComparisonsTheoreticallyNeeded":7129,"numberOfComparisonsActuallyDone":538,"mergeSizeFactor":5.85,"averageMatchedElementFit":0.8041754756871036,"matchedElementFitPerTuple":[1.0,1.0,0.7209302325581395,0.5,1.0,0.5,0.5,1.0,1.0,1.0,0.625]}
{"runID":1,"method":"RaQuN-Jaccard-50","dataset":"argouml_p001_s030","runtime":0.005,"numberOfModels":7,"numberOfElements":126,"numberOfTuples":115,"sizeOfLargestModel":19,"k":0,"tp":3,"fp":10,"fn":0,"precision":0.23076923076923078,"recall":1.0,"fMeasure":0.375,"weight":0.5931972789115646,"numberOfNWayComparisonsTheoreticallyNeeded":6802,"numberOfComparisonsActuallyDone":500,"mergeSizeFactor":6.052631578947368,"averageMatchedElementFit":0.6546296296296297,"matchedElementFitPerTuple":[0.6,0.5,0.6666666666666666,0.5,1.0,0.625,0.5,0.5,1.0]}
