{"runID":1,"method":"RaQuN-Character-Vec","dataset":"example","runtime":0.0,"numberOfModels":3,"numberOfElements":8,"numberOfTuples":4,"sizeOfLargestModel":3,"k":0,"tp":4,"fp":1,"fn":0,"precision":0.8,"recall":1.0,"fMeasure":0.888888888888889,"weight":0.7547619047619047,"numberOfNWayComparisonsTheoreticallyNeeded":21,"numberOfComparisonsActuallyDone":8,"mergeSizeFactor":1.3333333333333333,"averageMatchedElementFit":0.42023809523809524,"matchedElementFitPerTuple":[0.6,0.2857142857142857,0.375]}
{"runID":1,"method":"RaQuN-Character-Vec","dataset":"example","runtime":0.0,"numberOfModels":3,"numberOfElements":8,"numberOfTuples":4,"sizeOfLargestModel":3,"k":0,"tp":4,"fp":1,"fn":0,"precision":0.8,"recall":1.0,"fMeasure":0.888888888888889,"weight":0.7547619047619047,"numberOfNWayComparisonsTheoreticallyNeeded":21,"numberOfComparisonsActuallyDone":8,"mergeSizeFactor":1.3333333333333333,"averageMatchedElementFit":0.42023809523809524,"matchedElementFitPerTuple":[0.2857142857142857,0.375,0.6]}
{"runID":1,"method":"RaQuN-Character-Vec","dataset":"example","runtime":0.0,"numberOfModels":3,"numberOfElements":8,"numberOfTuples":4,"sizeOfLargestModel":3,"k":0,"tp":4,"fp":1,"fn":0,"precision":0.8,"recall":1.0,"fMeasure":0.888888888888889,"weight":0.7547619047619047,"numberOfNWayComparisonsTheoreticallyNeeded":21,"numberOfComparisonsActuallyDone":7,"mergeSizeFactor":1.3333333333333333,"averageMatchedElementFit":0.42023809523809524,"matchedElementFitPerTuple":[0.2857142857142857,0.375,0.6]}
{"runID":1,"method":"RaQuN-Character-Vec","dataset":"example","runtime":0.0,"numberOfModels":3,"numberOfElements":8,"numberOfTuples":4,"sizeOfLargestModel":3,"k":0,"tp":4,"fp":1,"fn":0,"precision":0.8,"recall":1.0,"fMeasure":0.888888888888889,"weight":0.7547619047619047,"numberOfNWayComparisonsTheoreticallyNeeded":21,"numberOfComparisonsActuallyDone":7,"mergeSizeFactor":1.3333333333333333,"averageMatchedElementFit":0.42023809523809524,"matchedElementFitPerTuple":[0.6,0.375,0.2857142857142857]}
{"runID":1,"method":"RaQuN-Character-Vec","dataset":"example","runtime":0.0,"numberOfModels":3,"numberOfElements":8,"numberOfTuples":4,"sizeOfLargestModel":3,"k":0,"tp":4,"fp":1,"fn":0,"precision":0.8,"recall":1.0,"fMeasure":0.888888888888889,"weight":0.7547619047619047,"numberOfNWayComparisonsTheoreticallyNeeded":21,"numberOfComparisonsActuallyDone":7,"mergeSizeFactor":1.3333333333333333,"averageMatchedElementFit":0.42023809523809524,"matchedElementFitPerTuple":[0.375,0.6,0.2857142857142857]}
{"runID":1,"method":"RaQuN-Character-Vec","dataset":"example","runtime":0.0,"numberOfModels":3,"numberOfElements":8,"numberOfTuples":4,"sizeOfLargestModel":3,"k":0,"tp":4,"fp":1,"fn":0,"precision":0.8,"recall":1.0,"fMeasure":0.888888888888889,"weight":0.7547619047619047,"numberOfNWayComparisonsTheoreticallyNeeded":21,"numberOfComparisonsActuallyDone":8,"mergeSizeFactor":1.3333333333333333,"averageMatchedElementFit":0.42023809523809524,"matchedElementFitPerTuple":[0.6,0.375,0.2857142857142857]}
{"runID":1,"method":"RaQuN-Character-Vec","dataset":"example","runtime":0.0,"numberOfModels":3,"numberOfElements":8,"numberOfTuples":4,"sizeOfLargestModel":3,"k":0,"tp":4,"fp":1,"fn":0,"precision":0.8,"recall":1.0,"fMeasure":0.888888888888889,"weight":0.7547619047619047,"numberOfNWayComparisonsTheoreticallyNeeded":21,"numberOfComparisonsActuallyDone":7,"mergeSizeFactor":1.3333333333333333,"averageMatchedElementFit":0.42023809523809524,"matchedElementFitPerTuple":[0.375,0.2857142857142857,0.6]}
{"runID":1,"method":"RaQuN-Character-Vec","dataset":"example","runtime":0.0,"numberOfModels":3,"numberOfElements":8,"numberOfTuples":4,"sizeOfLargestModel":3,"k":0,"tp":4,"fp":1,"fn":0,"precision":0.8,"recall":1.0,"fMeasure":0.888888888888889,"weight":0.7547619047619047,"numberOfNWayComparisonsTheoreticallyNeeded":21,"numberOfComparisonsActuallyDone":7,"mergeSizeFactor":1.3333333333333333,"averageMatchedElementFit":0.42023809523809524,"matchedElementFitPerTuple":[0.6,0.375,0.2857142857142857]}
{"runID":1,"method":"RaQuN-Character-Vec","dataset":"example","runtime":0.0,"numberOfModels":3,"numberOfElements":8,"numberOfTuples":4,"sizeOfLargestModel":3,"k":0,"tp":4,"fp":1,"fn":0,"precision":0.8,"recall":1.0,"fMeasure":0.888888888888889,"weight":0.7547619047619047,"numberOfNWayComparisonsTheoreticallyNeeded":21,"numberOfComparisonsActuallyDone":7,"mergeSizeFactor":1.3333333333333333,"averageMatchedElementFit":0.42023809523809524,"matchedElementFitPerTuple":[0.6,0.375,0.2857142857142857]}
{"runID":1,"method":"RaQuN-Character-Vec","dataset":"example","runtime":0.0,"numberOfModels":3,"numberOfElements":8,"numberOfTuples":4,"sizeOfLargestModel":3,"k":0,"tp":4,"fp":1,"fn":0,"precision":0.8,"recall":1.0,"fMeasure":0.888888888888889,"weight":0.7547619047619047,"numberOfNWayComparisonsTheoreticallyNeeded":21,"numberOfComparisonsActuallyDone":7,"mergeSizeFactor":1.3333333333333333,"averageMatchedElementFit":0.42023809523809524,"matchedElementFitPerTuple":[0.375,0.6,0.2857142857142857]}
{"runID":1,"method":"RaQuN-Character-Vec","dataset":"example","runtime":0.0,"numberOfModels":3,"numberOfElements":8,"numberOfTuples":4,"sizeOfLargestModel":3,"k":0,"tp":4,"fp":1,"fn":0,"precision":0.8,"recall":1.0,"fMeasure":0.888888888888889,"weight":0.7547619047619047,"numberOfNWayComparisonsTheoreticallyNeeded":21,"numberOfComparisonsActuallyDone":7,"mergeSizeFactor":1.3333333333333333,"averageMatchedElementFit":0.42023809523809524,"matchedElementFitPerTuple":[0.6,0.375,0.2857142857142857]}
{"runID":1,"method":"RaQuN-Character-Vec","dataset":"example","runtime":0.0,"numberOfModels":3,"numberOfElements":8,"numberOfTuples":4,"sizeOfLargestModel":3,"k":0,"tp":4,"fp":1,"fn":0,"precision":0.8,"recall":1.0,"fMeasure":0.888888888888889,"weight":0.7547619047619047,"numberOfNWayComparisonsTheoreticallyNeeded":21,"numberOfComparisonsActuallyDone":8,"mergeSizeFactor":1.3333333333333333,"averageMatchedElementFit":0.42023809523809524,"matchedElementFitPerTuple":[0.2857142857142857,0.375,0.6]}
{"runID":1,"method":"RaQuN-Character-Vec","dataset":"example","runtime":0.0,"numberOfModels":3,"numberOfElements":8,"numberOfTuples":4,"sizeOfLargestModel":3,"k":0,"tp":4,"fp":1,"fn":0,"precision":0.8,"recall":1.0,"fMeasure":0.888888888888889,"weight":0.7547619047619047,"numberOfNWayComparisonsTheoreticallyNeeded":21,"numberOfComparisonsActuallyDone":8,"mergeSizeFactor":1.3333333333333333,"averageMatchedElementFit":0.42023809523809524,"matchedElementFitPerTuple":[0.375,0.6,0.2857142857142857]}
{"runID":1,"method":"RaQuN-Character-Vec","dataset":"example","runtime":0.0,"numberOfModels":3,"numberOfElements":8,"numberOfTuples":4,"sizeOfLargestModel":3,"k":0,"tp":4,"fp":1,"fn":0,"precision":0.8,"recall":1.0,"fMeasure":0.888888888888889,"weight":0.7547619047619047,"numberOfNWayComparisonsTheoreticallyNeeded":21,"numberOfComparisonsActuallyDone":7,"mergeSizeFactor":1.3333333333333333,"averageMatchedElementFit":0.42023809523809524,"matchedElementFitPerTuple":[0.375,0.2857142857142857,0.6]}
{"runID":1,"method":"RaQuN-Character-Vec","dataset":"example","runtime":0.0,"numberOfModels":3,"numberOfElements":8,"numberOfTuples":4,"sizeOfLargestModel":3,"k":0,"tp":4,"fp":1,"fn":0,"precision":0.8,"recall":1.0,"fMeasure":0.888888888888889,"weight":0.7547619047619047,"numberOfNWayComparisonsTheoreticallyNeeded":21,"numberOfComparisonsActuallyDone":7,"mergeSizeFactor":1.3333333333333333,"averageMatchedElementFit":0.42023809523809524,"matchedElementFitPerTuple":[0.6,0.2857142857142857,0.375]}
{"runID":1,"method":"RaQuN-Character-Vec","dataset":"example","runtime":0.0,"numberOfModels":3,"numberOfElements":8,"numberOfTuples":4,"sizeOfLargestModel":3,"k":0,"tp":4,"fp":1,"fn":0,"precision":0.8,"recall":1.0,"fMeasure":0.888888888888889,"weight":0.7547619047619047,"numberOfNWayComparisonsTheoreticallyNeeded":21,"numberOfComparisonsActuallyDone":7,"mergeSizeFactor":1.3333333333333333,"averageMatchedElementFit":0.42023809523809524,"matchedElementFitPerTuple":[0.6,0.2857142857142857,0.375]}
{"runID":1,"method":"RaQuN-Character-Vec","dataset":"example","runtime":0.0,"numberOfModels":3,"numberOfElements":8,"numberOfTuples":4,"sizeOfLargestModel":3,"k":0,"tp":4,"fp":1,"fn":0,"precision":0.8,"recall":1.0,"fMeasure":0.888888888888889,"weight":0.7547619047619047,"numberOfNWayComparisonsTheoreticallyNeeded":21,"numberOfComparisonsActuallyDone":7,"mergeSizeFactor":1.3333333333333333,"averageMatchedElementFit":0.42023809523809524,"matchedElementFitPerTuple":[0.2857142857142857,0.375,0.6]}
{"runID":1,"method":"RaQuN-Character-Vec","dataset":"example","runtime":0.0,"numberOfModels":3,"numberOfElements":8,"numberOfTuples":4,"sizeOfLargestModel":3,"k":0,"tp":4,"fp":1,"fn":0,"precision":0.8,"recall":1.0,"fMeasure":0.888888888888889,"weight":0.7547619047619047,"numberOfNWayComparisonsTheoreticallyNeeded":21,"numberOfComparisonsActuallyDone":7,"mergeSizeFactor":1.3333333333333333,"averageMatchedElementFit":0.42023809523809524,"matchedElementFitPerTuple":[0.375,0.2857142857142857,0.6]}
{"runID":1,"method":"RaQuN-Character-Vec","dataset":"example","runtime":0.0,"numberOfModels":3,"numberOfElements":8,"numberOfTuples":4,"sizeOfLargestModel":3,"k":0,"tp":4,"fp":1,"fn":0,"precision":0.8,"recall":1.0,"fMeasure":0.888888888888889,"weight":0.7547619047619047,"numberOfNWayComparisonsTheoreticallyNeeded":21,"numberOfComparisonsActuallyDone":8,"mergeSizeFactor":1.3333333333333333,"averageMatchedElementFit":0.42023809523809524,"matchedElementFitPerTuple":[0.6,0.375,0.2857142857142857]}
{"runID":1,"method":"RaQuN-Character-Vec","dataset":"example","runtime":0.0,"numberOfModels":3,"numberOfElements":8,"numberOfTuples":4,"sizeOfLargestModel":3,"k":0,"tp":4,"fp":1,"fn":0,"precision":0.8,"recall":1.0,"fMeasure":0.888888888888889,"weight":0.7547619047619047,"numberOfNWayComparisonsTheoreticallyNeeded":21,"numberOfComparisonsActuallyDone":8,"mergeSizeFactor":1.3333333333333333,"averageMatchedElementFit":0.42023809523809524,"matchedElementFitPerTuple":[0.2857142857142857,0.6,0.375]}
{"runID":1,"method":"RaQuN-Character-Vec","dataset":"example","runtime":0.0,"numberOfModels":3,"numberOfElements":8,"numberOfTuples":4,"sizeOfLargestModel":3,"k":0,"tp":4,"fp":1,"fn":0,"precision":0.8,"recall":1.0,"fMeasure":0.888888888888889,"weight":0.7547619047619047,"numberOfNWayComparisonsTheoreticallyNeeded":21,"numberOfComparisonsActuallyDone":7,"mergeSizeFactor":1.3333333333333333,"averageMatchedElementFit":0.42023809523809524,"matchedElementFitPerTuple":[0.2857142857142857,0.6,0.375]}
{"runID":1,"method":"RaQuN-Character-Vec","dataset":"example","runtime":0.0,"numberOfModels":3,"numberOfElements":8,"numberOfTuples":4,"sizeOfLargestModel":3,"k":0,"tp":4,"fp":1,"fn":0,"precision":0.8,"recall":1.0,"fMeasure":0.888888888888889,"weight":0.7547619047619047,"numberOfNWayComparisonsTheoreticallyNeeded":21,"numberOfComparisonsActuallyDone":8,"mergeSizeFactor":1.3333333333333333,"averageMatchedElementFit":0.42023809523809524,"matchedElementFitPerTuple":[0.2857142857142857,0.375,0.6]}
{"runID":1,"method":"RaQuN-Character-Vec","dataset":"example","runtime":0.0,"numberOfModels":3,"numberOfElements":8,"numberOfTuples":4,"sizeOfLargestModel":3,"k":0,"tp":4,"fp":1,"fn":0,"precision":0.8,"recall":1.0,"fMeasure":0.888888888888889,"weight":0.7547619047619047,"numberOfNWayComparisonsTheoreticallyNeeded":21,"numberOfComparisonsActuallyDone":8,"mergeSizeFactor":1.3333333333333333,"averageMatchedElementFit":0.42023809523809524,"matchedElementFitPerTuple":[0.375,0.6,0.2857142857142857]}
{"runID":1,"method":"RaQuN-Character-Vec","dataset":"example","runtime":0.0,"numberOfModels":3,"numberOfElements":8,"numberOfTuples":4,"sizeOfLargestModel":3,"k":0,"tp":4,"fp":1,"fn":0,"precision":0.8,"recall":1.0,"fMeasure":0.888888888888889,"weight":0.7547619047619047,"numberOfNWayComparisonsTheoreticallyNeeded":21,"numberOfComparisonsActuallyDone":7,"mergeSizeFactor":1.3333333333333333,"averageMatchedElementFit":0.42023809523809524,"matchedElementFitPerTuple":[0.2857142857142857,0.6,0.375]}
{"runID":1,"method":"RaQuN-Character-Vec","dataset":"example","runtime":0.0,"numberOfModels":3,"numberOfElements":8,"numberOfTuples":4,"sizeOfLargestModel":3,"k":0,"tp":4,"fp":1,"fn":0,"precision":0.8,"recall":1.0,"fMeasure":0.888888888888889,"weight":0.7547619047619047,"numberOfNWayComparisonsTheoreticallyNeeded":21,"numberOfComparisonsActuallyDone":7,"mergeSizeFactor":1.3333333333333333,"averageMatchedElementFit":0.42023809523809524,"matchedElementFitPerTuple":[0.375,0.6,0.2857142857142857]}
{"runID":1,"method":"RaQuN-Character-Vec","dataset":"example","runtime":0.0,"numberOfModels":3,"numberOfElements":8,"numberOfTuples":4,"sizeOfLargestModel":3,"k":0,"tp":4,"fp":1,"fn":0,"precision":0.8,"recall":1.0,"fMeasure":0.888888888888889,"weight":0.7547619047619047,"numberOfNWayComparisonsTheoreticallyNeeded":21,"numberOfComparisonsActuallyDone":7,"mergeSizeFactor":1.3333333333333333,"averageMatchedElementFit":0.42023809523809524,"matchedElementFitPerTuple":[0.375,0.2857142857142857,0.6]}
{"runID":1,"method":"RaQuN-Character-Vec","dataset":"example","runtime":0.0,"numberOfModels":3,"numberOfElements":8,"numberOfTuples":4,"sizeOfLargestModel":3,"k":0,"tp":4,"fp":1,"fn":0,"precision":0.8,"recall":1.0,"fMeasure":0.888888888888889,"weight":0.7547619047619047,"numberOfNWayComparisonsTheoreticallyNeeded":21,"numberOfComparisonsActuallyDone":8,"mergeSizeFactor":1.3333333333333333,"averageMatchedElementFit":0.42023809523809524,"matchedElementFitPerTuple":[0.375,0.6,0.2857142857142857]}
{"runID":1,"method":"RaQuN-Character-Vec","dataset":"example","runtime":0.0,"numberOfModels":3,"numberOfElements":8,"numberOfTuples":4,"sizeOfLargestModel":3,"k":0,"tp":4,"fp":1,"fn":0,"precision":0.8,"recall":1.0,"fMeasure":0.888888888888889,"weight":0.7547619047619047,"numberOfNWayComparisonsTheoreticallyNeeded":21,"numberOfComparisonsActuallyDone":8,"mergeSizeFactor":1.3333333333333333,"averageMatchedElementFit":0.42023809523809524,"matchedElementFitPerTuple":[0.2857142857142857,0.6,0.375]}
{"runID":1,"method":"RaQuN-Character-Vec","dataset":"example","runtime":0.0,"numberOfModels":3,"numberOfElements":8,"numberOfTuples":4,"sizeOfLargestModel":3,"k":0,"tp":4,"fp":1,"fn":0,"precision":0.8,"recall":1.0,"fMeasure":0.888888888888889,"weight":0.7547619047619047,"numberOfNWayComparisonsTheoreticallyNeeded":21,"numberOfComparisonsActuallyDone":8,"mergeSizeFactor":1.3333333333333333,"averageMatchedElementFit":0.42023809523809524,"matchedElementFitPerTuple":[0.375,0.2857142857142857,0.6]}
{"runID":1,"method":"RaQuN-Character-Vec","dataset":"example","runtime":0.0,"numberOfModels":3,"numberOfElements":8,"numberOfTuples":4,"sizeOfLargestModel":3,"k":0,"tp":4,"fp":1,"fn":0,"precision":0.8,"recall":1.0,"fMeasure":0.888888888888889,"weight":0.7547619047619047,"numberOfNWayComparisonsTheoreticallyNeeded":21,"numberOfComparisonsActuallyDone":7,"mergeSizeFactor":1.3333333333333333,"averageMatchedElementFit":0.42023809523809524,"matchedElementFitPerTuple":[0.6,0.375,0.2857142857142857]}
