{"runID":1,"method":"RaQuN-Jaccard-100","dataset":"warehouses","runtime":0.043,"numberOfModels":16,"numberOfElements":388,"numberOfTuples":362,"sizeOfLargestModel":44,"k":0,"tp":0,"fp":31,"fn":0,"precision":0.0,"recall":0.0,"fMeasure":0.0,"weight":0.4296875,"numberOfNWayComparisonsTheoreticallyNeeded":70037,"numberOfComparisonsActuallyDone":4036,"mergeSizeFactor":8.227272727272727,"averageMatchedElementFit":1.0,"matchedElementFitPerTuple":[1.0,1.0,1.0,1.0,1.0,1.0,1.0,1.0,1.0,1.0,1.0,1.0,1.0,1.0,1.0,1.0,1.0,1.0,1.0,1.0,1.0,1.0]}
{"runID":1,"method":"RaQuN-Jaccard-100","dataset":"warehouses","runtime":0.042,"numberOfModels":16,"numberOfElements":388,"numberOfTuples":362,"sizeOfLargestModel":44,"k":0,"tp":0,"fp":31,"fn":0,"precision":0.0,"recall":0.0,"fMeasure":0.0,"weight":0.4296875,"numberOfNWayComparisonsTheoreticallyNeeded":70037,"numberOfComparisonsActuallyDone":4038,"mergeSizeFactor":8.227272727272727,"averageMatchedElementFit":1.0,"matchedElementFitPerTuple":[1.0,1.0,1.0,1.0,1.0,1.0,1.0,1.0,1.0,1.0,1.0,1.0,1.0,1.0,1.0,1.0,1.0,1.0,1.0,1.0,1.0,1.0]}
{"runID":1,"method":"RaQuN-Jaccard-100","dataset":"warehouses","runtime":0.044,"numberOfModels":16,"numberOfElements":388,"numberOfTuples":362,"sizeOfLargestModel":44,"k":0,"tp":0,"fp":31,"fn":0,"precision":0.0,"recall":0.0,"fMeasure":0.0,"weight":0.4296875,"numberOfNWayComparisonsTheoreticallyNeeded":70037,"numberOfComparisonsActuallyDone":4036,"mergeSizeFactor":8.227272727272727,"averageMatchedElementFit":1.0,"matchedElementFitPerTuple":[1.0,1.0,1.0,1.0,1.0,1.0,1.0,1.0,1.0,1.0,1.0,1.0,1.0,1.0,1.0,1.0,1.0,1.0,1.0,1.0,1.0,1.0]}
{"runID":1,"method":"RaQuN-Jaccard-100","dataset":"warehouses","runtime":0.042,"numberOfModels":16,"numberOfElements":388,"numberOfTuples":362,"sizeOfLargestModel":44,"k":0,"tp":0,"fp":31,"fn":0,"precision":0.0,"recall":0.0,"fMeasure":0.0,"weight":0.4296875,"numberOfNWayComparisonsTheoreticallyNeeded":70037,"numberOfComparisonsActuallyDone":4036,"mergeSizeFactor":8.227272727272727,"averageMatchedElementFit":1.0,"matchedElementFitPerTuple":[1.0,1.0,1.0,1.0,1.0,1.0,1.0,1.0,1.0,1.0,1.0,1.0,1.0,1.0,1.0,1.0,1.0,1.0,1.0,1.0,1.0,1.0]}
{"runID":1,"method":"RaQuN-Jaccard-100","dataset":"warehouses","runtime":0.043,"numberOfModels":16,"numberOfElements":388,"numberOfTuples":362,"sizeOfLargestModel":44,"k":0,"tp":0,"fp":31,"fn":0,"precision":0.0,"recall":0.0,"fMeasure":0.0,"weight":0.4296875,"numberOfNWayComparisonsTheoreticallyNeeded":70037,"numberOfComparisonsActuallyDone":4040,"mergeSizeFactor":8.227272727272727,"averageMatchedElementFit":1.0,"matchedElementFitPerTuple":[1.0,1.0,1.0,1.0,1.0,1.0,1.0,1.0,1.0,1.0,1.0,1.0,1.0,1.0,1.0,1.0,1.0,1.0,1.0,1.0,1.0,1.0]}
{"runID":1,"method":"RaQuN-Jaccard-100","dataset":"warehouses","runtime":0.043,"numberOfModels":16,"numberOfElements":388,"numberOfTuples":362,"sizeOfLargestModel":44,"k":0,"tp":0,"fp":31,"fn":0,"precision":0.0,"recall":0.0,"fMeasure":0.0,"weight":0.4296875,"numberOfNWayComparisonsTheoreticallyNeeded":70037,"numberOfComparisonsActuallyDone":4037,"mergeSizeFactor":8.227272727272727,"averageMatchedElementFit":1.0,"matchedElementFitPerTuple":[1.0,1.0,1.0,1.0,1.0,1.0,1.0,1.0,1.0,1.0,1.0,1.0,1.0,1.0,1.0,1.0,1.0,1.0,1.0,1.0,1.0,1.0]}
{"runID":1,"method":"RaQuN-Jaccard-100","dataset":"warehouses","runtime":0.041,"numberOfModels":16,"numberOfElements":388,"numberOfTuples":362,"sizeOfLargestModel":44,"k":0,"tp":0,"fp":31,"fn":0,"precision":0.0,"recall":0.0,"fMeasure":0.0,"weight":0.4296875,"numberOfNWayComparisonsTheoreticallyNeeded":70037,"numberOfComparisonsActuallyDone":4037,"mergeSizeFactor":8.227272727272727,"averageMatchedElementFit":1.0,"matchedElementFitPerTuple":[1.0,1.0,1.0,1.0,1.0,1.0,1.0,1.0,1.0,1.0,1.0,1.0,1.0,1.0,1.0,1.0,1.0,1.0,1.0,1.0,1.0,1.0]}
{"runID":1,"method":"RaQuN-Jaccard-100","dataset":"warehouses","runtime":0.045,"numberOfModels":16,"numberOfElements":388,"numberOfTuples":362,"sizeOfLargestModel":44,"k":0,"tp":0,"fp":31,"fn":0,"precision":0.0,"recall":0.0,"fMeasure":0.0,"weight":0.4296875,"numberOfNWayComparisonsTheoreticallyNeeded":70037,"numberOfComparisonsActuallyDone":4040,"mergeSizeFactor":8.227272727272727,"averageMatchedElementFit":1.0,"matchedElementFitPerTuple":[1.0,1.0,1.0,1.0,1.0,1.0,1.0,1.0,1.0,1.0,1.0,1.0,1.0,1.0,1.0,1.0,1.0,1.0,1.0,1.0,1.0,1.0]}
{"runID":1,"method":"RaQuN-Jaccard-100","dataset":"warehouses","runtime":0.044,"numberOfModels":16,"numberOfElements":388,"numberOfTuples":362,"sizeOfLargestModel":44,"k":0,"tp":0,"fp":31,"fn":0,"precision":0.0,"recall":0.0,"fMeasure":0.0,"weight":0.4296875,"numberOfNWayComparisonsTheoreticallyNeeded":70037,"numberOfComparisonsActuallyDone":4037,"mergeSizeFactor":8.227272727272727,"averageMatchedElementFit":1.0,"matchedElementFitPerTuple":[1.0,1.0,1.0,1.0,1.0,1.0,1.0,1.0,1.0,1.0,1.0,1.0,1.0,1.0,1.0,1.0,1.0,1.0,1.0,1.0,1.0,1.0]}
{"runID":1,"method":"RaQuN-Jaccard-100","dataset":"warehouses","runtime":0.042,"numberOfModels":16,"numberOfElements":388,"numberOfTuples":362,"sizeOfLargestModel":44,"k":0,"tp":0,"fp":31,"fn":0,"precision":0.0,"recall":0.0,"fMeasure":0.0,"weight":0.4296875,"numberOfNWayComparisonsTheoreticallyNeeded":70037,"numberOfComparisonsActuallyDone":4036,"mergeSizeFactor":8.227272727272727,"averageMatchedElementFit":1.0,"matchedElementFitPerTuple":[1.0,1.0,1.0,1.0,1.0,1.0,1.0,1.0,1.0,1.0,1.0,1.0,1.0,1.0,1.0,1.0,1.0,1.0,1.0,1.0,1.0,1.0]}
{"runID":1,"method":"RaQuN-Jaccard-100","dataset":"warehouses","runtime":0.042,"numberOfModels":16,"numberOfElements":388,"numberOfTuples":362,"sizeOfLargestModel":44,"k":0,"tp":0,"fp":31,"fn":0,"precision":0.0,"recall":0.0,"fMeasure":0.0,"weight":0.4296875,"numberOfNWayComparisonsTheoreticallyNeeded":70037,"numberOfComparisonsActuallyDone":4038,"mergeSizeFactor":8.227272727272727,"averageMatchedElementFit":1.0,"matchedElementFitPerTuple":[1.0,1.0,1.0,1.0,1.0,1.0,1.0,1.0,1.0,1.0,1.0,1.0,1.0,1.0,1.0,1.0,1.0,1.0,1.0,1.0,1.0,1.0]}
{"runID":1,"method":"RaQuN-Jaccard-100","dataset":"warehouses","runtime":0.044,"numberOfModels":16,"numberOfElements":388,"numberOfTuples":362,"sizeOfLargestModel":44,"k":0,"tp":0,"fp":31,"fn":0,"precision":0.0,"recall":0.0,"fMeasure":0.0,"weight":0.4296875,"numberOfNWayComparisonsTheoreticallyNeeded":70037,"numberOfComparisonsActuallyDone":4036,"mergeSizeFactor":8.227272727272727,"averageMatchedElementFit":1.0,"matchedElementFitPerTuple":[1.0,1.0,1.0,1.0,1.0,1.0,1.0,1.0,1.0,1.0,1.0,1.0,1.0,1.0,1.0,1.0,1.0,1.0,1.0,1.0,1.0,1.0]}
{"runID":1,"method":"RaQuN-Jaccard-100","dataset":"warehouses","runtime":0.041,"numberOfModels":16,"numberOfElements":388,"numberOfTuples":362,"sizeOfLargestModel":44,"k":0,"tp":0,"fp":31,"fn":0,"precision":0.0,"recall":0.0,"fMeasure":0.0,"weight":0.4296875,"numberOfNWayComparisonsTheoreticallyNeeded":70037,"numberOfComparisonsActuallyDone":4036,"mergeSizeFactor":8.227272727272727,"averageMatchedElementFit":1.0,"matchedElementFitPerTuple":[1.0,1.0,1.0,1.0,1.0,1.0,1.0,1.0,1.0,1.0,1.0,1.0,1.0,1.0,1.0,1.0,1.0,1.0,1.0,1.0,1.0,1.0]}
{"runID":1,"method":"RaQuN-Jaccard-100","dataset":"warehouses","runtime":0.042,"numberOfModels":16,"numberOfElements":388,"numberOfTuples":362,"sizeOfLargestModel":44,"k":0,"tp":0,"fp":31,"fn":0,"precision":0.0,"recall":0.0,"fMeasure":0.0,"weight":0.4296875,"numberOfNWayComparisonsTheoreticallyNeeded":70037,"numberOfComparisonsActuallyDone":4038,"mergeSizeFactor":8.227272727272727,"averageMatchedElementFit":1.0,"matchedElementFitPerTuple":[1.0,1.0,1.0,1.0,1.0,1.0,1.0,1.0,1.0,1.0,1.0,1.0,1.0,1.0,1.0,1.0,1.0,1.0,1.0,1.0,1.0,1.0]}
{"runID":1,"method":"RaQuN-Jaccard-100","dataset":"warehouses","runtime":0.043,"numberOfModels":16,"numberOfElements":388,"numberOfTuples":362,"sizeOfLargestModel":44,"k":0,"tp":0,"fp":31,"fn":0,"precision":0.0,"recall":0.0,"fMeasure":0.0,"weight":0.4296875,"numberOfNWayComparisonsTheoreticallyNeeded":70037,"numberOfComparisonsActuallyDone":4038,"mergeSizeFactor":8.227272727272727,"averageMatchedElementFit":1.0,"matchedElementFitPerTuple":[1.0,1.0,1.0,1.0,1.0,1.0,1.0,1.0,1.0,1.0,1.0,1.0,1.0,1.0,1.0,1.0,1.0,1.0,1.0,1.0,1.0,1.0]}
{"runID":1,"method":"RaQuN-Jaccard-100","dataset":"warehouses","runtime":0.041,"numberOfModels":16,"numberOfElements":388,"numberOfTuples":362,"sizeOfLargestModel":44,"k":0,"tp":0,"fp":31,"fn":0,"precision":0.0,"recall":0.0,"fMeasure":0.0,"weight":0.4296875,"numberOfNWayComparisonsTheoreticallyNeeded":70037,"numberOfComparisonsActuallyDone":4036,"mergeSizeFactor":8.227272727272727,"averageMatchedElementFit":1.0,"matchedElementFitPerTuple":[1.0,1.0,1.0,1.0,1.0,1.0,1.0,1.0,1.0,1.0,1.0,1.0,1.0,1.0,1.0,1.0,1.0,1.0,1.0,1.0,1.0,1.0]}
{"runID":1,"method":"RaQuN-Jaccard-100","dataset":"warehouses","runtime":0.046,"numberOfModels":16,"numberOfElements":388,"numberOfTuples":362,"sizeOfLargestModel":44,"k":0,"tp":0,"fp":31,"fn":0,"precision":0.0,"recall":0.0,"fMeasure":0.0,"weight":0.4296875,"numberOfNWayComparisonsTheoreticallyNeeded":70037,"numberOfComparisonsActuallyDone":4036,"mergeSizeFactor":8.227272727272727,"averageMatchedElementFit":1.0,"matchedElementFitPerTuple":[1.0,1.0,1.0,1.0,1.0,1.0,1.0,1.0,1.0,1.0,1.0,1.0,1.0,1.0,1.0,1.0,1.0,1.0,1.0,1.0,1.0,1.0]}
{"runID":1,"method":"RaQuN-Jaccard-100","dataset":"warehouses","runtime":0.043,"numberOfModels":16,"numberOfElements":388,"numberOfTuples":362,"sizeOfLargestModel":44,"k":0,"tp":0,"fp":31,"fn":0,"precision":0.0,"recall":0.0,"fMeasure":0.0,"weight":0.4296875,"numberOfNWayComparisonsTheoreticallyNeeded":70037,"numberOfComparisonsActuallyDone":4036,"mergeSizeFactor":8.227272727272727,"averageMatchedElementFit":1.0,"matchedElementFitPerTuple":[1.0,1.0,1.0,1.0,1.0,1.0,1.0,1.0,1.0,1.0,1.0,1.0,1.0,1.0,1.0,1.0,1.0,1.0,1.0,1.0,1.0,1.0]}
{"runID":1,"method":"RaQuN-Jaccard-100","dataset":"warehouses","runtime":0.044,"numberOfModels":16,"numberOfElements":388,"numberOfTuples":362,"sizeOfLargestModel":44,"k":0,"tp":0,"fp":31,"fn":0,"precision":0.0,"recall":0.0,"fMeasure":0.0,"weight":0.4296875,"numberOfNWayComparisonsTheoreticallyNeeded":70037,"numberOfComparisonsActuallyDone":4036,"mergeSizeFactor":8.227272727272727,"averageMatchedElementFit":1.0,"matchedElementFitPerTuple":[1.0,1.0,1.0,1.0,1.0,1.0,1.0,1.0,1.0,1.0,1.0,1.0,1.0,1.0,1.0,1.0,1.0,1.0,1.0,1.0,1.0,1.0]}
{"runID":1,"method":"RaQuN-Jaccard-100","dataset":"warehouses","runtime":0.042,"numberOfModels":16,"numberOfElements":388,"numberOfTuples":362,"sizeOfLargestModel":44,"k":0,"tp":0,"fp":31,"fn":0,"precision":0.0,"recall":0.0,"fMeasure":0.0,"weight":0.4296875,"numberOfNWayComparisonsTheoreticallyNeeded":70037,"numberOfComparisonsActuallyDone":4038,"mergeSizeFactor":8.227272727272727,"averageMatchedElementFit":1.0,"matchedElementFitPerTuple":[1.0,1.0,1.0,1.0,1.0,1.0,1.0,1.0,1.0,1.0,1.0,1.0,1.0,1.0,1.0,1.0,1.0,1.0,1.0,1.0,1.0,1.0]}
{"runID":1,"method":"RaQuN-Jaccard-100","dataset":"warehouses","runtime":0.042,"numberOfModels":16,"numberOfElements":388,"numberOfTuples":362,"sizeOfLargestModel":44,"k":0,"tp":0,"fp":31,"fn":0,"precision":0.0,"recall":0.0,"fMeasure":0.0,"weight":0.4296875,"numberOfNWayComparisonsTheoreticallyNeeded":70037,"numberOfComparisonsActuallyDone":4037,"mergeSizeFactor":8.227272727272727,"averageMatchedElementFit":1.0,"matchedElementFitPerTuple":[1.0,1.0,1.0,1.0,1.0,1.0,1.0,1.0,1.0,1.0,1.0,1.0,1.0,1.0,1.0,1.0,1.0,1.0,1.0,1.0,1.0,1.0]}
{"runID":1,"method":"RaQuN-Jaccard-100","dataset":"warehouses","runtime":0.043,"numberOfModels":16,"numberOfElements":388,"numberOfTuples":362,"sizeOfLargestModel":44,"k":0,"tp":0,"fp":31,"fn":0,"precision":0.0,"recall":0.0,"fMeasure":0.0,"weight":0.4296875,"numberOfNWayComparisonsTheoreticallyNeeded":70037,"numberOfComparisonsActuallyDone":4040,"mergeSizeFactor":8.227272727272727,"averageMatchedElementFit":1.0,"matchedElementFitPerTuple":[1.0,1.0,1.0,1.0,1.0,1.0,1.0,1.0,1.0,1.0,1.0,1.0,1.0,1.0,1.0,1.0,1.0,1.0,1.0,1.0,1.0,1.0]}
{"runID":1,"method":"RaQuN-Jaccard-100","dataset":"warehouses","runtime":0.043,"numberOfModels":16,"numberOfElements":388,"numberOfTuples":362,"sizeOfLargestModel":44,"k":0,"tp":0,"fp":31,"fn":0,"precision":0.0,"recall":0.0,"fMeasure":0.0,"weight":0.4296875,"numberOfNWayComparisonsTheoreticallyNeeded":70037,"numberOfComparisonsActuallyDone":4038,"mergeSizeFactor":8.227272727272727,"averageMatchedElementFit":1.0,"matchedElementFitPerTuple":[1.0,1.0,1.0,1.0,1.0,1.0,1.0,1.0,1.0,1.0,1.0,1.0,1.0,1.0,1.0,1.0,1.0,1.0,1.0,1.0,1.0,1.0]}
{"runID":1,"method":"RaQuN-Jaccard-100","dataset":"warehouses","runtime":0.045,"numberOfModels":16,"numberOfElements":388,"numberOfTuples":362,"sizeOfLargestModel":44,"k":0,"tp":0,"fp":31,"fn":0,"precision":0.0,"recall":0.0,"fMeasure":0.0,"weight":0.4296875,"numberOfNWayComparisonsTheoreticallyNeeded":70037,"numberOfComparisonsActuallyDone":4037,"mergeSizeFactor":8.227272727272727,"averageMatchedElementFit":1.0,"matchedElementFitPerTuple":[1.0,1.0,1.0,1.0,1.0,1.0,1.0,1.0,1.0,1.0,1.0,1.0,1.0,1.0,1.0,1.0,1.0,1.0,1.0,1.0,1.0,1.0]}
{"runID":1,"method":"RaQuN-Jaccard-100","dataset":"warehouses","runtime":0.042,"numberOfModels":16,"numberOfElements":388,"numberOfTuples":362,"sizeOfLargestModel":44,"k":0,"tp":0,"fp":31,"fn":0,"precision":0.0,"recall":0.0,"fMeasure":0.0,"weight":0.4296875,"numberOfNWayComparisonsTheoreticallyNeeded":70037,"numberOfComparisonsActuallyDone":4037,"mergeSizeFactor":8.227272727272727,"averageMatchedElementFit":1.0,"matchedElementFitPerTuple":[1.0,1.0,1.0,1.0,1.0,1.0,1.0,1.0,1.0,1.0,1.0,1.0,1.0,1.0,1.0,1.0,1.0,1.0,1.0,1.0,1.0,1.0]}
{"runID":1,"method":"RaQuN-Jaccard-100","dataset":"warehouses","runtime":0.042,"numberOfModels":16,"numberOfElements":388,"numberOfTuples":362,"sizeOfLargestModel":44,"k":0,"tp":0,"fp":31,"fn":0,"precision":0.0,"recall":0.0,"fMeasure":0.0,"weight":0.4296875,"numberOfNWayComparisonsTheoreticallyNeeded":70037,"numberOfComparisonsActuallyDone":4036,"mergeSizeFactor":8.227272727272727,"averageMatchedElementFit":1.0,"matchedElementFitPerTuple":[1.0,1.0,1.0,1.0,1.0,1.0,1.0,1.0,1.0,1.0,1.0,1.0,1.0,1.0,1.0,1.0,1.0,1.0,1.0,1.0,1.0,1.0]}
{"runID":1,"method":"RaQuN-Jaccard-100","dataset":"warehouses","runtime":0.042,"numberOfModels":16,"numberOfElements":388,"numberOfTuples":362,"sizeOfLargestModel":44,"k":0,"tp":0,"fp":31,"fn":0,"precision":0.0,"recall":0.0,"fMeasure":0.0,"weight":0.4296875,"numberOfNWayComparisonsTheoreticallyNeeded":70037,"numberOfComparisonsActuallyDone":4038,"mergeSizeFactor":8.227272727272727,"averageMatchedElementFit":1.0,"matchedElementFitPerTuple":[1.0,1.0,1.0,1.0,1.0,1.0,1.0,1.0,1.0,1.0,1.0,1.0,1.0,1.0,1.0,1.0,1.0,1.0,1.0,1.0,1.0,1.0]}
{"runID":1,"method":"RaQuN-Jaccard-100","dataset":"warehouses","runtime":0.042,"numberOfModels":16,"numberOfElements":388,"numberOfTuples":362,"sizeOfLargestModel":44,"k":0,"tp":0,"fp":31,"fn":0,"precision":0.0,"recall":0.0,"fMeasure":0.0,"weight":0.4296875,"numberOfNWayComparisonsTheoreticallyNeeded":70037,"numberOfComparisonsActuallyDone":4038,"mergeSizeFactor":8.227272727272727,"averageMatchedElementFit":1.0,"matchedElementFitPerTuple":[1.0,1.0,1.0,1.0,1.0,1.0,1.0,1.0,1.0,1.0,1.0,1.0,1.0,1.0,1.0,1.0,1.0,1.0,1.0,1.0,1.0,1.0]}
{"runID":1,"method":"RaQuN-Jaccard-100","dataset":"warehouses","runtime":0.044,"numberOfModels":16,"numberOfElements":388,"numberOfTuples":362,"sizeOfLargestModel":44,"k":0,"tp":0,"fp":31,"fn":0,"precision":0.0,"recall":0.0,"fMeasure":0.0,"weight":0.4296875,"numberOfNWayComparisonsTheoreticallyNeeded":70037,"numberOfComparisonsActuallyDone":4037,"mergeSizeFactor":8.227272727272727,"averageMatchedElementFit":1.0,"matchedElementFitPerTuple":[1.0,1.0,1.0,1.0,1.0,1.0,1.0,1.0,1.0,1.0,1.0,1.0,1.0,1.0,1.0,1.0,1.0,1.0,1.0,1.0,1.0,1.0]}
{"runID":1,"method":"RaQuN-Jaccard-100","dataset":"warehouses","runtime":0.043,"numberOfModels":16,"numberOfElements":388,"numberOfTuples":362,"sizeOfLargestModel":44,"k":0,"tp":0,"fp":31,"fn":0,"precision":0.0,"recall":0.0,"fMeasure":0.0,"weight":0.4296875,"numberOfNWayComparisonsTheoreticallyNeeded":70037,"numberOfComparisonsActuallyDone":4036,"mergeSizeFactor":8.227272727272727,"averageMatchedElementFit":1.0,"matchedElementFitPerTuple":[1.0,1.0,1.0,1.0,1.0,1.0,1.0,1.0,1.0,1.0,1.0,1.0,1.0,1.0,1.0,1.0,1.0,1.0,1.0,1.0,1.0,1.0]}
